PE_PRODUCT_LIST=CRAYPE:CRAY_PMI:CRAYPE_X86_TRENTO:PERFTOOLS:CRAYPAT:CRAY_ROCM:CRAY_ACCEL
ROCM_PATH=/opt/rocm-6.0.0
CRAY_ROCM_POST_LINK_OPTS= -L/opt/rocm-6.0.0/lib -L/opt/rocm-6.0.0/lib/rocprofiler -L/opt/rocm-6.0.0/lib/roctracer -lamdhip64
CRAY_ROCM_PREFIX=/opt/rocm-6.0.0
CRAY_ROCM_DIR=/opt/rocm-6.0.0
CRAY_ROCM_VERSION=6.0.0
CRAY_ROCM_INCLUDE_OPTS=-I/opt/rocm-6.0.0/include -I/opt/rocm-6.0.0/include/rocprofiler -I/opt/rocm-6.0.0/include/roctracer -I/opt/rocm-6.0.0/include/hip -D__HIP_PLATFORM_AMD__
__LMOD_REF_COUNT_PE_PRODUCT_LIST=CRAYPE:1;CRAY_PMI:1;CRAYPE_X86_TRENTO:1;PERFTOOLS:1;CRAYPAT:1;CRAY_ROCM:1;CRAY_ACCEL:1
MINICOM=-c on
MIOPEN_DISABLE_CACHE=1
MPICH_ENV_DISPLAY=0
MPICH_OFI_NIC_POLICY=NUMA
MPICH_VERSION_DISPLAY=0
MPICH_DIR=/opt/cray/pe/mpich/8.1.28/ofi/gnu/12.3
HYDRA_LAUNCHER_EXTRA_ARGS=--external-launcher
HYDRAGNN_VALTEST=0
HYDRAGNN_AGGR_BACKEND=mpi
HYDRAGNN_NUM_WORKERS=0
HYDRA_BOOTSTRAP=slurm
HYDRAGNN_USE_VARIABLE_GRAPH_SIZE=1
NCCL_P2P_LEVEL=NVL
NCCL_PROTO=Simple
NCCL_P2P_DISABLE=1
Running "module reset". Resetting modules to system default. The following $MODULEPATH directories have been removed: None
-------------------------------------------------------------------------------
There are messages associated with the following module(s):
-------------------------------------------------------------------------------

DefApps:
   The software stack on Frontier had updates on July 9th & 16th, 2024.
   Retired modules: https://docs.olcf.ornl.gov/software/software-news.html#frontier-user-environment-changes-july-9-2024
   New defaults: https://docs.olcf.ornl.gov/software/software-news.html#frontier-system-software-update-july-16-2024

-------------------------------------------------------------------------------


Due to MODULEPATH changes, the following have been reloaded:
  1) cray-libsci/23.12.5     2) cray-mpich/8.1.28     3) darshan-runtime/3.4.0-mpi


Lmod is automatically replacing "cce/17.0.0" with "gcc-native/12.3".


Lmod is automatically replacing "PrgEnv-cray/8.5.0" with "PrgEnv-gnu/8.5.0".


Due to MODULEPATH changes, the following have been reloaded:
  1) cray-libsci/23.12.5     2) cray-mpich/8.1.28     3) darshan-runtime/3.4.0-mpi

+ export HYDRAGNN_TRACE_LEVEL=2
+ HYDRAGNN_TRACE_LEVEL=2
+ for MS in XLARGE
+ for NN in 8
+ srun -N8 -n64 -c7 --gres=gpu:8 python -u ./examples/multidataset/train_deepspeed_exportmem.py --multi_model_list=OC2022 --multi --num_epoch=1 --everyone --ddstore --log=exp-strongfull-XLARGE-2158638-NN8-VANILLA --inputfile=XLARGE_MTL_exportmem.json --use_deepspeed
[2024-07-31 12:06:47,484] [INFO] [real_accelerator.py:203:get_accelerator] Setting ds_accelerator to cuda (auto detect)
[2024-07-31 12:06:47,484] [INFO] [real_accelerator.py:203:get_accelerator] Setting ds_accelerator to cuda (auto detect)
[2024-07-31 12:06:47,484] [INFO] [real_accelerator.py:203:get_accelerator] Setting ds_accelerator to cuda (auto detect)
[2024-07-31 12:06:47,484] [INFO] [real_accelerator.py:203:get_accelerator] Setting ds_accelerator to cuda (auto detect)
[2024-07-31 12:06:47,484] [INFO] [real_accelerator.py:203:get_accelerator] Setting ds_accelerator to cuda (auto detect)
[2024-07-31 12:06:47,484] [INFO] [real_accelerator.py:203:get_accelerator] Setting ds_accelerator to cuda (auto detect)
[2024-07-31 12:06:47,484] [INFO] [real_accelerator.py:203:get_accelerator] Setting ds_accelerator to cuda (auto detect)
[2024-07-31 12:06:47,484] [INFO] [real_accelerator.py:203:get_accelerator] Setting ds_accelerator to cuda (auto detect)
[2024-07-31 12:06:47,510] [INFO] [real_accelerator.py:203:get_accelerator] Setting ds_accelerator to cuda (auto detect)
[2024-07-31 12:06:47,510] [INFO] [real_accelerator.py:203:get_accelerator] Setting ds_accelerator to cuda (auto detect)
[2024-07-31 12:06:47,510] [INFO] [real_accelerator.py:203:get_accelerator] Setting ds_accelerator to cuda (auto detect)
[2024-07-31 12:06:47,510] [INFO] [real_accelerator.py:203:get_accelerator] Setting ds_accelerator to cuda (auto detect)
[2024-07-31 12:06:47,510] [INFO] [real_accelerator.py:203:get_accelerator] Setting ds_accelerator to cuda (auto detect)
[2024-07-31 12:06:47,510] [INFO] [real_accelerator.py:203:get_accelerator] Setting ds_accelerator to cuda (auto detect)
[2024-07-31 12:06:47,510] [INFO] [real_accelerator.py:203:get_accelerator] Setting ds_accelerator to cuda (auto detect)
[2024-07-31 12:06:47,510] [INFO] [real_accelerator.py:203:get_accelerator] Setting ds_accelerator to cuda (auto detect)
[2024-07-31 12:06:47,548] [INFO] [real_accelerator.py:203:get_accelerator] Setting ds_accelerator to cuda (auto detect)
[2024-07-31 12:06:47,548] [INFO] [real_accelerator.py:203:get_accelerator] Setting ds_accelerator to cuda (auto detect)
[2024-07-31 12:06:47,548] [INFO] [real_accelerator.py:203:get_accelerator] Setting ds_accelerator to cuda (auto detect)
[2024-07-31 12:06:47,548] [INFO] [real_accelerator.py:203:get_accelerator] Setting ds_accelerator to cuda (auto detect)
[2024-07-31 12:06:47,548] [INFO] [real_accelerator.py:203:get_accelerator] Setting ds_accelerator to cuda (auto detect)
[2024-07-31 12:06:47,548] [INFO] [real_accelerator.py:203:get_accelerator] Setting ds_accelerator to cuda (auto detect)
[2024-07-31 12:06:47,548] [INFO] [real_accelerator.py:203:get_accelerator] Setting ds_accelerator to cuda (auto detect)
[2024-07-31 12:06:47,548] [INFO] [real_accelerator.py:203:get_accelerator] Setting ds_accelerator to cuda (auto detect)
[2024-07-31 12:06:48,336] [INFO] [real_accelerator.py:203:get_accelerator] Setting ds_accelerator to cuda (auto detect)
[2024-07-31 12:06:48,336] [INFO] [real_accelerator.py:203:get_accelerator] Setting ds_accelerator to cuda (auto detect)
[2024-07-31 12:06:48,341] [INFO] [real_accelerator.py:203:get_accelerator] Setting ds_accelerator to cuda (auto detect)
[2024-07-31 12:06:48,341] [INFO] [real_accelerator.py:203:get_accelerator] Setting ds_accelerator to cuda (auto detect)
[2024-07-31 12:06:48,341] [INFO] [real_accelerator.py:203:get_accelerator] Setting ds_accelerator to cuda (auto detect)
[2024-07-31 12:06:48,341] [INFO] [real_accelerator.py:203:get_accelerator] Setting ds_accelerator to cuda (auto detect)
[2024-07-31 12:06:48,341] [INFO] [real_accelerator.py:203:get_accelerator] Setting ds_accelerator to cuda (auto detect)
[2024-07-31 12:06:48,341] [INFO] [real_accelerator.py:203:get_accelerator] Setting ds_accelerator to cuda (auto detect)
[2024-07-31 12:06:48,341] [INFO] [real_accelerator.py:203:get_accelerator] Setting ds_accelerator to cuda (auto detect)
[2024-07-31 12:06:48,341] [INFO] [real_accelerator.py:203:get_accelerator] Setting ds_accelerator to cuda (auto detect)
[2024-07-31 12:06:48,366] [INFO] [real_accelerator.py:203:get_accelerator] Setting ds_accelerator to cuda (auto detect)
[2024-07-31 12:06:48,366] [INFO] [real_accelerator.py:203:get_accelerator] Setting ds_accelerator to cuda (auto detect)
[2024-07-31 12:06:48,366] [INFO] [real_accelerator.py:203:get_accelerator] Setting ds_accelerator to cuda (auto detect)
[2024-07-31 12:06:48,366] [INFO] [real_accelerator.py:203:get_accelerator] Setting ds_accelerator to cuda (auto detect)
[2024-07-31 12:06:48,366] [INFO] [real_accelerator.py:203:get_accelerator] Setting ds_accelerator to cuda (auto detect)
[2024-07-31 12:06:48,366] [INFO] [real_accelerator.py:203:get_accelerator] Setting ds_accelerator to cuda (auto detect)
[2024-07-31 12:06:48,366] [INFO] [real_accelerator.py:203:get_accelerator] Setting ds_accelerator to cuda (auto detect)
[2024-07-31 12:06:48,366] [INFO] [real_accelerator.py:203:get_accelerator] Setting ds_accelerator to cuda (auto detect)
[2024-07-31 12:06:48,418] [INFO] [real_accelerator.py:203:get_accelerator] Setting ds_accelerator to cuda (auto detect)
[2024-07-31 12:06:48,418] [INFO] [real_accelerator.py:203:get_accelerator] Setting ds_accelerator to cuda (auto detect)
[2024-07-31 12:06:48,418] [INFO] [real_accelerator.py:203:get_accelerator] Setting ds_accelerator to cuda (auto detect)
[2024-07-31 12:06:48,418] [INFO] [real_accelerator.py:203:get_accelerator] Setting ds_accelerator to cuda (auto detect)
[2024-07-31 12:06:48,418] [INFO] [real_accelerator.py:203:get_accelerator] Setting ds_accelerator to cuda (auto detect)
[2024-07-31 12:06:48,418] [INFO] [real_accelerator.py:203:get_accelerator] Setting ds_accelerator to cuda (auto detect)
[2024-07-31 12:06:48,418] [INFO] [real_accelerator.py:203:get_accelerator] Setting ds_accelerator to cuda (auto detect)
[2024-07-31 12:06:48,418] [INFO] [real_accelerator.py:203:get_accelerator] Setting ds_accelerator to cuda (auto detect)
[2024-07-31 12:06:48,437] [INFO] [real_accelerator.py:203:get_accelerator] Setting ds_accelerator to cuda (auto detect)
[2024-07-31 12:06:48,438] [INFO] [real_accelerator.py:203:get_accelerator] Setting ds_accelerator to cuda (auto detect)
[2024-07-31 12:06:48,472] [INFO] [real_accelerator.py:203:get_accelerator] Setting ds_accelerator to cuda (auto detect)
[2024-07-31 12:06:48,477] [INFO] [real_accelerator.py:203:get_accelerator] Setting ds_accelerator to cuda (auto detect)
[2024-07-31 12:06:48,479] [INFO] [real_accelerator.py:203:get_accelerator] Setting ds_accelerator to cuda (auto detect)
[2024-07-31 12:06:48,479] [INFO] [real_accelerator.py:203:get_accelerator] Setting ds_accelerator to cuda (auto detect)
[2024-07-31 12:06:48,928] [INFO] [real_accelerator.py:203:get_accelerator] Setting ds_accelerator to cuda (auto detect)
[2024-07-31 12:06:48,928] [INFO] [real_accelerator.py:203:get_accelerator] Setting ds_accelerator to cuda (auto detect)
[2024-07-31 12:06:48,928] [INFO] [real_accelerator.py:203:get_accelerator] Setting ds_accelerator to cuda (auto detect)
[2024-07-31 12:06:48,928] [INFO] [real_accelerator.py:203:get_accelerator] Setting ds_accelerator to cuda (auto detect)
[2024-07-31 12:06:48,928] [INFO] [real_accelerator.py:203:get_accelerator] Setting ds_accelerator to cuda (auto detect)
[2024-07-31 12:06:48,928] [INFO] [real_accelerator.py:203:get_accelerator] Setting ds_accelerator to cuda (auto detect)
[2024-07-31 12:06:48,928] [INFO] [real_accelerator.py:203:get_accelerator] Setting ds_accelerator to cuda (auto detect)
[2024-07-31 12:06:48,928] [INFO] [real_accelerator.py:203:get_accelerator] Setting ds_accelerator to cuda (auto detect)
[93m [WARNING] [0m async_io requires the dev libaio .so object and headers but these were not found.
[93m [WARNING] [0m async_io requires the dev libaio .so object and headers but these were not found.
[93m [WARNING] [0m async_io requires the dev libaio .so object and headers but these were not found.
[93m [WARNING] [0m async_io requires the dev libaio .so object and headers but these were not found.
[93m [WARNING] [0m async_io requires the dev libaio .so object and headers but these were not found.
[93m [WARNING] [0m async_io requires the dev libaio .so object and headers but these were not found.
[93m [WARNING] [0m async_io requires the dev libaio .so object and headers but these were not found.
[93m [WARNING] [0m async_io requires the dev libaio .so object and headers but these were not found.
[93m [WARNING] [0m If libaio is already installed (perhaps from source), try setting the CFLAGS and LDFLAGS environment variables to where it can be found.
[93m [WARNING] [0m Please specify the CUTLASS repo directory as environment variable $CUTLASS_PATH
[93m [WARNING] [0m If libaio is already installed (perhaps from source), try setting the CFLAGS and LDFLAGS environment variables to where it can be found.
[93m [WARNING] [0m If libaio is already installed (perhaps from source), try setting the CFLAGS and LDFLAGS environment variables to where it can be found.
[93m [WARNING] [0m Please specify the CUTLASS repo directory as environment variable $CUTLASS_PATH
[93m [WARNING] [0m Please specify the CUTLASS repo directory as environment variable $CUTLASS_PATH
[93m [WARNING] [0m If libaio is already installed (perhaps from source), try setting the CFLAGS and LDFLAGS environment variables to where it can be found.
[93m [WARNING] [0m If libaio is already installed (perhaps from source), try setting the CFLAGS and LDFLAGS environment variables to where it can be found.
[93m [WARNING] [0m If libaio is already installed (perhaps from source), try setting the CFLAGS and LDFLAGS environment variables to where it can be found.
[93m [WARNING] [0m Please specify the CUTLASS repo directory as environment variable $CUTLASS_PATH
[93m [WARNING] [0m Please specify the CUTLASS repo directory as environment variable $CUTLASS_PATH
[93m [WARNING] [0m Please specify the CUTLASS repo directory as environment variable $CUTLASS_PATH
[93m [WARNING] [0m If libaio is already installed (perhaps from source), try setting the CFLAGS and LDFLAGS environment variables to where it can be found.
[93m [WARNING] [0m Please specify the CUTLASS repo directory as environment variable $CUTLASS_PATH
[93m [WARNING] [0m If libaio is already installed (perhaps from source), try setting the CFLAGS and LDFLAGS environment variables to where it can be found.
[93m [WARNING] [0m Please specify the CUTLASS repo directory as environment variable $CUTLASS_PATH
[93m [WARNING] [0m async_io requires the dev libaio .so object and headers but these were not found.
[93m [WARNING] [0m async_io requires the dev libaio .so object and headers but these were not found.
[93m [WARNING] [0m async_io requires the dev libaio .so object and headers but these were not found.
[93m [WARNING] [0m async_io requires the dev libaio .so object and headers but these were not found.
[93m [WARNING] [0m async_io requires the dev libaio .so object and headers but these were not found.
[93m [WARNING] [0m async_io requires the dev libaio .so object and headers but these were not found.
[93m [WARNING] [0m async_io requires the dev libaio .so object and headers but these were not found.
[93m [WARNING] [0m async_io requires the dev libaio .so object and headers but these were not found.
[93m [WARNING] [0m If libaio is already installed (perhaps from source), try setting the CFLAGS and LDFLAGS environment variables to where it can be found.
[93m [WARNING] [0m Please specify the CUTLASS repo directory as environment variable $CUTLASS_PATH
[93m [WARNING] [0m If libaio is already installed (perhaps from source), try setting the CFLAGS and LDFLAGS environment variables to where it can be found.
[93m [WARNING] [0m Please specify the CUTLASS repo directory as environment variable $CUTLASS_PATH
[93m [WARNING] [0m If libaio is already installed (perhaps from source), try setting the CFLAGS and LDFLAGS environment variables to where it can be found.
[93m [WARNING] [0m Please specify the CUTLASS repo directory as environment variable $CUTLASS_PATH
[93m [WARNING] [0m If libaio is already installed (perhaps from source), try setting the CFLAGS and LDFLAGS environment variables to where it can be found.
[93m [WARNING] [0m Please specify the CUTLASS repo directory as environment variable $CUTLASS_PATH
[93m [WARNING] [0m If libaio is already installed (perhaps from source), try setting the CFLAGS and LDFLAGS environment variables to where it can be found.
[93m [WARNING] [0m If libaio is already installed (perhaps from source), try setting the CFLAGS and LDFLAGS environment variables to where it can be found.
[93m [WARNING] [0m Please specify the CUTLASS repo directory as environment variable $CUTLASS_PATH
[93m [WARNING] [0m If libaio is already installed (perhaps from source), try setting the CFLAGS and LDFLAGS environment variables to where it can be found.
[93m [WARNING] [0m Please specify the CUTLASS repo directory as environment variable $CUTLASS_PATH
[93m [WARNING] [0m Please specify the CUTLASS repo directory as environment variable $CUTLASS_PATH
[93m [WARNING] [0m If libaio is already installed (perhaps from source), try setting the CFLAGS and LDFLAGS environment variables to where it can be found.
[93m [WARNING] [0m Please specify the CUTLASS repo directory as environment variable $CUTLASS_PATH
[93m [WARNING] [0m async_io requires the dev libaio .so object and headers but these were not found.
[93m [WARNING] [0m async_io requires the dev libaio .so object and headers but these were not found.
[93m [WARNING] [0m async_io requires the dev libaio .so object and headers but these were not found.
[93m [WARNING] [0m async_io requires the dev libaio .so object and headers but these were not found.
[93m [WARNING] [0m async_io requires the dev libaio .so object and headers but these were not found.
[93m [WARNING] [0m async_io requires the dev libaio .so object and headers but these were not found.
[93m [WARNING] [0m async_io requires the dev libaio .so object and headers but these were not found.
[93m [WARNING] [0m async_io requires the dev libaio .so object and headers but these were not found.
[93m [WARNING] [0m sparse_attn is not compatible with ROCM
[93m [WARNING] [0m sparse_attn is not compatible with ROCM
[93m [WARNING] [0m sparse_attn is not compatible with ROCM
[93m [WARNING] [0m sparse_attn is not compatible with ROCM
[93m [WARNING] [0m sparse_attn is not compatible with ROCM
[93m [WARNING] [0m sparse_attn is not compatible with ROCM
[93m [WARNING] [0m sparse_attn is not compatible with ROCM
[93m [WARNING] [0m sparse_attn is not compatible with ROCM
[93m [WARNING] [0m If libaio is already installed (perhaps from source), try setting the CFLAGS and LDFLAGS environment variables to where it can be found.
[93m [WARNING] [0m Please specify the CUTLASS repo directory as environment variable $CUTLASS_PATH
[93m [WARNING] [0m If libaio is already installed (perhaps from source), try setting the CFLAGS and LDFLAGS environment variables to where it can be found.
[93m [WARNING] [0m Please specify the CUTLASS repo directory as environment variable $CUTLASS_PATH
[93m [WARNING] [0m If libaio is already installed (perhaps from source), try setting the CFLAGS and LDFLAGS environment variables to where it can be found.
[93m [WARNING] [0m Please specify the CUTLASS repo directory as environment variable $CUTLASS_PATH
[93m [WARNING] [0m If libaio is already installed (perhaps from source), try setting the CFLAGS and LDFLAGS environment variables to where it can be found.
[93m [WARNING] [0m Please specify the CUTLASS repo directory as environment variable $CUTLASS_PATH
[93m [WARNING] [0m If libaio is already installed (perhaps from source), try setting the CFLAGS and LDFLAGS environment variables to where it can be found.
[93m [WARNING] [0m Please specify the CUTLASS repo directory as environment variable $CUTLASS_PATH
[93m [WARNING] [0m If libaio is already installed (perhaps from source), try setting the CFLAGS and LDFLAGS environment variables to where it can be found.
[93m [WARNING] [0m Please specify the CUTLASS repo directory as environment variable $CUTLASS_PATH
[93m [WARNING] [0m If libaio is already installed (perhaps from source), try setting the CFLAGS and LDFLAGS environment variables to where it can be found.
[93m [WARNING] [0m Please specify the CUTLASS repo directory as environment variable $CUTLASS_PATH
[93m [WARNING] [0m If libaio is already installed (perhaps from source), try setting the CFLAGS and LDFLAGS environment variables to where it can be found.
[93m [WARNING] [0m Please specify the CUTLASS repo directory as environment variable $CUTLASS_PATH
[93m [WARNING] [0m sparse_attn is not compatible with ROCM
[93m [WARNING] [0m sparse_attn is not compatible with ROCM
[93m [WARNING] [0m sparse_attn is not compatible with ROCM
[93m [WARNING] [0m sparse_attn is not compatible with ROCM
[93m [WARNING] [0m sparse_attn is not compatible with ROCM
[93m [WARNING] [0m sparse_attn is not compatible with ROCM
[93m [WARNING] [0m sparse_attn is not compatible with ROCM
[93m [WARNING] [0m sparse_attn is not compatible with ROCM
[93m [WARNING] [0m sparse_attn is not compatible with ROCM
[93m [WARNING] [0m sparse_attn is not compatible with ROCM
[93m [WARNING] [0m sparse_attn is not compatible with ROCM
[93m [WARNING] [0m sparse_attn is not compatible with ROCM
[93m [WARNING] [0m sparse_attn is not compatible with ROCM
[93m [WARNING] [0m sparse_attn is not compatible with ROCM
[93m [WARNING] [0m sparse_attn is not compatible with ROCM
[93m [WARNING] [0m sparse_attn is not compatible with ROCM
[93m [WARNING] [0m async_io requires the dev libaio .so object and headers but these were not found.
[93m [WARNING] [0m async_io requires the dev libaio .so object and headers but these were not found.
[93m [WARNING] [0m async_io requires the dev libaio .so object and headers but these were not found.
[93m [WARNING] [0m async_io requires the dev libaio .so object and headers but these were not found.
[93m [WARNING] [0m async_io requires the dev libaio .so object and headers but these were not found.
[93m [WARNING] [0m async_io requires the dev libaio .so object and headers but these were not found.
[93m [WARNING] [0m async_io requires the dev libaio .so object and headers but these were not found.
[93m [WARNING] [0m async_io requires the dev libaio .so object and headers but these were not found.
[93m [WARNING] [0m async_io requires the dev libaio .so object and headers but these were not found.
[93m [WARNING] [0m async_io requires the dev libaio .so object and headers but these were not found.
[93m [WARNING] [0m async_io requires the dev libaio .so object and headers but these were not found.
[93m [WARNING] [0m async_io requires the dev libaio .so object and headers but these were not found.
[93m [WARNING] [0m async_io requires the dev libaio .so object and headers but these were not found.
[93m [WARNING] [0m async_io requires the dev libaio .so object and headers but these were not found.
[93m [WARNING] [0m async_io requires the dev libaio .so object and headers but these were not found.
[93m [WARNING] [0m async_io requires the dev libaio .so object and headers but these were not found.
[93m [WARNING] [0m If libaio is already installed (perhaps from source), try setting the CFLAGS and LDFLAGS environment variables to where it can be found.
[93m [WARNING] [0m Please specify the CUTLASS repo directory as environment variable $CUTLASS_PATH
[93m [WARNING] [0m If libaio is already installed (perhaps from source), try setting the CFLAGS and LDFLAGS environment variables to where it can be found.
[93m [WARNING] [0m If libaio is already installed (perhaps from source), try setting the CFLAGS and LDFLAGS environment variables to where it can be found.
[93m [WARNING] [0m Please specify the CUTLASS repo directory as environment variable $CUTLASS_PATH
[93m [WARNING] [0m Please specify the CUTLASS repo directory as environment variable $CUTLASS_PATH
[93m [WARNING] [0m If libaio is already installed (perhaps from source), try setting the CFLAGS and LDFLAGS environment variables to where it can be found.
[93m [WARNING] [0m Please specify the CUTLASS repo directory as environment variable $CUTLASS_PATH
[93m [WARNING] [0m If libaio is already installed (perhaps from source), try setting the CFLAGS and LDFLAGS environment variables to where it can be found.
[93m [WARNING] [0m Please specify the CUTLASS repo directory as environment variable $CUTLASS_PATH
[93m [WARNING] [0m If libaio is already installed (perhaps from source), try setting the CFLAGS and LDFLAGS environment variables to where it can be found.
[93m [WARNING] [0m If libaio is already installed (perhaps from source), try setting the CFLAGS and LDFLAGS environment variables to where it can be found.
[93m [WARNING] [0m Please specify the CUTLASS repo directory as environment variable $CUTLASS_PATH
[93m [WARNING] [0m Please specify the CUTLASS repo directory as environment variable $CUTLASS_PATH
[93m [WARNING] [0m If libaio is already installed (perhaps from source), try setting the CFLAGS and LDFLAGS environment variables to where it can be found.
[93m [WARNING] [0m Please specify the CUTLASS repo directory as environment variable $CUTLASS_PATH
[93m [WARNING] [0m If libaio is already installed (perhaps from source), try setting the CFLAGS and LDFLAGS environment variables to where it can be found.
[93m [WARNING] [0m Please specify the CUTLASS repo directory as environment variable $CUTLASS_PATH
[93m [WARNING] [0m If libaio is already installed (perhaps from source), try setting the CFLAGS and LDFLAGS environment variables to where it can be found.
[93m [WARNING] [0m Please specify the CUTLASS repo directory as environment variable $CUTLASS_PATH
[93m [WARNING] [0m If libaio is already installed (perhaps from source), try setting the CFLAGS and LDFLAGS environment variables to where it can be found.
[93m [WARNING] [0m Please specify the CUTLASS repo directory as environment variable $CUTLASS_PATH
[93m [WARNING] [0m If libaio is already installed (perhaps from source), try setting the CFLAGS and LDFLAGS environment variables to where it can be found.
[93m [WARNING] [0m Please specify the CUTLASS repo directory as environment variable $CUTLASS_PATH
[93m [WARNING] [0m If libaio is already installed (perhaps from source), try setting the CFLAGS and LDFLAGS environment variables to where it can be found.
[93m [WARNING] [0m Please specify the CUTLASS repo directory as environment variable $CUTLASS_PATH
[93m [WARNING] [0m If libaio is already installed (perhaps from source), try setting the CFLAGS and LDFLAGS environment variables to where it can be found.
[93m [WARNING] [0m Please specify the CUTLASS repo directory as environment variable $CUTLASS_PATH
[93m [WARNING] [0m If libaio is already installed (perhaps from source), try setting the CFLAGS and LDFLAGS environment variables to where it can be found.
[93m [WARNING] [0m Please specify the CUTLASS repo directory as environment variable $CUTLASS_PATH
[93m [WARNING] [0m If libaio is already installed (perhaps from source), try setting the CFLAGS and LDFLAGS environment variables to where it can be found.
[93m [WARNING] [0m Please specify the CUTLASS repo directory as environment variable $CUTLASS_PATH
[93m [WARNING] [0m async_io requires the dev libaio .so object and headers but these were not found.
[93m [WARNING] [0m async_io requires the dev libaio .so object and headers but these were not found.
[93m [WARNING] [0m async_io requires the dev libaio .so object and headers but these were not found.
[93m [WARNING] [0m async_io requires the dev libaio .so object and headers but these were not found.
[93m [WARNING] [0m async_io requires the dev libaio .so object and headers but these were not found.
[93m [WARNING] [0m async_io requires the dev libaio .so object and headers but these were not found.
[93m [WARNING] [0m async_io requires the dev libaio .so object and headers but these were not found.
[93m [WARNING] [0m async_io requires the dev libaio .so object and headers but these were not found.
[93m [WARNING] [0m If libaio is already installed (perhaps from source), try setting the CFLAGS and LDFLAGS environment variables to where it can be found.
[93m [WARNING] [0m Please specify the CUTLASS repo directory as environment variable $CUTLASS_PATH
[93m [WARNING] [0m If libaio is already installed (perhaps from source), try setting the CFLAGS and LDFLAGS environment variables to where it can be found.
[93m [WARNING] [0m Please specify the CUTLASS repo directory as environment variable $CUTLASS_PATH
[93m [WARNING] [0m If libaio is already installed (perhaps from source), try setting the CFLAGS and LDFLAGS environment variables to where it can be found.
[93m [WARNING] [0m Please specify the CUTLASS repo directory as environment variable $CUTLASS_PATH
[93m [WARNING] [0m If libaio is already installed (perhaps from source), try setting the CFLAGS and LDFLAGS environment variables to where it can be found.
[93m [WARNING] [0m Please specify the CUTLASS repo directory as environment variable $CUTLASS_PATH
[93m [WARNING] [0m If libaio is already installed (perhaps from source), try setting the CFLAGS and LDFLAGS environment variables to where it can be found.
[93m [WARNING] [0m Please specify the CUTLASS repo directory as environment variable $CUTLASS_PATH
[93m [WARNING] [0m If libaio is already installed (perhaps from source), try setting the CFLAGS and LDFLAGS environment variables to where it can be found.
[93m [WARNING] [0m Please specify the CUTLASS repo directory as environment variable $CUTLASS_PATH
[93m [WARNING] [0m If libaio is already installed (perhaps from source), try setting the CFLAGS and LDFLAGS environment variables to where it can be found.
[93m [WARNING] [0m Please specify the CUTLASS repo directory as environment variable $CUTLASS_PATH
[93m [WARNING] [0m If libaio is already installed (perhaps from source), try setting the CFLAGS and LDFLAGS environment variables to where it can be found.
[93m [WARNING] [0m Please specify the CUTLASS repo directory as environment variable $CUTLASS_PATH
[93m [WARNING] [0m sparse_attn is not compatible with ROCM
[93m [WARNING] [0m sparse_attn is not compatible with ROCM
[93m [WARNING] [0m sparse_attn is not compatible with ROCM
[93m [WARNING] [0m sparse_attn is not compatible with ROCM
[93m [WARNING] [0m sparse_attn is not compatible with ROCM
[93m [WARNING] [0m sparse_attn is not compatible with ROCM
[93m [WARNING] [0m sparse_attn is not compatible with ROCM
[93m [WARNING] [0m sparse_attn is not compatible with ROCM
[93m [WARNING] [0m sparse_attn is not compatible with ROCM
[93m [WARNING] [0m sparse_attn is not compatible with ROCM
[93m [WARNING] [0m sparse_attn is not compatible with ROCM
[93m [WARNING] [0m sparse_attn is not compatible with ROCM
[93m [WARNING] [0m sparse_attn is not compatible with ROCM
[93m [WARNING] [0m sparse_attn is not compatible with ROCM
[93m [WARNING] [0m sparse_attn is not compatible with ROCM
[93m [WARNING] [0m sparse_attn is not compatible with ROCM
[93m [WARNING] [0m sparse_attn is not compatible with ROCM
[93m [WARNING] [0m sparse_attn is not compatible with ROCM
[93m [WARNING] [0m sparse_attn is not compatible with ROCM
[93m [WARNING] [0m sparse_attn is not compatible with ROCM
[93m [WARNING] [0m sparse_attn is not compatible with ROCM
[93m [WARNING] [0m sparse_attn is not compatible with ROCM
[93m [WARNING] [0m sparse_attn is not compatible with ROCM
[93m [WARNING] [0m sparse_attn is not compatible with ROCM
[93m [WARNING] [0m async_io requires the dev libaio .so object and headers but these were not found.
[93m [WARNING] [0m async_io requires the dev libaio .so object and headers but these were not found.
[93m [WARNING] [0m async_io requires the dev libaio .so object and headers but these were not found.
[93m [WARNING] [0m async_io requires the dev libaio .so object and headers but these were not found.
[93m [WARNING] [0m async_io requires the dev libaio .so object and headers but these were not found.
[93m [WARNING] [0m async_io requires the dev libaio .so object and headers but these were not found.
[93m [WARNING] [0m async_io requires the dev libaio .so object and headers but these were not found.
[93m [WARNING] [0m async_io requires the dev libaio .so object and headers but these were not found.
[93m [WARNING] [0m If libaio is already installed (perhaps from source), try setting the CFLAGS and LDFLAGS environment variables to where it can be found.
[93m [WARNING] [0m Please specify the CUTLASS repo directory as environment variable $CUTLASS_PATH
[93m [WARNING] [0m If libaio is already installed (perhaps from source), try setting the CFLAGS and LDFLAGS environment variables to where it can be found.
[93m [WARNING] [0m Please specify the CUTLASS repo directory as environment variable $CUTLASS_PATH
[93m [WARNING] [0m If libaio is already installed (perhaps from source), try setting the CFLAGS and LDFLAGS environment variables to where it can be found.
[93m [WARNING] [0m If libaio is already installed (perhaps from source), try setting the CFLAGS and LDFLAGS environment variables to where it can be found.
[93m [WARNING] [0m Please specify the CUTLASS repo directory as environment variable $CUTLASS_PATH
[93m [WARNING] [0m If libaio is already installed (perhaps from source), try setting the CFLAGS and LDFLAGS environment variables to where it can be found.
[93m [WARNING] [0m Please specify the CUTLASS repo directory as environment variable $CUTLASS_PATH
[93m [WARNING] [0m Please specify the CUTLASS repo directory as environment variable $CUTLASS_PATH
[93m [WARNING] [0m If libaio is already installed (perhaps from source), try setting the CFLAGS and LDFLAGS environment variables to where it can be found.
[93m [WARNING] [0m Please specify the CUTLASS repo directory as environment variable $CUTLASS_PATH
[93m [WARNING] [0m If libaio is already installed (perhaps from source), try setting the CFLAGS and LDFLAGS environment variables to where it can be found.
[93m [WARNING] [0m Please specify the CUTLASS repo directory as environment variable $CUTLASS_PATH
[93m [WARNING] [0m If libaio is already installed (perhaps from source), try setting the CFLAGS and LDFLAGS environment variables to where it can be found.
[93m [WARNING] [0m Please specify the CUTLASS repo directory as environment variable $CUTLASS_PATH
[93m [WARNING] [0m async_io requires the dev libaio .so object and headers but these were not found.
[93m [WARNING] [0m async_io requires the dev libaio .so object and headers but these were not found.
[93m [WARNING] [0m async_io requires the dev libaio .so object and headers but these were not found.
[93m [WARNING] [0m async_io requires the dev libaio .so object and headers but these were not found.
[93m [WARNING] [0m async_io requires the dev libaio .so object and headers but these were not found.
[93m [WARNING] [0m async_io requires the dev libaio .so object and headers but these were not found.
[93m [WARNING] [0m async_io requires the dev libaio .so object and headers but these were not found.
[93m [WARNING] [0m async_io requires the dev libaio .so object and headers but these were not found.
[93m [WARNING] [0m If libaio is already installed (perhaps from source), try setting the CFLAGS and LDFLAGS environment variables to where it can be found.
[93m [WARNING] [0m Please specify the CUTLASS repo directory as environment variable $CUTLASS_PATH
[93m [WARNING] [0m If libaio is already installed (perhaps from source), try setting the CFLAGS and LDFLAGS environment variables to where it can be found.
[93m [WARNING] [0m Please specify the CUTLASS repo directory as environment variable $CUTLASS_PATH
[93m [WARNING] [0m If libaio is already installed (perhaps from source), try setting the CFLAGS and LDFLAGS environment variables to where it can be found.
[93m [WARNING] [0m Please specify the CUTLASS repo directory as environment variable $CUTLASS_PATH
[93m [WARNING] [0m If libaio is already installed (perhaps from source), try setting the CFLAGS and LDFLAGS environment variables to where it can be found.
[93m [WARNING] [0m Please specify the CUTLASS repo directory as environment variable $CUTLASS_PATH
[93m [WARNING] [0m If libaio is already installed (perhaps from source), try setting the CFLAGS and LDFLAGS environment variables to where it can be found.
[93m [WARNING] [0m If libaio is already installed (perhaps from source), try setting the CFLAGS and LDFLAGS environment variables to where it can be found.
[93m [WARNING] [0m Please specify the CUTLASS repo directory as environment variable $CUTLASS_PATH
[93m [WARNING] [0m Please specify the CUTLASS repo directory as environment variable $CUTLASS_PATH
[93m [WARNING] [0m If libaio is already installed (perhaps from source), try setting the CFLAGS and LDFLAGS environment variables to where it can be found.
[93m [WARNING] [0m Please specify the CUTLASS repo directory as environment variable $CUTLASS_PATH
[93m [WARNING] [0m If libaio is already installed (perhaps from source), try setting the CFLAGS and LDFLAGS environment variables to where it can be found.
[93m [WARNING] [0m Please specify the CUTLASS repo directory as environment variable $CUTLASS_PATH
[93m [WARNING] [0m sparse_attn is not compatible with ROCM
[93m [WARNING] [0m sparse_attn is not compatible with ROCM
[93m [WARNING] [0m sparse_attn is not compatible with ROCM
[93m [WARNING] [0m sparse_attn is not compatible with ROCM
[93m [WARNING] [0m sparse_attn is not compatible with ROCM
[93m [WARNING] [0m sparse_attn is not compatible with ROCM
[93m [WARNING] [0m sparse_attn is not compatible with ROCM
[93m [WARNING] [0m sparse_attn is not compatible with ROCM
[93m [WARNING] [0m sparse_attn is not compatible with ROCM
[93m [WARNING] [0m sparse_attn is not compatible with ROCM
[93m [WARNING] [0m sparse_attn is not compatible with ROCM
[93m [WARNING] [0m sparse_attn is not compatible with ROCM
[93m [WARNING] [0m sparse_attn is not compatible with ROCM
[93m [WARNING] [0m sparse_attn is not compatible with ROCM
[93m [WARNING] [0m sparse_attn is not compatible with ROCM
[93m [WARNING] [0m sparse_attn is not compatible with ROCM
Distributed data parallel: nccl master at frontier10267:8889
[2024-07-31 12:07:03,245] [INFO] [comm.py:637:init_distributed] cdb=None
[2024-07-31 12:07:03,245] [INFO] [comm.py:637:init_distributed] cdb=None
[2024-07-31 12:07:03,245] [INFO] [comm.py:637:init_distributed] cdb=None
[2024-07-31 12:07:03,245] [INFO] [comm.py:637:init_distributed] cdb=None
[2024-07-31 12:07:03,245] [INFO] [comm.py:637:init_distributed] cdb=None
[2024-07-31 12:07:03,245] [INFO] [comm.py:637:init_distributed] cdb=None
[2024-07-31 12:07:03,245] [INFO] [comm.py:637:init_distributed] cdb=None
[2024-07-31 12:07:03,245] [INFO] [comm.py:668:init_distributed] Initializing TorchBackend in DeepSpeed with backend nccl
[2024-07-31 12:07:03,245] [INFO] [comm.py:637:init_distributed] cdb=None
[W socket.cpp:464] [c10d] The server socket cannot be initialized on [::]:8889 (errno: 97 - Address family not supported by protocol).
[W socket.cpp:697] [c10d] The client socket cannot be initialized to connect to [frontier10267.frontier.olcf.ornl.gov]:8889 (errno: 97 - Address family not supported by protocol).
[W socket.cpp:697] [c10d] The client socket cannot be initialized to connect to [frontier10267.frontier.olcf.ornl.gov]:8889 (errno: 97 - Address family not supported by protocol).
[W socket.cpp:697] [c10d] The client socket cannot be initialized to connect to [frontier10267.frontier.olcf.ornl.gov]:8889 (errno: 97 - Address family not supported by protocol).
[W socket.cpp:697] [c10d] The client socket cannot be initialized to connect to [frontier10267.frontier.olcf.ornl.gov]:8889 (errno: 97 - Address family not supported by protocol).
[W socket.cpp:697] [c10d] The client socket cannot be initialized to connect to [frontier10267.frontier.olcf.ornl.gov]:8889 (errno: 97 - Address family not supported by protocol).
[W socket.cpp:697] [c10d] The client socket cannot be initialized to connect to [frontier10267.frontier.olcf.ornl.gov]:8889 (errno: 97 - Address family not supported by protocol).
[W socket.cpp:697] [c10d] The client socket cannot be initialized to connect to [frontier10267.frontier.olcf.ornl.gov]:8889 (errno: 97 - Address family not supported by protocol).
[W socket.cpp:697] [c10d] The client socket cannot be initialized to connect to [frontier10267.frontier.olcf.ornl.gov]:8889 (errno: 97 - Address family not supported by protocol).
[2024-07-31 12:07:06,170] [INFO] [comm.py:637:init_distributed] cdb=None
[2024-07-31 12:07:06,170] [INFO] [comm.py:637:init_distributed] cdb=None
[2024-07-31 12:07:06,170] [INFO] [comm.py:637:init_distributed] cdb=None
[2024-07-31 12:07:06,170] [INFO] [comm.py:637:init_distributed] cdb=None
[2024-07-31 12:07:06,170] [INFO] [comm.py:637:init_distributed] cdb=None
[2024-07-31 12:07:06,170] [INFO] [comm.py:637:init_distributed] cdb=None
[2024-07-31 12:07:06,170] [INFO] [comm.py:637:init_distributed] cdb=None
[2024-07-31 12:07:06,170] [INFO] [comm.py:637:init_distributed] cdb=None
[W socket.cpp:697] [c10d] The client socket cannot be initialized to connect to [frontier10267.frontier.olcf.ornl.gov]:8889 (errno: 97 - Address family not supported by protocol).
[W socket.cpp:697] [c10d] The client socket cannot be initialized to connect to [frontier10267.frontier.olcf.ornl.gov]:8889 (errno: 97 - Address family not supported by protocol).
[W socket.cpp:697] [c10d] The client socket cannot be initialized to connect to [frontier10267.frontier.olcf.ornl.gov]:8889 (errno: 97 - Address family not supported by protocol).
[W socket.cpp:697] [c10d] The client socket cannot be initialized to connect to [frontier10267.frontier.olcf.ornl.gov]:8889 (errno: 97 - Address family not supported by protocol).
[W socket.cpp:697] [c10d] The client socket cannot be initialized to connect to [frontier10267.frontier.olcf.ornl.gov]:8889 (errno: 97 - Address family not supported by protocol).
[W socket.cpp:697] [c10d] The client socket cannot be initialized to connect to [frontier10267.frontier.olcf.ornl.gov]:8889 (errno: 97 - Address family not supported by protocol).
[W socket.cpp:697] [c10d] The client socket cannot be initialized to connect to [frontier10267.frontier.olcf.ornl.gov]:8889 (errno: 97 - Address family not supported by protocol).
[W socket.cpp:697] [c10d] The client socket cannot be initialized to connect to [frontier10267.frontier.olcf.ornl.gov]:8889 (errno: 97 - Address family not supported by protocol).
[2024-07-31 12:07:07,264] [INFO] [comm.py:637:init_distributed] cdb=None
[2024-07-31 12:07:07,264] [INFO] [comm.py:637:init_distributed] cdb=None
[2024-07-31 12:07:07,264] [INFO] [comm.py:637:init_distributed] cdb=None
[2024-07-31 12:07:07,264] [INFO] [comm.py:637:init_distributed] cdb=None
[2024-07-31 12:07:07,264] [INFO] [comm.py:637:init_distributed] cdb=None
[2024-07-31 12:07:07,264] [INFO] [comm.py:637:init_distributed] cdb=None
[2024-07-31 12:07:07,264] [INFO] [comm.py:637:init_distributed] cdb=None
[2024-07-31 12:07:07,264] [INFO] [comm.py:637:init_distributed] cdb=None
[W socket.cpp:697] [c10d] The client socket cannot be initialized to connect to [frontier10267.frontier.olcf.ornl.gov]:8889 (errno: 97 - Address family not supported by protocol).
[W socket.cpp:697] [c10d] The client socket cannot be initialized to connect to [frontier10267.frontier.olcf.ornl.gov]:8889 (errno: 97 - Address family not supported by protocol).
[W socket.cpp:697] [c10d] The client socket cannot be initialized to connect to [frontier10267.frontier.olcf.ornl.gov]:8889 (errno: 97 - Address family not supported by protocol).
[W socket.cpp:697] [c10d] The client socket cannot be initialized to connect to [frontier10267.frontier.olcf.ornl.gov]:8889 (errno: 97 - Address family not supported by protocol).
[W socket.cpp:697] [c10d] The client socket cannot be initialized to connect to [frontier10267.frontier.olcf.ornl.gov]:8889 (errno: 97 - Address family not supported by protocol).
[W socket.cpp:697] [c10d] The client socket cannot be initialized to connect to [frontier10267.frontier.olcf.ornl.gov]:8889 (errno: 97 - Address family not supported by protocol).
[W socket.cpp:697] [c10d] The client socket cannot be initialized to connect to [frontier10267.frontier.olcf.ornl.gov]:8889 (errno: 97 - Address family not supported by protocol).
[W socket.cpp:697] [c10d] The client socket cannot be initialized to connect to [frontier10267.frontier.olcf.ornl.gov]:8889 (errno: 97 - Address family not supported by protocol).
[2024-07-31 12:07:13,623] [INFO] [comm.py:637:init_distributed] cdb=None
[2024-07-31 12:07:13,623] [INFO] [comm.py:637:init_distributed] cdb=None
[2024-07-31 12:07:13,623] [INFO] [comm.py:637:init_distributed] cdb=None
[2024-07-31 12:07:13,623] [INFO] [comm.py:637:init_distributed] cdb=None
[2024-07-31 12:07:13,623] [INFO] [comm.py:637:init_distributed] cdb=None
[2024-07-31 12:07:13,623] [INFO] [comm.py:637:init_distributed] cdb=None
[2024-07-31 12:07:13,623] [INFO] [comm.py:637:init_distributed] cdb=None
[2024-07-31 12:07:13,623] [INFO] [comm.py:637:init_distributed] cdb=None
[2024-07-31 12:07:13,624] [INFO] [comm.py:637:init_distributed] cdb=None
[2024-07-31 12:07:13,624] [INFO] [comm.py:637:init_distributed] cdb=None
[2024-07-31 12:07:13,624] [INFO] [comm.py:637:init_distributed] cdb=None
[2024-07-31 12:07:13,624] [INFO] [comm.py:637:init_distributed] cdb=None
[2024-07-31 12:07:13,624] [INFO] [comm.py:637:init_distributed] cdb=None
[2024-07-31 12:07:13,624] [INFO] [comm.py:637:init_distributed] cdb=None
[2024-07-31 12:07:13,624] [INFO] [comm.py:637:init_distributed] cdb=None
[2024-07-31 12:07:13,624] [INFO] [comm.py:637:init_distributed] cdb=None
[W socket.cpp:697] [c10d] The client socket cannot be initialized to connect to [frontier10267.frontier.olcf.ornl.gov]:8889 (errno: 97 - Address family not supported by protocol).
[W socket.cpp:697] [c10d] The client socket cannot be initialized to connect to [frontier10267.frontier.olcf.ornl.gov]:8889 (errno: 97 - Address family not supported by protocol).
[W socket.cpp:697] [c10d] The client socket cannot be initialized to connect to [frontier10267.frontier.olcf.ornl.gov]:8889 (errno: 97 - Address family not supported by protocol).
[W socket.cpp:697] [c10d] The client socket cannot be initialized to connect to [frontier10267.frontier.olcf.ornl.gov]:8889 (errno: 97 - Address family not supported by protocol).
[W socket.cpp:697] [c10d] The client socket cannot be initialized to connect to [frontier10267.frontier.olcf.ornl.gov]:8889 (errno: 97 - Address family not supported by protocol).
[W socket.cpp:697] [c10d] The client socket cannot be initialized to connect to [frontier10267.frontier.olcf.ornl.gov]:8889 (errno: 97 - Address family not supported by protocol).
[W socket.cpp:697] [c10d] The client socket cannot be initialized to connect to [frontier10267.frontier.olcf.ornl.gov]:8889 (errno: 97 - Address family not supported by protocol).
[W socket.cpp:697] [c10d] The client socket cannot be initialized to connect to [frontier10267.frontier.olcf.ornl.gov]:8889 (errno: 97 - Address family not supported by protocol).
[W socket.cpp:697] [c10d] The client socket cannot be initialized to connect to [frontier10267.frontier.olcf.ornl.gov]:8889 (errno: 97 - Address family not supported by protocol).
[W socket.cpp:697] [c10d] The client socket cannot be initialized to connect to [frontier10267.frontier.olcf.ornl.gov]:8889 (errno: 97 - Address family not supported by protocol).
[W socket.cpp:697] [c10d] The client socket cannot be initialized to connect to [frontier10267.frontier.olcf.ornl.gov]:8889 (errno: 97 - Address family not supported by protocol).
[W socket.cpp:697] [c10d] The client socket cannot be initialized to connect to [frontier10267.frontier.olcf.ornl.gov]:8889 (errno: 97 - Address family not supported by protocol).
[W socket.cpp:697] [c10d] The client socket cannot be initialized to connect to [frontier10267.frontier.olcf.ornl.gov]:8889 (errno: 97 - Address family not supported by protocol).
[W socket.cpp:697] [c10d] The client socket cannot be initialized to connect to [frontier10267.frontier.olcf.ornl.gov]:8889 (errno: 97 - Address family not supported by protocol).
[W socket.cpp:697] [c10d] The client socket cannot be initialized to connect to [frontier10267.frontier.olcf.ornl.gov]:8889 (errno: 97 - Address family not supported by protocol).
[W socket.cpp:697] [c10d] The client socket cannot be initialized to connect to [frontier10267.frontier.olcf.ornl.gov]:8889 (errno: 97 - Address family not supported by protocol).
[2024-07-31 12:07:15,578] [INFO] [comm.py:637:init_distributed] cdb=None
[2024-07-31 12:07:15,578] [INFO] [comm.py:637:init_distributed] cdb=None
[W socket.cpp:697] [c10d] The client socket cannot be initialized to connect to [frontier10267.frontier.olcf.ornl.gov]:8889 (errno: 97 - Address family not supported by protocol).
[W socket.cpp:697] [c10d] The client socket cannot be initialized to connect to [frontier10267.frontier.olcf.ornl.gov]:8889 (errno: 97 - Address family not supported by protocol).
[2024-07-31 12:07:15,758] [INFO] [comm.py:637:init_distributed] cdb=None
[2024-07-31 12:07:15,758] [INFO] [comm.py:637:init_distributed] cdb=None
[2024-07-31 12:07:15,758] [INFO] [comm.py:637:init_distributed] cdb=None
[2024-07-31 12:07:15,758] [INFO] [comm.py:637:init_distributed] cdb=None
[2024-07-31 12:07:15,758] [INFO] [comm.py:637:init_distributed] cdb=None
[2024-07-31 12:07:15,758] [INFO] [comm.py:637:init_distributed] cdb=None
[W socket.cpp:697] [c10d] The client socket cannot be initialized to connect to [frontier10267.frontier.olcf.ornl.gov]:8889 (errno: 97 - Address family not supported by protocol).
[W socket.cpp:697] [c10d] The client socket cannot be initialized to connect to [frontier10267.frontier.olcf.ornl.gov]:8889 (errno: 97 - Address family not supported by protocol).
[W socket.cpp:697] [c10d] The client socket cannot be initialized to connect to [frontier10267.frontier.olcf.ornl.gov]:8889 (errno: 97 - Address family not supported by protocol).
[W socket.cpp:697] [c10d] The client socket cannot be initialized to connect to [frontier10267.frontier.olcf.ornl.gov]:8889 (errno: 97 - Address family not supported by protocol).
[W socket.cpp:697] [c10d] The client socket cannot be initialized to connect to [frontier10267.frontier.olcf.ornl.gov]:8889 (errno: 97 - Address family not supported by protocol).
[W socket.cpp:697] [c10d] The client socket cannot be initialized to connect to [frontier10267.frontier.olcf.ornl.gov]:8889 (errno: 97 - Address family not supported by protocol).
[2024-07-31 12:07:16,983] [INFO] [comm.py:637:init_distributed] cdb=None
[2024-07-31 12:07:16,983] [INFO] [comm.py:637:init_distributed] cdb=None
[2024-07-31 12:07:16,983] [INFO] [comm.py:637:init_distributed] cdb=None
[2024-07-31 12:07:16,983] [INFO] [comm.py:637:init_distributed] cdb=None
[2024-07-31 12:07:16,983] [INFO] [comm.py:637:init_distributed] cdb=None
[2024-07-31 12:07:16,983] [INFO] [comm.py:637:init_distributed] cdb=None
[2024-07-31 12:07:16,983] [INFO] [comm.py:637:init_distributed] cdb=None
[2024-07-31 12:07:16,983] [INFO] [comm.py:637:init_distributed] cdb=None
[W socket.cpp:697] [c10d] The client socket cannot be initialized to connect to [frontier10267.frontier.olcf.ornl.gov]:8889 (errno: 97 - Address family not supported by protocol).
[W socket.cpp:697] [c10d] The client socket cannot be initialized to connect to [frontier10267.frontier.olcf.ornl.gov]:8889 (errno: 97 - Address family not supported by protocol).
[W socket.cpp:697] [c10d] The client socket cannot be initialized to connect to [frontier10267.frontier.olcf.ornl.gov]:8889 (errno: 97 - Address family not supported by protocol).
[W socket.cpp:697] [c10d] The client socket cannot be initialized to connect to [frontier10267.frontier.olcf.ornl.gov]:8889 (errno: 97 - Address family not supported by protocol).
[W socket.cpp:697] [c10d] The client socket cannot be initialized to connect to [frontier10267.frontier.olcf.ornl.gov]:8889 (errno: 97 - Address family not supported by protocol).
[W socket.cpp:697] [c10d] The client socket cannot be initialized to connect to [frontier10267.frontier.olcf.ornl.gov]:8889 (errno: 97 - Address family not supported by protocol).
[W socket.cpp:697] [c10d] The client socket cannot be initialized to connect to [frontier10267.frontier.olcf.ornl.gov]:8889 (errno: 97 - Address family not supported by protocol).
[W socket.cpp:697] [c10d] The client socket cannot be initialized to connect to [frontier10267.frontier.olcf.ornl.gov]:8889 (errno: 97 - Address family not supported by protocol).
[2024-07-31 12:07:17,543] [INFO] [comm.py:637:init_distributed] cdb=None
[2024-07-31 12:07:17,543] [INFO] [comm.py:637:init_distributed] cdb=None
[2024-07-31 12:07:17,543] [INFO] [comm.py:637:init_distributed] cdb=None
[2024-07-31 12:07:17,543] [INFO] [comm.py:637:init_distributed] cdb=None
[2024-07-31 12:07:17,543] [INFO] [comm.py:637:init_distributed] cdb=None
[2024-07-31 12:07:17,543] [INFO] [comm.py:637:init_distributed] cdb=None
[2024-07-31 12:07:17,543] [INFO] [comm.py:637:init_distributed] cdb=None
[2024-07-31 12:07:17,543] [INFO] [comm.py:637:init_distributed] cdb=None
[W socket.cpp:697] [c10d] The client socket cannot be initialized to connect to [frontier10267.frontier.olcf.ornl.gov]:8889 (errno: 97 - Address family not supported by protocol).
[W socket.cpp:697] [c10d] The client socket cannot be initialized to connect to [frontier10267.frontier.olcf.ornl.gov]:8889 (errno: 97 - Address family not supported by protocol).
[W socket.cpp:697] [c10d] The client socket cannot be initialized to connect to [frontier10267.frontier.olcf.ornl.gov]:8889 (errno: 97 - Address family not supported by protocol).
[W socket.cpp:697] [c10d] The client socket cannot be initialized to connect to [frontier10267.frontier.olcf.ornl.gov]:8889 (errno: 97 - Address family not supported by protocol).
[W socket.cpp:697] [c10d] The client socket cannot be initialized to connect to [frontier10267.frontier.olcf.ornl.gov]:8889 (errno: 97 - Address family not supported by protocol).
[W socket.cpp:697] [c10d] The client socket cannot be initialized to connect to [frontier10267.frontier.olcf.ornl.gov]:8889 (errno: 97 - Address family not supported by protocol).
[W socket.cpp:697] [c10d] The client socket cannot be initialized to connect to [frontier10267.frontier.olcf.ornl.gov]:8889 (errno: 97 - Address family not supported by protocol).
[W socket.cpp:697] [c10d] The client socket cannot be initialized to connect to [frontier10267.frontier.olcf.ornl.gov]:8889 (errno: 97 - Address family not supported by protocol).
0: Command: ./examples/multidataset/train_deepspeed_exportmem.py --multi_model_list=OC2022 --multi --num_epoch=1 --everyone --ddstore --log=exp-strongfull-XLARGE-2158638-NN8-VANILLA --inputfile=XLARGE_MTL_exportmem.json --use_deepspeed

0: Adios reading: /lustre/orion/lrn031/scratch/zye327/HydraGNN_ds/./examples/multidataset/./dataset/OC2022.bp
0: Read attr time (sec):  0.0121917724609375
0: read and bcast: trainset/x/variable_count 0.8058433532714844
0: read and bcast: trainset/x/variable_offset 1.1679673194885254
0: read and bcast: trainset/x/variable_dim 1.168245553970337
0: read and bcast: trainset/edge_index/variable_count 2.8495380878448486
0: read and bcast: trainset/edge_index/variable_offset 3.6064748764038086
0: read and bcast: trainset/edge_index/variable_dim 3.6239726543426514
0: read and bcast: trainset/edge_attr/variable_count 4.563836574554443
0: read and bcast: trainset/edge_attr/variable_offset 5.142954111099243
0: read and bcast: trainset/edge_attr/variable_dim 5.160054445266724
0: read and bcast: trainset/pos/variable_count 5.984153747558594
0: read and bcast: trainset/pos/variable_offset 6.837239742279053
0: read and bcast: trainset/pos/variable_dim 6.854920864105225
0: read and bcast: trainset/y/variable_count 7.215101480484009
0: read and bcast: trainset/y/variable_offset 7.8619914054870605
0: read and bcast: trainset/y/variable_dim 7.879717111587524
0: Overall time (sec):  7.892060995101929
0: DDStore adding time (sec):  0.0
0: Data loading time (sec):  7.904221773147583
0: Adios reading: /lustre/orion/lrn031/scratch/zye327/HydraGNN_ds/./examples/multidataset/./dataset/OC2022.bp
0: Read attr time (sec):  0.005420684814453125
0: read and bcast: valset/x/variable_count 0.17622113227844238
0: read and bcast: valset/x/variable_offset 0.23652005195617676
0: read and bcast: valset/x/variable_dim 0.2367691993713379
0: read and bcast: valset/edge_index/variable_count 0.5253734588623047
0: read and bcast: valset/edge_index/variable_offset 0.6142888069152832
0: read and bcast: valset/edge_index/variable_dim 0.6145439147949219
0: read and bcast: valset/edge_attr/variable_count 0.7429218292236328
0: read and bcast: valset/edge_attr/variable_offset 0.8024539947509766
0: read and bcast: valset/edge_attr/variable_dim 0.8026971817016602
0: read and bcast: valset/pos/variable_count 0.9906570911407471
0: read and bcast: valset/pos/variable_offset 1.0774955749511719
0: read and bcast: valset/pos/variable_dim 1.0777485370635986
0: read and bcast: valset/y/variable_count 1.1743640899658203
0: read and bcast: valset/y/variable_offset 1.2312088012695312
0: read and bcast: valset/y/variable_dim 1.231456995010376
0: Overall time (sec):  1.2370126247406006
0: DDStore adding time (sec):  0.0
0: Data loading time (sec):  1.2416019439697266
0: Adios reading: /lustre/orion/lrn031/scratch/zye327/HydraGNN_ds/./examples/multidataset/./dataset/OC2022.bp
0: Read attr time (sec):  0.005712985992431641
0: read and bcast: testset/x/variable_count 0.1682271957397461
0: read and bcast: testset/x/variable_offset 0.214127779006958
0: read and bcast: testset/x/variable_dim 0.21427011489868164
0: read and bcast: testset/edge_index/variable_count 0.40027666091918945
0: read and bcast: testset/edge_index/variable_offset 0.439892053604126
0: read and bcast: testset/edge_index/variable_dim 0.4400172233581543
0: read and bcast: testset/edge_attr/variable_count 0.52339768409729
0: read and bcast: testset/edge_attr/variable_offset 0.5836374759674072
0: read and bcast: testset/edge_attr/variable_dim 0.5837819576263428
0: read and bcast: testset/pos/variable_count 0.6917526721954346
0: read and bcast: testset/pos/variable_offset 0.7287757396697998
0: read and bcast: testset/pos/variable_dim 0.7289235591888428
0: read and bcast: testset/y/variable_count 0.7997117042541504
0: read and bcast: testset/y/variable_offset 0.8377957344055176
0: read and bcast: testset/y/variable_dim 0.8379390239715576
0: Overall time (sec):  0.8437850475311279
0: DDStore adding time (sec):  0.0
0: Data loading time (sec):  0.848102331161499
0: Adios preloading: /lustre/orion/lrn031/scratch/zye327/HydraGNN_ds/./examples/multidataset/./dataset/OC2022.bp
0: Adios reading time (sec):  20.06820511817932
0: Adios preloading: /lustre/orion/lrn031/scratch/zye327/HydraGNN_ds/./examples/multidataset/./dataset/OC2022.bp
0: Adios reading time (sec):  1.9862701892852783
0: Adios preloading: /lustre/orion/lrn031/scratch/zye327/HydraGNN_ds/./examples/multidataset/./dataset/OC2022.bp
0: Adios reading time (sec):  0.9865679740905762
Loading:   0%|          | 0/118509 [00:00<?, ?it/s]Loading:   0%|          | 6/118509 [00:00<32:57, 59.93it/s]Loading:   0%|          | 332/118509 [00:00<01:00, 1938.82it/s]Loading:   1%|          | 621/118509 [00:00<00:49, 2369.24it/s]Loading:   1%|          | 918/118509 [00:00<00:45, 2603.13it/s]Loading:   1%|          | 1179/118509 [00:00<01:07, 1729.85it/s]Loading:   1%|          | 1476/118509 [00:00<00:57, 2044.37it/s]Loading:   2%|▏         | 1784/118509 [00:00<00:50, 2318.36it/s]Loading:   2%|▏         | 2093/118509 [00:00<00:46, 2530.21it/s]Loading:   2%|▏         | 2401/118509 [00:01<00:43, 2683.30it/s]Loading:   2%|▏         | 2723/118509 [00:01<00:40, 2835.71it/s]Loading:   3%|▎         | 3038/118509 [00:01<00:39, 2926.55it/s]Loading:   3%|▎         | 3347/118509 [00:01<00:38, 2972.48it/s]Loading:   3%|▎         | 3662/118509 [00:01<00:37, 3024.33it/s]Loading:   3%|▎         | 3978/118509 [00:01<00:37, 3064.28it/s]Loading:   4%|▎         | 4288/118509 [00:01<00:37, 3055.85it/s]Loading:   4%|▍         | 4596/118509 [00:01<00:37, 3046.25it/s]Loading:   4%|▍         | 4907/118509 [00:01<00:37, 3064.11it/s]Loading:   4%|▍         | 5215/118509 [00:01<00:37, 3049.27it/s]Loading:   5%|▍         | 5526/118509 [00:02<00:36, 3065.21it/s]Loading:   5%|▍         | 5841/118509 [00:02<00:36, 3087.94it/s]Loading:   5%|▌         | 6154/118509 [00:02<00:36, 3098.68it/s]Loading:   5%|▌         | 6465/118509 [00:02<00:36, 3073.30it/s]Loading:   6%|▌         | 6773/118509 [00:02<00:36, 3065.15it/s]Loading:   6%|▌         | 7085/118509 [00:02<00:36, 3080.38it/s]Loading:   6%|▌         | 7394/118509 [00:02<00:36, 3079.39it/s]Loading:   7%|▋         | 7705/118509 [00:02<00:35, 3086.28it/s]Loading:   7%|▋         | 8014/118509 [00:02<00:36, 3057.26it/s]Loading:   7%|▋         | 8324/118509 [00:02<00:35, 3069.06it/s]Loading:   7%|▋         | 8631/118509 [00:03<00:35, 3059.13it/s]Loading:   8%|▊         | 8943/118509 [00:03<00:35, 3074.47it/s]Loading:   8%|▊         | 9251/118509 [00:03<00:35, 3064.76it/s]Loading:   8%|▊         | 9563/118509 [00:03<00:35, 3078.57it/s]Loading:   8%|▊         | 9884/118509 [00:03<00:34, 3115.41it/s]Loading:   9%|▊         | 10196/118509 [00:03<00:34, 3100.54it/s]Loading:   9%|▉         | 10507/118509 [00:03<00:35, 3055.47it/s]Loading:   9%|▉         | 10813/118509 [00:03<00:35, 3033.67it/s]Loading:   9%|▉         | 11120/118509 [00:03<00:35, 3044.13it/s]Loading:  10%|▉         | 11435/118509 [00:03<00:34, 3073.11it/s]Loading:  10%|▉         | 11750/118509 [00:04<00:34, 3094.45it/s]Loading:  10%|█         | 12060/118509 [00:04<00:34, 3094.61it/s]Loading:  10%|█         | 12370/118509 [00:04<00:49, 2134.52it/s]Loading:  11%|█         | 12679/118509 [00:04<00:45, 2351.46it/s]Loading:  11%|█         | 12997/118509 [00:04<00:41, 2553.71it/s]Loading:  11%|█         | 13313/118509 [00:04<00:38, 2708.86it/s]Loading:  11%|█▏        | 13612/118509 [00:04<00:37, 2782.84it/s]Loading:  12%|█▏        | 13908/118509 [00:04<00:36, 2828.22it/s]Loading:  12%|█▏        | 14208/118509 [00:05<00:36, 2875.94it/s]Loading:  12%|█▏        | 14515/118509 [00:05<00:35, 2931.10it/s]Loading:  13%|█▎        | 14821/118509 [00:05<00:34, 2967.65it/s]Loading:  13%|█▎        | 15135/118509 [00:05<00:34, 3015.34it/s]Loading:  13%|█▎        | 15440/118509 [00:05<00:34, 3006.81it/s]Loading:  13%|█▎        | 15750/118509 [00:05<00:33, 3033.91it/s]Loading:  14%|█▎        | 16056/118509 [00:05<00:33, 3026.21it/s]Loading:  14%|█▍        | 16369/118509 [00:05<00:33, 3056.61it/s]Loading:  14%|█▍        | 16676/118509 [00:05<00:33, 3043.12it/s]Loading:  14%|█▍        | 16981/118509 [00:05<00:33, 3025.67it/s]Loading:  15%|█▍        | 17287/118509 [00:06<00:33, 3034.59it/s]Loading:  15%|█▍        | 17602/118509 [00:06<00:32, 3066.51it/s]Loading:  15%|█▌        | 17909/118509 [00:06<00:33, 3041.04it/s]Loading:  15%|█▌        | 18214/118509 [00:06<00:33, 3027.31it/s]Loading:  16%|█▌        | 18518/118509 [00:06<00:33, 3029.49it/s]Loading:  16%|█▌        | 18824/118509 [00:06<00:32, 3036.03it/s]Loading:  16%|█▌        | 19130/118509 [00:06<00:32, 3041.44it/s]Loading:  16%|█▋        | 19435/118509 [00:06<00:32, 3032.33it/s]Loading:  17%|█▋        | 19743/118509 [00:06<00:32, 3043.69it/s]Loading:  17%|█▋        | 20054/118509 [00:06<00:32, 3061.97it/s]Loading:  17%|█▋        | 20361/118509 [00:07<00:32, 3043.81it/s]Loading:  17%|█▋        | 20666/118509 [00:07<00:32, 3029.27it/s]Loading:  18%|█▊        | 20990/118509 [00:07<00:31, 3089.50it/s]Loading:  18%|█▊        | 21304/118509 [00:07<00:31, 3101.80it/s]Loading:  18%|█▊        | 21615/118509 [00:07<00:31, 3087.02it/s]Loading:  19%|█▊        | 21928/118509 [00:07<00:31, 3098.49it/s]Loading:  19%|█▉        | 22243/118509 [00:07<00:30, 3112.39it/s]Loading:  19%|█▉        | 22562/118509 [00:07<00:30, 3133.21it/s]Loading:  19%|█▉        | 22882/118509 [00:07<00:30, 3151.10it/s]Loading:  20%|█▉        | 23198/118509 [00:07<00:30, 3118.87it/s]Loading:  20%|█▉        | 23510/118509 [00:08<00:30, 3105.11it/s]Loading:  20%|██        | 23821/118509 [00:08<00:30, 3064.87it/s]Loading:  20%|██        | 24128/118509 [00:08<00:31, 3028.55it/s]Loading:  21%|██        | 24431/118509 [00:08<00:31, 3016.66it/s]Loading:  21%|██        | 24733/118509 [00:08<00:31, 3002.89it/s]Loading:  21%|██        | 25052/118509 [00:08<00:30, 3056.56it/s]Loading:  21%|██▏       | 25361/118509 [00:08<00:30, 3065.57it/s]Loading:  22%|██▏       | 25673/118509 [00:08<00:30, 3081.59it/s]Loading:  22%|██▏       | 25987/118509 [00:08<00:29, 3098.64it/s]Loading:  22%|██▏       | 26297/118509 [00:09<00:45, 2040.89it/s]Loading:  22%|██▏       | 26593/118509 [00:09<00:41, 2241.74it/s]Loading:  23%|██▎       | 26890/118509 [00:09<00:37, 2415.39it/s]Loading:  23%|██▎       | 27199/118509 [00:09<00:35, 2585.82it/s]Loading:  23%|██▎       | 27513/118509 [00:09<00:33, 2731.86it/s]Loading:  23%|██▎       | 27814/118509 [00:09<00:32, 2806.32it/s]Loading:  24%|██▎       | 28111/118509 [00:09<00:31, 2851.37it/s]Loading:  24%|██▍       | 28419/118509 [00:09<00:30, 2914.82it/s]Loading:  24%|██▍       | 28735/118509 [00:09<00:30, 2985.90it/s]Loading:  25%|██▍       | 29040/118509 [00:10<00:30, 2981.72it/s]Loading:  25%|██▍       | 29347/118509 [00:10<00:29, 3006.38it/s]Loading:  25%|██▌       | 29660/118509 [00:10<00:29, 3040.34it/s]Loading:  25%|██▌       | 29973/118509 [00:10<00:28, 3064.11it/s]Loading:  26%|██▌       | 30281/118509 [00:10<00:28, 3056.01it/s]Loading:  26%|██▌       | 30590/118509 [00:10<00:28, 3065.51it/s]Loading:  26%|██▌       | 30916/118509 [00:10<00:28, 3121.83it/s]Loading:  26%|██▋       | 31239/118509 [00:10<00:27, 3152.36it/s]Loading:  27%|██▋       | 31555/118509 [00:10<00:27, 3139.65it/s]Loading:  27%|██▋       | 31870/118509 [00:10<00:28, 3087.35it/s]Loading:  27%|██▋       | 32180/118509 [00:11<00:28, 3081.25it/s]Loading:  27%|██▋       | 32490/118509 [00:11<00:27, 3086.24it/s]Loading:  28%|██▊       | 32806/118509 [00:11<00:27, 3106.99it/s]Loading:  28%|██▊       | 33117/118509 [00:11<00:27, 3067.87it/s]Loading:  28%|██▊       | 33424/118509 [00:11<00:28, 3021.11it/s]Loading:  28%|██▊       | 33727/118509 [00:11<00:28, 2982.02it/s]Loading:  29%|██▊       | 34029/118509 [00:11<00:28, 2992.27it/s]Loading:  29%|██▉       | 34333/118509 [00:11<00:28, 3006.03it/s]Loading:  29%|██▉       | 34642/118509 [00:11<00:27, 3028.14it/s]Loading:  29%|██▉       | 34948/118509 [00:11<00:27, 3037.53it/s]Loading:  30%|██▉       | 35263/118509 [00:12<00:27, 3069.52it/s]Loading:  30%|███       | 35573/118509 [00:12<00:26, 3077.78it/s]Loading:  30%|███       | 35881/118509 [00:12<00:26, 3060.73it/s]Loading:  31%|███       | 36188/118509 [00:12<00:26, 3053.50it/s]Loading:  31%|███       | 36498/118509 [00:12<00:26, 3067.16it/s]Loading:  31%|███       | 36807/118509 [00:12<00:26, 3071.67it/s]Loading:  31%|███▏      | 37120/118509 [00:12<00:26, 3086.39it/s]Loading:  32%|███▏      | 37432/118509 [00:12<00:26, 3095.47it/s]Loading:  32%|███▏      | 37742/118509 [00:12<00:26, 3090.53it/s]Loading:  32%|███▏      | 38052/118509 [00:12<00:26, 3048.47it/s]Loading:  32%|███▏      | 38361/118509 [00:13<00:26, 3058.17it/s]Loading:  33%|███▎      | 38671/118509 [00:13<00:26, 3070.28it/s]Loading:  33%|███▎      | 38979/118509 [00:13<00:26, 3055.81it/s]Loading:  33%|███▎      | 39286/118509 [00:13<00:25, 3057.99it/s]Loading:  33%|███▎      | 39597/118509 [00:13<00:25, 3072.32it/s]Loading:  34%|███▎      | 39906/118509 [00:13<00:25, 3075.14it/s]Loading:  34%|███▍      | 40219/118509 [00:13<00:25, 3088.91it/s]Loading:  34%|███▍      | 40533/118509 [00:13<00:25, 3102.44it/s]Loading:  34%|███▍      | 40849/118509 [00:13<00:24, 3117.86it/s]Loading:  35%|███▍      | 41161/118509 [00:13<00:24, 3112.25it/s]Loading:  35%|███▍      | 41473/118509 [00:14<00:24, 3082.02it/s]Loading:  35%|███▌      | 41783/118509 [00:14<00:24, 3086.89it/s]Loading:  36%|███▌      | 42097/118509 [00:14<00:24, 3101.10it/s]Loading:  36%|███▌      | 42408/118509 [00:14<00:24, 3095.91it/s]Loading:  36%|███▌      | 42718/118509 [00:14<00:24, 3096.89it/s]Loading:  36%|███▋      | 43028/118509 [00:14<00:24, 3082.39it/s]Loading:  37%|███▋      | 43337/118509 [00:14<00:24, 3074.50it/s]Loading:  37%|███▋      | 43645/118509 [00:14<00:39, 1898.34it/s]Loading:  37%|███▋      | 43949/118509 [00:15<00:34, 2135.76it/s]Loading:  37%|███▋      | 44250/118509 [00:15<00:31, 2335.01it/s]Loading:  38%|███▊      | 44546/118509 [00:15<00:29, 2487.75it/s]Loading:  38%|███▊      | 44845/118509 [00:15<00:28, 2617.93it/s]Loading:  38%|███▊      | 45153/118509 [00:15<00:26, 2741.21it/s]Loading:  38%|███▊      | 45458/118509 [00:15<00:25, 2826.15it/s]Loading:  39%|███▊      | 45754/118509 [00:15<00:25, 2858.02it/s]Loading:  39%|███▉      | 46063/118509 [00:15<00:24, 2924.79it/s]Loading:  39%|███▉      | 46370/118509 [00:15<00:24, 2965.44it/s]Loading:  39%|███▉      | 46684/118509 [00:16<00:23, 3016.78it/s]Loading:  40%|███▉      | 46996/118509 [00:16<00:23, 3045.41it/s]Loading:  40%|███▉      | 47305/118509 [00:16<00:23, 3055.86it/s]Loading:  40%|████      | 47615/118509 [00:16<00:23, 3066.35it/s]Loading:  40%|████      | 47926/118509 [00:16<00:22, 3076.74it/s]Loading:  41%|████      | 48239/118509 [00:16<00:22, 3092.13it/s]Loading:  41%|████      | 48549/118509 [00:16<00:22, 3046.59it/s]Loading:  41%|████      | 48855/118509 [00:16<00:22, 3045.62it/s]Loading:  41%|████▏     | 49160/118509 [00:16<00:22, 3042.09it/s]Loading:  42%|████▏     | 49474/118509 [00:16<00:22, 3070.84it/s]Loading:  42%|████▏     | 49784/118509 [00:17<00:22, 3076.98it/s]Loading:  42%|████▏     | 50092/118509 [00:17<00:22, 3061.74it/s]Loading:  43%|████▎     | 50399/118509 [00:17<00:22, 3040.44it/s]Loading:  43%|████▎     | 50715/118509 [00:17<00:22, 3075.40it/s]Loading:  43%|████▎     | 51023/118509 [00:17<00:22, 3049.33it/s]Loading:  43%|████▎     | 51329/118509 [00:17<00:22, 3012.74it/s]Loading:  44%|████▎     | 51638/118509 [00:17<00:22, 3033.51it/s]Loading:  44%|████▍     | 51942/118509 [00:17<00:22, 3004.85it/s]Loading:  44%|████▍     | 52243/118509 [00:17<00:22, 3003.70it/s]Loading:  44%|████▍     | 52549/118509 [00:17<00:21, 3018.11it/s]Loading:  45%|████▍     | 52862/118509 [00:18<00:21, 3049.70it/s]Loading:  45%|████▍     | 53169/118509 [00:18<00:21, 3053.05it/s]Loading:  45%|████▌     | 53475/118509 [00:18<00:21, 3042.87it/s]Loading:  45%|████▌     | 53789/118509 [00:18<00:21, 3070.97it/s]Loading:  46%|████▌     | 54100/118509 [00:18<00:20, 3081.35it/s]Loading:  46%|████▌     | 54419/118509 [00:18<00:20, 3112.03it/s]Loading:  46%|████▌     | 54731/118509 [00:18<00:20, 3101.81it/s]Loading:  46%|████▋     | 55044/118509 [00:18<00:20, 3107.90it/s]Loading:  47%|████▋     | 55355/118509 [00:18<00:20, 3084.20it/s]Loading:  47%|████▋     | 55664/118509 [00:18<00:20, 3058.05it/s]Loading:  47%|████▋     | 55970/118509 [00:19<00:20, 3041.89it/s]Loading:  47%|████▋     | 56278/118509 [00:19<00:20, 3051.13it/s]Loading:  48%|████▊     | 56584/118509 [00:19<00:20, 3050.89it/s]Loading:  48%|████▊     | 56890/118509 [00:19<00:20, 3043.10it/s]Loading:  48%|████▊     | 57197/118509 [00:19<00:20, 3050.03it/s]Loading:  49%|████▊     | 57503/118509 [00:19<00:20, 3030.89it/s]Loading:  49%|████▉     | 57807/118509 [00:19<00:20, 3028.64it/s]Loading:  49%|████▉     | 58118/118509 [00:19<00:19, 3052.43it/s]Loading:  49%|████▉     | 58437/118509 [00:19<00:19, 3093.10it/s]Loading:  50%|████▉     | 58747/118509 [00:19<00:19, 3063.90it/s]Loading:  50%|████▉     | 59054/118509 [00:20<00:19, 3014.04it/s]Loading:  50%|█████     | 59356/118509 [00:20<00:19, 3004.31it/s]Loading:  50%|█████     | 59669/118509 [00:20<00:19, 3038.94it/s]Loading:  51%|█████     | 59975/118509 [00:20<00:19, 3042.28it/s]Loading:  51%|█████     | 60288/118509 [00:20<00:18, 3065.62it/s]Loading:  51%|█████     | 60595/118509 [00:20<00:18, 3052.58it/s]Loading:  51%|█████▏    | 60901/118509 [00:20<00:19, 3022.20it/s]Loading:  52%|█████▏    | 61206/118509 [00:20<00:18, 3030.05it/s]Loading:  52%|█████▏    | 61518/118509 [00:20<00:18, 3056.60it/s]Loading:  52%|█████▏    | 61828/118509 [00:20<00:18, 3067.67it/s]Loading:  52%|█████▏    | 62137/118509 [00:21<00:18, 3071.56it/s]Loading:  53%|█████▎    | 62448/118509 [00:21<00:18, 3082.38it/s]Loading:  53%|█████▎    | 62760/118509 [00:21<00:18, 3091.93it/s]Loading:  53%|█████▎    | 63070/118509 [00:21<00:18, 3076.28it/s]Loading:  53%|█████▎    | 63383/118509 [00:21<00:17, 3089.95it/s]Loading:  54%|█████▎    | 63693/118509 [00:21<00:17, 3090.48it/s]Loading:  54%|█████▍    | 64007/118509 [00:21<00:17, 3103.89it/s]Loading:  54%|█████▍    | 64318/118509 [00:21<00:17, 3095.42it/s]Loading:  55%|█████▍    | 64628/118509 [00:21<00:17, 3081.62it/s]Loading:  55%|█████▍    | 64937/118509 [00:22<00:30, 1761.29it/s]Loading:  55%|█████▌    | 65247/118509 [00:22<00:26, 2021.87it/s]Loading:  55%|█████▌    | 65557/118509 [00:22<00:23, 2256.59it/s]Loading:  56%|█████▌    | 65871/118509 [00:22<00:21, 2465.73it/s]Loading:  56%|█████▌    | 66172/118509 [00:22<00:20, 2603.36it/s]Loading:  56%|█████▌    | 66480/118509 [00:22<00:19, 2729.85it/s]Loading:  56%|█████▋    | 66783/118509 [00:22<00:18, 2810.42it/s]Loading:  57%|█████▋    | 67092/118509 [00:22<00:17, 2888.66it/s]Loading:  57%|█████▋    | 67413/118509 [00:23<00:17, 2979.25it/s]Loading:  57%|█████▋    | 67728/118509 [00:23<00:16, 3028.18it/s]Loading:  57%|█████▋    | 68038/118509 [00:23<00:16, 3040.39it/s]Loading:  58%|█████▊    | 68347/118509 [00:23<00:16, 3028.70it/s]Loading:  58%|█████▊    | 68654/118509 [00:23<00:16, 3039.29it/s]Loading:  58%|█████▊    | 68966/118509 [00:23<00:16, 3061.95it/s]Loading:  58%|█████▊    | 69274/118509 [00:23<00:16, 3051.32it/s]Loading:  59%|█████▊    | 69585/118509 [00:23<00:15, 3068.12it/s]Loading:  59%|█████▉    | 69893/118509 [00:23<00:15, 3051.55it/s]Loading:  59%|█████▉    | 70199/118509 [00:23<00:15, 3040.72it/s]Loading:  59%|█████▉    | 70504/118509 [00:24<00:15, 3034.68it/s]Loading:  60%|█████▉    | 70815/118509 [00:24<00:15, 3055.57it/s]Loading:  60%|██████    | 71124/118509 [00:24<00:15, 3065.69it/s]Loading:  60%|██████    | 71431/118509 [00:24<00:15, 3058.80it/s]Loading:  61%|██████    | 71742/118509 [00:24<00:15, 3071.86it/s]Loading:  61%|██████    | 72050/118509 [00:24<00:15, 3042.98it/s]Loading:  61%|██████    | 72362/118509 [00:24<00:15, 3065.29it/s]Loading:  61%|██████▏   | 72677/118509 [00:24<00:14, 3087.82it/s]Loading:  62%|██████▏   | 72990/118509 [00:24<00:14, 3099.22it/s]Loading:  62%|██████▏   | 73304/118509 [00:24<00:14, 3108.63it/s]Loading:  62%|██████▏   | 73617/118509 [00:25<00:14, 3114.43it/s]Loading:  62%|██████▏   | 73929/118509 [00:25<00:14, 3102.36it/s]Loading:  63%|██████▎   | 74240/118509 [00:25<00:14, 3103.95it/s]Loading:  63%|██████▎   | 74551/118509 [00:25<00:14, 3075.11it/s]Loading:  63%|██████▎   | 74859/118509 [00:25<00:14, 3072.85it/s]Loading:  63%|██████▎   | 75170/118509 [00:25<00:14, 3083.18it/s]Loading:  64%|██████▎   | 75489/118509 [00:25<00:13, 3112.86it/s]Loading:  64%|██████▍   | 75801/118509 [00:25<00:13, 3097.77it/s]Loading:  64%|██████▍   | 76111/118509 [00:25<00:13, 3092.33it/s]Loading:  64%|██████▍   | 76421/118509 [00:25<00:13, 3068.03it/s]Loading:  65%|██████▍   | 76729/118509 [00:26<00:13, 3071.46it/s]Loading:  65%|██████▌   | 77040/118509 [00:26<00:13, 3082.68it/s]Loading:  65%|██████▌   | 77363/118509 [00:26<00:13, 3123.94it/s]Loading:  66%|██████▌   | 77676/118509 [00:26<00:13, 3079.77it/s]Loading:  66%|██████▌   | 77985/118509 [00:26<00:13, 3072.22it/s]Loading:  66%|██████▌   | 78294/118509 [00:26<00:13, 3074.79it/s]Loading:  66%|██████▋   | 78609/118509 [00:26<00:12, 3096.98it/s]Loading:  67%|██████▋   | 78922/118509 [00:26<00:12, 3105.91it/s]Loading:  67%|██████▋   | 79233/118509 [00:26<00:12, 3079.77it/s]Loading:  67%|██████▋   | 79542/118509 [00:26<00:12, 3059.13it/s]Loading:  67%|██████▋   | 79851/118509 [00:27<00:12, 3067.64it/s]Loading:  68%|██████▊   | 80164/118509 [00:27<00:12, 3085.11it/s]Loading:  68%|██████▊   | 80480/118509 [00:27<00:12, 3105.07it/s]Loading:  68%|██████▊   | 80791/118509 [00:27<00:12, 3077.20it/s]Loading:  68%|██████▊   | 81099/118509 [00:27<00:12, 3074.66it/s]Loading:  69%|██████▊   | 81407/118509 [00:27<00:12, 3060.29it/s]Loading:  69%|██████▉   | 81716/118509 [00:27<00:11, 3068.64it/s]Loading:  69%|██████▉   | 82023/118509 [00:27<00:11, 3051.95it/s]Loading:  69%|██████▉   | 82329/118509 [00:27<00:11, 3043.46it/s]Loading:  70%|██████▉   | 82647/118509 [00:27<00:11, 3082.73it/s]Loading:  70%|███████   | 82962/118509 [00:28<00:11, 3102.31it/s]Loading:  70%|███████   | 83273/118509 [00:28<00:11, 3056.32it/s]Loading:  71%|███████   | 83579/118509 [00:28<00:11, 3023.90it/s]Loading:  71%|███████   | 83882/118509 [00:28<00:11, 3025.38it/s]Loading:  71%|███████   | 84189/118509 [00:28<00:11, 3035.39it/s]Loading:  71%|███████▏  | 84508/118509 [00:28<00:11, 3080.32it/s]Loading:  72%|███████▏  | 84822/118509 [00:28<00:10, 3095.97it/s]Loading:  72%|███████▏  | 85137/118509 [00:28<00:10, 3111.59it/s]Loading:  72%|███████▏  | 85449/118509 [00:28<00:10, 3110.83it/s]Loading:  72%|███████▏  | 85761/118509 [00:28<00:10, 3096.21it/s]Loading:  73%|███████▎  | 86071/118509 [00:29<00:10, 3092.55it/s]Loading:  73%|███████▎  | 86384/118509 [00:29<00:10, 3101.50it/s]Loading:  73%|███████▎  | 86695/118509 [00:29<00:10, 3095.57it/s]Loading:  73%|███████▎  | 87005/118509 [00:29<00:10, 3078.52it/s]Loading:  74%|███████▎  | 87313/118509 [00:29<00:10, 3074.94it/s]Loading:  74%|███████▍  | 87621/118509 [00:29<00:10, 3047.62it/s]Loading:  74%|███████▍  | 87926/118509 [00:29<00:10, 3041.08it/s]Loading:  74%|███████▍  | 88231/118509 [00:29<00:09, 3040.29it/s]Loading:  75%|███████▍  | 88536/118509 [00:29<00:09, 3011.77it/s]Loading:  75%|███████▍  | 88838/118509 [00:29<00:09, 3010.37it/s]Loading:  75%|███████▌  | 89154/118509 [00:30<00:09, 3053.70it/s]Loading:  75%|███████▌  | 89460/118509 [00:30<00:09, 3050.37it/s]Loading:  76%|███████▌  | 89766/118509 [00:30<00:09, 3031.41it/s]Loading:  76%|███████▌  | 90070/118509 [00:30<00:09, 3027.89it/s]Loading:  76%|███████▋  | 90373/118509 [00:30<00:09, 3022.92it/s]Loading:  77%|███████▋  | 90689/118509 [00:30<00:09, 3062.36it/s]Loading:  77%|███████▋  | 91004/118509 [00:30<00:08, 3087.78it/s]Loading:  77%|███████▋  | 91323/118509 [00:30<00:08, 3118.16it/s]Loading:  77%|███████▋  | 91642/118509 [00:30<00:08, 3136.78it/s]Loading:  78%|███████▊  | 91956/118509 [00:31<00:16, 1641.33it/s]Loading:  78%|███████▊  | 92275/118509 [00:31<00:13, 1923.30it/s]Loading:  78%|███████▊  | 92574/118509 [00:31<00:12, 2142.71it/s]Loading:  78%|███████▊  | 92881/118509 [00:31<00:10, 2353.88it/s]Loading:  79%|███████▊  | 93188/118509 [00:31<00:10, 2529.78it/s]Loading:  79%|███████▉  | 93506/118509 [00:31<00:09, 2696.99it/s]Loading:  79%|███████▉  | 93808/118509 [00:31<00:08, 2783.75it/s]Loading:  79%|███████▉  | 94108/118509 [00:32<00:08, 2835.82it/s]Loading:  80%|███████▉  | 94422/118509 [00:32<00:08, 2921.80it/s]Loading:  80%|███████▉  | 94726/118509 [00:32<00:08, 2934.22it/s]Loading:  80%|████████  | 95037/118509 [00:32<00:07, 2984.75it/s]Loading:  80%|████████  | 95354/118509 [00:32<00:07, 3037.74it/s]Loading:  81%|████████  | 95672/118509 [00:32<00:07, 3078.82it/s]Loading:  81%|████████  | 95983/118509 [00:32<00:07, 3087.42it/s]Loading:  81%|████████▏ | 96294/118509 [00:32<00:07, 3084.41it/s]Loading:  82%|████████▏ | 96604/118509 [00:32<00:07, 3081.15it/s]Loading:  82%|████████▏ | 96914/118509 [00:32<00:07, 3075.68it/s]Loading:  82%|████████▏ | 97232/118509 [00:33<00:06, 3104.59it/s]Loading:  82%|████████▏ | 97548/118509 [00:33<00:06, 3120.10it/s]Loading:  83%|████████▎ | 97861/118509 [00:33<00:06, 3096.42it/s]Loading:  83%|████████▎ | 98171/118509 [00:33<00:06, 3063.69it/s]Loading:  83%|████████▎ | 98478/118509 [00:33<00:06, 3061.65it/s]Loading:  83%|████████▎ | 98786/118509 [00:33<00:06, 3064.89it/s]Loading:  84%|████████▎ | 99098/118509 [00:33<00:06, 3078.92it/s]Loading:  84%|████████▍ | 99406/118509 [00:33<00:06, 3041.29it/s]Loading:  84%|████████▍ | 99718/118509 [00:33<00:06, 3062.02it/s]Loading:  84%|████████▍ | 100025/118509 [00:33<00:06, 3053.96it/s]Loading:  85%|████████▍ | 100335/118509 [00:34<00:05, 3067.22it/s]Loading:  85%|████████▍ | 100642/118509 [00:34<00:05, 3034.50it/s]Loading:  85%|████████▌ | 100946/118509 [00:34<00:05, 3021.51it/s]Loading:  85%|████████▌ | 101257/118509 [00:34<00:05, 3047.21it/s]Loading:  86%|████████▌ | 101575/118509 [00:34<00:05, 3084.53it/s]Loading:  86%|████████▌ | 101884/118509 [00:34<00:05, 3051.01it/s]Loading:  86%|████████▌ | 102198/118509 [00:34<00:05, 3077.05it/s]Loading:  87%|████████▋ | 102517/118509 [00:34<00:05, 3110.12it/s]Loading:  87%|████████▋ | 102829/118509 [00:34<00:05, 3102.88it/s]Loading:  87%|████████▋ | 103140/118509 [00:34<00:05, 3071.55it/s]Loading:  87%|████████▋ | 103448/118509 [00:35<00:04, 3055.09it/s]Loading:  88%|████████▊ | 103759/118509 [00:35<00:04, 3068.80it/s]Loading:  88%|████████▊ | 104066/118509 [00:35<00:04, 3063.78it/s]Loading:  88%|████████▊ | 104373/118509 [00:35<00:04, 3044.98it/s]Loading:  88%|████████▊ | 104680/118509 [00:35<00:04, 3051.57it/s]Loading:  89%|████████▊ | 104986/118509 [00:35<00:04, 3049.63it/s]Loading:  89%|████████▉ | 105291/118509 [00:35<00:04, 3037.35it/s]Loading:  89%|████████▉ | 105595/118509 [00:35<00:04, 3025.62it/s]Loading:  89%|████████▉ | 105898/118509 [00:35<00:04, 3017.43it/s]Loading:  90%|████████▉ | 106208/118509 [00:35<00:04, 3041.50it/s]Loading:  90%|████████▉ | 106520/118509 [00:36<00:03, 3063.90it/s]Loading:  90%|█████████ | 106833/118509 [00:36<00:03, 3080.94it/s]Loading:  90%|█████████ | 107149/118509 [00:36<00:03, 3102.25it/s]Loading:  91%|█████████ | 107470/118509 [00:36<00:03, 3133.74it/s]Loading:  91%|█████████ | 107784/118509 [00:36<00:03, 3135.48it/s]Loading:  91%|█████████ | 108098/118509 [00:36<00:03, 3122.98it/s]Loading:  91%|█████████▏| 108411/118509 [00:36<00:03, 3116.66it/s]Loading:  92%|█████████▏| 108725/118509 [00:36<00:03, 3121.95it/s]Loading:  92%|█████████▏| 109040/118509 [00:36<00:03, 3127.50it/s]Loading:  92%|█████████▏| 109354/118509 [00:36<00:02, 3130.33it/s]Loading:  93%|█████████▎| 109670/118509 [00:37<00:02, 3138.28it/s]Loading:  93%|█████████▎| 109984/118509 [00:37<00:02, 3117.06it/s]Loading:  93%|█████████▎| 110297/118509 [00:37<00:02, 3119.51it/s]Loading:  93%|█████████▎| 110612/118509 [00:37<00:02, 3126.51it/s]Loading:  94%|█████████▎| 110925/118509 [00:37<00:02, 3123.42it/s]Loading:  94%|█████████▍| 111239/118509 [00:37<00:02, 3125.71it/s]Loading:  94%|█████████▍| 111552/118509 [00:37<00:02, 3124.11it/s]Loading:  94%|█████████▍| 111865/118509 [00:37<00:02, 3117.25it/s]Loading:  95%|█████████▍| 112185/118509 [00:37<00:02, 3141.73it/s]Loading:  95%|█████████▍| 112501/118509 [00:37<00:01, 3146.57it/s]Loading:  95%|█████████▌| 112816/118509 [00:38<00:01, 3136.22it/s]Loading:  95%|█████████▌| 113130/118509 [00:38<00:01, 3087.38it/s]Loading:  96%|█████████▌| 113444/118509 [00:38<00:01, 3100.26it/s]Loading:  96%|█████████▌| 113758/118509 [00:38<00:01, 3109.40it/s]Loading:  96%|█████████▋| 114070/118509 [00:38<00:01, 3110.98it/s]Loading:  97%|█████████▋| 114382/118509 [00:38<00:01, 3082.86it/s]Loading:  97%|█████████▋| 114692/118509 [00:38<00:01, 3087.03it/s]Loading:  97%|█████████▋| 115001/118509 [00:38<00:01, 3073.33it/s]Loading:  97%|█████████▋| 115309/118509 [00:38<00:01, 3062.35it/s]Loading:  98%|█████████▊| 115616/118509 [00:38<00:00, 3064.20it/s]Loading:  98%|█████████▊| 115923/118509 [00:39<00:00, 3059.77it/s]Loading:  98%|█████████▊| 116229/118509 [00:39<00:00, 3047.45it/s]Loading:  98%|█████████▊| 116537/118509 [00:39<00:00, 3053.97it/s]Loading:  99%|█████████▊| 116848/118509 [00:39<00:00, 3070.44it/s]Loading:  99%|█████████▉| 117157/118509 [00:39<00:00, 3076.18it/s]Loading:  99%|█████████▉| 117465/118509 [00:39<00:00, 3038.56it/s]Loading:  99%|█████████▉| 117769/118509 [00:39<00:00, 3035.71it/s]Loading: 100%|█████████▉| 118085/118509 [00:39<00:00, 3070.56it/s]Loading: 100%|█████████▉| 118395/118509 [00:39<00:00, 3077.82it/s]Loading: 100%|██████████| 118509/118509 [00:39<00:00, 2969.13it/s]
0: DDStore add: ('trainset/edge_attr', 0, dtype('float32'), (249427845, 1), 1062941300.0, 0.929191131144762)
0: DDStore add: ('trainset/edge_index', 1, dtype('int64'), (249427845, 2), 22839026988, 3.716764524579048)
0: DDStore add: ('trainset/pos', 0, dtype('float32'), (9411842, 3), 293958270.0, 0.10518553107976913)
0: DDStore add: ('trainset/x', 0, dtype('float32'), (9411842, 4), 494930020.0, 0.1402473747730255)
0: DDStore add: ('trainset/y', 0, dtype('float32'), (28354035, 1), -716301.5, 0.10562701150774956)
0: DDStore add: ('trainset/y_loc', 0, dtype('int64'), (118509, 3), 28472544, 0.002648882567882538)
0: DDStore total (GB): 4.999664455652237
Loading:   0%|          | 0/13169 [00:00<?, ?it/s]Loading:   2%|▏         | 308/13169 [00:00<00:04, 3071.72it/s]Loading:   5%|▍         | 650/13169 [00:00<00:03, 3272.44it/s]Loading:   8%|▊         | 989/13169 [00:00<00:03, 3325.21it/s]Loading:  10%|█         | 1322/13169 [00:00<00:03, 3325.01it/s]Loading:  13%|█▎        | 1656/13169 [00:00<00:03, 3327.39it/s]Loading:  15%|█▌        | 1989/13169 [00:00<00:03, 3324.95it/s]Loading:  18%|█▊        | 2328/13169 [00:00<00:03, 3345.52it/s]Loading:  20%|██        | 2663/13169 [00:00<00:03, 3282.91it/s]Loading:  23%|██▎       | 2992/13169 [00:00<00:03, 3233.08it/s]Loading:  25%|██▌       | 3316/13169 [00:01<00:03, 3200.82it/s]Loading:  28%|██▊       | 3637/13169 [00:01<00:02, 3203.35it/s]Loading:  30%|███       | 3958/13169 [00:01<00:02, 3181.69it/s]Loading:  32%|███▏      | 4277/13169 [00:01<00:02, 3150.61it/s]Loading:  35%|███▍      | 4593/13169 [00:01<00:02, 3106.85it/s]Loading:  37%|███▋      | 4907/13169 [00:01<00:02, 3113.79it/s]Loading:  40%|███▉      | 5219/13169 [00:01<00:02, 3074.16it/s]Loading:  42%|████▏     | 5537/13169 [00:01<00:02, 3105.18it/s]Loading:  44%|████▍     | 5855/13169 [00:01<00:02, 3127.09it/s]Loading:  47%|████▋     | 6174/13169 [00:01<00:02, 3143.40it/s]Loading:  49%|████▉     | 6495/13169 [00:02<00:02, 3163.11it/s]Loading:  52%|█████▏    | 6812/13169 [00:02<00:02, 3137.10it/s]Loading:  54%|█████▍    | 7136/13169 [00:02<00:01, 3166.21it/s]Loading:  57%|█████▋    | 7454/13169 [00:02<00:01, 3169.13it/s]Loading:  59%|█████▉    | 7771/13169 [00:02<00:01, 3122.03it/s]Loading:  61%|██████▏   | 8087/13169 [00:02<00:01, 3131.10it/s]Loading:  64%|██████▍   | 8405/13169 [00:02<00:01, 3145.60it/s]Loading:  66%|██████▋   | 8728/13169 [00:02<00:01, 3168.16it/s]Loading:  69%|██████▊   | 9048/13169 [00:02<00:01, 3176.06it/s]Loading:  71%|███████   | 9366/13169 [00:02<00:01, 3173.52it/s]Loading:  74%|███████▎  | 9695/13169 [00:03<00:01, 3207.48it/s]Loading:  76%|███████▌  | 10016/13169 [00:03<00:00, 3203.68it/s]Loading:  78%|███████▊  | 10337/13169 [00:03<00:00, 3182.76it/s]Loading:  81%|████████  | 10656/13169 [00:03<00:00, 3123.49it/s]Loading:  83%|████████▎ | 10969/13169 [00:03<00:00, 3073.10it/s]Loading:  86%|████████▌ | 11277/13169 [00:03<00:00, 3053.08it/s]Loading:  88%|████████▊ | 11585/13169 [00:03<00:00, 3058.85it/s]Loading:  90%|█████████ | 11895/13169 [00:03<00:00, 3068.97it/s]Loading:  93%|█████████▎| 12203/13169 [00:03<00:00, 3043.73it/s]Loading:  95%|█████████▌| 12511/13169 [00:03<00:00, 3051.46it/s]Loading:  97%|█████████▋| 12820/13169 [00:04<00:00, 3062.63it/s]Loading: 100%|█████████▉| 13134/13169 [00:04<00:00, 3084.58it/s]Loading: 100%|██████████| 13169/13169 [00:04<00:00, 3154.21it/s]
0: DDStore add: ('valset/edge_attr', 0, dtype('float32'), (27183570, 1), 115748940.0, 0.10126668959856033)
0: DDStore add: ('valset/edge_index', 1, dtype('int64'), (27183570, 2), 2614135240, 0.40506675839424133)
0: DDStore add: ('valset/pos', 0, dtype('float32'), (1027475, 3), 33325188.0, 0.011482927948236465)
0: DDStore add: ('valset/x', 0, dtype('float32'), (1027475, 4), 55570760.0, 0.01531057059764862)
0: DDStore add: ('valset/y', 0, dtype('float32'), (3095594, 1), -81248.2, 0.01153198629617691)
0: DDStore add: ('valset/y_loc', 0, dtype('int64'), (13169, 3), 3108763, 0.0002943500876426697)
0: DDStore total (GB): 0.5449532829225063
Loading:   0%|          | 0/6366 [00:00<?, ?it/s]Loading:   5%|▌         | 341/6366 [00:00<00:01, 3402.82it/s]Loading:  11%|█         | 683/6366 [00:00<00:01, 3412.31it/s]Loading:  16%|█▌        | 1025/6366 [00:00<00:01, 3388.85it/s]Loading:  21%|██▏       | 1364/6366 [00:00<00:01, 3388.61it/s]Loading:  27%|██▋       | 1704/6366 [00:00<00:01, 3389.27it/s]Loading:  32%|███▏      | 2043/6366 [00:00<00:01, 3300.54it/s]Loading:  37%|███▋      | 2374/6366 [00:00<00:01, 3268.74it/s]Loading:  42%|████▏     | 2702/6366 [00:00<00:01, 3249.90it/s]Loading:  48%|████▊     | 3028/6366 [00:00<00:01, 3233.98it/s]Loading:  53%|█████▎    | 3352/6366 [00:01<00:00, 3216.66it/s]Loading:  58%|█████▊    | 3675/6366 [00:01<00:00, 3217.76it/s]Loading:  63%|██████▎   | 3997/6366 [00:01<00:00, 3211.75it/s]Loading:  68%|██████▊   | 4319/6366 [00:01<00:00, 3197.68it/s]Loading:  73%|███████▎  | 4639/6366 [00:01<00:00, 3187.77it/s]Loading:  78%|███████▊  | 4958/6366 [00:01<00:00, 3139.53it/s]Loading:  83%|████████▎ | 5273/6366 [00:01<00:00, 3136.50it/s]Loading:  88%|████████▊ | 5587/6366 [00:01<00:00, 3133.68it/s]Loading:  93%|█████████▎| 5901/6366 [00:01<00:00, 3125.09it/s]Loading:  98%|█████████▊| 6214/6366 [00:01<00:00, 3112.19it/s]Loading: 100%|██████████| 6366/6366 [00:01<00:00, 3213.30it/s]
0: DDStore add: ('testset/edge_attr', 0, dtype('float32'), (12829404, 1), 54809356.0, 0.047793254256248474)
0: DDStore add: ('testset/edge_index', 1, dtype('int64'), (12829404, 2), 1116804448, 0.1911730170249939)
0: DDStore add: ('testset/pos', 0, dtype('float32'), (485700, 3), 14881619.0, 0.005428120493888855)
0: DDStore add: ('testset/x', 0, dtype('float32'), (485700, 4), 24756462.0, 0.007237493991851807)
0: DDStore add: ('testset/y', 0, dtype('float32'), (1463466, 1), -38007.39, 0.0054518356919288635)
0: DDStore add: ('testset/y_loc', 0, dtype('int64'), (6366, 3), 1469832, 0.00014229118824005127)
0: DDStore total (GB): 0.25722601264715195
0: trainset,valset,testset size: 7584541 842810 407409
0: Using GPU
[2024-07-31 12:09:02,694] [INFO] [logging.py:96:log_dist] [Rank 0] DeepSpeed info: version=0.14.4, git-hash=unknown, git-branch=unknown
[2024-07-31 12:09:03,154] [INFO] [logging.py:96:log_dist] [Rank 0] DeepSpeed Flops Profiler Enabled: False
[2024-07-31 12:09:03,155] [INFO] [logging.py:96:log_dist] [Rank 0] Using client Optimizer as basic optimizer
[2024-07-31 12:09:03,155] [INFO] [logging.py:96:log_dist] [Rank 0] Removing param_group that has no 'params' in the basic Optimizer
[2024-07-31 12:09:03,156] [INFO] [logging.py:96:log_dist] [Rank 0] DeepSpeed Basic Optimizer = AdamW
[2024-07-31 12:09:03,157] [INFO] [logging.py:96:log_dist] [Rank 0] DeepSpeed Final Optimizer = AdamW
[2024-07-31 12:09:03,157] [INFO] [logging.py:96:log_dist] [Rank 0] DeepSpeed using client LR scheduler
[2024-07-31 12:09:03,157] [INFO] [logging.py:96:log_dist] [Rank 0] DeepSpeed LR Scheduler = None
[2024-07-31 12:09:03,157] [INFO] [logging.py:96:log_dist] [Rank 0] step=0, skipped=0, lr=[1e-05], mom=[(0.9, 0.999)]
[2024-07-31 12:09:03,157] [INFO] [config.py:997:print] DeepSpeedEngine configuration:
[2024-07-31 12:09:03,157] [INFO] [config.py:1001:print]   activation_checkpointing_config  {
    "partition_activations": false, 
    "contiguous_memory_optimization": false, 
    "cpu_checkpointing": false, 
    "number_checkpoints": null, 
    "synchronize_checkpoint_boundary": false, 
    "profile": false
}
[2024-07-31 12:09:03,157] [INFO] [config.py:1001:print]   aio_config ................... {'block_size': 1048576, 'queue_depth': 8, 'thread_count': 1, 'single_submit': False, 'overlap_events': True}
[2024-07-31 12:09:03,157] [INFO] [config.py:1001:print]   amp_enabled .................. False
[2024-07-31 12:09:03,157] [INFO] [config.py:1001:print]   amp_params ................... False
[2024-07-31 12:09:03,158] [INFO] [config.py:1001:print]   autotuning_config ............ {
    "enabled": false, 
    "start_step": null, 
    "end_step": null, 
    "metric_path": null, 
    "arg_mappings": null, 
    "metric": "throughput", 
    "model_info": null, 
    "results_dir": "autotuning_results", 
    "exps_dir": "autotuning_exps", 
    "overwrite": true, 
    "fast": true, 
    "start_profile_step": 3, 
    "end_profile_step": 5, 
    "tuner_type": "gridsearch", 
    "tuner_early_stopping": 5, 
    "tuner_num_trials": 50, 
    "model_info_path": null, 
    "mp_size": 1, 
    "max_train_batch_size": null, 
    "min_train_batch_size": 1, 
    "max_train_micro_batch_size_per_gpu": 1.024000e+03, 
    "min_train_micro_batch_size_per_gpu": 1, 
    "num_tuning_micro_batch_sizes": 3
}
[2024-07-31 12:09:03,158] [INFO] [config.py:1001:print]   bfloat16_enabled ............. False
[2024-07-31 12:09:03,158] [INFO] [config.py:1001:print]   bfloat16_immediate_grad_update  False
[2024-07-31 12:09:03,158] [INFO] [config.py:1001:print]   checkpoint_parallel_write_pipeline  False
[2024-07-31 12:09:03,158] [INFO] [config.py:1001:print]   checkpoint_tag_validation_enabled  True
[2024-07-31 12:09:03,158] [INFO] [config.py:1001:print]   checkpoint_tag_validation_fail  False
[2024-07-31 12:09:03,158] [INFO] [config.py:1001:print]   comms_config ................. <deepspeed.comm.config.DeepSpeedCommsConfig object at 0x7ff532a6d210>
[2024-07-31 12:09:03,158] [INFO] [config.py:1001:print]   communication_data_type ...... None
[2024-07-31 12:09:03,158] [INFO] [config.py:1001:print]   compression_config ........... {'weight_quantization': {'shared_parameters': {'enabled': False, 'quantizer_kernel': False, 'schedule_offset': 0, 'quantize_groups': 1, 'quantize_verbose': False, 'quantization_type': 'symmetric', 'quantize_weight_in_forward': False, 'rounding': 'nearest', 'fp16_mixed_quantize': False, 'quantize_change_ratio': 0.001}, 'different_groups': {}}, 'activation_quantization': {'shared_parameters': {'enabled': False, 'quantization_type': 'symmetric', 'range_calibration': 'dynamic', 'schedule_offset': 1000}, 'different_groups': {}}, 'sparse_pruning': {'shared_parameters': {'enabled': False, 'method': 'l1', 'schedule_offset': 1000}, 'different_groups': {}}, 'row_pruning': {'shared_parameters': {'enabled': False, 'method': 'l1', 'schedule_offset': 1000}, 'different_groups': {}}, 'head_pruning': {'shared_parameters': {'enabled': False, 'method': 'topk', 'schedule_offset': 1000}, 'different_groups': {}}, 'channel_pruning': {'shared_parameters': {'enabled': False, 'method': 'l1', 'schedule_offset': 1000}, 'different_groups': {}}, 'layer_reduction': {'enabled': False}}
[2024-07-31 12:09:03,158] [INFO] [config.py:1001:print]   curriculum_enabled_legacy .... False
[2024-07-31 12:09:03,158] [INFO] [config.py:1001:print]   curriculum_params_legacy ..... False
[2024-07-31 12:09:03,158] [INFO] [config.py:1001:print]   data_efficiency_config ....... {'enabled': False, 'seed': 1234, 'data_sampling': {'enabled': False, 'num_epochs': 1000, 'num_workers': 0, 'curriculum_learning': {'enabled': False}}, 'data_routing': {'enabled': False, 'random_ltd': {'enabled': False, 'layer_token_lr_schedule': {'enabled': False}}}}
[2024-07-31 12:09:03,158] [INFO] [config.py:1001:print]   data_efficiency_enabled ...... False
[2024-07-31 12:09:03,158] [INFO] [config.py:1001:print]   dataloader_drop_last ......... False
[2024-07-31 12:09:03,158] [INFO] [config.py:1001:print]   disable_allgather ............ False
[2024-07-31 12:09:03,158] [INFO] [config.py:1001:print]   dump_state ................... False
[2024-07-31 12:09:03,158] [INFO] [config.py:1001:print]   dynamic_loss_scale_args ...... None
[2024-07-31 12:09:03,158] [INFO] [config.py:1001:print]   eigenvalue_enabled ........... False
[2024-07-31 12:09:03,158] [INFO] [config.py:1001:print]   eigenvalue_gas_boundary_resolution  1
[2024-07-31 12:09:03,158] [INFO] [config.py:1001:print]   eigenvalue_layer_name ........ bert.encoder.layer
[2024-07-31 12:09:03,158] [INFO] [config.py:1001:print]   eigenvalue_layer_num ......... 0
[2024-07-31 12:09:03,158] [INFO] [config.py:1001:print]   eigenvalue_max_iter .......... 100
[2024-07-31 12:09:03,158] [INFO] [config.py:1001:print]   eigenvalue_stability ......... 1e-06
[2024-07-31 12:09:03,158] [INFO] [config.py:1001:print]   eigenvalue_tol ............... 0.01
[2024-07-31 12:09:03,158] [INFO] [config.py:1001:print]   eigenvalue_verbose ........... False
[2024-07-31 12:09:03,158] [INFO] [config.py:1001:print]   elasticity_enabled ........... False
[2024-07-31 12:09:03,158] [INFO] [config.py:1001:print]   flops_profiler_config ........ {
    "enabled": false, 
    "recompute_fwd_factor": 0.0, 
    "profile_step": 1, 
    "module_depth": -1, 
    "top_modules": 1, 
    "detailed": true, 
    "output_file": null
}
[2024-07-31 12:09:03,158] [INFO] [config.py:1001:print]   fp16_auto_cast ............... None
[2024-07-31 12:09:03,158] [INFO] [config.py:1001:print]   fp16_enabled ................. False
[2024-07-31 12:09:03,158] [INFO] [config.py:1001:print]   fp16_master_weights_and_gradients  False
[2024-07-31 12:09:03,158] [INFO] [config.py:1001:print]   global_rank .................. 0
[2024-07-31 12:09:03,158] [INFO] [config.py:1001:print]   grad_accum_dtype ............. None
[2024-07-31 12:09:03,158] [INFO] [config.py:1001:print]   gradient_accumulation_steps .. 1
[2024-07-31 12:09:03,158] [INFO] [config.py:1001:print]   gradient_clipping ............ 0.0
[2024-07-31 12:09:03,158] [INFO] [config.py:1001:print]   gradient_predivide_factor .... 1.0
[2024-07-31 12:09:03,158] [INFO] [config.py:1001:print]   graph_harvesting ............. False
[2024-07-31 12:09:03,158] [INFO] [config.py:1001:print]   hybrid_engine ................ enabled=False max_out_tokens=512 inference_tp_size=1 release_inference_cache=False pin_parameters=True tp_gather_partition_size=8
[2024-07-31 12:09:03,158] [INFO] [config.py:1001:print]   initial_dynamic_scale ........ 65536
[2024-07-31 12:09:03,158] [INFO] [config.py:1001:print]   load_universal_checkpoint .... False
[2024-07-31 12:09:03,158] [INFO] [config.py:1001:print]   loss_scale ................... 0
[2024-07-31 12:09:03,158] [INFO] [config.py:1001:print]   memory_breakdown ............. False
[2024-07-31 12:09:03,158] [INFO] [config.py:1001:print]   mics_hierarchial_params_gather  False
[2024-07-31 12:09:03,158] [INFO] [config.py:1001:print]   mics_shard_size .............. -1
[2024-07-31 12:09:03,158] [INFO] [config.py:1001:print]   monitor_config ............... tensorboard=TensorBoardConfig(enabled=False, output_path='', job_name='DeepSpeedJobName') comet=CometConfig(enabled=False, samples_log_interval=100, project=None, workspace=None, api_key=None, experiment_name=None, experiment_key=None, online=None, mode=None) wandb=WandbConfig(enabled=False, group=None, team=None, project='deepspeed') csv_monitor=CSVConfig(enabled=False, output_path='', job_name='DeepSpeedJobName') enabled=False
[2024-07-31 12:09:03,158] [INFO] [config.py:1001:print]   nebula_config ................ {
    "enabled": false, 
    "persistent_storage_path": null, 
    "persistent_time_interval": 100, 
    "num_of_version_in_retention": 2, 
    "enable_nebula_load": true, 
    "load_path": null
}
[2024-07-31 12:09:03,158] [INFO] [config.py:1001:print]   optimizer_legacy_fusion ...... False
[2024-07-31 12:09:03,158] [INFO] [config.py:1001:print]   optimizer_name ............... None
[2024-07-31 12:09:03,158] [INFO] [config.py:1001:print]   optimizer_params ............. None
[2024-07-31 12:09:03,158] [INFO] [config.py:1001:print]   pipeline ..................... {'stages': 'auto', 'partition': 'best', 'seed_layers': False, 'activation_checkpoint_interval': 0, 'pipe_partitioned': True, 'grad_partitioned': True}
[2024-07-31 12:09:03,158] [INFO] [config.py:1001:print]   pld_enabled .................. False
[2024-07-31 12:09:03,159] [INFO] [config.py:1001:print]   pld_params ................... False
[2024-07-31 12:09:03,159] [INFO] [config.py:1001:print]   prescale_gradients ........... False
[2024-07-31 12:09:03,159] [INFO] [config.py:1001:print]   scheduler_name ............... None
[2024-07-31 12:09:03,159] [INFO] [config.py:1001:print]   scheduler_params ............. None
[2024-07-31 12:09:03,159] [INFO] [config.py:1001:print]   seq_parallel_communication_data_type  torch.float32
[2024-07-31 12:09:03,159] [INFO] [config.py:1001:print]   sparse_attention ............. None
[2024-07-31 12:09:03,159] [INFO] [config.py:1001:print]   sparse_gradients_enabled ..... False
[2024-07-31 12:09:03,159] [INFO] [config.py:1001:print]   steps_per_print .............. 1000000000.0
[2024-07-31 12:09:03,159] [INFO] [config.py:1001:print]   timers_config ................ enabled=True synchronized=True
[2024-07-31 12:09:03,159] [INFO] [config.py:1001:print]   train_batch_size ............. 32768
[2024-07-31 12:09:03,159] [INFO] [config.py:1001:print]   train_micro_batch_size_per_gpu  512
[2024-07-31 12:09:03,159] [INFO] [config.py:1001:print]   use_data_before_expert_parallel_  False
[2024-07-31 12:09:03,159] [INFO] [config.py:1001:print]   use_node_local_storage ....... False
[2024-07-31 12:09:03,159] [INFO] [config.py:1001:print]   wall_clock_breakdown ......... False
[2024-07-31 12:09:03,159] [INFO] [config.py:1001:print]   weight_quantization_config ... None
[2024-07-31 12:09:03,159] [INFO] [config.py:1001:print]   world_size ................... 64
[2024-07-31 12:09:03,159] [INFO] [config.py:1001:print]   zero_allow_untested_optimizer  False
[2024-07-31 12:09:03,159] [INFO] [config.py:1001:print]   zero_config .................. stage=0 contiguous_gradients=True reduce_scatter=True reduce_bucket_size=500,000,000 use_multi_rank_bucket_allreduce=True allgather_partitions=True allgather_bucket_size=500,000,000 overlap_comm=False load_from_fp32_weights=True elastic_checkpoint=False offload_param=None offload_optimizer=None sub_group_size=1,000,000,000 cpu_offload_param=None cpu_offload_use_pin_memory=None cpu_offload=None prefetch_bucket_size=50,000,000 param_persistence_threshold=100,000 model_persistence_threshold=sys.maxsize max_live_parameters=1,000,000,000 max_reuse_distance=1,000,000,000 gather_16bit_weights_on_model_save=False use_all_reduce_for_fetch_params=False stage3_gather_fp16_weights_on_model_save=False ignore_unused_parameters=True legacy_stage1=False round_robin_gradients=False zero_hpz_partition_size=1 zero_quantized_weights=False zero_quantized_nontrainable_weights=False zero_quantized_gradients=False mics_shard_size=-1 mics_hierarchical_params_gather=False memory_efficient_linear=True pipeline_loading_checkpoint=False override_module_apply=True
[2024-07-31 12:09:03,159] [INFO] [config.py:1001:print]   zero_enabled ................. False
[2024-07-31 12:09:03,159] [INFO] [config.py:1001:print]   zero_force_ds_cpu_optimizer .. True
[2024-07-31 12:09:03,159] [INFO] [config.py:1001:print]   zero_optimization_stage ...... 0
[2024-07-31 12:09:03,159] [INFO] [config.py:987:print_user_config]   json = {
    "train_micro_batch_size_per_gpu": 512, 
    "gradient_accumulation_steps": 1, 
    "steps_per_print": 1.000000e+09
}
[rank5]: Traceback (most recent call last):
[rank5]:   File "/lustre/orion/lrn031/scratch/zye327/HydraGNN_ds/./examples/multidataset/train_deepspeed_exportmem.py", line 419, in <module>
[rank5]:     hydragnn.train.train_validate_test(
[rank5]:   File "/lustre/orion/lrn031/scratch/zye327/HydraGNN_ds/hydragnn/train/train_validate_test.py", line 158, in train_validate_test
[rank5]:     train_loss, train_taskserr = train(
[rank5]:                                  ^^^^^^
[rank5]:   File "/lustre/orion/lrn031/scratch/zye327/HydraGNN_ds/hydragnn/train/train_validate_test.py", line 495, in train
[rank5]:     pred = model(data)
[rank5]:            ^^^^^^^^^^^
[rank5]:   File "/lustre/orion/cph161/world-shared/mlupopa/max_conda_envs_frontier/envs/hydragnn_rocm600/lib/python3.11/site-packages/torch/nn/modules/module.py", line 1532, in _wrapped_call_impl
[rank5]:     return self._call_impl(*args, **kwargs)
[rank5]:            ^^^^^^^^^^^^^^^^^^^^^^^^^^^^^^^^
[rank5]:   File "/lustre/orion/cph161/world-shared/mlupopa/max_conda_envs_frontier/envs/hydragnn_rocm600/lib/python3.11/site-packages/torch/nn/modules/module.py", line 1541, in _call_impl
[rank5]:     return forward_call(*args, **kwargs)
[rank5]:            ^^^^^^^^^^^^^^^^^^^^^^^^^^^^^
[rank5]:   File "/ccs/home/zye327/.local/lib/python3.11/site-packages/deepspeed/utils/nvtx.py", line 15, in wrapped_fn
[rank5]:     ret_val = func(*args, **kwargs)
[rank5]:               ^^^^^^^^^^^^^^^^^^^^^
[rank5]:   File "/ccs/home/zye327/.local/lib/python3.11/site-packages/deepspeed/runtime/engine.py", line 1846, in forward
[rank5]:     loss = self.module(*inputs, **kwargs)
[rank5]:            ^^^^^^^^^^^^^^^^^^^^^^^^^^^^^^
[rank5]:   File "/lustre/orion/cph161/world-shared/mlupopa/max_conda_envs_frontier/envs/hydragnn_rocm600/lib/python3.11/site-packages/torch/nn/modules/module.py", line 1532, in _wrapped_call_impl
[rank5]:     return self._call_impl(*args, **kwargs)
[rank5]:            ^^^^^^^^^^^^^^^^^^^^^^^^^^^^^^^^
[rank61]: Traceback (most recent call last):
[rank61]:   File "/lustre/orion/lrn031/scratch/zye327/HydraGNN_ds/./examples/multidataset/train_deepspeed_exportmem.py", line 419, in <module>
[rank61]:     hydragnn.train.train_validate_test(
[rank61]:   File "/lustre/orion/lrn031/scratch/zye327/HydraGNN_ds/hydragnn/train/train_validate_test.py", line 158, in train_validate_test
[rank61]:     train_loss, train_taskserr = train(
[rank61]:                                  ^^^^^^
[rank61]:   File "/lustre/orion/lrn031/scratch/zye327/HydraGNN_ds/hydragnn/train/train_validate_test.py", line 495, in train
[rank61]:     pred = model(data)
[rank61]:            ^^^^^^^^^^^
[rank61]:   File "/lustre/orion/cph161/world-shared/mlupopa/max_conda_envs_frontier/envs/hydragnn_rocm600/lib/python3.11/site-packages/torch/nn/modules/module.py", line 1532, in _wrapped_call_impl
[rank61]:     return self._call_impl(*args, **kwargs)
[rank61]:            ^^^^^^^^^^^^^^^^^^^^^^^^^^^^^^^^
[rank5]:   File "/lustre/orion/cph161/world-shared/mlupopa/max_conda_envs_frontier/envs/hydragnn_rocm600/lib/python3.11/site-packages/torch/nn/modules/module.py", line 1541, in _call_impl
[rank5]:     return forward_call(*args, **kwargs)
[rank5]:            ^^^^^^^^^^^^^^^^^^^^^^^^^^^^^
[rank5]:   File "/lustre/orion/lrn031/scratch/zye327/HydraGNN_ds/hydragnn/models/Base.py", line 297, in forward
[rank5]:     c, pos = conv(x=x, pos=pos, **conv_args)
[rank5]:              ^^^^^^^^^^^^^^^^^^^^^^^^^^^^^^^
[rank5]:   File "/lustre/orion/cph161/world-shared/mlupopa/max_conda_envs_frontier/envs/hydragnn_rocm600/lib/python3.11/site-packages/torch/nn/modules/module.py", line 1532, in _wrapped_call_impl
[rank5]:     return self._call_impl(*args, **kwargs)
[rank5]:            ^^^^^^^^^^^^^^^^^^^^^^^^^^^^^^^^
[rank5]:   File "/lustre/orion/cph161/world-shared/mlupopa/max_conda_envs_frontier/envs/hydragnn_rocm600/lib/python3.11/site-packages/torch/nn/modules/module.py", line 1541, in _call_impl
[rank61]:   File "/lustre/orion/cph161/world-shared/mlupopa/max_conda_envs_frontier/envs/hydragnn_rocm600/lib/python3.11/site-packages/torch/nn/modules/module.py", line 1541, in _call_impl
[rank61]:     return forward_call(*args, **kwargs)
[rank61]:            ^^^^^^^^^^^^^^^^^^^^^^^^^^^^^
[rank61]:   File "/ccs/home/zye327/.local/lib/python3.11/site-packages/deepspeed/utils/nvtx.py", line 15, in wrapped_fn
[rank61]:     ret_val = func(*args, **kwargs)
[rank61]:               ^^^^^^^^^^^^^^^^^^^^^
[rank61]:   File "/ccs/home/zye327/.local/lib/python3.11/site-packages/deepspeed/runtime/engine.py", line 1846, in forward
[rank61]:     loss = self.module(*inputs, **kwargs)
[rank61]:            ^^^^^^^^^^^^^^^^^^^^^^^^^^^^^^
[rank61]:   File "/lustre/orion/cph161/world-shared/mlupopa/max_conda_envs_frontier/envs/hydragnn_rocm600/lib/python3.11/site-packages/torch/nn/modules/module.py", line 1532, in _wrapped_call_impl
[rank61]:     return self._call_impl(*args, **kwargs)
[rank5]:     return forward_call(*args, **kwargs)
[rank5]:            ^^^^^^^^^^^^^^^^^^^^^^^^^^^^^
[rank5]:   File "/tmp/torch_geometric.nn.sequential_0ef785_hrhu0cjk.py", line 17, in forward
[rank5]:     x, pos = self.module_0(x, pos, edge_index, edge_attr)
[rank5]:              ^^^^^^^^^^^^^^^^^^^^^^^^^^^^^^^^^^^^^^^^^^^^
[rank5]:   File "/lustre/orion/cph161/world-shared/mlupopa/max_conda_envs_frontier/envs/hydragnn_rocm600/lib/python3.11/site-packages/torch/nn/modules/module.py", line 1532, in _wrapped_call_impl
[rank5]:     return self._call_impl(*args, **kwargs)
[rank5]:            ^^^^^^^^^^^^^^^^^^^^^^^^^^^^^^^^
[rank5]:   File "/lustre/orion/cph161/world-shared/mlupopa/max_conda_envs_frontier/envs/hydragnn_rocm600/lib/python3.11/site-packages/torch/nn/modules/module.py", line 1541, in _call_impl
[rank5]:     return forward_call(*args, **kwargs)
[rank5]:            ^^^^^^^^^^^^^^^^^^^^^^^^^^^^^
[rank61]:            ^^^^^^^^^^^^^^^^^^^^^^^^^^^^^^^^
[rank61]:   File "/lustre/orion/cph161/world-shared/mlupopa/max_conda_envs_frontier/envs/hydragnn_rocm600/lib/python3.11/site-packages/torch/nn/modules/module.py", line 1541, in _call_impl
[rank61]:     return forward_call(*args, **kwargs)
[rank61]:            ^^^^^^^^^^^^^^^^^^^^^^^^^^^^^
[rank61]:   File "/lustre/orion/lrn031/scratch/zye327/HydraGNN_ds/hydragnn/models/Base.py", line 297, in forward
[rank61]:     c, pos = conv(x=x, pos=pos, **conv_args)
[rank61]:              ^^^^^^^^^^^^^^^^^^^^^^^^^^^^^^^
[rank61]:   File "/lustre/orion/cph161/world-shared/mlupopa/max_conda_envs_frontier/envs/hydragnn_rocm600/lib/python3.11/site-packages/torch/nn/modules/module.py", line 1532, in _wrapped_call_impl
[rank61]:     return self._call_impl(*args, **kwargs)
[rank61]:            ^^^^^^^^^^^^^^^^^^^^^^^^^^^^^^^^
[rank5]:   File "/lustre/orion/lrn031/scratch/zye327/HydraGNN_ds/hydragnn/models/EGCLStack.py", line 229, in forward
[rank5]:     edge_feat = self.edge_model(x[row], x[col], radial, edge_attr)
[rank61]:   File "/lustre/orion/cph161/world-shared/mlupopa/max_conda_envs_frontier/envs/hydragnn_rocm600/lib/python3.11/site-packages/torch/nn/modules/module.py", line 1541, in _call_impl
[rank61]:     return forward_call(*args, **kwargs)
[rank61]:            ^^^^^^^^^^^^^^^^^^^^^^^^^^^^^
[rank61]:   File "/tmp/torch_geometric.nn.sequential_7c6d6f_7g1ti7wl.py", line 17, in forward
[rank61]:     x, pos = self.module_0(x, pos, edge_index, edge_attr)
[rank61]:              ^^^^^^^^^^^^^^^^^^^^^^^^^^^^^^^^^^^^^^^^^^^^
[rank61]:   File "/lustre/orion/cph161/world-shared/mlupopa/max_conda_envs_frontier/envs/hydragnn_rocm600/lib/python3.11/site-packages/torch/nn/modules/module.py", line 1532, in _wrapped_call_impl
[rank61]:     return self._call_impl(*args, **kwargs)
[rank61]:            ^^^^^^^^^^^^^^^^^^^^^^^^^^^^^^^^
[rank61]:   File "/lustre/orion/cph161/world-shared/mlupopa/max_conda_envs_frontier/envs/hydragnn_rocm600/lib/python3.11/site-packages/torch/nn/modules/module.py", line 1541, in _call_impl
[rank5]:                 ^^^^^^^^^^^^^^^^^^^^^^^^^^^^^^^^^^^^^^^^^^^^^^^^^^
[rank5]:   File "/lustre/orion/lrn031/scratch/zye327/HydraGNN_ds/hydragnn/models/EGCLStack.py", line 186, in edge_model
[rank5]:     out = self.edge_mlp(out)
[rank5]:           ^^^^^^^^^^^^^^^^^^
[rank5]:   File "/lustre/orion/cph161/world-shared/mlupopa/max_conda_envs_frontier/envs/hydragnn_rocm600/lib/python3.11/site-packages/torch/nn/modules/module.py", line 1532, in _wrapped_call_impl
[rank5]:     return self._call_impl(*args, **kwargs)
[rank5]:            ^^^^^^^^^^^^^^^^^^^^^^^^^^^^^^^^
[rank5]:   File "/lustre/orion/cph161/world-shared/mlupopa/max_conda_envs_frontier/envs/hydragnn_rocm600/lib/python3.11/site-packages/torch/nn/modules/module.py", line 1541, in _call_impl
[rank5]:     return forward_call(*args, **kwargs)
[rank5]:            ^^^^^^^^^^^^^^^^^^^^^^^^^^^^^
[rank61]:     return forward_call(*args, **kwargs)
[rank61]:            ^^^^^^^^^^^^^^^^^^^^^^^^^^^^^
[rank61]:   File "/lustre/orion/lrn031/scratch/zye327/HydraGNN_ds/hydragnn/models/EGCLStack.py", line 229, in forward
[rank5]:   File "/lustre/orion/cph161/world-shared/mlupopa/max_conda_envs_frontier/envs/hydragnn_rocm600/lib/python3.11/site-packages/torch/nn/modules/container.py", line 217, in forward
[rank5]:     input = module(input)
[rank5]:             ^^^^^^^^^^^^^
[rank5]:   File "/lustre/orion/cph161/world-shared/mlupopa/max_conda_envs_frontier/envs/hydragnn_rocm600/lib/python3.11/site-packages/torch/nn/modules/module.py", line 1532, in _wrapped_call_impl
[rank5]:     return self._call_impl(*args, **kwargs)
[rank5]:            ^^^^^^^^^^^^^^^^^^^^^^^^^^^^^^^^
[rank5]:   File "/lustre/orion/cph161/world-shared/mlupopa/max_conda_envs_frontier/envs/hydragnn_rocm600/lib/python3.11/site-packages/torch/nn/modules/module.py", line 1541, in _call_impl
[rank5]:     return forward_call(*args, **kwargs)
[rank5]:            ^^^^^^^^^^^^^^^^^^^^^^^^^^^^^
[rank61]:     edge_feat = self.edge_model(x[row], x[col], radial, edge_attr)
[rank61]:                 ^^^^^^^^^^^^^^^^^^^^^^^^^^^^^^^^^^^^^^^^^^^^^^^^^^
[rank61]:   File "/lustre/orion/lrn031/scratch/zye327/HydraGNN_ds/hydragnn/models/EGCLStack.py", line 186, in edge_model
[rank61]:     out = self.edge_mlp(out)
[rank61]:           ^^^^^^^^^^^^^^^^^^
[rank61]:   File "/lustre/orion/cph161/world-shared/mlupopa/max_conda_envs_frontier/envs/hydragnn_rocm600/lib/python3.11/site-packages/torch/nn/modules/module.py", line 1532, in _wrapped_call_impl
[rank61]:     return self._call_impl(*args, **kwargs)
[rank61]:            ^^^^^^^^^^^^^^^^^^^^^^^^^^^^^^^^
[rank61]:   File "/lustre/orion/cph161/world-shared/mlupopa/max_conda_envs_frontier/envs/hydragnn_rocm600/lib/python3.11/site-packages/torch/nn/modules/module.py", line 1541, in _call_impl
[rank61]:     return forward_call(*args, **kwargs)
[rank61]:            ^^^^^^^^^^^^^^^^^^^^^^^^^^^^^
[rank5]:   File "/lustre/orion/cph161/world-shared/mlupopa/max_conda_envs_frontier/envs/hydragnn_rocm600/lib/python3.11/site-packages/torch/nn/modules/activation.py", line 103, in forward
[rank5]:     return F.relu(input, inplace=self.inplace)
[rank5]:            ^^^^^^^^^^^^^^^^^^^^^^^^^^^^^^^^^^^
[rank5]:   File "/lustre/orion/cph161/world-shared/mlupopa/max_conda_envs_frontier/envs/hydragnn_rocm600/lib/python3.11/site-packages/torch/nn/functional.py", line 1500, in relu
[rank5]:     result = torch.relu(input)
[rank5]:              ^^^^^^^^^^^^^^^^^
[rank61]:   File "/lustre/orion/cph161/world-shared/mlupopa/max_conda_envs_frontier/envs/hydragnn_rocm600/lib/python3.11/site-packages/torch/nn/modules/container.py", line 217, in forward
[rank61]:     input = module(input)
[rank61]:             ^^^^^^^^^^^^^
[rank61]:   File "/lustre/orion/cph161/world-shared/mlupopa/max_conda_envs_frontier/envs/hydragnn_rocm600/lib/python3.11/site-packages/torch/nn/modules/module.py", line 1532, in _wrapped_call_impl
[rank61]:     return self._call_impl(*args, **kwargs)
[rank61]:            ^^^^^^^^^^^^^^^^^^^^^^^^^^^^^^^^
[rank61]:   File "/lustre/orion/cph161/world-shared/mlupopa/max_conda_envs_frontier/envs/hydragnn_rocm600/lib/python3.11/site-packages/torch/nn/modules/module.py", line 1541, in _call_impl
[rank61]:     return forward_call(*args, **kwargs)
[rank61]:            ^^^^^^^^^^^^^^^^^^^^^^^^^^^^^
[rank5]: torch.cuda.OutOfMemoryError: HIP out of memory. Tried to allocate 19.94 GiB. GPU  has a total capacity of 63.98 GiB of which 19.11 GiB is free. Of the allocated memory 44.39 GiB is allocated by PyTorch, and 33.21 MiB is reserved by PyTorch but unallocated. If reserved but unallocated memory is large try setting PYTORCH_HIP_ALLOC_CONF=expandable_segments:True to avoid fragmentation.  See documentation for Memory Management  (https://pytorch.org/docs/stable/notes/cuda.html#environment-variables)
[rank61]:   File "/lustre/orion/cph161/world-shared/mlupopa/max_conda_envs_frontier/envs/hydragnn_rocm600/lib/python3.11/site-packages/torch/nn/modules/activation.py", line 103, in forward
[rank61]:     return F.relu(input, inplace=self.inplace)
[rank61]:            ^^^^^^^^^^^^^^^^^^^^^^^^^^^^^^^^^^^
[rank61]:   File "/lustre/orion/cph161/world-shared/mlupopa/max_conda_envs_frontier/envs/hydragnn_rocm600/lib/python3.11/site-packages/torch/nn/functional.py", line 1500, in relu
[rank61]:     result = torch.relu(input)
[rank61]:              ^^^^^^^^^^^^^^^^^
[rank61]: torch.cuda.OutOfMemoryError: HIP out of memory. Tried to allocate 20.14 GiB. GPU  has a total capacity of 63.98 GiB of which 18.70 GiB is free. Of the allocated memory 44.79 GiB is allocated by PyTorch, and 31.35 MiB is reserved by PyTorch but unallocated. If reserved but unallocated memory is large try setting PYTORCH_HIP_ALLOC_CONF=expandable_segments:True to avoid fragmentation.  See documentation for Memory Management  (https://pytorch.org/docs/stable/notes/cuda.html#environment-variables)
[rank42]: Traceback (most recent call last):
[rank42]:   File "/lustre/orion/lrn031/scratch/zye327/HydraGNN_ds/./examples/multidataset/train_deepspeed_exportmem.py", line 419, in <module>
[rank42]:     hydragnn.train.train_validate_test(
[rank42]:   File "/lustre/orion/lrn031/scratch/zye327/HydraGNN_ds/hydragnn/train/train_validate_test.py", line 158, in train_validate_test
[rank42]:     train_loss, train_taskserr = train(
[rank42]:                                  ^^^^^^
[rank42]:   File "/lustre/orion/lrn031/scratch/zye327/HydraGNN_ds/hydragnn/train/train_validate_test.py", line 495, in train
[rank42]:     pred = model(data)
[rank42]:            ^^^^^^^^^^^
[rank42]:   File "/lustre/orion/cph161/world-shared/mlupopa/max_conda_envs_frontier/envs/hydragnn_rocm600/lib/python3.11/site-packages/torch/nn/modules/module.py", line 1532, in _wrapped_call_impl
[rank42]:     return self._call_impl(*args, **kwargs)
[rank42]:            ^^^^^^^^^^^^^^^^^^^^^^^^^^^^^^^^
[rank22]: Traceback (most recent call last):
[rank22]:   File "/lustre/orion/lrn031/scratch/zye327/HydraGNN_ds/./examples/multidataset/train_deepspeed_exportmem.py", line 419, in <module>
[rank22]:     hydragnn.train.train_validate_test(
[rank22]:   File "/lustre/orion/lrn031/scratch/zye327/HydraGNN_ds/hydragnn/train/train_validate_test.py", line 158, in train_validate_test
[rank22]:     train_loss, train_taskserr = train(
[rank22]:                                  ^^^^^^
[rank22]:   File "/lustre/orion/lrn031/scratch/zye327/HydraGNN_ds/hydragnn/train/train_validate_test.py", line 495, in train
[rank22]:     pred = model(data)
[rank22]:            ^^^^^^^^^^^
[rank22]:   File "/lustre/orion/cph161/world-shared/mlupopa/max_conda_envs_frontier/envs/hydragnn_rocm600/lib/python3.11/site-packages/torch/nn/modules/module.py", line 1532, in _wrapped_call_impl
[rank22]:     return self._call_impl(*args, **kwargs)
[rank22]:            ^^^^^^^^^^^^^^^^^^^^^^^^^^^^^^^^
[rank42]:   File "/lustre/orion/cph161/world-shared/mlupopa/max_conda_envs_frontier/envs/hydragnn_rocm600/lib/python3.11/site-packages/torch/nn/modules/module.py", line 1541, in _call_impl
[rank42]:     return forward_call(*args, **kwargs)
[rank42]:            ^^^^^^^^^^^^^^^^^^^^^^^^^^^^^
[rank42]:   File "/ccs/home/zye327/.local/lib/python3.11/site-packages/deepspeed/utils/nvtx.py", line 15, in wrapped_fn
[rank42]:     ret_val = func(*args, **kwargs)
[rank42]:               ^^^^^^^^^^^^^^^^^^^^^
[rank42]:   File "/ccs/home/zye327/.local/lib/python3.11/site-packages/deepspeed/runtime/engine.py", line 1846, in forward
[rank42]:     loss = self.module(*inputs, **kwargs)
[rank42]:            ^^^^^^^^^^^^^^^^^^^^^^^^^^^^^^
[rank42]:   File "/lustre/orion/cph161/world-shared/mlupopa/max_conda_envs_frontier/envs/hydragnn_rocm600/lib/python3.11/site-packages/torch/nn/modules/module.py", line 1532, in _wrapped_call_impl
[rank42]:     return self._call_impl(*args, **kwargs)
[rank22]:   File "/lustre/orion/cph161/world-shared/mlupopa/max_conda_envs_frontier/envs/hydragnn_rocm600/lib/python3.11/site-packages/torch/nn/modules/module.py", line 1541, in _call_impl
[rank22]:     return forward_call(*args, **kwargs)
[rank22]:            ^^^^^^^^^^^^^^^^^^^^^^^^^^^^^
[rank22]:   File "/ccs/home/zye327/.local/lib/python3.11/site-packages/deepspeed/utils/nvtx.py", line 15, in wrapped_fn
[rank22]:     ret_val = func(*args, **kwargs)
[rank22]:               ^^^^^^^^^^^^^^^^^^^^^
[rank22]:   File "/ccs/home/zye327/.local/lib/python3.11/site-packages/deepspeed/runtime/engine.py", line 1846, in forward
[rank22]:     loss = self.module(*inputs, **kwargs)
[rank22]:            ^^^^^^^^^^^^^^^^^^^^^^^^^^^^^^
[rank22]:   File "/lustre/orion/cph161/world-shared/mlupopa/max_conda_envs_frontier/envs/hydragnn_rocm600/lib/python3.11/site-packages/torch/nn/modules/module.py", line 1532, in _wrapped_call_impl
[rank22]:     return self._call_impl(*args, **kwargs)
[rank42]:            ^^^^^^^^^^^^^^^^^^^^^^^^^^^^^^^^
[rank42]:   File "/lustre/orion/cph161/world-shared/mlupopa/max_conda_envs_frontier/envs/hydragnn_rocm600/lib/python3.11/site-packages/torch/nn/modules/module.py", line 1541, in _call_impl
[rank42]:     return forward_call(*args, **kwargs)
[rank42]:            ^^^^^^^^^^^^^^^^^^^^^^^^^^^^^
[rank42]:   File "/lustre/orion/lrn031/scratch/zye327/HydraGNN_ds/hydragnn/models/Base.py", line 297, in forward
[rank42]:     c, pos = conv(x=x, pos=pos, **conv_args)
[rank42]:              ^^^^^^^^^^^^^^^^^^^^^^^^^^^^^^^
[rank42]:   File "/lustre/orion/cph161/world-shared/mlupopa/max_conda_envs_frontier/envs/hydragnn_rocm600/lib/python3.11/site-packages/torch/nn/modules/module.py", line 1532, in _wrapped_call_impl
[rank42]:     return self._call_impl(*args, **kwargs)
[rank42]:            ^^^^^^^^^^^^^^^^^^^^^^^^^^^^^^^^
[rank22]:            ^^^^^^^^^^^^^^^^^^^^^^^^^^^^^^^^
[rank22]:   File "/lustre/orion/cph161/world-shared/mlupopa/max_conda_envs_frontier/envs/hydragnn_rocm600/lib/python3.11/site-packages/torch/nn/modules/module.py", line 1541, in _call_impl
[rank22]:     return forward_call(*args, **kwargs)
[rank22]:            ^^^^^^^^^^^^^^^^^^^^^^^^^^^^^
[rank22]:   File "/lustre/orion/lrn031/scratch/zye327/HydraGNN_ds/hydragnn/models/Base.py", line 297, in forward
[rank22]:     c, pos = conv(x=x, pos=pos, **conv_args)
[rank22]:              ^^^^^^^^^^^^^^^^^^^^^^^^^^^^^^^
[rank22]:   File "/lustre/orion/cph161/world-shared/mlupopa/max_conda_envs_frontier/envs/hydragnn_rocm600/lib/python3.11/site-packages/torch/nn/modules/module.py", line 1532, in _wrapped_call_impl
[rank22]:     return self._call_impl(*args, **kwargs)
[rank22]:            ^^^^^^^^^^^^^^^^^^^^^^^^^^^^^^^^
[rank42]:   File "/lustre/orion/cph161/world-shared/mlupopa/max_conda_envs_frontier/envs/hydragnn_rocm600/lib/python3.11/site-packages/torch/nn/modules/module.py", line 1541, in _call_impl
[rank42]:     return forward_call(*args, **kwargs)
[rank42]:            ^^^^^^^^^^^^^^^^^^^^^^^^^^^^^
[rank42]:   File "/tmp/torch_geometric.nn.sequential_b61db6_qdyyxmt6.py", line 17, in forward
[rank42]:     x, pos = self.module_0(x, pos, edge_index, edge_attr)
[rank42]:              ^^^^^^^^^^^^^^^^^^^^^^^^^^^^^^^^^^^^^^^^^^^^
[rank42]:   File "/lustre/orion/cph161/world-shared/mlupopa/max_conda_envs_frontier/envs/hydragnn_rocm600/lib/python3.11/site-packages/torch/nn/modules/module.py", line 1532, in _wrapped_call_impl
[rank42]:     return self._call_impl(*args, **kwargs)
[rank42]:            ^^^^^^^^^^^^^^^^^^^^^^^^^^^^^^^^
[rank42]:   File "/lustre/orion/cph161/world-shared/mlupopa/max_conda_envs_frontier/envs/hydragnn_rocm600/lib/python3.11/site-packages/torch/nn/modules/module.py", line 1541, in _call_impl
[rank22]:   File "/lustre/orion/cph161/world-shared/mlupopa/max_conda_envs_frontier/envs/hydragnn_rocm600/lib/python3.11/site-packages/torch/nn/modules/module.py", line 1541, in _call_impl
[rank22]:     return forward_call(*args, **kwargs)
[rank22]:            ^^^^^^^^^^^^^^^^^^^^^^^^^^^^^
[rank22]:   File "/tmp/torch_geometric.nn.sequential_b9f4c9_2phbm2c8.py", line 17, in forward
[rank22]:     x, pos = self.module_0(x, pos, edge_index, edge_attr)
[rank22]:              ^^^^^^^^^^^^^^^^^^^^^^^^^^^^^^^^^^^^^^^^^^^^
[rank22]:   File "/lustre/orion/cph161/world-shared/mlupopa/max_conda_envs_frontier/envs/hydragnn_rocm600/lib/python3.11/site-packages/torch/nn/modules/module.py", line 1532, in _wrapped_call_impl
[rank22]:     return self._call_impl(*args, **kwargs)
[rank22]:            ^^^^^^^^^^^^^^^^^^^^^^^^^^^^^^^^
[rank22]:   File "/lustre/orion/cph161/world-shared/mlupopa/max_conda_envs_frontier/envs/hydragnn_rocm600/lib/python3.11/site-packages/torch/nn/modules/module.py", line 1541, in _call_impl
[rank42]:     return forward_call(*args, **kwargs)
[rank42]:            ^^^^^^^^^^^^^^^^^^^^^^^^^^^^^
[rank42]:   File "/lustre/orion/lrn031/scratch/zye327/HydraGNN_ds/hydragnn/models/EGCLStack.py", line 229, in forward
[rank22]:     return forward_call(*args, **kwargs)
[rank22]:            ^^^^^^^^^^^^^^^^^^^^^^^^^^^^^
[rank22]:   File "/lustre/orion/lrn031/scratch/zye327/HydraGNN_ds/hydragnn/models/EGCLStack.py", line 229, in forward
[rank42]:     edge_feat = self.edge_model(x[row], x[col], radial, edge_attr)
[rank42]:                 ^^^^^^^^^^^^^^^^^^^^^^^^^^^^^^^^^^^^^^^^^^^^^^^^^^
[rank42]:   File "/lustre/orion/lrn031/scratch/zye327/HydraGNN_ds/hydragnn/models/EGCLStack.py", line 186, in edge_model
[rank42]:     out = self.edge_mlp(out)
[rank42]:           ^^^^^^^^^^^^^^^^^^
[rank42]:   File "/lustre/orion/cph161/world-shared/mlupopa/max_conda_envs_frontier/envs/hydragnn_rocm600/lib/python3.11/site-packages/torch/nn/modules/module.py", line 1532, in _wrapped_call_impl
[rank42]:     return self._call_impl(*args, **kwargs)
[rank42]:            ^^^^^^^^^^^^^^^^^^^^^^^^^^^^^^^^
[rank42]:   File "/lustre/orion/cph161/world-shared/mlupopa/max_conda_envs_frontier/envs/hydragnn_rocm600/lib/python3.11/site-packages/torch/nn/modules/module.py", line 1541, in _call_impl
[rank42]:     return forward_call(*args, **kwargs)
[rank42]:            ^^^^^^^^^^^^^^^^^^^^^^^^^^^^^
[rank22]:     edge_feat = self.edge_model(x[row], x[col], radial, edge_attr)
[rank22]:                 ^^^^^^^^^^^^^^^^^^^^^^^^^^^^^^^^^^^^^^^^^^^^^^^^^^
[rank22]:   File "/lustre/orion/lrn031/scratch/zye327/HydraGNN_ds/hydragnn/models/EGCLStack.py", line 186, in edge_model
[rank22]:     out = self.edge_mlp(out)
[rank22]:           ^^^^^^^^^^^^^^^^^^
[rank22]:   File "/lustre/orion/cph161/world-shared/mlupopa/max_conda_envs_frontier/envs/hydragnn_rocm600/lib/python3.11/site-packages/torch/nn/modules/module.py", line 1532, in _wrapped_call_impl
[rank22]:     return self._call_impl(*args, **kwargs)
[rank22]:            ^^^^^^^^^^^^^^^^^^^^^^^^^^^^^^^^
[rank22]:   File "/lustre/orion/cph161/world-shared/mlupopa/max_conda_envs_frontier/envs/hydragnn_rocm600/lib/python3.11/site-packages/torch/nn/modules/module.py", line 1541, in _call_impl
[rank22]:     return forward_call(*args, **kwargs)
[rank22]:            ^^^^^^^^^^^^^^^^^^^^^^^^^^^^^
[rank42]:   File "/lustre/orion/cph161/world-shared/mlupopa/max_conda_envs_frontier/envs/hydragnn_rocm600/lib/python3.11/site-packages/torch/nn/modules/container.py", line 217, in forward
[rank42]:     input = module(input)
[rank42]:             ^^^^^^^^^^^^^
[rank42]:   File "/lustre/orion/cph161/world-shared/mlupopa/max_conda_envs_frontier/envs/hydragnn_rocm600/lib/python3.11/site-packages/torch/nn/modules/module.py", line 1532, in _wrapped_call_impl
[rank42]:     return self._call_impl(*args, **kwargs)
[rank42]:            ^^^^^^^^^^^^^^^^^^^^^^^^^^^^^^^^
[rank42]:   File "/lustre/orion/cph161/world-shared/mlupopa/max_conda_envs_frontier/envs/hydragnn_rocm600/lib/python3.11/site-packages/torch/nn/modules/module.py", line 1541, in _call_impl
[rank42]:     return forward_call(*args, **kwargs)
[rank42]:            ^^^^^^^^^^^^^^^^^^^^^^^^^^^^^
[rank22]:   File "/lustre/orion/cph161/world-shared/mlupopa/max_conda_envs_frontier/envs/hydragnn_rocm600/lib/python3.11/site-packages/torch/nn/modules/container.py", line 217, in forward
[rank22]:     input = module(input)
[rank22]:             ^^^^^^^^^^^^^
[rank22]:   File "/lustre/orion/cph161/world-shared/mlupopa/max_conda_envs_frontier/envs/hydragnn_rocm600/lib/python3.11/site-packages/torch/nn/modules/module.py", line 1532, in _wrapped_call_impl
[rank22]:     return self._call_impl(*args, **kwargs)
[rank22]:            ^^^^^^^^^^^^^^^^^^^^^^^^^^^^^^^^
[rank22]:   File "/lustre/orion/cph161/world-shared/mlupopa/max_conda_envs_frontier/envs/hydragnn_rocm600/lib/python3.11/site-packages/torch/nn/modules/module.py", line 1541, in _call_impl
[rank22]:     return forward_call(*args, **kwargs)
[rank22]:            ^^^^^^^^^^^^^^^^^^^^^^^^^^^^^
[rank42]:   File "/lustre/orion/cph161/world-shared/mlupopa/max_conda_envs_frontier/envs/hydragnn_rocm600/lib/python3.11/site-packages/torch/nn/modules/activation.py", line 103, in forward
[rank42]:     return F.relu(input, inplace=self.inplace)
[rank42]:            ^^^^^^^^^^^^^^^^^^^^^^^^^^^^^^^^^^^
[rank42]:   File "/lustre/orion/cph161/world-shared/mlupopa/max_conda_envs_frontier/envs/hydragnn_rocm600/lib/python3.11/site-packages/torch/nn/functional.py", line 1500, in relu
[rank42]:     result = torch.relu(input)
[rank42]:              ^^^^^^^^^^^^^^^^^
[rank22]:   File "/lustre/orion/cph161/world-shared/mlupopa/max_conda_envs_frontier/envs/hydragnn_rocm600/lib/python3.11/site-packages/torch/nn/modules/activation.py", line 103, in forward
[rank22]:     return F.relu(input, inplace=self.inplace)
[rank22]:            ^^^^^^^^^^^^^^^^^^^^^^^^^^^^^^^^^^^
[rank22]:   File "/lustre/orion/cph161/world-shared/mlupopa/max_conda_envs_frontier/envs/hydragnn_rocm600/lib/python3.11/site-packages/torch/nn/functional.py", line 1500, in relu
[rank22]:     result = torch.relu(input)
[rank22]:              ^^^^^^^^^^^^^^^^^
[rank42]: torch.cuda.OutOfMemoryError: HIP out of memory. Tried to allocate 20.50 GiB. GPU  has a total capacity of 63.98 GiB of which 17.98 GiB is free. Of the allocated memory 45.51 GiB is allocated by PyTorch, and 30.07 MiB is reserved by PyTorch but unallocated. If reserved but unallocated memory is large try setting PYTORCH_HIP_ALLOC_CONF=expandable_segments:True to avoid fragmentation.  See documentation for Memory Management  (https://pytorch.org/docs/stable/notes/cuda.html#environment-variables)
[rank22]: torch.cuda.OutOfMemoryError: HIP out of memory. Tried to allocate 20.38 GiB. GPU  has a total capacity of 63.98 GiB of which 18.23 GiB is free. Of the allocated memory 45.27 GiB is allocated by PyTorch, and 34.22 MiB is reserved by PyTorch but unallocated. If reserved but unallocated memory is large try setting PYTORCH_HIP_ALLOC_CONF=expandable_segments:True to avoid fragmentation.  See documentation for Memory Management  (https://pytorch.org/docs/stable/notes/cuda.html#environment-variables)
[rank44]: Traceback (most recent call last):
[rank44]:   File "/lustre/orion/lrn031/scratch/zye327/HydraGNN_ds/./examples/multidataset/train_deepspeed_exportmem.py", line 419, in <module>
[rank44]:     hydragnn.train.train_validate_test(
[rank44]:   File "/lustre/orion/lrn031/scratch/zye327/HydraGNN_ds/hydragnn/train/train_validate_test.py", line 158, in train_validate_test
[rank44]:     train_loss, train_taskserr = train(
[rank44]:                                  ^^^^^^
[rank44]:   File "/lustre/orion/lrn031/scratch/zye327/HydraGNN_ds/hydragnn/train/train_validate_test.py", line 495, in train
[rank44]:     pred = model(data)
[rank44]:            ^^^^^^^^^^^
[rank44]:   File "/lustre/orion/cph161/world-shared/mlupopa/max_conda_envs_frontier/envs/hydragnn_rocm600/lib/python3.11/site-packages/torch/nn/modules/module.py", line 1532, in _wrapped_call_impl
[rank44]:     return self._call_impl(*args, **kwargs)
[rank44]:            ^^^^^^^^^^^^^^^^^^^^^^^^^^^^^^^^
[rank23]: Traceback (most recent call last):
[rank23]:   File "/lustre/orion/lrn031/scratch/zye327/HydraGNN_ds/./examples/multidataset/train_deepspeed_exportmem.py", line 419, in <module>
[rank23]:     hydragnn.train.train_validate_test(
[rank23]:   File "/lustre/orion/lrn031/scratch/zye327/HydraGNN_ds/hydragnn/train/train_validate_test.py", line 158, in train_validate_test
[rank23]:     train_loss, train_taskserr = train(
[rank23]:                                  ^^^^^^
[rank23]:   File "/lustre/orion/lrn031/scratch/zye327/HydraGNN_ds/hydragnn/train/train_validate_test.py", line 495, in train
[rank23]:     pred = model(data)
[rank23]:            ^^^^^^^^^^^
[rank23]:   File "/lustre/orion/cph161/world-shared/mlupopa/max_conda_envs_frontier/envs/hydragnn_rocm600/lib/python3.11/site-packages/torch/nn/modules/module.py", line 1532, in _wrapped_call_impl
[rank23]:     return self._call_impl(*args, **kwargs)
[rank23]:            ^^^^^^^^^^^^^^^^^^^^^^^^^^^^^^^^
[rank44]:   File "/lustre/orion/cph161/world-shared/mlupopa/max_conda_envs_frontier/envs/hydragnn_rocm600/lib/python3.11/site-packages/torch/nn/modules/module.py", line 1541, in _call_impl
[rank44]:     return forward_call(*args, **kwargs)
[rank44]:            ^^^^^^^^^^^^^^^^^^^^^^^^^^^^^
[rank44]:   File "/ccs/home/zye327/.local/lib/python3.11/site-packages/deepspeed/utils/nvtx.py", line 15, in wrapped_fn
[rank44]:     ret_val = func(*args, **kwargs)
[rank44]:               ^^^^^^^^^^^^^^^^^^^^^
[rank44]:   File "/ccs/home/zye327/.local/lib/python3.11/site-packages/deepspeed/runtime/engine.py", line 1846, in forward
[rank44]:     loss = self.module(*inputs, **kwargs)
[rank44]:            ^^^^^^^^^^^^^^^^^^^^^^^^^^^^^^
[rank44]:   File "/lustre/orion/cph161/world-shared/mlupopa/max_conda_envs_frontier/envs/hydragnn_rocm600/lib/python3.11/site-packages/torch/nn/modules/module.py", line 1532, in _wrapped_call_impl
[rank44]:     return self._call_impl(*args, **kwargs)
[rank23]:   File "/lustre/orion/cph161/world-shared/mlupopa/max_conda_envs_frontier/envs/hydragnn_rocm600/lib/python3.11/site-packages/torch/nn/modules/module.py", line 1541, in _call_impl
[rank23]:     return forward_call(*args, **kwargs)
[rank23]:            ^^^^^^^^^^^^^^^^^^^^^^^^^^^^^
[rank23]:   File "/ccs/home/zye327/.local/lib/python3.11/site-packages/deepspeed/utils/nvtx.py", line 15, in wrapped_fn
[rank23]:     ret_val = func(*args, **kwargs)
[rank23]:               ^^^^^^^^^^^^^^^^^^^^^
[rank23]:   File "/ccs/home/zye327/.local/lib/python3.11/site-packages/deepspeed/runtime/engine.py", line 1846, in forward
[rank23]:     loss = self.module(*inputs, **kwargs)
[rank23]:            ^^^^^^^^^^^^^^^^^^^^^^^^^^^^^^
[rank23]:   File "/lustre/orion/cph161/world-shared/mlupopa/max_conda_envs_frontier/envs/hydragnn_rocm600/lib/python3.11/site-packages/torch/nn/modules/module.py", line 1532, in _wrapped_call_impl
[rank23]:     return self._call_impl(*args, **kwargs)
[rank44]:            ^^^^^^^^^^^^^^^^^^^^^^^^^^^^^^^^
[rank44]:   File "/lustre/orion/cph161/world-shared/mlupopa/max_conda_envs_frontier/envs/hydragnn_rocm600/lib/python3.11/site-packages/torch/nn/modules/module.py", line 1541, in _call_impl
[rank44]:     return forward_call(*args, **kwargs)
[rank44]:            ^^^^^^^^^^^^^^^^^^^^^^^^^^^^^
[rank44]:   File "/lustre/orion/lrn031/scratch/zye327/HydraGNN_ds/hydragnn/models/Base.py", line 297, in forward
[rank44]:     c, pos = conv(x=x, pos=pos, **conv_args)
[rank44]:              ^^^^^^^^^^^^^^^^^^^^^^^^^^^^^^^
[rank44]:   File "/lustre/orion/cph161/world-shared/mlupopa/max_conda_envs_frontier/envs/hydragnn_rocm600/lib/python3.11/site-packages/torch/nn/modules/module.py", line 1532, in _wrapped_call_impl
[rank44]:     return self._call_impl(*args, **kwargs)
[rank44]:            ^^^^^^^^^^^^^^^^^^^^^^^^^^^^^^^^
[rank23]:            ^^^^^^^^^^^^^^^^^^^^^^^^^^^^^^^^
[rank23]:   File "/lustre/orion/cph161/world-shared/mlupopa/max_conda_envs_frontier/envs/hydragnn_rocm600/lib/python3.11/site-packages/torch/nn/modules/module.py", line 1541, in _call_impl
[rank23]:     return forward_call(*args, **kwargs)
[rank23]:            ^^^^^^^^^^^^^^^^^^^^^^^^^^^^^
[rank23]:   File "/lustre/orion/lrn031/scratch/zye327/HydraGNN_ds/hydragnn/models/Base.py", line 297, in forward
[rank23]:     c, pos = conv(x=x, pos=pos, **conv_args)
[rank23]:              ^^^^^^^^^^^^^^^^^^^^^^^^^^^^^^^
[rank23]:   File "/lustre/orion/cph161/world-shared/mlupopa/max_conda_envs_frontier/envs/hydragnn_rocm600/lib/python3.11/site-packages/torch/nn/modules/module.py", line 1532, in _wrapped_call_impl
[rank23]:     return self._call_impl(*args, **kwargs)
[rank23]:            ^^^^^^^^^^^^^^^^^^^^^^^^^^^^^^^^
[rank44]:   File "/lustre/orion/cph161/world-shared/mlupopa/max_conda_envs_frontier/envs/hydragnn_rocm600/lib/python3.11/site-packages/torch/nn/modules/module.py", line 1541, in _call_impl
[rank44]:     return forward_call(*args, **kwargs)
[rank44]:            ^^^^^^^^^^^^^^^^^^^^^^^^^^^^^
[rank44]:   File "/tmp/torch_geometric.nn.sequential_41087a_77yhm7my.py", line 17, in forward
[rank44]:     x, pos = self.module_0(x, pos, edge_index, edge_attr)
[rank44]:              ^^^^^^^^^^^^^^^^^^^^^^^^^^^^^^^^^^^^^^^^^^^^
[rank44]:   File "/lustre/orion/cph161/world-shared/mlupopa/max_conda_envs_frontier/envs/hydragnn_rocm600/lib/python3.11/site-packages/torch/nn/modules/module.py", line 1532, in _wrapped_call_impl
[rank44]:     return self._call_impl(*args, **kwargs)
[rank44]:            ^^^^^^^^^^^^^^^^^^^^^^^^^^^^^^^^
[rank44]:   File "/lustre/orion/cph161/world-shared/mlupopa/max_conda_envs_frontier/envs/hydragnn_rocm600/lib/python3.11/site-packages/torch/nn/modules/module.py", line 1541, in _call_impl
[rank23]:   File "/lustre/orion/cph161/world-shared/mlupopa/max_conda_envs_frontier/envs/hydragnn_rocm600/lib/python3.11/site-packages/torch/nn/modules/module.py", line 1541, in _call_impl
[rank23]:     return forward_call(*args, **kwargs)
[rank23]:            ^^^^^^^^^^^^^^^^^^^^^^^^^^^^^
[rank23]:   File "/tmp/torch_geometric.nn.sequential_b2dd5b_avyopzrr.py", line 17, in forward
[rank23]:     x, pos = self.module_0(x, pos, edge_index, edge_attr)
[rank23]:              ^^^^^^^^^^^^^^^^^^^^^^^^^^^^^^^^^^^^^^^^^^^^
[rank23]:   File "/lustre/orion/cph161/world-shared/mlupopa/max_conda_envs_frontier/envs/hydragnn_rocm600/lib/python3.11/site-packages/torch/nn/modules/module.py", line 1532, in _wrapped_call_impl
[rank23]:     return self._call_impl(*args, **kwargs)
[rank23]:            ^^^^^^^^^^^^^^^^^^^^^^^^^^^^^^^^
[rank23]:   File "/lustre/orion/cph161/world-shared/mlupopa/max_conda_envs_frontier/envs/hydragnn_rocm600/lib/python3.11/site-packages/torch/nn/modules/module.py", line 1541, in _call_impl
[rank44]:     return forward_call(*args, **kwargs)
[rank44]:            ^^^^^^^^^^^^^^^^^^^^^^^^^^^^^
[rank44]:   File "/lustre/orion/lrn031/scratch/zye327/HydraGNN_ds/hydragnn/models/EGCLStack.py", line 229, in forward
[rank23]:     return forward_call(*args, **kwargs)
[rank23]:            ^^^^^^^^^^^^^^^^^^^^^^^^^^^^^
[rank23]:   File "/lustre/orion/lrn031/scratch/zye327/HydraGNN_ds/hydragnn/models/EGCLStack.py", line 229, in forward
[rank47]: Traceback (most recent call last):
[rank47]:   File "/lustre/orion/lrn031/scratch/zye327/HydraGNN_ds/./examples/multidataset/train_deepspeed_exportmem.py", line 419, in <module>
[rank47]:     hydragnn.train.train_validate_test(
[rank47]:   File "/lustre/orion/lrn031/scratch/zye327/HydraGNN_ds/hydragnn/train/train_validate_test.py", line 158, in train_validate_test
[rank47]:     train_loss, train_taskserr = train(
[rank47]:                                  ^^^^^^
[rank47]:   File "/lustre/orion/lrn031/scratch/zye327/HydraGNN_ds/hydragnn/train/train_validate_test.py", line 495, in train
[rank47]:     pred = model(data)
[rank47]:            ^^^^^^^^^^^
[rank47]:   File "/lustre/orion/cph161/world-shared/mlupopa/max_conda_envs_frontier/envs/hydragnn_rocm600/lib/python3.11/site-packages/torch/nn/modules/module.py", line 1532, in _wrapped_call_impl
[rank47]:     return self._call_impl(*args, **kwargs)
[rank47]:            ^^^^^^^^^^^^^^^^^^^^^^^^^^^^^^^^
[rank23]:     edge_feat = self.edge_model(x[row], x[col], radial, edge_attr)
[rank23]:                 ^^^^^^^^^^^^^^^^^^^^^^^^^^^^^^^^^^^^^^^^^^^^^^^^^^
[rank23]:   File "/lustre/orion/lrn031/scratch/zye327/HydraGNN_ds/hydragnn/models/EGCLStack.py", line 186, in edge_model
[rank23]:     out = self.edge_mlp(out)
[rank23]:           ^^^^^^^^^^^^^^^^^^
[rank23]:   File "/lustre/orion/cph161/world-shared/mlupopa/max_conda_envs_frontier/envs/hydragnn_rocm600/lib/python3.11/site-packages/torch/nn/modules/module.py", line 1532, in _wrapped_call_impl
[rank23]:     return self._call_impl(*args, **kwargs)
[rank23]:            ^^^^^^^^^^^^^^^^^^^^^^^^^^^^^^^^
[rank23]:   File "/lustre/orion/cph161/world-shared/mlupopa/max_conda_envs_frontier/envs/hydragnn_rocm600/lib/python3.11/site-packages/torch/nn/modules/module.py", line 1541, in _call_impl
[rank23]:     return forward_call(*args, **kwargs)
[rank23]:            ^^^^^^^^^^^^^^^^^^^^^^^^^^^^^
[rank47]:   File "/lustre/orion/cph161/world-shared/mlupopa/max_conda_envs_frontier/envs/hydragnn_rocm600/lib/python3.11/site-packages/torch/nn/modules/module.py", line 1541, in _call_impl
[rank47]:     return forward_call(*args, **kwargs)
[rank47]:            ^^^^^^^^^^^^^^^^^^^^^^^^^^^^^
[rank47]:   File "/ccs/home/zye327/.local/lib/python3.11/site-packages/deepspeed/utils/nvtx.py", line 15, in wrapped_fn
[rank47]:     ret_val = func(*args, **kwargs)
[rank47]:               ^^^^^^^^^^^^^^^^^^^^^
[rank47]:   File "/ccs/home/zye327/.local/lib/python3.11/site-packages/deepspeed/runtime/engine.py", line 1846, in forward
[rank47]:     loss = self.module(*inputs, **kwargs)
[rank47]:            ^^^^^^^^^^^^^^^^^^^^^^^^^^^^^^
[rank47]:   File "/lustre/orion/cph161/world-shared/mlupopa/max_conda_envs_frontier/envs/hydragnn_rocm600/lib/python3.11/site-packages/torch/nn/modules/module.py", line 1532, in _wrapped_call_impl
[rank47]:     return self._call_impl(*args, **kwargs)
[rank23]:   File "/lustre/orion/cph161/world-shared/mlupopa/max_conda_envs_frontier/envs/hydragnn_rocm600/lib/python3.11/site-packages/torch/nn/modules/container.py", line 217, in forward
[rank23]:     input = module(input)
[rank23]:             ^^^^^^^^^^^^^
[rank23]:   File "/lustre/orion/cph161/world-shared/mlupopa/max_conda_envs_frontier/envs/hydragnn_rocm600/lib/python3.11/site-packages/torch/nn/modules/module.py", line 1532, in _wrapped_call_impl
[rank23]:     return self._call_impl(*args, **kwargs)
[rank23]:            ^^^^^^^^^^^^^^^^^^^^^^^^^^^^^^^^
[rank23]:   File "/lustre/orion/cph161/world-shared/mlupopa/max_conda_envs_frontier/envs/hydragnn_rocm600/lib/python3.11/site-packages/torch/nn/modules/module.py", line 1541, in _call_impl
[rank23]:     return forward_call(*args, **kwargs)
[rank23]:            ^^^^^^^^^^^^^^^^^^^^^^^^^^^^^
[rank47]:            ^^^^^^^^^^^^^^^^^^^^^^^^^^^^^^^^
[rank47]:   File "/lustre/orion/cph161/world-shared/mlupopa/max_conda_envs_frontier/envs/hydragnn_rocm600/lib/python3.11/site-packages/torch/nn/modules/module.py", line 1541, in _call_impl
[rank47]:     return forward_call(*args, **kwargs)
[rank47]:            ^^^^^^^^^^^^^^^^^^^^^^^^^^^^^
[rank47]:   File "/lustre/orion/lrn031/scratch/zye327/HydraGNN_ds/hydragnn/models/Base.py", line 297, in forward
[rank47]:     c, pos = conv(x=x, pos=pos, **conv_args)
[rank47]:              ^^^^^^^^^^^^^^^^^^^^^^^^^^^^^^^
[rank47]:   File "/lustre/orion/cph161/world-shared/mlupopa/max_conda_envs_frontier/envs/hydragnn_rocm600/lib/python3.11/site-packages/torch/nn/modules/module.py", line 1532, in _wrapped_call_impl
[rank47]:     return self._call_impl(*args, **kwargs)
[rank47]:            ^^^^^^^^^^^^^^^^^^^^^^^^^^^^^^^^
[rank23]:   File "/lustre/orion/cph161/world-shared/mlupopa/max_conda_envs_frontier/envs/hydragnn_rocm600/lib/python3.11/site-packages/torch/nn/modules/activation.py", line 103, in forward
[rank23]:     return F.relu(input, inplace=self.inplace)
[rank23]:            ^^^^^^^^^^^^^^^^^^^^^^^^^^^^^^^^^^^
[rank23]:   File "/lustre/orion/cph161/world-shared/mlupopa/max_conda_envs_frontier/envs/hydragnn_rocm600/lib/python3.11/site-packages/torch/nn/functional.py", line 1500, in relu
[rank23]:     result = torch.relu(input)
[rank23]:              ^^^^^^^^^^^^^^^^^
[rank47]:   File "/lustre/orion/cph161/world-shared/mlupopa/max_conda_envs_frontier/envs/hydragnn_rocm600/lib/python3.11/site-packages/torch/nn/modules/module.py", line 1541, in _call_impl
[rank47]:     return forward_call(*args, **kwargs)
[rank47]:            ^^^^^^^^^^^^^^^^^^^^^^^^^^^^^
[rank47]:   File "/tmp/torch_geometric.nn.sequential_3f2a27_5_mtsqvd.py", line 17, in forward
[rank47]:     x, pos = self.module_0(x, pos, edge_index, edge_attr)
[rank47]:              ^^^^^^^^^^^^^^^^^^^^^^^^^^^^^^^^^^^^^^^^^^^^
[rank47]:   File "/lustre/orion/cph161/world-shared/mlupopa/max_conda_envs_frontier/envs/hydragnn_rocm600/lib/python3.11/site-packages/torch/nn/modules/module.py", line 1532, in _wrapped_call_impl
[rank47]:     return self._call_impl(*args, **kwargs)
[rank47]:            ^^^^^^^^^^^^^^^^^^^^^^^^^^^^^^^^
[rank47]:   File "/lustre/orion/cph161/world-shared/mlupopa/max_conda_envs_frontier/envs/hydragnn_rocm600/lib/python3.11/site-packages/torch/nn/modules/module.py", line 1541, in _call_impl
[rank23]: torch.cuda.OutOfMemoryError: HIP out of memory. Tried to allocate 20.82 GiB. GPU  has a total capacity of 63.98 GiB of which 17.34 GiB is free. Of the allocated memory 46.16 GiB is allocated by PyTorch, and 27.47 MiB is reserved by PyTorch but unallocated. If reserved but unallocated memory is large try setting PYTORCH_HIP_ALLOC_CONF=expandable_segments:True to avoid fragmentation.  See documentation for Memory Management  (https://pytorch.org/docs/stable/notes/cuda.html#environment-variables)
[rank47]:     return forward_call(*args, **kwargs)
[rank47]:            ^^^^^^^^^^^^^^^^^^^^^^^^^^^^^
[rank47]:   File "/lustre/orion/lrn031/scratch/zye327/HydraGNN_ds/hydragnn/models/EGCLStack.py", line 229, in forward
[rank44]:     edge_feat = self.edge_model(x[row], x[col], radial, edge_attr)
[rank44]:                 ^^^^^^^^^^^^^^^^^^^^^^^^^^^^^^^^^^^^^^^^^^^^^^^^^^
[rank44]:   File "/lustre/orion/lrn031/scratch/zye327/HydraGNN_ds/hydragnn/models/EGCLStack.py", line 186, in edge_model
[rank44]:     out = self.edge_mlp(out)
[rank44]:           ^^^^^^^^^^^^^^^^^^
[rank44]:   File "/lustre/orion/cph161/world-shared/mlupopa/max_conda_envs_frontier/envs/hydragnn_rocm600/lib/python3.11/site-packages/torch/nn/modules/module.py", line 1532, in _wrapped_call_impl
[rank44]:     return self._call_impl(*args, **kwargs)
[rank44]:            ^^^^^^^^^^^^^^^^^^^^^^^^^^^^^^^^
[rank44]:   File "/lustre/orion/cph161/world-shared/mlupopa/max_conda_envs_frontier/envs/hydragnn_rocm600/lib/python3.11/site-packages/torch/nn/modules/module.py", line 1541, in _call_impl
[rank44]:     return forward_call(*args, **kwargs)
[rank44]:            ^^^^^^^^^^^^^^^^^^^^^^^^^^^^^
[rank44]:   File "/lustre/orion/cph161/world-shared/mlupopa/max_conda_envs_frontier/envs/hydragnn_rocm600/lib/python3.11/site-packages/torch/nn/modules/container.py", line 217, in forward
[rank44]:     input = module(input)
[rank44]:             ^^^^^^^^^^^^^
[rank44]:   File "/lustre/orion/cph161/world-shared/mlupopa/max_conda_envs_frontier/envs/hydragnn_rocm600/lib/python3.11/site-packages/torch/nn/modules/module.py", line 1532, in _wrapped_call_impl
[rank44]:     return self._call_impl(*args, **kwargs)
[rank44]:            ^^^^^^^^^^^^^^^^^^^^^^^^^^^^^^^^
[rank44]:   File "/lustre/orion/cph161/world-shared/mlupopa/max_conda_envs_frontier/envs/hydragnn_rocm600/lib/python3.11/site-packages/torch/nn/modules/module.py", line 1541, in _call_impl
[rank44]:     return forward_call(*args, **kwargs)
[rank44]:            ^^^^^^^^^^^^^^^^^^^^^^^^^^^^^
[rank44]:   File "/lustre/orion/cph161/world-shared/mlupopa/max_conda_envs_frontier/envs/hydragnn_rocm600/lib/python3.11/site-packages/torch/nn/modules/activation.py", line 103, in forward
[rank44]:     return F.relu(input, inplace=self.inplace)
[rank44]:            ^^^^^^^^^^^^^^^^^^^^^^^^^^^^^^^^^^^
[rank44]:   File "/lustre/orion/cph161/world-shared/mlupopa/max_conda_envs_frontier/envs/hydragnn_rocm600/lib/python3.11/site-packages/torch/nn/functional.py", line 1500, in relu
[rank44]:     result = torch.relu(input)
[rank44]:              ^^^^^^^^^^^^^^^^^
[rank44]: torch.cuda.OutOfMemoryError: HIP out of memory. Tried to allocate 20.80 GiB. GPU  has a total capacity of 63.98 GiB of which 17.38 GiB is free. Of the allocated memory 46.11 GiB is allocated by PyTorch, and 31.21 MiB is reserved by PyTorch but unallocated. If reserved but unallocated memory is large try setting PYTORCH_HIP_ALLOC_CONF=expandable_segments:True to avoid fragmentation.  See documentation for Memory Management  (https://pytorch.org/docs/stable/notes/cuda.html#environment-variables)
[rank46]: Traceback (most recent call last):
[rank46]:   File "/lustre/orion/lrn031/scratch/zye327/HydraGNN_ds/./examples/multidataset/train_deepspeed_exportmem.py", line 419, in <module>
[rank46]:     hydragnn.train.train_validate_test(
[rank46]:   File "/lustre/orion/lrn031/scratch/zye327/HydraGNN_ds/hydragnn/train/train_validate_test.py", line 158, in train_validate_test
[rank46]:     train_loss, train_taskserr = train(
[rank46]:                                  ^^^^^^
[rank46]:   File "/lustre/orion/lrn031/scratch/zye327/HydraGNN_ds/hydragnn/train/train_validate_test.py", line 495, in train
[rank46]:     pred = model(data)
[rank46]:            ^^^^^^^^^^^
[rank46]:   File "/lustre/orion/cph161/world-shared/mlupopa/max_conda_envs_frontier/envs/hydragnn_rocm600/lib/python3.11/site-packages/torch/nn/modules/module.py", line 1532, in _wrapped_call_impl
[rank46]:     return self._call_impl(*args, **kwargs)
[rank46]:            ^^^^^^^^^^^^^^^^^^^^^^^^^^^^^^^^
[rank46]:   File "/lustre/orion/cph161/world-shared/mlupopa/max_conda_envs_frontier/envs/hydragnn_rocm600/lib/python3.11/site-packages/torch/nn/modules/module.py", line 1541, in _call_impl
[rank46]:     return forward_call(*args, **kwargs)
[rank46]:            ^^^^^^^^^^^^^^^^^^^^^^^^^^^^^
[rank46]:   File "/ccs/home/zye327/.local/lib/python3.11/site-packages/deepspeed/utils/nvtx.py", line 15, in wrapped_fn
[rank46]:     ret_val = func(*args, **kwargs)
[rank46]:               ^^^^^^^^^^^^^^^^^^^^^
[rank46]:   File "/ccs/home/zye327/.local/lib/python3.11/site-packages/deepspeed/runtime/engine.py", line 1846, in forward
[rank46]:     loss = self.module(*inputs, **kwargs)
[rank46]:            ^^^^^^^^^^^^^^^^^^^^^^^^^^^^^^
[rank46]:   File "/lustre/orion/cph161/world-shared/mlupopa/max_conda_envs_frontier/envs/hydragnn_rocm600/lib/python3.11/site-packages/torch/nn/modules/module.py", line 1532, in _wrapped_call_impl
[rank46]:     return self._call_impl(*args, **kwargs)
[rank46]:            ^^^^^^^^^^^^^^^^^^^^^^^^^^^^^^^^
[rank46]:   File "/lustre/orion/cph161/world-shared/mlupopa/max_conda_envs_frontier/envs/hydragnn_rocm600/lib/python3.11/site-packages/torch/nn/modules/module.py", line 1541, in _call_impl
[rank46]:     return forward_call(*args, **kwargs)
[rank46]:            ^^^^^^^^^^^^^^^^^^^^^^^^^^^^^
[rank46]:   File "/lustre/orion/lrn031/scratch/zye327/HydraGNN_ds/hydragnn/models/Base.py", line 297, in forward
[rank46]:     c, pos = conv(x=x, pos=pos, **conv_args)
[rank46]:              ^^^^^^^^^^^^^^^^^^^^^^^^^^^^^^^
[rank46]:   File "/lustre/orion/cph161/world-shared/mlupopa/max_conda_envs_frontier/envs/hydragnn_rocm600/lib/python3.11/site-packages/torch/nn/modules/module.py", line 1532, in _wrapped_call_impl
[rank46]:     return self._call_impl(*args, **kwargs)
[rank46]:            ^^^^^^^^^^^^^^^^^^^^^^^^^^^^^^^^
[rank46]:   File "/lustre/orion/cph161/world-shared/mlupopa/max_conda_envs_frontier/envs/hydragnn_rocm600/lib/python3.11/site-packages/torch/nn/modules/module.py", line 1541, in _call_impl
[rank46]:     return forward_call(*args, **kwargs)
[rank46]:            ^^^^^^^^^^^^^^^^^^^^^^^^^^^^^
[rank46]:   File "/tmp/torch_geometric.nn.sequential_8e2b64_b4v71crm.py", line 17, in forward
[rank46]:     x, pos = self.module_0(x, pos, edge_index, edge_attr)
[rank46]:              ^^^^^^^^^^^^^^^^^^^^^^^^^^^^^^^^^^^^^^^^^^^^
[rank46]:   File "/lustre/orion/cph161/world-shared/mlupopa/max_conda_envs_frontier/envs/hydragnn_rocm600/lib/python3.11/site-packages/torch/nn/modules/module.py", line 1532, in _wrapped_call_impl
[rank46]:     return self._call_impl(*args, **kwargs)
[rank46]:            ^^^^^^^^^^^^^^^^^^^^^^^^^^^^^^^^
[rank46]:   File "/lustre/orion/cph161/world-shared/mlupopa/max_conda_envs_frontier/envs/hydragnn_rocm600/lib/python3.11/site-packages/torch/nn/modules/module.py", line 1541, in _call_impl
[rank46]:     return forward_call(*args, **kwargs)
[rank46]:            ^^^^^^^^^^^^^^^^^^^^^^^^^^^^^
[rank46]:   File "/lustre/orion/lrn031/scratch/zye327/HydraGNN_ds/hydragnn/models/EGCLStack.py", line 229, in forward
[rank47]:     edge_feat = self.edge_model(x[row], x[col], radial, edge_attr)
[rank47]:                 ^^^^^^^^^^^^^^^^^^^^^^^^^^^^^^^^^^^^^^^^^^^^^^^^^^
[rank47]:   File "/lustre/orion/lrn031/scratch/zye327/HydraGNN_ds/hydragnn/models/EGCLStack.py", line 186, in edge_model
[rank47]:     out = self.edge_mlp(out)
[rank47]:           ^^^^^^^^^^^^^^^^^^
[rank47]:   File "/lustre/orion/cph161/world-shared/mlupopa/max_conda_envs_frontier/envs/hydragnn_rocm600/lib/python3.11/site-packages/torch/nn/modules/module.py", line 1532, in _wrapped_call_impl
[rank47]:     return self._call_impl(*args, **kwargs)
[rank47]:            ^^^^^^^^^^^^^^^^^^^^^^^^^^^^^^^^
[rank47]:   File "/lustre/orion/cph161/world-shared/mlupopa/max_conda_envs_frontier/envs/hydragnn_rocm600/lib/python3.11/site-packages/torch/nn/modules/module.py", line 1541, in _call_impl
[rank47]:     return forward_call(*args, **kwargs)
[rank47]:            ^^^^^^^^^^^^^^^^^^^^^^^^^^^^^
[rank47]:   File "/lustre/orion/cph161/world-shared/mlupopa/max_conda_envs_frontier/envs/hydragnn_rocm600/lib/python3.11/site-packages/torch/nn/modules/container.py", line 217, in forward
[rank47]:     input = module(input)
[rank47]:             ^^^^^^^^^^^^^
[rank47]:   File "/lustre/orion/cph161/world-shared/mlupopa/max_conda_envs_frontier/envs/hydragnn_rocm600/lib/python3.11/site-packages/torch/nn/modules/module.py", line 1532, in _wrapped_call_impl
[rank47]:     return self._call_impl(*args, **kwargs)
[rank47]:            ^^^^^^^^^^^^^^^^^^^^^^^^^^^^^^^^
[rank47]:   File "/lustre/orion/cph161/world-shared/mlupopa/max_conda_envs_frontier/envs/hydragnn_rocm600/lib/python3.11/site-packages/torch/nn/modules/module.py", line 1541, in _call_impl
[rank47]:     return forward_call(*args, **kwargs)
[rank47]:            ^^^^^^^^^^^^^^^^^^^^^^^^^^^^^
[rank47]:   File "/lustre/orion/cph161/world-shared/mlupopa/max_conda_envs_frontier/envs/hydragnn_rocm600/lib/python3.11/site-packages/torch/nn/modules/activation.py", line 103, in forward
[rank47]:     return F.relu(input, inplace=self.inplace)
[rank47]:            ^^^^^^^^^^^^^^^^^^^^^^^^^^^^^^^^^^^
[rank47]:   File "/lustre/orion/cph161/world-shared/mlupopa/max_conda_envs_frontier/envs/hydragnn_rocm600/lib/python3.11/site-packages/torch/nn/functional.py", line 1500, in relu
[rank47]:     result = torch.relu(input)
[rank47]:              ^^^^^^^^^^^^^^^^^
[rank47]: torch.cuda.OutOfMemoryError: HIP out of memory. Tried to allocate 20.91 GiB. GPU  has a total capacity of 63.98 GiB of which 17.17 GiB is free. Of the allocated memory 46.33 GiB is allocated by PyTorch, and 27.20 MiB is reserved by PyTorch but unallocated. If reserved but unallocated memory is large try setting PYTORCH_HIP_ALLOC_CONF=expandable_segments:True to avoid fragmentation.  See documentation for Memory Management  (https://pytorch.org/docs/stable/notes/cuda.html#environment-variables)
[rank46]:     edge_feat = self.edge_model(x[row], x[col], radial, edge_attr)
[rank46]:                 ^^^^^^^^^^^^^^^^^^^^^^^^^^^^^^^^^^^^^^^^^^^^^^^^^^
[rank46]:   File "/lustre/orion/lrn031/scratch/zye327/HydraGNN_ds/hydragnn/models/EGCLStack.py", line 186, in edge_model
[rank46]:     out = self.edge_mlp(out)
[rank46]:           ^^^^^^^^^^^^^^^^^^
[rank46]:   File "/lustre/orion/cph161/world-shared/mlupopa/max_conda_envs_frontier/envs/hydragnn_rocm600/lib/python3.11/site-packages/torch/nn/modules/module.py", line 1532, in _wrapped_call_impl
[rank46]:     return self._call_impl(*args, **kwargs)
[rank46]:            ^^^^^^^^^^^^^^^^^^^^^^^^^^^^^^^^
[rank46]:   File "/lustre/orion/cph161/world-shared/mlupopa/max_conda_envs_frontier/envs/hydragnn_rocm600/lib/python3.11/site-packages/torch/nn/modules/module.py", line 1541, in _call_impl
[rank46]:     return forward_call(*args, **kwargs)
[rank46]:            ^^^^^^^^^^^^^^^^^^^^^^^^^^^^^
[rank46]:   File "/lustre/orion/cph161/world-shared/mlupopa/max_conda_envs_frontier/envs/hydragnn_rocm600/lib/python3.11/site-packages/torch/nn/modules/container.py", line 217, in forward
[rank46]:     input = module(input)
[rank46]:             ^^^^^^^^^^^^^
[rank46]:   File "/lustre/orion/cph161/world-shared/mlupopa/max_conda_envs_frontier/envs/hydragnn_rocm600/lib/python3.11/site-packages/torch/nn/modules/module.py", line 1532, in _wrapped_call_impl
[rank46]:     return self._call_impl(*args, **kwargs)
[rank46]:            ^^^^^^^^^^^^^^^^^^^^^^^^^^^^^^^^
[rank46]:   File "/lustre/orion/cph161/world-shared/mlupopa/max_conda_envs_frontier/envs/hydragnn_rocm600/lib/python3.11/site-packages/torch/nn/modules/module.py", line 1541, in _call_impl
[rank46]:     return forward_call(*args, **kwargs)
[rank46]:            ^^^^^^^^^^^^^^^^^^^^^^^^^^^^^
[rank46]:   File "/lustre/orion/cph161/world-shared/mlupopa/max_conda_envs_frontier/envs/hydragnn_rocm600/lib/python3.11/site-packages/torch/nn/modules/activation.py", line 103, in forward
[rank46]:     return F.relu(input, inplace=self.inplace)
[rank46]:            ^^^^^^^^^^^^^^^^^^^^^^^^^^^^^^^^^^^
[rank46]:   File "/lustre/orion/cph161/world-shared/mlupopa/max_conda_envs_frontier/envs/hydragnn_rocm600/lib/python3.11/site-packages/torch/nn/functional.py", line 1500, in relu
[rank46]:     result = torch.relu(input)
[rank46]:              ^^^^^^^^^^^^^^^^^
[rank46]: torch.cuda.OutOfMemoryError: HIP out of memory. Tried to allocate 20.21 GiB. GPU  has a total capacity of 63.98 GiB of which 18.57 GiB is free. Of the allocated memory 44.92 GiB is allocated by PyTorch, and 33.97 MiB is reserved by PyTorch but unallocated. If reserved but unallocated memory is large try setting PYTORCH_HIP_ALLOC_CONF=expandable_segments:True to avoid fragmentation.  See documentation for Memory Management  (https://pytorch.org/docs/stable/notes/cuda.html#environment-variables)
[rank60]: Traceback (most recent call last):
[rank60]:   File "/lustre/orion/lrn031/scratch/zye327/HydraGNN_ds/./examples/multidataset/train_deepspeed_exportmem.py", line 419, in <module>
[rank60]:     hydragnn.train.train_validate_test(
[rank60]:   File "/lustre/orion/lrn031/scratch/zye327/HydraGNN_ds/hydragnn/train/train_validate_test.py", line 158, in train_validate_test
[rank60]:     train_loss, train_taskserr = train(
[rank60]:                                  ^^^^^^
[rank60]:   File "/lustre/orion/lrn031/scratch/zye327/HydraGNN_ds/hydragnn/train/train_validate_test.py", line 495, in train
[rank60]:     pred = model(data)
[rank60]:            ^^^^^^^^^^^
[rank60]:   File "/lustre/orion/cph161/world-shared/mlupopa/max_conda_envs_frontier/envs/hydragnn_rocm600/lib/python3.11/site-packages/torch/nn/modules/module.py", line 1532, in _wrapped_call_impl
[rank60]:     return self._call_impl(*args, **kwargs)
[rank60]:            ^^^^^^^^^^^^^^^^^^^^^^^^^^^^^^^^
[rank60]:   File "/lustre/orion/cph161/world-shared/mlupopa/max_conda_envs_frontier/envs/hydragnn_rocm600/lib/python3.11/site-packages/torch/nn/modules/module.py", line 1541, in _call_impl
[rank60]:     return forward_call(*args, **kwargs)
[rank60]:            ^^^^^^^^^^^^^^^^^^^^^^^^^^^^^
[rank60]:   File "/ccs/home/zye327/.local/lib/python3.11/site-packages/deepspeed/utils/nvtx.py", line 15, in wrapped_fn
[rank60]:     ret_val = func(*args, **kwargs)
[rank60]:               ^^^^^^^^^^^^^^^^^^^^^
[rank60]:   File "/ccs/home/zye327/.local/lib/python3.11/site-packages/deepspeed/runtime/engine.py", line 1846, in forward
[rank60]:     loss = self.module(*inputs, **kwargs)
[rank60]:            ^^^^^^^^^^^^^^^^^^^^^^^^^^^^^^
[rank60]:   File "/lustre/orion/cph161/world-shared/mlupopa/max_conda_envs_frontier/envs/hydragnn_rocm600/lib/python3.11/site-packages/torch/nn/modules/module.py", line 1532, in _wrapped_call_impl
[rank60]:     return self._call_impl(*args, **kwargs)
[rank60]:            ^^^^^^^^^^^^^^^^^^^^^^^^^^^^^^^^
[rank60]:   File "/lustre/orion/cph161/world-shared/mlupopa/max_conda_envs_frontier/envs/hydragnn_rocm600/lib/python3.11/site-packages/torch/nn/modules/module.py", line 1541, in _call_impl
[rank60]:     return forward_call(*args, **kwargs)
[rank60]:            ^^^^^^^^^^^^^^^^^^^^^^^^^^^^^
[rank60]:   File "/lustre/orion/lrn031/scratch/zye327/HydraGNN_ds/hydragnn/models/Base.py", line 297, in forward
[rank60]:     c, pos = conv(x=x, pos=pos, **conv_args)
[rank60]:              ^^^^^^^^^^^^^^^^^^^^^^^^^^^^^^^
[rank60]:   File "/lustre/orion/cph161/world-shared/mlupopa/max_conda_envs_frontier/envs/hydragnn_rocm600/lib/python3.11/site-packages/torch/nn/modules/module.py", line 1532, in _wrapped_call_impl
[rank60]:     return self._call_impl(*args, **kwargs)
[rank60]:            ^^^^^^^^^^^^^^^^^^^^^^^^^^^^^^^^
[rank60]:   File "/lustre/orion/cph161/world-shared/mlupopa/max_conda_envs_frontier/envs/hydragnn_rocm600/lib/python3.11/site-packages/torch/nn/modules/module.py", line 1541, in _call_impl
[rank60]:     return forward_call(*args, **kwargs)
[rank60]:            ^^^^^^^^^^^^^^^^^^^^^^^^^^^^^
[rank60]:   File "/tmp/torch_geometric.nn.sequential_d2d301_dwfaaolu.py", line 17, in forward
[rank60]:     x, pos = self.module_0(x, pos, edge_index, edge_attr)
[rank60]:              ^^^^^^^^^^^^^^^^^^^^^^^^^^^^^^^^^^^^^^^^^^^^
[rank60]:   File "/lustre/orion/cph161/world-shared/mlupopa/max_conda_envs_frontier/envs/hydragnn_rocm600/lib/python3.11/site-packages/torch/nn/modules/module.py", line 1532, in _wrapped_call_impl
[rank60]:     return self._call_impl(*args, **kwargs)
[rank60]:            ^^^^^^^^^^^^^^^^^^^^^^^^^^^^^^^^
[rank60]:   File "/lustre/orion/cph161/world-shared/mlupopa/max_conda_envs_frontier/envs/hydragnn_rocm600/lib/python3.11/site-packages/torch/nn/modules/module.py", line 1541, in _call_impl
[rank60]:     return forward_call(*args, **kwargs)
[rank60]:            ^^^^^^^^^^^^^^^^^^^^^^^^^^^^^
[rank60]:   File "/lustre/orion/lrn031/scratch/zye327/HydraGNN_ds/hydragnn/models/EGCLStack.py", line 229, in forward
[rank60]:     edge_feat = self.edge_model(x[row], x[col], radial, edge_attr)
[rank60]:                 ^^^^^^^^^^^^^^^^^^^^^^^^^^^^^^^^^^^^^^^^^^^^^^^^^^
[rank60]:   File "/lustre/orion/lrn031/scratch/zye327/HydraGNN_ds/hydragnn/models/EGCLStack.py", line 186, in edge_model
[rank60]:     out = self.edge_mlp(out)
[rank60]:           ^^^^^^^^^^^^^^^^^^
[rank60]:   File "/lustre/orion/cph161/world-shared/mlupopa/max_conda_envs_frontier/envs/hydragnn_rocm600/lib/python3.11/site-packages/torch/nn/modules/module.py", line 1532, in _wrapped_call_impl
[rank60]:     return self._call_impl(*args, **kwargs)
[rank60]:            ^^^^^^^^^^^^^^^^^^^^^^^^^^^^^^^^
[rank60]:   File "/lustre/orion/cph161/world-shared/mlupopa/max_conda_envs_frontier/envs/hydragnn_rocm600/lib/python3.11/site-packages/torch/nn/modules/module.py", line 1541, in _call_impl
[rank60]:     return forward_call(*args, **kwargs)
[rank60]:            ^^^^^^^^^^^^^^^^^^^^^^^^^^^^^
[rank60]:   File "/lustre/orion/cph161/world-shared/mlupopa/max_conda_envs_frontier/envs/hydragnn_rocm600/lib/python3.11/site-packages/torch/nn/modules/container.py", line 217, in forward
[rank60]:     input = module(input)
[rank60]:             ^^^^^^^^^^^^^
[rank60]:   File "/lustre/orion/cph161/world-shared/mlupopa/max_conda_envs_frontier/envs/hydragnn_rocm600/lib/python3.11/site-packages/torch/nn/modules/module.py", line 1532, in _wrapped_call_impl
[rank60]:     return self._call_impl(*args, **kwargs)
[rank60]:            ^^^^^^^^^^^^^^^^^^^^^^^^^^^^^^^^
[rank60]:   File "/lustre/orion/cph161/world-shared/mlupopa/max_conda_envs_frontier/envs/hydragnn_rocm600/lib/python3.11/site-packages/torch/nn/modules/module.py", line 1541, in _call_impl
[rank60]:     return forward_call(*args, **kwargs)
[rank60]:            ^^^^^^^^^^^^^^^^^^^^^^^^^^^^^
[rank60]:   File "/lustre/orion/cph161/world-shared/mlupopa/max_conda_envs_frontier/envs/hydragnn_rocm600/lib/python3.11/site-packages/torch/nn/modules/activation.py", line 103, in forward
[rank60]:     return F.relu(input, inplace=self.inplace)
[rank60]:            ^^^^^^^^^^^^^^^^^^^^^^^^^^^^^^^^^^^
[rank60]:   File "/lustre/orion/cph161/world-shared/mlupopa/max_conda_envs_frontier/envs/hydragnn_rocm600/lib/python3.11/site-packages/torch/nn/functional.py", line 1500, in relu
[rank60]:     result = torch.relu(input)
[rank60]:              ^^^^^^^^^^^^^^^^^
[rank60]: torch.cuda.OutOfMemoryError: HIP out of memory. Tried to allocate 20.34 GiB. GPU  has a total capacity of 63.98 GiB of which 18.30 GiB is free. Of the allocated memory 45.19 GiB is allocated by PyTorch, and 30.64 MiB is reserved by PyTorch but unallocated. If reserved but unallocated memory is large try setting PYTORCH_HIP_ALLOC_CONF=expandable_segments:True to avoid fragmentation.  See documentation for Memory Management  (https://pytorch.org/docs/stable/notes/cuda.html#environment-variables)
[rank35]: Traceback (most recent call last):
[rank35]:   File "/lustre/orion/lrn031/scratch/zye327/HydraGNN_ds/./examples/multidataset/train_deepspeed_exportmem.py", line 419, in <module>
[rank35]:     hydragnn.train.train_validate_test(
[rank35]:   File "/lustre/orion/lrn031/scratch/zye327/HydraGNN_ds/hydragnn/train/train_validate_test.py", line 158, in train_validate_test
[rank35]:     train_loss, train_taskserr = train(
[rank35]:                                  ^^^^^^
[rank35]:   File "/lustre/orion/lrn031/scratch/zye327/HydraGNN_ds/hydragnn/train/train_validate_test.py", line 495, in train
[rank35]:     pred = model(data)
[rank35]:            ^^^^^^^^^^^
[rank35]:   File "/lustre/orion/cph161/world-shared/mlupopa/max_conda_envs_frontier/envs/hydragnn_rocm600/lib/python3.11/site-packages/torch/nn/modules/module.py", line 1532, in _wrapped_call_impl
[rank35]:     return self._call_impl(*args, **kwargs)
[rank35]:            ^^^^^^^^^^^^^^^^^^^^^^^^^^^^^^^^
[rank35]:   File "/lustre/orion/cph161/world-shared/mlupopa/max_conda_envs_frontier/envs/hydragnn_rocm600/lib/python3.11/site-packages/torch/nn/modules/module.py", line 1541, in _call_impl
[rank35]:     return forward_call(*args, **kwargs)
[rank35]:            ^^^^^^^^^^^^^^^^^^^^^^^^^^^^^
[rank35]:   File "/ccs/home/zye327/.local/lib/python3.11/site-packages/deepspeed/utils/nvtx.py", line 15, in wrapped_fn
[rank35]:     ret_val = func(*args, **kwargs)
[rank35]:               ^^^^^^^^^^^^^^^^^^^^^
[rank35]:   File "/ccs/home/zye327/.local/lib/python3.11/site-packages/deepspeed/runtime/engine.py", line 1846, in forward
[rank35]:     loss = self.module(*inputs, **kwargs)
[rank35]:            ^^^^^^^^^^^^^^^^^^^^^^^^^^^^^^
[rank35]:   File "/lustre/orion/cph161/world-shared/mlupopa/max_conda_envs_frontier/envs/hydragnn_rocm600/lib/python3.11/site-packages/torch/nn/modules/module.py", line 1532, in _wrapped_call_impl
[rank35]:     return self._call_impl(*args, **kwargs)
[rank35]:            ^^^^^^^^^^^^^^^^^^^^^^^^^^^^^^^^
[rank35]:   File "/lustre/orion/cph161/world-shared/mlupopa/max_conda_envs_frontier/envs/hydragnn_rocm600/lib/python3.11/site-packages/torch/nn/modules/module.py", line 1541, in _call_impl
[rank35]:     return forward_call(*args, **kwargs)
[rank35]:            ^^^^^^^^^^^^^^^^^^^^^^^^^^^^^
[rank35]:   File "/lustre/orion/lrn031/scratch/zye327/HydraGNN_ds/hydragnn/models/Base.py", line 297, in forward
[rank35]:     c, pos = conv(x=x, pos=pos, **conv_args)
[rank35]:              ^^^^^^^^^^^^^^^^^^^^^^^^^^^^^^^
[rank35]:   File "/lustre/orion/cph161/world-shared/mlupopa/max_conda_envs_frontier/envs/hydragnn_rocm600/lib/python3.11/site-packages/torch/nn/modules/module.py", line 1532, in _wrapped_call_impl
[rank35]:     return self._call_impl(*args, **kwargs)
[rank35]:            ^^^^^^^^^^^^^^^^^^^^^^^^^^^^^^^^
[rank35]:   File "/lustre/orion/cph161/world-shared/mlupopa/max_conda_envs_frontier/envs/hydragnn_rocm600/lib/python3.11/site-packages/torch/nn/modules/module.py", line 1541, in _call_impl
[rank35]:     return forward_call(*args, **kwargs)
[rank35]:            ^^^^^^^^^^^^^^^^^^^^^^^^^^^^^
[rank35]:   File "/tmp/torch_geometric.nn.sequential_ddd924_yzmjcwra.py", line 17, in forward
[rank35]:     x, pos = self.module_0(x, pos, edge_index, edge_attr)
[rank35]:              ^^^^^^^^^^^^^^^^^^^^^^^^^^^^^^^^^^^^^^^^^^^^
[rank35]:   File "/lustre/orion/cph161/world-shared/mlupopa/max_conda_envs_frontier/envs/hydragnn_rocm600/lib/python3.11/site-packages/torch/nn/modules/module.py", line 1532, in _wrapped_call_impl
[rank35]:     return self._call_impl(*args, **kwargs)
[rank35]:            ^^^^^^^^^^^^^^^^^^^^^^^^^^^^^^^^
[rank35]:   File "/lustre/orion/cph161/world-shared/mlupopa/max_conda_envs_frontier/envs/hydragnn_rocm600/lib/python3.11/site-packages/torch/nn/modules/module.py", line 1541, in _call_impl
[rank35]:     return forward_call(*args, **kwargs)
[rank35]:            ^^^^^^^^^^^^^^^^^^^^^^^^^^^^^
[rank35]:   File "/lustre/orion/lrn031/scratch/zye327/HydraGNN_ds/hydragnn/models/EGCLStack.py", line 229, in forward
[rank35]:     edge_feat = self.edge_model(x[row], x[col], radial, edge_attr)
[rank35]:                 ^^^^^^^^^^^^^^^^^^^^^^^^^^^^^^^^^^^^^^^^^^^^^^^^^^
[rank35]:   File "/lustre/orion/lrn031/scratch/zye327/HydraGNN_ds/hydragnn/models/EGCLStack.py", line 186, in edge_model
[rank35]:     out = self.edge_mlp(out)
[rank35]:           ^^^^^^^^^^^^^^^^^^
[rank35]:   File "/lustre/orion/cph161/world-shared/mlupopa/max_conda_envs_frontier/envs/hydragnn_rocm600/lib/python3.11/site-packages/torch/nn/modules/module.py", line 1532, in _wrapped_call_impl
[rank35]:     return self._call_impl(*args, **kwargs)
[rank35]:            ^^^^^^^^^^^^^^^^^^^^^^^^^^^^^^^^
[rank35]:   File "/lustre/orion/cph161/world-shared/mlupopa/max_conda_envs_frontier/envs/hydragnn_rocm600/lib/python3.11/site-packages/torch/nn/modules/module.py", line 1541, in _call_impl
[rank35]:     return forward_call(*args, **kwargs)
[rank35]:            ^^^^^^^^^^^^^^^^^^^^^^^^^^^^^
[rank35]:   File "/lustre/orion/cph161/world-shared/mlupopa/max_conda_envs_frontier/envs/hydragnn_rocm600/lib/python3.11/site-packages/torch/nn/modules/container.py", line 217, in forward
[rank35]:     input = module(input)
[rank35]:             ^^^^^^^^^^^^^
[rank35]:   File "/lustre/orion/cph161/world-shared/mlupopa/max_conda_envs_frontier/envs/hydragnn_rocm600/lib/python3.11/site-packages/torch/nn/modules/module.py", line 1532, in _wrapped_call_impl
[rank35]:     return self._call_impl(*args, **kwargs)
[rank35]:            ^^^^^^^^^^^^^^^^^^^^^^^^^^^^^^^^
[rank35]:   File "/lustre/orion/cph161/world-shared/mlupopa/max_conda_envs_frontier/envs/hydragnn_rocm600/lib/python3.11/site-packages/torch/nn/modules/module.py", line 1541, in _call_impl
[rank35]:     return forward_call(*args, **kwargs)
[rank35]:            ^^^^^^^^^^^^^^^^^^^^^^^^^^^^^
[rank35]:   File "/lustre/orion/cph161/world-shared/mlupopa/max_conda_envs_frontier/envs/hydragnn_rocm600/lib/python3.11/site-packages/torch/nn/modules/activation.py", line 103, in forward
[rank35]:     return F.relu(input, inplace=self.inplace)
[rank35]:            ^^^^^^^^^^^^^^^^^^^^^^^^^^^^^^^^^^^
[rank35]:   File "/lustre/orion/cph161/world-shared/mlupopa/max_conda_envs_frontier/envs/hydragnn_rocm600/lib/python3.11/site-packages/torch/nn/functional.py", line 1500, in relu
[rank35]:     result = torch.relu(input)
[rank35]:              ^^^^^^^^^^^^^^^^^
[rank35]: torch.cuda.OutOfMemoryError: HIP out of memory. Tried to allocate 20.75 GiB. GPU  has a total capacity of 63.98 GiB of which 17.48 GiB is free. Of the allocated memory 46.01 GiB is allocated by PyTorch, and 33.63 MiB is reserved by PyTorch but unallocated. If reserved but unallocated memory is large try setting PYTORCH_HIP_ALLOC_CONF=expandable_segments:True to avoid fragmentation.  See documentation for Memory Management  (https://pytorch.org/docs/stable/notes/cuda.html#environment-variables)
[rank13]: Traceback (most recent call last):
[rank13]:   File "/lustre/orion/lrn031/scratch/zye327/HydraGNN_ds/./examples/multidataset/train_deepspeed_exportmem.py", line 419, in <module>
[rank13]:     hydragnn.train.train_validate_test(
[rank13]:   File "/lustre/orion/lrn031/scratch/zye327/HydraGNN_ds/hydragnn/train/train_validate_test.py", line 158, in train_validate_test
[rank13]:     train_loss, train_taskserr = train(
[rank13]:                                  ^^^^^^
[rank13]:   File "/lustre/orion/lrn031/scratch/zye327/HydraGNN_ds/hydragnn/train/train_validate_test.py", line 495, in train
[rank13]:     pred = model(data)
[rank13]:            ^^^^^^^^^^^
[rank13]:   File "/lustre/orion/cph161/world-shared/mlupopa/max_conda_envs_frontier/envs/hydragnn_rocm600/lib/python3.11/site-packages/torch/nn/modules/module.py", line 1532, in _wrapped_call_impl
[rank13]:     return self._call_impl(*args, **kwargs)
[rank13]:            ^^^^^^^^^^^^^^^^^^^^^^^^^^^^^^^^
[rank13]:   File "/lustre/orion/cph161/world-shared/mlupopa/max_conda_envs_frontier/envs/hydragnn_rocm600/lib/python3.11/site-packages/torch/nn/modules/module.py", line 1541, in _call_impl
[rank13]:     return forward_call(*args, **kwargs)
[rank13]:            ^^^^^^^^^^^^^^^^^^^^^^^^^^^^^
[rank13]:   File "/ccs/home/zye327/.local/lib/python3.11/site-packages/deepspeed/utils/nvtx.py", line 15, in wrapped_fn
[rank13]:     ret_val = func(*args, **kwargs)
[rank13]:               ^^^^^^^^^^^^^^^^^^^^^
[rank13]:   File "/ccs/home/zye327/.local/lib/python3.11/site-packages/deepspeed/runtime/engine.py", line 1846, in forward
[rank13]:     loss = self.module(*inputs, **kwargs)
[rank13]:            ^^^^^^^^^^^^^^^^^^^^^^^^^^^^^^
[rank13]:   File "/lustre/orion/cph161/world-shared/mlupopa/max_conda_envs_frontier/envs/hydragnn_rocm600/lib/python3.11/site-packages/torch/nn/modules/module.py", line 1532, in _wrapped_call_impl
[rank13]:     return self._call_impl(*args, **kwargs)
[rank13]:            ^^^^^^^^^^^^^^^^^^^^^^^^^^^^^^^^
[rank13]:   File "/lustre/orion/cph161/world-shared/mlupopa/max_conda_envs_frontier/envs/hydragnn_rocm600/lib/python3.11/site-packages/torch/nn/modules/module.py", line 1541, in _call_impl
[rank13]:     return forward_call(*args, **kwargs)
[rank13]:            ^^^^^^^^^^^^^^^^^^^^^^^^^^^^^
[rank13]:   File "/lustre/orion/lrn031/scratch/zye327/HydraGNN_ds/hydragnn/models/Base.py", line 297, in forward
[rank13]:     c, pos = conv(x=x, pos=pos, **conv_args)
[rank13]:              ^^^^^^^^^^^^^^^^^^^^^^^^^^^^^^^
[rank13]:   File "/lustre/orion/cph161/world-shared/mlupopa/max_conda_envs_frontier/envs/hydragnn_rocm600/lib/python3.11/site-packages/torch/nn/modules/module.py", line 1532, in _wrapped_call_impl
[rank13]:     return self._call_impl(*args, **kwargs)
[rank13]:            ^^^^^^^^^^^^^^^^^^^^^^^^^^^^^^^^
[rank13]:   File "/lustre/orion/cph161/world-shared/mlupopa/max_conda_envs_frontier/envs/hydragnn_rocm600/lib/python3.11/site-packages/torch/nn/modules/module.py", line 1541, in _call_impl
[rank13]:     return forward_call(*args, **kwargs)
[rank13]:            ^^^^^^^^^^^^^^^^^^^^^^^^^^^^^
[rank13]:   File "/tmp/torch_geometric.nn.sequential_830b2b_p9s_z_s3.py", line 17, in forward
[rank13]:     x, pos = self.module_0(x, pos, edge_index, edge_attr)
[rank13]:              ^^^^^^^^^^^^^^^^^^^^^^^^^^^^^^^^^^^^^^^^^^^^
[rank13]:   File "/lustre/orion/cph161/world-shared/mlupopa/max_conda_envs_frontier/envs/hydragnn_rocm600/lib/python3.11/site-packages/torch/nn/modules/module.py", line 1532, in _wrapped_call_impl
[rank13]:     return self._call_impl(*args, **kwargs)
[rank13]:            ^^^^^^^^^^^^^^^^^^^^^^^^^^^^^^^^
[rank13]:   File "/lustre/orion/cph161/world-shared/mlupopa/max_conda_envs_frontier/envs/hydragnn_rocm600/lib/python3.11/site-packages/torch/nn/modules/module.py", line 1541, in _call_impl
[rank13]:     return forward_call(*args, **kwargs)
[rank13]:            ^^^^^^^^^^^^^^^^^^^^^^^^^^^^^
[rank13]:   File "/lustre/orion/lrn031/scratch/zye327/HydraGNN_ds/hydragnn/models/EGCLStack.py", line 229, in forward
[rank13]:     edge_feat = self.edge_model(x[row], x[col], radial, edge_attr)
[rank13]:                 ^^^^^^^^^^^^^^^^^^^^^^^^^^^^^^^^^^^^^^^^^^^^^^^^^^
[rank13]:   File "/lustre/orion/lrn031/scratch/zye327/HydraGNN_ds/hydragnn/models/EGCLStack.py", line 186, in edge_model
[rank13]:     out = self.edge_mlp(out)
[rank13]:           ^^^^^^^^^^^^^^^^^^
[rank13]:   File "/lustre/orion/cph161/world-shared/mlupopa/max_conda_envs_frontier/envs/hydragnn_rocm600/lib/python3.11/site-packages/torch/nn/modules/module.py", line 1532, in _wrapped_call_impl
[rank13]:     return self._call_impl(*args, **kwargs)
[rank13]:            ^^^^^^^^^^^^^^^^^^^^^^^^^^^^^^^^
[rank13]:   File "/lustre/orion/cph161/world-shared/mlupopa/max_conda_envs_frontier/envs/hydragnn_rocm600/lib/python3.11/site-packages/torch/nn/modules/module.py", line 1541, in _call_impl
[rank13]:     return forward_call(*args, **kwargs)
[rank13]:            ^^^^^^^^^^^^^^^^^^^^^^^^^^^^^
[rank13]:   File "/lustre/orion/cph161/world-shared/mlupopa/max_conda_envs_frontier/envs/hydragnn_rocm600/lib/python3.11/site-packages/torch/nn/modules/container.py", line 217, in forward
[rank13]:     input = module(input)
[rank13]:             ^^^^^^^^^^^^^
[rank13]:   File "/lustre/orion/cph161/world-shared/mlupopa/max_conda_envs_frontier/envs/hydragnn_rocm600/lib/python3.11/site-packages/torch/nn/modules/module.py", line 1532, in _wrapped_call_impl
[rank13]:     return self._call_impl(*args, **kwargs)
[rank13]:            ^^^^^^^^^^^^^^^^^^^^^^^^^^^^^^^^
[rank13]:   File "/lustre/orion/cph161/world-shared/mlupopa/max_conda_envs_frontier/envs/hydragnn_rocm600/lib/python3.11/site-packages/torch/nn/modules/module.py", line 1541, in _call_impl
[rank13]:     return forward_call(*args, **kwargs)
[rank13]:            ^^^^^^^^^^^^^^^^^^^^^^^^^^^^^
[rank13]:   File "/lustre/orion/cph161/world-shared/mlupopa/max_conda_envs_frontier/envs/hydragnn_rocm600/lib/python3.11/site-packages/torch/nn/modules/activation.py", line 103, in forward
[rank13]:     return F.relu(input, inplace=self.inplace)
[rank13]:            ^^^^^^^^^^^^^^^^^^^^^^^^^^^^^^^^^^^
[rank13]:   File "/lustre/orion/cph161/world-shared/mlupopa/max_conda_envs_frontier/envs/hydragnn_rocm600/lib/python3.11/site-packages/torch/nn/functional.py", line 1500, in relu
[rank13]:     result = torch.relu(input)
[rank13]:              ^^^^^^^^^^^^^^^^^
[rank13]: torch.cuda.OutOfMemoryError: HIP out of memory. Tried to allocate 21.12 GiB. GPU  has a total capacity of 63.98 GiB of which 16.76 GiB is free. Of the allocated memory 46.74 GiB is allocated by PyTorch, and 29.18 MiB is reserved by PyTorch but unallocated. If reserved but unallocated memory is large try setting PYTORCH_HIP_ALLOC_CONF=expandable_segments:True to avoid fragmentation.  See documentation for Memory Management  (https://pytorch.org/docs/stable/notes/cuda.html#environment-variables)
[rank4]: Traceback (most recent call last):
[rank4]:   File "/lustre/orion/lrn031/scratch/zye327/HydraGNN_ds/./examples/multidataset/train_deepspeed_exportmem.py", line 419, in <module>
[rank4]:     hydragnn.train.train_validate_test(
[rank4]:   File "/lustre/orion/lrn031/scratch/zye327/HydraGNN_ds/hydragnn/train/train_validate_test.py", line 158, in train_validate_test
[rank4]:     train_loss, train_taskserr = train(
[rank4]:                                  ^^^^^^
[rank4]:   File "/lustre/orion/lrn031/scratch/zye327/HydraGNN_ds/hydragnn/train/train_validate_test.py", line 495, in train
[rank4]:     pred = model(data)
[rank4]:            ^^^^^^^^^^^
[rank4]:   File "/lustre/orion/cph161/world-shared/mlupopa/max_conda_envs_frontier/envs/hydragnn_rocm600/lib/python3.11/site-packages/torch/nn/modules/module.py", line 1532, in _wrapped_call_impl
[rank4]:     return self._call_impl(*args, **kwargs)
[rank4]:            ^^^^^^^^^^^^^^^^^^^^^^^^^^^^^^^^
[rank4]:   File "/lustre/orion/cph161/world-shared/mlupopa/max_conda_envs_frontier/envs/hydragnn_rocm600/lib/python3.11/site-packages/torch/nn/modules/module.py", line 1541, in _call_impl
[rank4]:     return forward_call(*args, **kwargs)
[rank4]:            ^^^^^^^^^^^^^^^^^^^^^^^^^^^^^
[rank4]:   File "/ccs/home/zye327/.local/lib/python3.11/site-packages/deepspeed/utils/nvtx.py", line 15, in wrapped_fn
[rank4]:     ret_val = func(*args, **kwargs)
[rank4]:               ^^^^^^^^^^^^^^^^^^^^^
[rank4]:   File "/ccs/home/zye327/.local/lib/python3.11/site-packages/deepspeed/runtime/engine.py", line 1846, in forward
[rank4]:     loss = self.module(*inputs, **kwargs)
[rank4]:            ^^^^^^^^^^^^^^^^^^^^^^^^^^^^^^
[rank4]:   File "/lustre/orion/cph161/world-shared/mlupopa/max_conda_envs_frontier/envs/hydragnn_rocm600/lib/python3.11/site-packages/torch/nn/modules/module.py", line 1532, in _wrapped_call_impl
[rank4]:     return self._call_impl(*args, **kwargs)
[rank4]:            ^^^^^^^^^^^^^^^^^^^^^^^^^^^^^^^^
[rank4]:   File "/lustre/orion/cph161/world-shared/mlupopa/max_conda_envs_frontier/envs/hydragnn_rocm600/lib/python3.11/site-packages/torch/nn/modules/module.py", line 1541, in _call_impl
[rank4]:     return forward_call(*args, **kwargs)
[rank4]:            ^^^^^^^^^^^^^^^^^^^^^^^^^^^^^
[rank4]:   File "/lustre/orion/lrn031/scratch/zye327/HydraGNN_ds/hydragnn/models/Base.py", line 297, in forward
[rank4]:     c, pos = conv(x=x, pos=pos, **conv_args)
[rank4]:              ^^^^^^^^^^^^^^^^^^^^^^^^^^^^^^^
[rank4]:   File "/lustre/orion/cph161/world-shared/mlupopa/max_conda_envs_frontier/envs/hydragnn_rocm600/lib/python3.11/site-packages/torch/nn/modules/module.py", line 1532, in _wrapped_call_impl
[rank4]:     return self._call_impl(*args, **kwargs)
[rank4]:            ^^^^^^^^^^^^^^^^^^^^^^^^^^^^^^^^
[rank4]:   File "/lustre/orion/cph161/world-shared/mlupopa/max_conda_envs_frontier/envs/hydragnn_rocm600/lib/python3.11/site-packages/torch/nn/modules/module.py", line 1541, in _call_impl
[rank4]:     return forward_call(*args, **kwargs)
[rank4]:            ^^^^^^^^^^^^^^^^^^^^^^^^^^^^^
[rank4]:   File "/tmp/torch_geometric.nn.sequential_85de18_n38lawzf.py", line 17, in forward
[rank4]:     x, pos = self.module_0(x, pos, edge_index, edge_attr)
[rank4]:              ^^^^^^^^^^^^^^^^^^^^^^^^^^^^^^^^^^^^^^^^^^^^
[rank4]:   File "/lustre/orion/cph161/world-shared/mlupopa/max_conda_envs_frontier/envs/hydragnn_rocm600/lib/python3.11/site-packages/torch/nn/modules/module.py", line 1532, in _wrapped_call_impl
[rank4]:     return self._call_impl(*args, **kwargs)
[rank4]:            ^^^^^^^^^^^^^^^^^^^^^^^^^^^^^^^^
[rank4]:   File "/lustre/orion/cph161/world-shared/mlupopa/max_conda_envs_frontier/envs/hydragnn_rocm600/lib/python3.11/site-packages/torch/nn/modules/module.py", line 1541, in _call_impl
[rank4]:     return forward_call(*args, **kwargs)
[rank4]:            ^^^^^^^^^^^^^^^^^^^^^^^^^^^^^
[rank4]:   File "/lustre/orion/lrn031/scratch/zye327/HydraGNN_ds/hydragnn/models/EGCLStack.py", line 229, in forward
[rank4]:     edge_feat = self.edge_model(x[row], x[col], radial, edge_attr)
[rank4]:                 ^^^^^^^^^^^^^^^^^^^^^^^^^^^^^^^^^^^^^^^^^^^^^^^^^^
[rank4]:   File "/lustre/orion/lrn031/scratch/zye327/HydraGNN_ds/hydragnn/models/EGCLStack.py", line 186, in edge_model
[rank4]:     out = self.edge_mlp(out)
[rank4]:           ^^^^^^^^^^^^^^^^^^
[rank4]:   File "/lustre/orion/cph161/world-shared/mlupopa/max_conda_envs_frontier/envs/hydragnn_rocm600/lib/python3.11/site-packages/torch/nn/modules/module.py", line 1532, in _wrapped_call_impl
[rank4]:     return self._call_impl(*args, **kwargs)
[rank4]:            ^^^^^^^^^^^^^^^^^^^^^^^^^^^^^^^^
[rank4]:   File "/lustre/orion/cph161/world-shared/mlupopa/max_conda_envs_frontier/envs/hydragnn_rocm600/lib/python3.11/site-packages/torch/nn/modules/module.py", line 1541, in _call_impl
[rank4]:     return forward_call(*args, **kwargs)
[rank4]:            ^^^^^^^^^^^^^^^^^^^^^^^^^^^^^
[rank4]:   File "/lustre/orion/cph161/world-shared/mlupopa/max_conda_envs_frontier/envs/hydragnn_rocm600/lib/python3.11/site-packages/torch/nn/modules/container.py", line 217, in forward
[rank4]:     input = module(input)
[rank4]:             ^^^^^^^^^^^^^
[rank4]:   File "/lustre/orion/cph161/world-shared/mlupopa/max_conda_envs_frontier/envs/hydragnn_rocm600/lib/python3.11/site-packages/torch/nn/modules/module.py", line 1532, in _wrapped_call_impl
[rank4]:     return self._call_impl(*args, **kwargs)
[rank4]:            ^^^^^^^^^^^^^^^^^^^^^^^^^^^^^^^^
[rank4]:   File "/lustre/orion/cph161/world-shared/mlupopa/max_conda_envs_frontier/envs/hydragnn_rocm600/lib/python3.11/site-packages/torch/nn/modules/module.py", line 1541, in _call_impl
[rank4]:     return forward_call(*args, **kwargs)
[rank4]:            ^^^^^^^^^^^^^^^^^^^^^^^^^^^^^
[rank4]:   File "/lustre/orion/cph161/world-shared/mlupopa/max_conda_envs_frontier/envs/hydragnn_rocm600/lib/python3.11/site-packages/torch/nn/modules/activation.py", line 103, in forward
[rank4]:     return F.relu(input, inplace=self.inplace)
[rank4]:            ^^^^^^^^^^^^^^^^^^^^^^^^^^^^^^^^^^^
[rank4]:   File "/lustre/orion/cph161/world-shared/mlupopa/max_conda_envs_frontier/envs/hydragnn_rocm600/lib/python3.11/site-packages/torch/nn/functional.py", line 1500, in relu
[rank4]:     result = torch.relu(input)
[rank4]:              ^^^^^^^^^^^^^^^^^
[rank4]: torch.cuda.OutOfMemoryError: HIP out of memory. Tried to allocate 21.09 GiB. GPU  has a total capacity of 63.98 GiB of which 16.81 GiB is free. Of the allocated memory 46.69 GiB is allocated by PyTorch, and 25.83 MiB is reserved by PyTorch but unallocated. If reserved but unallocated memory is large try setting PYTORCH_HIP_ALLOC_CONF=expandable_segments:True to avoid fragmentation.  See documentation for Memory Management  (https://pytorch.org/docs/stable/notes/cuda.html#environment-variables)
[rank12]: Traceback (most recent call last):
[rank12]:   File "/lustre/orion/lrn031/scratch/zye327/HydraGNN_ds/./examples/multidataset/train_deepspeed_exportmem.py", line 419, in <module>
[rank12]:     hydragnn.train.train_validate_test(
[rank12]:   File "/lustre/orion/lrn031/scratch/zye327/HydraGNN_ds/hydragnn/train/train_validate_test.py", line 158, in train_validate_test
[rank12]:     train_loss, train_taskserr = train(
[rank12]:                                  ^^^^^^
[rank12]:   File "/lustre/orion/lrn031/scratch/zye327/HydraGNN_ds/hydragnn/train/train_validate_test.py", line 495, in train
[rank12]:     pred = model(data)
[rank12]:            ^^^^^^^^^^^
[rank12]:   File "/lustre/orion/cph161/world-shared/mlupopa/max_conda_envs_frontier/envs/hydragnn_rocm600/lib/python3.11/site-packages/torch/nn/modules/module.py", line 1532, in _wrapped_call_impl
[rank12]:     return self._call_impl(*args, **kwargs)
[rank12]:            ^^^^^^^^^^^^^^^^^^^^^^^^^^^^^^^^
[rank12]:   File "/lustre/orion/cph161/world-shared/mlupopa/max_conda_envs_frontier/envs/hydragnn_rocm600/lib/python3.11/site-packages/torch/nn/modules/module.py", line 1541, in _call_impl
[rank12]:     return forward_call(*args, **kwargs)
[rank12]:            ^^^^^^^^^^^^^^^^^^^^^^^^^^^^^
[rank12]:   File "/ccs/home/zye327/.local/lib/python3.11/site-packages/deepspeed/utils/nvtx.py", line 15, in wrapped_fn
[rank12]:     ret_val = func(*args, **kwargs)
[rank12]:               ^^^^^^^^^^^^^^^^^^^^^
[rank12]:   File "/ccs/home/zye327/.local/lib/python3.11/site-packages/deepspeed/runtime/engine.py", line 1846, in forward
[rank12]:     loss = self.module(*inputs, **kwargs)
[rank12]:            ^^^^^^^^^^^^^^^^^^^^^^^^^^^^^^
[rank12]:   File "/lustre/orion/cph161/world-shared/mlupopa/max_conda_envs_frontier/envs/hydragnn_rocm600/lib/python3.11/site-packages/torch/nn/modules/module.py", line 1532, in _wrapped_call_impl
[rank12]:     return self._call_impl(*args, **kwargs)
[rank12]:            ^^^^^^^^^^^^^^^^^^^^^^^^^^^^^^^^
[rank12]:   File "/lustre/orion/cph161/world-shared/mlupopa/max_conda_envs_frontier/envs/hydragnn_rocm600/lib/python3.11/site-packages/torch/nn/modules/module.py", line 1541, in _call_impl
[rank12]:     return forward_call(*args, **kwargs)
[rank12]:            ^^^^^^^^^^^^^^^^^^^^^^^^^^^^^
[rank12]:   File "/lustre/orion/lrn031/scratch/zye327/HydraGNN_ds/hydragnn/models/Base.py", line 297, in forward
[rank12]:     c, pos = conv(x=x, pos=pos, **conv_args)
[rank12]:              ^^^^^^^^^^^^^^^^^^^^^^^^^^^^^^^
[rank12]:   File "/lustre/orion/cph161/world-shared/mlupopa/max_conda_envs_frontier/envs/hydragnn_rocm600/lib/python3.11/site-packages/torch/nn/modules/module.py", line 1532, in _wrapped_call_impl
[rank12]:     return self._call_impl(*args, **kwargs)
[rank12]:            ^^^^^^^^^^^^^^^^^^^^^^^^^^^^^^^^
[rank12]:   File "/lustre/orion/cph161/world-shared/mlupopa/max_conda_envs_frontier/envs/hydragnn_rocm600/lib/python3.11/site-packages/torch/nn/modules/module.py", line 1541, in _call_impl
[rank12]:     return forward_call(*args, **kwargs)
[rank12]:            ^^^^^^^^^^^^^^^^^^^^^^^^^^^^^
[rank12]:   File "/tmp/torch_geometric.nn.sequential_2b66e9__ihykxm_.py", line 17, in forward
[rank12]:     x, pos = self.module_0(x, pos, edge_index, edge_attr)
[rank12]:              ^^^^^^^^^^^^^^^^^^^^^^^^^^^^^^^^^^^^^^^^^^^^
[rank12]:   File "/lustre/orion/cph161/world-shared/mlupopa/max_conda_envs_frontier/envs/hydragnn_rocm600/lib/python3.11/site-packages/torch/nn/modules/module.py", line 1532, in _wrapped_call_impl
[rank12]:     return self._call_impl(*args, **kwargs)
[rank12]:            ^^^^^^^^^^^^^^^^^^^^^^^^^^^^^^^^
[rank12]:   File "/lustre/orion/cph161/world-shared/mlupopa/max_conda_envs_frontier/envs/hydragnn_rocm600/lib/python3.11/site-packages/torch/nn/modules/module.py", line 1541, in _call_impl
[rank12]:     return forward_call(*args, **kwargs)
[rank12]:            ^^^^^^^^^^^^^^^^^^^^^^^^^^^^^
[rank12]:   File "/lustre/orion/lrn031/scratch/zye327/HydraGNN_ds/hydragnn/models/EGCLStack.py", line 229, in forward
[rank12]:     edge_feat = self.edge_model(x[row], x[col], radial, edge_attr)
[rank12]:                 ^^^^^^^^^^^^^^^^^^^^^^^^^^^^^^^^^^^^^^^^^^^^^^^^^^
[rank12]:   File "/lustre/orion/lrn031/scratch/zye327/HydraGNN_ds/hydragnn/models/EGCLStack.py", line 186, in edge_model
[rank12]:     out = self.edge_mlp(out)
[rank12]:           ^^^^^^^^^^^^^^^^^^
[rank12]:   File "/lustre/orion/cph161/world-shared/mlupopa/max_conda_envs_frontier/envs/hydragnn_rocm600/lib/python3.11/site-packages/torch/nn/modules/module.py", line 1532, in _wrapped_call_impl
[rank12]:     return self._call_impl(*args, **kwargs)
[rank12]:            ^^^^^^^^^^^^^^^^^^^^^^^^^^^^^^^^
[rank12]:   File "/lustre/orion/cph161/world-shared/mlupopa/max_conda_envs_frontier/envs/hydragnn_rocm600/lib/python3.11/site-packages/torch/nn/modules/module.py", line 1541, in _call_impl
[rank12]:     return forward_call(*args, **kwargs)
[rank12]:            ^^^^^^^^^^^^^^^^^^^^^^^^^^^^^
[rank12]:   File "/lustre/orion/cph161/world-shared/mlupopa/max_conda_envs_frontier/envs/hydragnn_rocm600/lib/python3.11/site-packages/torch/nn/modules/container.py", line 217, in forward
[rank12]:     input = module(input)
[rank12]:             ^^^^^^^^^^^^^
[rank12]:   File "/lustre/orion/cph161/world-shared/mlupopa/max_conda_envs_frontier/envs/hydragnn_rocm600/lib/python3.11/site-packages/torch/nn/modules/module.py", line 1532, in _wrapped_call_impl
[rank12]:     return self._call_impl(*args, **kwargs)
[rank12]:            ^^^^^^^^^^^^^^^^^^^^^^^^^^^^^^^^
[rank12]:   File "/lustre/orion/cph161/world-shared/mlupopa/max_conda_envs_frontier/envs/hydragnn_rocm600/lib/python3.11/site-packages/torch/nn/modules/module.py", line 1541, in _call_impl
[rank12]:     return forward_call(*args, **kwargs)
[rank12]:            ^^^^^^^^^^^^^^^^^^^^^^^^^^^^^
[rank12]:   File "/lustre/orion/cph161/world-shared/mlupopa/max_conda_envs_frontier/envs/hydragnn_rocm600/lib/python3.11/site-packages/torch/nn/modules/activation.py", line 103, in forward
[rank12]:     return F.relu(input, inplace=self.inplace)
[rank12]:            ^^^^^^^^^^^^^^^^^^^^^^^^^^^^^^^^^^^
[rank12]:   File "/lustre/orion/cph161/world-shared/mlupopa/max_conda_envs_frontier/envs/hydragnn_rocm600/lib/python3.11/site-packages/torch/nn/functional.py", line 1500, in relu
[rank12]:     result = torch.relu(input)
[rank12]:              ^^^^^^^^^^^^^^^^^
[rank12]: torch.cuda.OutOfMemoryError: HIP out of memory. Tried to allocate 21.05 GiB. GPU  has a total capacity of 63.98 GiB of which 16.88 GiB is free. Of the allocated memory 46.62 GiB is allocated by PyTorch, and 25.86 MiB is reserved by PyTorch but unallocated. If reserved but unallocated memory is large try setting PYTORCH_HIP_ALLOC_CONF=expandable_segments:True to avoid fragmentation.  See documentation for Memory Management  (https://pytorch.org/docs/stable/notes/cuda.html#environment-variables)
[rank50]: Traceback (most recent call last):
[rank50]:   File "/lustre/orion/lrn031/scratch/zye327/HydraGNN_ds/./examples/multidataset/train_deepspeed_exportmem.py", line 419, in <module>
[rank50]:     hydragnn.train.train_validate_test(
[rank50]:   File "/lustre/orion/lrn031/scratch/zye327/HydraGNN_ds/hydragnn/train/train_validate_test.py", line 158, in train_validate_test
[rank50]:     train_loss, train_taskserr = train(
[rank50]:                                  ^^^^^^
[rank50]:   File "/lustre/orion/lrn031/scratch/zye327/HydraGNN_ds/hydragnn/train/train_validate_test.py", line 495, in train
[rank50]:     pred = model(data)
[rank50]:            ^^^^^^^^^^^
[rank50]:   File "/lustre/orion/cph161/world-shared/mlupopa/max_conda_envs_frontier/envs/hydragnn_rocm600/lib/python3.11/site-packages/torch/nn/modules/module.py", line 1532, in _wrapped_call_impl
[rank50]:     return self._call_impl(*args, **kwargs)
[rank50]:            ^^^^^^^^^^^^^^^^^^^^^^^^^^^^^^^^
[rank50]:   File "/lustre/orion/cph161/world-shared/mlupopa/max_conda_envs_frontier/envs/hydragnn_rocm600/lib/python3.11/site-packages/torch/nn/modules/module.py", line 1541, in _call_impl
[rank50]:     return forward_call(*args, **kwargs)
[rank50]:            ^^^^^^^^^^^^^^^^^^^^^^^^^^^^^
[rank50]:   File "/ccs/home/zye327/.local/lib/python3.11/site-packages/deepspeed/utils/nvtx.py", line 15, in wrapped_fn
[rank50]:     ret_val = func(*args, **kwargs)
[rank50]:               ^^^^^^^^^^^^^^^^^^^^^
[rank50]:   File "/ccs/home/zye327/.local/lib/python3.11/site-packages/deepspeed/runtime/engine.py", line 1846, in forward
[rank50]:     loss = self.module(*inputs, **kwargs)
[rank50]:            ^^^^^^^^^^^^^^^^^^^^^^^^^^^^^^
[rank50]:   File "/lustre/orion/cph161/world-shared/mlupopa/max_conda_envs_frontier/envs/hydragnn_rocm600/lib/python3.11/site-packages/torch/nn/modules/module.py", line 1532, in _wrapped_call_impl
[rank50]:     return self._call_impl(*args, **kwargs)
[rank50]:            ^^^^^^^^^^^^^^^^^^^^^^^^^^^^^^^^
[rank50]:   File "/lustre/orion/cph161/world-shared/mlupopa/max_conda_envs_frontier/envs/hydragnn_rocm600/lib/python3.11/site-packages/torch/nn/modules/module.py", line 1541, in _call_impl
[rank50]:     return forward_call(*args, **kwargs)
[rank50]:            ^^^^^^^^^^^^^^^^^^^^^^^^^^^^^
[rank50]:   File "/lustre/orion/lrn031/scratch/zye327/HydraGNN_ds/hydragnn/models/Base.py", line 297, in forward
[rank50]:     c, pos = conv(x=x, pos=pos, **conv_args)
[rank50]:              ^^^^^^^^^^^^^^^^^^^^^^^^^^^^^^^
[rank50]:   File "/lustre/orion/cph161/world-shared/mlupopa/max_conda_envs_frontier/envs/hydragnn_rocm600/lib/python3.11/site-packages/torch/nn/modules/module.py", line 1532, in _wrapped_call_impl
[rank50]:     return self._call_impl(*args, **kwargs)
[rank50]:            ^^^^^^^^^^^^^^^^^^^^^^^^^^^^^^^^
[rank50]:   File "/lustre/orion/cph161/world-shared/mlupopa/max_conda_envs_frontier/envs/hydragnn_rocm600/lib/python3.11/site-packages/torch/nn/modules/module.py", line 1541, in _call_impl
[rank50]:     return forward_call(*args, **kwargs)
[rank50]:            ^^^^^^^^^^^^^^^^^^^^^^^^^^^^^
[rank50]:   File "/tmp/torch_geometric.nn.sequential_afcc44_tsjxt9ia.py", line 17, in forward
[rank50]:     x, pos = self.module_0(x, pos, edge_index, edge_attr)
[rank50]:              ^^^^^^^^^^^^^^^^^^^^^^^^^^^^^^^^^^^^^^^^^^^^
[rank50]:   File "/lustre/orion/cph161/world-shared/mlupopa/max_conda_envs_frontier/envs/hydragnn_rocm600/lib/python3.11/site-packages/torch/nn/modules/module.py", line 1532, in _wrapped_call_impl
[rank50]:     return self._call_impl(*args, **kwargs)
[rank50]:            ^^^^^^^^^^^^^^^^^^^^^^^^^^^^^^^^
[rank50]:   File "/lustre/orion/cph161/world-shared/mlupopa/max_conda_envs_frontier/envs/hydragnn_rocm600/lib/python3.11/site-packages/torch/nn/modules/module.py", line 1541, in _call_impl
[rank50]:     return forward_call(*args, **kwargs)
[rank50]:            ^^^^^^^^^^^^^^^^^^^^^^^^^^^^^
[rank50]:   File "/lustre/orion/lrn031/scratch/zye327/HydraGNN_ds/hydragnn/models/EGCLStack.py", line 229, in forward
[rank50]:     edge_feat = self.edge_model(x[row], x[col], radial, edge_attr)
[rank50]:                 ^^^^^^^^^^^^^^^^^^^^^^^^^^^^^^^^^^^^^^^^^^^^^^^^^^
[rank50]:   File "/lustre/orion/lrn031/scratch/zye327/HydraGNN_ds/hydragnn/models/EGCLStack.py", line 186, in edge_model
[rank50]:     out = self.edge_mlp(out)
[rank50]:           ^^^^^^^^^^^^^^^^^^
[rank50]:   File "/lustre/orion/cph161/world-shared/mlupopa/max_conda_envs_frontier/envs/hydragnn_rocm600/lib/python3.11/site-packages/torch/nn/modules/module.py", line 1532, in _wrapped_call_impl
[rank50]:     return self._call_impl(*args, **kwargs)
[rank50]:            ^^^^^^^^^^^^^^^^^^^^^^^^^^^^^^^^
[rank50]:   File "/lustre/orion/cph161/world-shared/mlupopa/max_conda_envs_frontier/envs/hydragnn_rocm600/lib/python3.11/site-packages/torch/nn/modules/module.py", line 1541, in _call_impl
[rank50]:     return forward_call(*args, **kwargs)
[rank50]:            ^^^^^^^^^^^^^^^^^^^^^^^^^^^^^
[rank50]:   File "/lustre/orion/cph161/world-shared/mlupopa/max_conda_envs_frontier/envs/hydragnn_rocm600/lib/python3.11/site-packages/torch/nn/modules/container.py", line 217, in forward
[rank50]:     input = module(input)
[rank50]:             ^^^^^^^^^^^^^
[rank50]:   File "/lustre/orion/cph161/world-shared/mlupopa/max_conda_envs_frontier/envs/hydragnn_rocm600/lib/python3.11/site-packages/torch/nn/modules/module.py", line 1532, in _wrapped_call_impl
[rank50]:     return self._call_impl(*args, **kwargs)
[rank50]:            ^^^^^^^^^^^^^^^^^^^^^^^^^^^^^^^^
[rank50]:   File "/lustre/orion/cph161/world-shared/mlupopa/max_conda_envs_frontier/envs/hydragnn_rocm600/lib/python3.11/site-packages/torch/nn/modules/module.py", line 1541, in _call_impl
[rank50]:     return forward_call(*args, **kwargs)
[rank50]:            ^^^^^^^^^^^^^^^^^^^^^^^^^^^^^
[rank50]:   File "/lustre/orion/cph161/world-shared/mlupopa/max_conda_envs_frontier/envs/hydragnn_rocm600/lib/python3.11/site-packages/torch/nn/modules/activation.py", line 103, in forward
[rank50]:     return F.relu(input, inplace=self.inplace)
[rank50]:            ^^^^^^^^^^^^^^^^^^^^^^^^^^^^^^^^^^^
[rank50]:   File "/lustre/orion/cph161/world-shared/mlupopa/max_conda_envs_frontier/envs/hydragnn_rocm600/lib/python3.11/site-packages/torch/nn/functional.py", line 1500, in relu
[rank50]:     result = torch.relu(input)
[rank50]:              ^^^^^^^^^^^^^^^^^
[rank50]: torch.cuda.OutOfMemoryError: HIP out of memory. Tried to allocate 19.90 GiB. GPU  has a total capacity of 63.98 GiB of which 19.18 GiB is free. Of the allocated memory 44.31 GiB is allocated by PyTorch, and 33.43 MiB is reserved by PyTorch but unallocated. If reserved but unallocated memory is large try setting PYTORCH_HIP_ALLOC_CONF=expandable_segments:True to avoid fragmentation.  See documentation for Memory Management  (https://pytorch.org/docs/stable/notes/cuda.html#environment-variables)
[rank27]: Traceback (most recent call last):
[rank27]:   File "/lustre/orion/lrn031/scratch/zye327/HydraGNN_ds/./examples/multidataset/train_deepspeed_exportmem.py", line 419, in <module>
[rank27]:     hydragnn.train.train_validate_test(
[rank27]:   File "/lustre/orion/lrn031/scratch/zye327/HydraGNN_ds/hydragnn/train/train_validate_test.py", line 158, in train_validate_test
[rank27]:     train_loss, train_taskserr = train(
[rank27]:                                  ^^^^^^
[rank27]:   File "/lustre/orion/lrn031/scratch/zye327/HydraGNN_ds/hydragnn/train/train_validate_test.py", line 495, in train
[rank27]:     pred = model(data)
[rank27]:            ^^^^^^^^^^^
[rank27]:   File "/lustre/orion/cph161/world-shared/mlupopa/max_conda_envs_frontier/envs/hydragnn_rocm600/lib/python3.11/site-packages/torch/nn/modules/module.py", line 1532, in _wrapped_call_impl
[rank27]:     return self._call_impl(*args, **kwargs)
[rank27]:            ^^^^^^^^^^^^^^^^^^^^^^^^^^^^^^^^
[rank27]:   File "/lustre/orion/cph161/world-shared/mlupopa/max_conda_envs_frontier/envs/hydragnn_rocm600/lib/python3.11/site-packages/torch/nn/modules/module.py", line 1541, in _call_impl
[rank27]:     return forward_call(*args, **kwargs)
[rank27]:            ^^^^^^^^^^^^^^^^^^^^^^^^^^^^^
[rank27]:   File "/ccs/home/zye327/.local/lib/python3.11/site-packages/deepspeed/utils/nvtx.py", line 15, in wrapped_fn
[rank27]:     ret_val = func(*args, **kwargs)
[rank27]:               ^^^^^^^^^^^^^^^^^^^^^
[rank27]:   File "/ccs/home/zye327/.local/lib/python3.11/site-packages/deepspeed/runtime/engine.py", line 1846, in forward
[rank27]:     loss = self.module(*inputs, **kwargs)
[rank27]:            ^^^^^^^^^^^^^^^^^^^^^^^^^^^^^^
[rank27]:   File "/lustre/orion/cph161/world-shared/mlupopa/max_conda_envs_frontier/envs/hydragnn_rocm600/lib/python3.11/site-packages/torch/nn/modules/module.py", line 1532, in _wrapped_call_impl
[rank27]:     return self._call_impl(*args, **kwargs)
[rank27]:            ^^^^^^^^^^^^^^^^^^^^^^^^^^^^^^^^
[rank27]:   File "/lustre/orion/cph161/world-shared/mlupopa/max_conda_envs_frontier/envs/hydragnn_rocm600/lib/python3.11/site-packages/torch/nn/modules/module.py", line 1541, in _call_impl
[rank27]:     return forward_call(*args, **kwargs)
[rank27]:            ^^^^^^^^^^^^^^^^^^^^^^^^^^^^^
[rank27]:   File "/lustre/orion/lrn031/scratch/zye327/HydraGNN_ds/hydragnn/models/Base.py", line 297, in forward
[rank27]:     c, pos = conv(x=x, pos=pos, **conv_args)
[rank27]:              ^^^^^^^^^^^^^^^^^^^^^^^^^^^^^^^
[rank27]:   File "/lustre/orion/cph161/world-shared/mlupopa/max_conda_envs_frontier/envs/hydragnn_rocm600/lib/python3.11/site-packages/torch/nn/modules/module.py", line 1532, in _wrapped_call_impl
[rank27]:     return self._call_impl(*args, **kwargs)
[rank27]:            ^^^^^^^^^^^^^^^^^^^^^^^^^^^^^^^^
[rank27]:   File "/lustre/orion/cph161/world-shared/mlupopa/max_conda_envs_frontier/envs/hydragnn_rocm600/lib/python3.11/site-packages/torch/nn/modules/module.py", line 1541, in _call_impl
[rank27]:     return forward_call(*args, **kwargs)
[rank27]:            ^^^^^^^^^^^^^^^^^^^^^^^^^^^^^
[rank27]:   File "/tmp/torch_geometric.nn.sequential_127ae4_isv86hvv.py", line 17, in forward
[rank27]:     x, pos = self.module_0(x, pos, edge_index, edge_attr)
[rank27]:              ^^^^^^^^^^^^^^^^^^^^^^^^^^^^^^^^^^^^^^^^^^^^
[rank27]:   File "/lustre/orion/cph161/world-shared/mlupopa/max_conda_envs_frontier/envs/hydragnn_rocm600/lib/python3.11/site-packages/torch/nn/modules/module.py", line 1532, in _wrapped_call_impl
[rank27]:     return self._call_impl(*args, **kwargs)
[rank27]:            ^^^^^^^^^^^^^^^^^^^^^^^^^^^^^^^^
[rank27]:   File "/lustre/orion/cph161/world-shared/mlupopa/max_conda_envs_frontier/envs/hydragnn_rocm600/lib/python3.11/site-packages/torch/nn/modules/module.py", line 1541, in _call_impl
[rank27]:     return forward_call(*args, **kwargs)
[rank27]:            ^^^^^^^^^^^^^^^^^^^^^^^^^^^^^
[rank27]:   File "/lustre/orion/lrn031/scratch/zye327/HydraGNN_ds/hydragnn/models/EGCLStack.py", line 229, in forward
[rank27]:     edge_feat = self.edge_model(x[row], x[col], radial, edge_attr)
[rank27]:                 ^^^^^^^^^^^^^^^^^^^^^^^^^^^^^^^^^^^^^^^^^^^^^^^^^^
[rank27]:   File "/lustre/orion/lrn031/scratch/zye327/HydraGNN_ds/hydragnn/models/EGCLStack.py", line 186, in edge_model
[rank27]:     out = self.edge_mlp(out)
[rank27]:           ^^^^^^^^^^^^^^^^^^
[rank27]:   File "/lustre/orion/cph161/world-shared/mlupopa/max_conda_envs_frontier/envs/hydragnn_rocm600/lib/python3.11/site-packages/torch/nn/modules/module.py", line 1532, in _wrapped_call_impl
[rank27]:     return self._call_impl(*args, **kwargs)
[rank27]:            ^^^^^^^^^^^^^^^^^^^^^^^^^^^^^^^^
[rank27]:   File "/lustre/orion/cph161/world-shared/mlupopa/max_conda_envs_frontier/envs/hydragnn_rocm600/lib/python3.11/site-packages/torch/nn/modules/module.py", line 1541, in _call_impl
[rank27]:     return forward_call(*args, **kwargs)
[rank27]:            ^^^^^^^^^^^^^^^^^^^^^^^^^^^^^
[rank27]:   File "/lustre/orion/cph161/world-shared/mlupopa/max_conda_envs_frontier/envs/hydragnn_rocm600/lib/python3.11/site-packages/torch/nn/modules/container.py", line 217, in forward
[rank27]:     input = module(input)
[rank27]:             ^^^^^^^^^^^^^
[rank27]:   File "/lustre/orion/cph161/world-shared/mlupopa/max_conda_envs_frontier/envs/hydragnn_rocm600/lib/python3.11/site-packages/torch/nn/modules/module.py", line 1532, in _wrapped_call_impl
[rank27]:     return self._call_impl(*args, **kwargs)
[rank27]:            ^^^^^^^^^^^^^^^^^^^^^^^^^^^^^^^^
[rank27]:   File "/lustre/orion/cph161/world-shared/mlupopa/max_conda_envs_frontier/envs/hydragnn_rocm600/lib/python3.11/site-packages/torch/nn/modules/module.py", line 1541, in _call_impl
[rank27]:     return forward_call(*args, **kwargs)
[rank27]:            ^^^^^^^^^^^^^^^^^^^^^^^^^^^^^
[rank27]:   File "/lustre/orion/cph161/world-shared/mlupopa/max_conda_envs_frontier/envs/hydragnn_rocm600/lib/python3.11/site-packages/torch/nn/modules/activation.py", line 103, in forward
[rank27]:     return F.relu(input, inplace=self.inplace)
[rank27]:            ^^^^^^^^^^^^^^^^^^^^^^^^^^^^^^^^^^^
[rank27]:   File "/lustre/orion/cph161/world-shared/mlupopa/max_conda_envs_frontier/envs/hydragnn_rocm600/lib/python3.11/site-packages/torch/nn/functional.py", line 1500, in relu
[rank27]:     result = torch.relu(input)
[rank27]:              ^^^^^^^^^^^^^^^^^
[rank27]: torch.cuda.OutOfMemoryError: HIP out of memory. Tried to allocate 20.62 GiB. GPU  has a total capacity of 63.98 GiB of which 17.74 GiB is free. Of the allocated memory 45.76 GiB is allocated by PyTorch, and 34.16 MiB is reserved by PyTorch but unallocated. If reserved but unallocated memory is large try setting PYTORCH_HIP_ALLOC_CONF=expandable_segments:True to avoid fragmentation.  See documentation for Memory Management  (https://pytorch.org/docs/stable/notes/cuda.html#environment-variables)
[rank29]: Traceback (most recent call last):
[rank29]:   File "/lustre/orion/lrn031/scratch/zye327/HydraGNN_ds/./examples/multidataset/train_deepspeed_exportmem.py", line 419, in <module>
[rank29]:     hydragnn.train.train_validate_test(
[rank29]:   File "/lustre/orion/lrn031/scratch/zye327/HydraGNN_ds/hydragnn/train/train_validate_test.py", line 158, in train_validate_test
[rank29]:     train_loss, train_taskserr = train(
[rank29]:                                  ^^^^^^
[rank29]:   File "/lustre/orion/lrn031/scratch/zye327/HydraGNN_ds/hydragnn/train/train_validate_test.py", line 495, in train
[rank29]:     pred = model(data)
[rank29]:            ^^^^^^^^^^^
[rank29]:   File "/lustre/orion/cph161/world-shared/mlupopa/max_conda_envs_frontier/envs/hydragnn_rocm600/lib/python3.11/site-packages/torch/nn/modules/module.py", line 1532, in _wrapped_call_impl
[rank29]:     return self._call_impl(*args, **kwargs)
[rank29]:            ^^^^^^^^^^^^^^^^^^^^^^^^^^^^^^^^
[rank29]:   File "/lustre/orion/cph161/world-shared/mlupopa/max_conda_envs_frontier/envs/hydragnn_rocm600/lib/python3.11/site-packages/torch/nn/modules/module.py", line 1541, in _call_impl
[rank29]:     return forward_call(*args, **kwargs)
[rank29]:            ^^^^^^^^^^^^^^^^^^^^^^^^^^^^^
[rank29]:   File "/ccs/home/zye327/.local/lib/python3.11/site-packages/deepspeed/utils/nvtx.py", line 15, in wrapped_fn
[rank29]:     ret_val = func(*args, **kwargs)
[rank29]:               ^^^^^^^^^^^^^^^^^^^^^
[rank29]:   File "/ccs/home/zye327/.local/lib/python3.11/site-packages/deepspeed/runtime/engine.py", line 1846, in forward
[rank29]:     loss = self.module(*inputs, **kwargs)
[rank29]:            ^^^^^^^^^^^^^^^^^^^^^^^^^^^^^^
[rank29]:   File "/lustre/orion/cph161/world-shared/mlupopa/max_conda_envs_frontier/envs/hydragnn_rocm600/lib/python3.11/site-packages/torch/nn/modules/module.py", line 1532, in _wrapped_call_impl
[rank29]:     return self._call_impl(*args, **kwargs)
[rank29]:            ^^^^^^^^^^^^^^^^^^^^^^^^^^^^^^^^
[rank29]:   File "/lustre/orion/cph161/world-shared/mlupopa/max_conda_envs_frontier/envs/hydragnn_rocm600/lib/python3.11/site-packages/torch/nn/modules/module.py", line 1541, in _call_impl
[rank29]:     return forward_call(*args, **kwargs)
[rank29]:            ^^^^^^^^^^^^^^^^^^^^^^^^^^^^^
[rank29]:   File "/lustre/orion/lrn031/scratch/zye327/HydraGNN_ds/hydragnn/models/Base.py", line 297, in forward
[rank29]:     c, pos = conv(x=x, pos=pos, **conv_args)
[rank29]:              ^^^^^^^^^^^^^^^^^^^^^^^^^^^^^^^
[rank29]:   File "/lustre/orion/cph161/world-shared/mlupopa/max_conda_envs_frontier/envs/hydragnn_rocm600/lib/python3.11/site-packages/torch/nn/modules/module.py", line 1532, in _wrapped_call_impl
[rank29]:     return self._call_impl(*args, **kwargs)
[rank29]:            ^^^^^^^^^^^^^^^^^^^^^^^^^^^^^^^^
[rank29]:   File "/lustre/orion/cph161/world-shared/mlupopa/max_conda_envs_frontier/envs/hydragnn_rocm600/lib/python3.11/site-packages/torch/nn/modules/module.py", line 1541, in _call_impl
[rank29]:     return forward_call(*args, **kwargs)
[rank29]:            ^^^^^^^^^^^^^^^^^^^^^^^^^^^^^
[rank29]:   File "/tmp/torch_geometric.nn.sequential_9ecf71_4wef9n9l.py", line 17, in forward
[rank29]:     x, pos = self.module_0(x, pos, edge_index, edge_attr)
[rank29]:              ^^^^^^^^^^^^^^^^^^^^^^^^^^^^^^^^^^^^^^^^^^^^
[rank29]:   File "/lustre/orion/cph161/world-shared/mlupopa/max_conda_envs_frontier/envs/hydragnn_rocm600/lib/python3.11/site-packages/torch/nn/modules/module.py", line 1532, in _wrapped_call_impl
[rank29]:     return self._call_impl(*args, **kwargs)
[rank29]:            ^^^^^^^^^^^^^^^^^^^^^^^^^^^^^^^^
[rank29]:   File "/lustre/orion/cph161/world-shared/mlupopa/max_conda_envs_frontier/envs/hydragnn_rocm600/lib/python3.11/site-packages/torch/nn/modules/module.py", line 1541, in _call_impl
[rank29]:     return forward_call(*args, **kwargs)
[rank29]:            ^^^^^^^^^^^^^^^^^^^^^^^^^^^^^
[rank29]:   File "/lustre/orion/lrn031/scratch/zye327/HydraGNN_ds/hydragnn/models/EGCLStack.py", line 229, in forward
[rank29]:     edge_feat = self.edge_model(x[row], x[col], radial, edge_attr)
[rank29]:                 ^^^^^^^^^^^^^^^^^^^^^^^^^^^^^^^^^^^^^^^^^^^^^^^^^^
[rank29]:   File "/lustre/orion/lrn031/scratch/zye327/HydraGNN_ds/hydragnn/models/EGCLStack.py", line 186, in edge_model
[rank29]:     out = self.edge_mlp(out)
[rank29]:           ^^^^^^^^^^^^^^^^^^
[rank29]:   File "/lustre/orion/cph161/world-shared/mlupopa/max_conda_envs_frontier/envs/hydragnn_rocm600/lib/python3.11/site-packages/torch/nn/modules/module.py", line 1532, in _wrapped_call_impl
[rank29]:     return self._call_impl(*args, **kwargs)
[rank29]:            ^^^^^^^^^^^^^^^^^^^^^^^^^^^^^^^^
[rank29]:   File "/lustre/orion/cph161/world-shared/mlupopa/max_conda_envs_frontier/envs/hydragnn_rocm600/lib/python3.11/site-packages/torch/nn/modules/module.py", line 1541, in _call_impl
[rank29]:     return forward_call(*args, **kwargs)
[rank29]:            ^^^^^^^^^^^^^^^^^^^^^^^^^^^^^
[rank29]:   File "/lustre/orion/cph161/world-shared/mlupopa/max_conda_envs_frontier/envs/hydragnn_rocm600/lib/python3.11/site-packages/torch/nn/modules/container.py", line 217, in forward
[rank29]:     input = module(input)
[rank29]:             ^^^^^^^^^^^^^
[rank29]:   File "/lustre/orion/cph161/world-shared/mlupopa/max_conda_envs_frontier/envs/hydragnn_rocm600/lib/python3.11/site-packages/torch/nn/modules/module.py", line 1532, in _wrapped_call_impl
[rank29]:     return self._call_impl(*args, **kwargs)
[rank29]:            ^^^^^^^^^^^^^^^^^^^^^^^^^^^^^^^^
[rank29]:   File "/lustre/orion/cph161/world-shared/mlupopa/max_conda_envs_frontier/envs/hydragnn_rocm600/lib/python3.11/site-packages/torch/nn/modules/module.py", line 1541, in _call_impl
[rank29]:     return forward_call(*args, **kwargs)
[rank29]:            ^^^^^^^^^^^^^^^^^^^^^^^^^^^^^
[rank29]:   File "/lustre/orion/cph161/world-shared/mlupopa/max_conda_envs_frontier/envs/hydragnn_rocm600/lib/python3.11/site-packages/torch/nn/modules/activation.py", line 103, in forward
[rank29]:     return F.relu(input, inplace=self.inplace)
[rank29]:            ^^^^^^^^^^^^^^^^^^^^^^^^^^^^^^^^^^^
[rank29]:   File "/lustre/orion/cph161/world-shared/mlupopa/max_conda_envs_frontier/envs/hydragnn_rocm600/lib/python3.11/site-packages/torch/nn/functional.py", line 1500, in relu
[rank29]:     result = torch.relu(input)
[rank29]:              ^^^^^^^^^^^^^^^^^
[rank29]: torch.cuda.OutOfMemoryError: HIP out of memory. Tried to allocate 20.27 GiB. GPU  has a total capacity of 63.98 GiB of which 18.45 GiB is free. Of the allocated memory 45.04 GiB is allocated by PyTorch, and 33.84 MiB is reserved by PyTorch but unallocated. If reserved but unallocated memory is large try setting PYTORCH_HIP_ALLOC_CONF=expandable_segments:True to avoid fragmentation.  See documentation for Memory Management  (https://pytorch.org/docs/stable/notes/cuda.html#environment-variables)
[rank31]: Traceback (most recent call last):
[rank31]:   File "/lustre/orion/lrn031/scratch/zye327/HydraGNN_ds/./examples/multidataset/train_deepspeed_exportmem.py", line 419, in <module>
[rank31]:     hydragnn.train.train_validate_test(
[rank31]:   File "/lustre/orion/lrn031/scratch/zye327/HydraGNN_ds/hydragnn/train/train_validate_test.py", line 158, in train_validate_test
[rank31]:     train_loss, train_taskserr = train(
[rank31]:                                  ^^^^^^
[rank31]:   File "/lustre/orion/lrn031/scratch/zye327/HydraGNN_ds/hydragnn/train/train_validate_test.py", line 495, in train
[rank31]:     pred = model(data)
[rank31]:            ^^^^^^^^^^^
[rank31]:   File "/lustre/orion/cph161/world-shared/mlupopa/max_conda_envs_frontier/envs/hydragnn_rocm600/lib/python3.11/site-packages/torch/nn/modules/module.py", line 1532, in _wrapped_call_impl
[rank31]:     return self._call_impl(*args, **kwargs)
[rank31]:            ^^^^^^^^^^^^^^^^^^^^^^^^^^^^^^^^
[rank31]:   File "/lustre/orion/cph161/world-shared/mlupopa/max_conda_envs_frontier/envs/hydragnn_rocm600/lib/python3.11/site-packages/torch/nn/modules/module.py", line 1541, in _call_impl
[rank31]:     return forward_call(*args, **kwargs)
[rank31]:            ^^^^^^^^^^^^^^^^^^^^^^^^^^^^^
[rank31]:   File "/ccs/home/zye327/.local/lib/python3.11/site-packages/deepspeed/utils/nvtx.py", line 15, in wrapped_fn
[rank31]:     ret_val = func(*args, **kwargs)
[rank31]:               ^^^^^^^^^^^^^^^^^^^^^
[rank31]:   File "/ccs/home/zye327/.local/lib/python3.11/site-packages/deepspeed/runtime/engine.py", line 1846, in forward
[rank31]:     loss = self.module(*inputs, **kwargs)
[rank31]:            ^^^^^^^^^^^^^^^^^^^^^^^^^^^^^^
[rank31]:   File "/lustre/orion/cph161/world-shared/mlupopa/max_conda_envs_frontier/envs/hydragnn_rocm600/lib/python3.11/site-packages/torch/nn/modules/module.py", line 1532, in _wrapped_call_impl
[rank31]:     return self._call_impl(*args, **kwargs)
[rank31]:            ^^^^^^^^^^^^^^^^^^^^^^^^^^^^^^^^
[rank31]:   File "/lustre/orion/cph161/world-shared/mlupopa/max_conda_envs_frontier/envs/hydragnn_rocm600/lib/python3.11/site-packages/torch/nn/modules/module.py", line 1541, in _call_impl
[rank31]:     return forward_call(*args, **kwargs)
[rank31]:            ^^^^^^^^^^^^^^^^^^^^^^^^^^^^^
[rank31]:   File "/lustre/orion/lrn031/scratch/zye327/HydraGNN_ds/hydragnn/models/Base.py", line 297, in forward
[rank31]:     c, pos = conv(x=x, pos=pos, **conv_args)
[rank31]:              ^^^^^^^^^^^^^^^^^^^^^^^^^^^^^^^
[rank31]:   File "/lustre/orion/cph161/world-shared/mlupopa/max_conda_envs_frontier/envs/hydragnn_rocm600/lib/python3.11/site-packages/torch/nn/modules/module.py", line 1532, in _wrapped_call_impl
[rank31]:     return self._call_impl(*args, **kwargs)
[rank31]:            ^^^^^^^^^^^^^^^^^^^^^^^^^^^^^^^^
[rank31]:   File "/lustre/orion/cph161/world-shared/mlupopa/max_conda_envs_frontier/envs/hydragnn_rocm600/lib/python3.11/site-packages/torch/nn/modules/module.py", line 1541, in _call_impl
[rank31]:     return forward_call(*args, **kwargs)
[rank31]:            ^^^^^^^^^^^^^^^^^^^^^^^^^^^^^
[rank31]:   File "/tmp/torch_geometric.nn.sequential_39bcee_p_bnurmb.py", line 17, in forward
[rank31]:     x, pos = self.module_0(x, pos, edge_index, edge_attr)
[rank31]:              ^^^^^^^^^^^^^^^^^^^^^^^^^^^^^^^^^^^^^^^^^^^^
[rank31]:   File "/lustre/orion/cph161/world-shared/mlupopa/max_conda_envs_frontier/envs/hydragnn_rocm600/lib/python3.11/site-packages/torch/nn/modules/module.py", line 1532, in _wrapped_call_impl
[rank31]:     return self._call_impl(*args, **kwargs)
[rank31]:            ^^^^^^^^^^^^^^^^^^^^^^^^^^^^^^^^
[rank31]:   File "/lustre/orion/cph161/world-shared/mlupopa/max_conda_envs_frontier/envs/hydragnn_rocm600/lib/python3.11/site-packages/torch/nn/modules/module.py", line 1541, in _call_impl
[rank31]:     return forward_call(*args, **kwargs)
[rank31]:            ^^^^^^^^^^^^^^^^^^^^^^^^^^^^^
[rank31]:   File "/lustre/orion/lrn031/scratch/zye327/HydraGNN_ds/hydragnn/models/EGCLStack.py", line 229, in forward
[rank31]:     edge_feat = self.edge_model(x[row], x[col], radial, edge_attr)
[rank31]:                 ^^^^^^^^^^^^^^^^^^^^^^^^^^^^^^^^^^^^^^^^^^^^^^^^^^
[rank31]:   File "/lustre/orion/lrn031/scratch/zye327/HydraGNN_ds/hydragnn/models/EGCLStack.py", line 186, in edge_model
[rank31]:     out = self.edge_mlp(out)
[rank31]:           ^^^^^^^^^^^^^^^^^^
[rank31]:   File "/lustre/orion/cph161/world-shared/mlupopa/max_conda_envs_frontier/envs/hydragnn_rocm600/lib/python3.11/site-packages/torch/nn/modules/module.py", line 1532, in _wrapped_call_impl
[rank31]:     return self._call_impl(*args, **kwargs)
[rank31]:            ^^^^^^^^^^^^^^^^^^^^^^^^^^^^^^^^
[rank31]:   File "/lustre/orion/cph161/world-shared/mlupopa/max_conda_envs_frontier/envs/hydragnn_rocm600/lib/python3.11/site-packages/torch/nn/modules/module.py", line 1541, in _call_impl
[rank31]:     return forward_call(*args, **kwargs)
[rank31]:            ^^^^^^^^^^^^^^^^^^^^^^^^^^^^^
[rank31]:   File "/lustre/orion/cph161/world-shared/mlupopa/max_conda_envs_frontier/envs/hydragnn_rocm600/lib/python3.11/site-packages/torch/nn/modules/container.py", line 217, in forward
[rank31]:     input = module(input)
[rank31]:             ^^^^^^^^^^^^^
[rank31]:   File "/lustre/orion/cph161/world-shared/mlupopa/max_conda_envs_frontier/envs/hydragnn_rocm600/lib/python3.11/site-packages/torch/nn/modules/module.py", line 1532, in _wrapped_call_impl
[rank31]:     return self._call_impl(*args, **kwargs)
[rank31]:            ^^^^^^^^^^^^^^^^^^^^^^^^^^^^^^^^
[rank31]:   File "/lustre/orion/cph161/world-shared/mlupopa/max_conda_envs_frontier/envs/hydragnn_rocm600/lib/python3.11/site-packages/torch/nn/modules/module.py", line 1541, in _call_impl
[rank31]:     return forward_call(*args, **kwargs)
[rank31]:            ^^^^^^^^^^^^^^^^^^^^^^^^^^^^^
[rank31]:   File "/lustre/orion/cph161/world-shared/mlupopa/max_conda_envs_frontier/envs/hydragnn_rocm600/lib/python3.11/site-packages/torch/nn/modules/activation.py", line 103, in forward
[rank31]:     return F.relu(input, inplace=self.inplace)
[rank31]:            ^^^^^^^^^^^^^^^^^^^^^^^^^^^^^^^^^^^
[rank31]:   File "/lustre/orion/cph161/world-shared/mlupopa/max_conda_envs_frontier/envs/hydragnn_rocm600/lib/python3.11/site-packages/torch/nn/functional.py", line 1500, in relu
[rank31]:     result = torch.relu(input)
[rank31]:              ^^^^^^^^^^^^^^^^^
[rank31]: torch.cuda.OutOfMemoryError: HIP out of memory. Tried to allocate 20.66 GiB. GPU  has a total capacity of 63.98 GiB of which 17.67 GiB is free. Of the allocated memory 45.82 GiB is allocated by PyTorch, and 35.02 MiB is reserved by PyTorch but unallocated. If reserved but unallocated memory is large try setting PYTORCH_HIP_ALLOC_CONF=expandable_segments:True to avoid fragmentation.  See documentation for Memory Management  (https://pytorch.org/docs/stable/notes/cuda.html#environment-variables)
[rank41]: Traceback (most recent call last):
[rank41]:   File "/lustre/orion/lrn031/scratch/zye327/HydraGNN_ds/./examples/multidataset/train_deepspeed_exportmem.py", line 419, in <module>
[rank41]:     hydragnn.train.train_validate_test(
[rank41]:   File "/lustre/orion/lrn031/scratch/zye327/HydraGNN_ds/hydragnn/train/train_validate_test.py", line 158, in train_validate_test
[rank41]:     train_loss, train_taskserr = train(
[rank41]:                                  ^^^^^^
[rank41]:   File "/lustre/orion/lrn031/scratch/zye327/HydraGNN_ds/hydragnn/train/train_validate_test.py", line 495, in train
[rank41]:     pred = model(data)
[rank41]:            ^^^^^^^^^^^
[rank41]:   File "/lustre/orion/cph161/world-shared/mlupopa/max_conda_envs_frontier/envs/hydragnn_rocm600/lib/python3.11/site-packages/torch/nn/modules/module.py", line 1532, in _wrapped_call_impl
[rank41]:     return self._call_impl(*args, **kwargs)
[rank41]:            ^^^^^^^^^^^^^^^^^^^^^^^^^^^^^^^^
[rank41]:   File "/lustre/orion/cph161/world-shared/mlupopa/max_conda_envs_frontier/envs/hydragnn_rocm600/lib/python3.11/site-packages/torch/nn/modules/module.py", line 1541, in _call_impl
[rank41]:     return forward_call(*args, **kwargs)
[rank41]:            ^^^^^^^^^^^^^^^^^^^^^^^^^^^^^
[rank41]:   File "/ccs/home/zye327/.local/lib/python3.11/site-packages/deepspeed/utils/nvtx.py", line 15, in wrapped_fn
[rank41]:     ret_val = func(*args, **kwargs)
[rank41]:               ^^^^^^^^^^^^^^^^^^^^^
[rank41]:   File "/ccs/home/zye327/.local/lib/python3.11/site-packages/deepspeed/runtime/engine.py", line 1846, in forward
[rank41]:     loss = self.module(*inputs, **kwargs)
[rank41]:            ^^^^^^^^^^^^^^^^^^^^^^^^^^^^^^
[rank41]:   File "/lustre/orion/cph161/world-shared/mlupopa/max_conda_envs_frontier/envs/hydragnn_rocm600/lib/python3.11/site-packages/torch/nn/modules/module.py", line 1532, in _wrapped_call_impl
[rank41]:     return self._call_impl(*args, **kwargs)
[rank41]:            ^^^^^^^^^^^^^^^^^^^^^^^^^^^^^^^^
[rank41]:   File "/lustre/orion/cph161/world-shared/mlupopa/max_conda_envs_frontier/envs/hydragnn_rocm600/lib/python3.11/site-packages/torch/nn/modules/module.py", line 1541, in _call_impl
[rank41]:     return forward_call(*args, **kwargs)
[rank41]:            ^^^^^^^^^^^^^^^^^^^^^^^^^^^^^
[rank41]:   File "/lustre/orion/lrn031/scratch/zye327/HydraGNN_ds/hydragnn/models/Base.py", line 297, in forward
[rank41]:     c, pos = conv(x=x, pos=pos, **conv_args)
[rank41]:              ^^^^^^^^^^^^^^^^^^^^^^^^^^^^^^^
[rank41]:   File "/lustre/orion/cph161/world-shared/mlupopa/max_conda_envs_frontier/envs/hydragnn_rocm600/lib/python3.11/site-packages/torch/nn/modules/module.py", line 1532, in _wrapped_call_impl
[rank41]:     return self._call_impl(*args, **kwargs)
[rank41]:            ^^^^^^^^^^^^^^^^^^^^^^^^^^^^^^^^
[rank41]:   File "/lustre/orion/cph161/world-shared/mlupopa/max_conda_envs_frontier/envs/hydragnn_rocm600/lib/python3.11/site-packages/torch/nn/modules/module.py", line 1541, in _call_impl
[rank41]:     return forward_call(*args, **kwargs)
[rank41]:            ^^^^^^^^^^^^^^^^^^^^^^^^^^^^^
[rank41]:   File "/tmp/torch_geometric.nn.sequential_2ff5f2_fgr2ah11.py", line 17, in forward
[rank41]:     x, pos = self.module_0(x, pos, edge_index, edge_attr)
[rank41]:              ^^^^^^^^^^^^^^^^^^^^^^^^^^^^^^^^^^^^^^^^^^^^
[rank41]:   File "/lustre/orion/cph161/world-shared/mlupopa/max_conda_envs_frontier/envs/hydragnn_rocm600/lib/python3.11/site-packages/torch/nn/modules/module.py", line 1532, in _wrapped_call_impl
[rank41]:     return self._call_impl(*args, **kwargs)
[rank41]:            ^^^^^^^^^^^^^^^^^^^^^^^^^^^^^^^^
[rank41]:   File "/lustre/orion/cph161/world-shared/mlupopa/max_conda_envs_frontier/envs/hydragnn_rocm600/lib/python3.11/site-packages/torch/nn/modules/module.py", line 1541, in _call_impl
[rank41]:     return forward_call(*args, **kwargs)
[rank41]:            ^^^^^^^^^^^^^^^^^^^^^^^^^^^^^
[rank41]:   File "/lustre/orion/lrn031/scratch/zye327/HydraGNN_ds/hydragnn/models/EGCLStack.py", line 229, in forward
[rank41]:     edge_feat = self.edge_model(x[row], x[col], radial, edge_attr)
[rank41]:                 ^^^^^^^^^^^^^^^^^^^^^^^^^^^^^^^^^^^^^^^^^^^^^^^^^^
[rank41]:   File "/lustre/orion/lrn031/scratch/zye327/HydraGNN_ds/hydragnn/models/EGCLStack.py", line 186, in edge_model
[rank41]:     out = self.edge_mlp(out)
[rank41]:           ^^^^^^^^^^^^^^^^^^
[rank41]:   File "/lustre/orion/cph161/world-shared/mlupopa/max_conda_envs_frontier/envs/hydragnn_rocm600/lib/python3.11/site-packages/torch/nn/modules/module.py", line 1532, in _wrapped_call_impl
[rank41]:     return self._call_impl(*args, **kwargs)
[rank41]:            ^^^^^^^^^^^^^^^^^^^^^^^^^^^^^^^^
[rank41]:   File "/lustre/orion/cph161/world-shared/mlupopa/max_conda_envs_frontier/envs/hydragnn_rocm600/lib/python3.11/site-packages/torch/nn/modules/module.py", line 1541, in _call_impl
[rank41]:     return forward_call(*args, **kwargs)
[rank41]:            ^^^^^^^^^^^^^^^^^^^^^^^^^^^^^
[rank41]:   File "/lustre/orion/cph161/world-shared/mlupopa/max_conda_envs_frontier/envs/hydragnn_rocm600/lib/python3.11/site-packages/torch/nn/modules/container.py", line 217, in forward
[rank41]:     input = module(input)
[rank41]:             ^^^^^^^^^^^^^
[rank41]:   File "/lustre/orion/cph161/world-shared/mlupopa/max_conda_envs_frontier/envs/hydragnn_rocm600/lib/python3.11/site-packages/torch/nn/modules/module.py", line 1532, in _wrapped_call_impl
[rank41]:     return self._call_impl(*args, **kwargs)
[rank41]:            ^^^^^^^^^^^^^^^^^^^^^^^^^^^^^^^^
[rank41]:   File "/lustre/orion/cph161/world-shared/mlupopa/max_conda_envs_frontier/envs/hydragnn_rocm600/lib/python3.11/site-packages/torch/nn/modules/module.py", line 1541, in _call_impl
[rank41]:     return forward_call(*args, **kwargs)
[rank41]:            ^^^^^^^^^^^^^^^^^^^^^^^^^^^^^
[rank41]:   File "/lustre/orion/cph161/world-shared/mlupopa/max_conda_envs_frontier/envs/hydragnn_rocm600/lib/python3.11/site-packages/torch/nn/modules/activation.py", line 103, in forward
[rank41]:     return F.relu(input, inplace=self.inplace)
[rank41]:            ^^^^^^^^^^^^^^^^^^^^^^^^^^^^^^^^^^^
[rank41]:   File "/lustre/orion/cph161/world-shared/mlupopa/max_conda_envs_frontier/envs/hydragnn_rocm600/lib/python3.11/site-packages/torch/nn/functional.py", line 1500, in relu
[rank41]:     result = torch.relu(input)
[rank41]:              ^^^^^^^^^^^^^^^^^
[rank41]: torch.cuda.OutOfMemoryError: HIP out of memory. Tried to allocate 20.31 GiB. GPU  has a total capacity of 63.98 GiB of which 18.36 GiB is free. Of the allocated memory 45.14 GiB is allocated by PyTorch, and 30.74 MiB is reserved by PyTorch but unallocated. If reserved but unallocated memory is large try setting PYTORCH_HIP_ALLOC_CONF=expandable_segments:True to avoid fragmentation.  See documentation for Memory Management  (https://pytorch.org/docs/stable/notes/cuda.html#environment-variables)
[rank24]: Traceback (most recent call last):
[rank24]:   File "/lustre/orion/lrn031/scratch/zye327/HydraGNN_ds/./examples/multidataset/train_deepspeed_exportmem.py", line 419, in <module>
[rank24]:     hydragnn.train.train_validate_test(
[rank24]:   File "/lustre/orion/lrn031/scratch/zye327/HydraGNN_ds/hydragnn/train/train_validate_test.py", line 158, in train_validate_test
[rank24]:     train_loss, train_taskserr = train(
[rank24]:                                  ^^^^^^
[rank24]:   File "/lustre/orion/lrn031/scratch/zye327/HydraGNN_ds/hydragnn/train/train_validate_test.py", line 495, in train
[rank24]:     pred = model(data)
[rank24]:            ^^^^^^^^^^^
[rank24]:   File "/lustre/orion/cph161/world-shared/mlupopa/max_conda_envs_frontier/envs/hydragnn_rocm600/lib/python3.11/site-packages/torch/nn/modules/module.py", line 1532, in _wrapped_call_impl
[rank24]:     return self._call_impl(*args, **kwargs)
[rank24]:            ^^^^^^^^^^^^^^^^^^^^^^^^^^^^^^^^
[rank24]:   File "/lustre/orion/cph161/world-shared/mlupopa/max_conda_envs_frontier/envs/hydragnn_rocm600/lib/python3.11/site-packages/torch/nn/modules/module.py", line 1541, in _call_impl
[rank24]:     return forward_call(*args, **kwargs)
[rank24]:            ^^^^^^^^^^^^^^^^^^^^^^^^^^^^^
[rank24]:   File "/ccs/home/zye327/.local/lib/python3.11/site-packages/deepspeed/utils/nvtx.py", line 15, in wrapped_fn
[rank24]:     ret_val = func(*args, **kwargs)
[rank24]:               ^^^^^^^^^^^^^^^^^^^^^
[rank24]:   File "/ccs/home/zye327/.local/lib/python3.11/site-packages/deepspeed/runtime/engine.py", line 1846, in forward
[rank24]:     loss = self.module(*inputs, **kwargs)
[rank24]:            ^^^^^^^^^^^^^^^^^^^^^^^^^^^^^^
[rank24]:   File "/lustre/orion/cph161/world-shared/mlupopa/max_conda_envs_frontier/envs/hydragnn_rocm600/lib/python3.11/site-packages/torch/nn/modules/module.py", line 1532, in _wrapped_call_impl
[rank24]:     return self._call_impl(*args, **kwargs)
[rank24]:            ^^^^^^^^^^^^^^^^^^^^^^^^^^^^^^^^
[rank24]:   File "/lustre/orion/cph161/world-shared/mlupopa/max_conda_envs_frontier/envs/hydragnn_rocm600/lib/python3.11/site-packages/torch/nn/modules/module.py", line 1541, in _call_impl
[rank24]:     return forward_call(*args, **kwargs)
[rank24]:            ^^^^^^^^^^^^^^^^^^^^^^^^^^^^^
[rank24]:   File "/lustre/orion/lrn031/scratch/zye327/HydraGNN_ds/hydragnn/models/Base.py", line 297, in forward
[rank24]:     c, pos = conv(x=x, pos=pos, **conv_args)
[rank24]:              ^^^^^^^^^^^^^^^^^^^^^^^^^^^^^^^
[rank24]:   File "/lustre/orion/cph161/world-shared/mlupopa/max_conda_envs_frontier/envs/hydragnn_rocm600/lib/python3.11/site-packages/torch/nn/modules/module.py", line 1532, in _wrapped_call_impl
[rank24]:     return self._call_impl(*args, **kwargs)
[rank24]:            ^^^^^^^^^^^^^^^^^^^^^^^^^^^^^^^^
[rank24]:   File "/lustre/orion/cph161/world-shared/mlupopa/max_conda_envs_frontier/envs/hydragnn_rocm600/lib/python3.11/site-packages/torch/nn/modules/module.py", line 1541, in _call_impl
[rank24]:     return forward_call(*args, **kwargs)
[rank24]:            ^^^^^^^^^^^^^^^^^^^^^^^^^^^^^
[rank24]:   File "/tmp/torch_geometric.nn.sequential_c77d29_h5apyoeq.py", line 17, in forward
[rank24]:     x, pos = self.module_0(x, pos, edge_index, edge_attr)
[rank24]:              ^^^^^^^^^^^^^^^^^^^^^^^^^^^^^^^^^^^^^^^^^^^^
[rank24]:   File "/lustre/orion/cph161/world-shared/mlupopa/max_conda_envs_frontier/envs/hydragnn_rocm600/lib/python3.11/site-packages/torch/nn/modules/module.py", line 1532, in _wrapped_call_impl
[rank24]:     return self._call_impl(*args, **kwargs)
[rank24]:            ^^^^^^^^^^^^^^^^^^^^^^^^^^^^^^^^
[rank24]:   File "/lustre/orion/cph161/world-shared/mlupopa/max_conda_envs_frontier/envs/hydragnn_rocm600/lib/python3.11/site-packages/torch/nn/modules/module.py", line 1541, in _call_impl
[rank24]:     return forward_call(*args, **kwargs)
[rank24]:            ^^^^^^^^^^^^^^^^^^^^^^^^^^^^^
[rank24]:   File "/lustre/orion/lrn031/scratch/zye327/HydraGNN_ds/hydragnn/models/EGCLStack.py", line 229, in forward
[rank24]:     edge_feat = self.edge_model(x[row], x[col], radial, edge_attr)
[rank24]:                 ^^^^^^^^^^^^^^^^^^^^^^^^^^^^^^^^^^^^^^^^^^^^^^^^^^
[rank24]:   File "/lustre/orion/lrn031/scratch/zye327/HydraGNN_ds/hydragnn/models/EGCLStack.py", line 186, in edge_model
[rank24]:     out = self.edge_mlp(out)
[rank24]:           ^^^^^^^^^^^^^^^^^^
[rank24]:   File "/lustre/orion/cph161/world-shared/mlupopa/max_conda_envs_frontier/envs/hydragnn_rocm600/lib/python3.11/site-packages/torch/nn/modules/module.py", line 1532, in _wrapped_call_impl
[rank24]:     return self._call_impl(*args, **kwargs)
[rank24]:            ^^^^^^^^^^^^^^^^^^^^^^^^^^^^^^^^
[rank24]:   File "/lustre/orion/cph161/world-shared/mlupopa/max_conda_envs_frontier/envs/hydragnn_rocm600/lib/python3.11/site-packages/torch/nn/modules/module.py", line 1541, in _call_impl
[rank24]:     return forward_call(*args, **kwargs)
[rank24]:            ^^^^^^^^^^^^^^^^^^^^^^^^^^^^^
[rank24]:   File "/lustre/orion/cph161/world-shared/mlupopa/max_conda_envs_frontier/envs/hydragnn_rocm600/lib/python3.11/site-packages/torch/nn/modules/container.py", line 217, in forward
[rank24]:     input = module(input)
[rank24]:             ^^^^^^^^^^^^^
[rank24]:   File "/lustre/orion/cph161/world-shared/mlupopa/max_conda_envs_frontier/envs/hydragnn_rocm600/lib/python3.11/site-packages/torch/nn/modules/module.py", line 1532, in _wrapped_call_impl
[rank24]:     return self._call_impl(*args, **kwargs)
[rank24]:            ^^^^^^^^^^^^^^^^^^^^^^^^^^^^^^^^
[rank24]:   File "/lustre/orion/cph161/world-shared/mlupopa/max_conda_envs_frontier/envs/hydragnn_rocm600/lib/python3.11/site-packages/torch/nn/modules/module.py", line 1541, in _call_impl
[rank24]:     return forward_call(*args, **kwargs)
[rank24]:            ^^^^^^^^^^^^^^^^^^^^^^^^^^^^^
[rank24]:   File "/lustre/orion/cph161/world-shared/mlupopa/max_conda_envs_frontier/envs/hydragnn_rocm600/lib/python3.11/site-packages/torch/nn/modules/activation.py", line 103, in forward
[rank24]:     return F.relu(input, inplace=self.inplace)
[rank24]:            ^^^^^^^^^^^^^^^^^^^^^^^^^^^^^^^^^^^
[rank24]:   File "/lustre/orion/cph161/world-shared/mlupopa/max_conda_envs_frontier/envs/hydragnn_rocm600/lib/python3.11/site-packages/torch/nn/functional.py", line 1500, in relu
[rank24]:     result = torch.relu(input)
[rank24]:              ^^^^^^^^^^^^^^^^^
[rank24]: torch.cuda.OutOfMemoryError: HIP out of memory. Tried to allocate 21.01 GiB. GPU 
[rank32]: Traceback (most recent call last):
[rank32]:   File "/lustre/orion/lrn031/scratch/zye327/HydraGNN_ds/./examples/multidataset/train_deepspeed_exportmem.py", line 419, in <module>
[rank32]:     hydragnn.train.train_validate_test(
[rank32]:   File "/lustre/orion/lrn031/scratch/zye327/HydraGNN_ds/hydragnn/train/train_validate_test.py", line 158, in train_validate_test
[rank32]:     train_loss, train_taskserr = train(
[rank32]:                                  ^^^^^^
[rank32]:   File "/lustre/orion/lrn031/scratch/zye327/HydraGNN_ds/hydragnn/train/train_validate_test.py", line 495, in train
[rank32]:     pred = model(data)
[rank32]:            ^^^^^^^^^^^
[rank32]:   File "/lustre/orion/cph161/world-shared/mlupopa/max_conda_envs_frontier/envs/hydragnn_rocm600/lib/python3.11/site-packages/torch/nn/modules/module.py", line 1532, in _wrapped_call_impl
[rank32]:     return self._call_impl(*args, **kwargs)
[rank32]:            ^^^^^^^^^^^^^^^^^^^^^^^^^^^^^^^^
[rank32]:   File "/lustre/orion/cph161/world-shared/mlupopa/max_conda_envs_frontier/envs/hydragnn_rocm600/lib/python3.11/site-packages/torch/nn/modules/module.py", line 1541, in _call_impl
[rank32]:     return forward_call(*args, **kwargs)
[rank32]:            ^^^^^^^^^^^^^^^^^^^^^^^^^^^^^
[rank32]:   File "/ccs/home/zye327/.local/lib/python3.11/site-packages/deepspeed/utils/nvtx.py", line 15, in wrapped_fn
[rank32]:     ret_val = func(*args, **kwargs)
[rank32]:               ^^^^^^^^^^^^^^^^^^^^^
[rank32]:   File "/ccs/home/zye327/.local/lib/python3.11/site-packages/deepspeed/runtime/engine.py", line 1846, in forward
[rank32]:     loss = self.module(*inputs, **kwargs)
[rank32]:            ^^^^^^^^^^^^^^^^^^^^^^^^^^^^^^
[rank32]:   File "/lustre/orion/cph161/world-shared/mlupopa/max_conda_envs_frontier/envs/hydragnn_rocm600/lib/python3.11/site-packages/torch/nn/modules/module.py", line 1532, in _wrapped_call_impl
[rank32]:     return self._call_impl(*args, **kwargs)
[rank32]:            ^^^^^^^^^^^^^^^^^^^^^^^^^^^^^^^^
[rank32]:   File "/lustre/orion/cph161/world-shared/mlupopa/max_conda_envs_frontier/envs/hydragnn_rocm600/lib/python3.11/site-packages/torch/nn/modules/module.py", line 1541, in _call_impl
[rank32]:     return forward_call(*args, **kwargs)
[rank32]:            ^^^^^^^^^^^^^^^^^^^^^^^^^^^^^
[rank32]:   File "/lustre/orion/lrn031/scratch/zye327/HydraGNN_ds/hydragnn/models/Base.py", line 297, in forward
[rank32]:     c, pos = conv(x=x, pos=pos, **conv_args)
[rank32]:              ^^^^^^^^^^^^^^^^^^^^^^^^^^^^^^^
[rank32]:   File "/lustre/orion/cph161/world-shared/mlupopa/max_conda_envs_frontier/envs/hydragnn_rocm600/lib/python3.11/site-packages/torch/nn/modules/module.py", line 1532, in _wrapped_call_impl
[rank32]:     return self._call_impl(*args, **kwargs)
[rank32]:            ^^^^^^^^^^^^^^^^^^^^^^^^^^^^^^^^
[rank32]:   File "/lustre/orion/cph161/world-shared/mlupopa/max_conda_envs_frontier/envs/hydragnn_rocm600/lib/python3.11/site-packages/torch/nn/modules/module.py", line 1541, in _call_impl
[rank32]:     return forward_call(*args, **kwargs)
[rank32]:            ^^^^^^^^^^^^^^^^^^^^^^^^^^^^^
[rank32]:   File "/tmp/torch_geometric.nn.sequential_6bf077_9i4z2wd0.py", line 17, in forward
[rank32]:     x, pos = self.module_0(x, pos, edge_index, edge_attr)
[rank32]:              ^^^^^^^^^^^^^^^^^^^^^^^^^^^^^^^^^^^^^^^^^^^^
[rank32]:   File "/lustre/orion/cph161/world-shared/mlupopa/max_conda_envs_frontier/envs/hydragnn_rocm600/lib/python3.11/site-packages/torch/nn/modules/module.py", line 1532, in _wrapped_call_impl
[rank32]:     return self._call_impl(*args, **kwargs)
[rank32]:            ^^^^^^^^^^^^^^^^^^^^^^^^^^^^^^^^
[rank32]:   File "/lustre/orion/cph161/world-shared/mlupopa/max_conda_envs_frontier/envs/hydragnn_rocm600/lib/python3.11/site-packages/torch/nn/modules/module.py", line 1541, in _call_impl
[rank32]:     return forward_call(*args, **kwargs)
[rank32]:            ^^^^^^^^^^^^^^^^^^^^^^^^^^^^^
[rank32]:   File "/lustre/orion/lrn031/scratch/zye327/HydraGNN_ds/hydragnn/models/EGCLStack.py", line 229, in forward
[rank32]:     edge_feat = self.edge_model(x[row], x[col], radial, edge_attr)
[rank32]:                 ^^^^^^^^^^^^^^^^^^^^^^^^^^^^^^^^^^^^^^^^^^^^^^^^^^
[rank32]:   File "/lustre/orion/lrn031/scratch/zye327/HydraGNN_ds/hydragnn/models/EGCLStack.py", line 186, in edge_model
[rank32]:     out = self.edge_mlp(out)
[rank32]:           ^^^^^^^^^^^^^^^^^^
[rank32]:   File "/lustre/orion/cph161/world-shared/mlupopa/max_conda_envs_frontier/envs/hydragnn_rocm600/lib/python3.11/site-packages/torch/nn/modules/module.py", line 1532, in _wrapped_call_impl
[rank32]:     return self._call_impl(*args, **kwargs)
[rank32]:            ^^^^^^^^^^^^^^^^^^^^^^^^^^^^^^^^
[rank32]:   File "/lustre/orion/cph161/world-shared/mlupopa/max_conda_envs_frontier/envs/hydragnn_rocm600/lib/python3.11/site-packages/torch/nn/modules/module.py", line 1541, in _call_impl
[rank32]:     return forward_call(*args, **kwargs)
[rank32]:            ^^^^^^^^^^^^^^^^^^^^^^^^^^^^^
[rank32]:   File "/lustre/orion/cph161/world-shared/mlupopa/max_conda_envs_frontier/envs/hydragnn_rocm600/lib/python3.11/site-packages/torch/nn/modules/container.py", line 217, in forward
[rank32]:     input = module(input)
[rank32]:             ^^^^^^^^^^^^^
[rank32]:   File "/lustre/orion/cph161/world-shared/mlupopa/max_conda_envs_frontier/envs/hydragnn_rocm600/lib/python3.11/site-packages/torch/nn/modules/module.py", line 1532, in _wrapped_call_impl
[rank32]:     return self._call_impl(*args, **kwargs)
[rank32]:            ^^^^^^^^^^^^^^^^^^^^^^^^^^^^^^^^
[rank32]:   File "/lustre/orion/cph161/world-shared/mlupopa/max_conda_envs_frontier/envs/hydragnn_rocm600/lib/python3.11/site-packages/torch/nn/modules/module.py", line 1541, in _call_impl
[rank32]:     return forward_call(*args, **kwargs)
[rank32]:            ^^^^^^^^^^^^^^^^^^^^^^^^^^^^^
[rank32]:   File "/lustre/orion/cph161/world-shared/mlupopa/max_conda_envs_frontier/envs/hydragnn_rocm600/lib/python3.11/site-packages/torch/nn/modules/activation.py", line 103, in forward
[rank32]:     return F.relu(input, inplace=self.inplace)
[rank32]:            ^^^^^^^^^^^^^^^^^^^^^^^^^^^^^^^^^^^
[rank32]:   File "/lustre/orion/cph161/world-shared/mlupopa/max_conda_envs_frontier/envs/hydragnn_rocm600/lib/python3.11/site-packages/torch/nn/functional.py", line 1500, in relu
[rank32]:     result = torch.relu(input)
[rank32]:              ^^^^^^^^^^^^^^^^^
[rank32]: torch.cuda.OutOfMemoryError: HIP out of memory. Tried to allocate 20.21 GiB. GPU 
[rank20]: Traceback (most recent call last):
[rank20]:   File "/lustre/orion/lrn031/scratch/zye327/HydraGNN_ds/./examples/multidataset/train_deepspeed_exportmem.py", line 419, in <module>
[rank20]:     hydragnn.train.train_validate_test(
[rank20]:   File "/lustre/orion/lrn031/scratch/zye327/HydraGNN_ds/hydragnn/train/train_validate_test.py", line 158, in train_validate_test
[rank20]:     train_loss, train_taskserr = train(
[rank20]:                                  ^^^^^^
[rank20]:   File "/lustre/orion/lrn031/scratch/zye327/HydraGNN_ds/hydragnn/train/train_validate_test.py", line 495, in train
[rank20]:     pred = model(data)
[rank20]:            ^^^^^^^^^^^
[rank20]:   File "/lustre/orion/cph161/world-shared/mlupopa/max_conda_envs_frontier/envs/hydragnn_rocm600/lib/python3.11/site-packages/torch/nn/modules/module.py", line 1532, in _wrapped_call_impl
[rank20]:     return self._call_impl(*args, **kwargs)
[rank20]:            ^^^^^^^^^^^^^^^^^^^^^^^^^^^^^^^^
[rank20]:   File "/lustre/orion/cph161/world-shared/mlupopa/max_conda_envs_frontier/envs/hydragnn_rocm600/lib/python3.11/site-packages/torch/nn/modules/module.py", line 1541, in _call_impl
[rank20]:     return forward_call(*args, **kwargs)
[rank20]:            ^^^^^^^^^^^^^^^^^^^^^^^^^^^^^
[rank20]:   File "/ccs/home/zye327/.local/lib/python3.11/site-packages/deepspeed/utils/nvtx.py", line 15, in wrapped_fn
[rank20]:     ret_val = func(*args, **kwargs)
[rank20]:               ^^^^^^^^^^^^^^^^^^^^^
[rank20]:   File "/ccs/home/zye327/.local/lib/python3.11/site-packages/deepspeed/runtime/engine.py", line 1846, in forward
[rank20]:     loss = self.module(*inputs, **kwargs)
[rank20]:            ^^^^^^^^^^^^^^^^^^^^^^^^^^^^^^
[rank20]:   File "/lustre/orion/cph161/world-shared/mlupopa/max_conda_envs_frontier/envs/hydragnn_rocm600/lib/python3.11/site-packages/torch/nn/modules/module.py", line 1532, in _wrapped_call_impl
[rank20]:     return self._call_impl(*args, **kwargs)
[rank20]:            ^^^^^^^^^^^^^^^^^^^^^^^^^^^^^^^^
[rank20]:   File "/lustre/orion/cph161/world-shared/mlupopa/max_conda_envs_frontier/envs/hydragnn_rocm600/lib/python3.11/site-packages/torch/nn/modules/module.py", line 1541, in _call_impl
[rank20]:     return forward_call(*args, **kwargs)
[rank20]:            ^^^^^^^^^^^^^^^^^^^^^^^^^^^^^
[rank20]:   File "/lustre/orion/lrn031/scratch/zye327/HydraGNN_ds/hydragnn/models/Base.py", line 297, in forward
[rank20]:     c, pos = conv(x=x, pos=pos, **conv_args)
[rank20]:              ^^^^^^^^^^^^^^^^^^^^^^^^^^^^^^^
[rank20]:   File "/lustre/orion/cph161/world-shared/mlupopa/max_conda_envs_frontier/envs/hydragnn_rocm600/lib/python3.11/site-packages/torch/nn/modules/module.py", line 1532, in _wrapped_call_impl
[rank20]:     return self._call_impl(*args, **kwargs)
[rank20]:            ^^^^^^^^^^^^^^^^^^^^^^^^^^^^^^^^
[rank20]:   File "/lustre/orion/cph161/world-shared/mlupopa/max_conda_envs_frontier/envs/hydragnn_rocm600/lib/python3.11/site-packages/torch/nn/modules/module.py", line 1541, in _call_impl
[rank20]:     return forward_call(*args, **kwargs)
[rank20]:            ^^^^^^^^^^^^^^^^^^^^^^^^^^^^^
[rank20]:   File "/tmp/torch_geometric.nn.sequential_4f8052_i5wd65_3.py", line 17, in forward
[rank20]:     x, pos = self.module_0(x, pos, edge_index, edge_attr)
[rank20]:              ^^^^^^^^^^^^^^^^^^^^^^^^^^^^^^^^^^^^^^^^^^^^
[rank20]:   File "/lustre/orion/cph161/world-shared/mlupopa/max_conda_envs_frontier/envs/hydragnn_rocm600/lib/python3.11/site-packages/torch/nn/modules/module.py", line 1532, in _wrapped_call_impl
[rank20]:     return self._call_impl(*args, **kwargs)
[rank20]:            ^^^^^^^^^^^^^^^^^^^^^^^^^^^^^^^^
[rank20]:   File "/lustre/orion/cph161/world-shared/mlupopa/max_conda_envs_frontier/envs/hydragnn_rocm600/lib/python3.11/site-packages/torch/nn/modules/module.py", line 1541, in _call_impl
[rank20]:     return forward_call(*args, **kwargs)
[rank20]:            ^^^^^^^^^^^^^^^^^^^^^^^^^^^^^
[rank20]:   File "/lustre/orion/lrn031/scratch/zye327/HydraGNN_ds/hydragnn/models/EGCLStack.py", line 229, in forward
[rank20]:     edge_feat = self.edge_model(x[row], x[col], radial, edge_attr)
[rank20]:                 ^^^^^^^^^^^^^^^^^^^^^^^^^^^^^^^^^^^^^^^^^^^^^^^^^^
[rank20]:   File "/lustre/orion/lrn031/scratch/zye327/HydraGNN_ds/hydragnn/models/EGCLStack.py", line 186, in edge_model
[rank20]:     out = self.edge_mlp(out)
[rank20]:           ^^^^^^^^^^^^^^^^^^
[rank20]:   File "/lustre/orion/cph161/world-shared/mlupopa/max_conda_envs_frontier/envs/hydragnn_rocm600/lib/python3.11/site-packages/torch/nn/modules/module.py", line 1532, in _wrapped_call_impl
[rank20]:     return self._call_impl(*args, **kwargs)
[rank20]:            ^^^^^^^^^^^^^^^^^^^^^^^^^^^^^^^^
[rank20]:   File "/lustre/orion/cph161/world-shared/mlupopa/max_conda_envs_frontier/envs/hydragnn_rocm600/lib/python3.11/site-packages/torch/nn/modules/module.py", line 1541, in _call_impl
[rank20]:     return forward_call(*args, **kwargs)
[rank20]:            ^^^^^^^^^^^^^^^^^^^^^^^^^^^^^
[rank20]:   File "/lustre/orion/cph161/world-shared/mlupopa/max_conda_envs_frontier/envs/hydragnn_rocm600/lib/python3.11/site-packages/torch/nn/modules/container.py", line 217, in forward
[rank20]:     input = module(input)
[rank20]:             ^^^^^^^^^^^^^
[rank20]:   File "/lustre/orion/cph161/world-shared/mlupopa/max_conda_envs_frontier/envs/hydragnn_rocm600/lib/python3.11/site-packages/torch/nn/modules/module.py", line 1532, in _wrapped_call_impl
[rank20]:     return self._call_impl(*args, **kwargs)
[rank20]:            ^^^^^^^^^^^^^^^^^^^^^^^^^^^^^^^^
[rank20]:   File "/lustre/orion/cph161/world-shared/mlupopa/max_conda_envs_frontier/envs/hydragnn_rocm600/lib/python3.11/site-packages/torch/nn/modules/module.py", line 1541, in _call_impl
[rank20]:     return forward_call(*args, **kwargs)
[rank20]:            ^^^^^^^^^^^^^^^^^^^^^^^^^^^^^
[rank20]:   File "/lustre/orion/cph161/world-shared/mlupopa/max_conda_envs_frontier/envs/hydragnn_rocm600/lib/python3.11/site-packages/torch/nn/modules/activation.py", line 103, in forward
[rank20]:     return F.relu(input, inplace=self.inplace)
[rank20]:            ^^^^^^^^^^^^^^^^^^^^^^^^^^^^^^^^^^^
[rank20]:   File "/lustre/orion/cph161/world-shared/mlupopa/max_conda_envs_frontier/envs/hydragnn_rocm600/lib/python3.11/site-packages/torch/nn/functional.py", line 1500, in relu
[rank20]:     result = torch.relu(input)
[rank20]:              ^^^^^^^^^^^^^^^^^
[rank20]: torch.cuda.OutOfMemoryError: HIP out of memory. Tried to allocate 20.47 GiB. GPU  has a total capacity of 63.98 GiB of which 18.05 GiB is free. Of the allocated memory 45.45 GiB is allocated by PyTorch, and 33.64 MiB is reserved by PyTorch but unallocated. If reserved but unallocated memory is large try setting PYTORCH_HIP_ALLOC_CONF=expandable_segments:True to avoid fragmentation.  See documentation for Memory Management  (https://pytorch.org/docs/stable/notes/cuda.html#environment-variables)
[rank59]: Traceback (most recent call last):
[rank59]:   File "/lustre/orion/lrn031/scratch/zye327/HydraGNN_ds/./examples/multidataset/train_deepspeed_exportmem.py", line 419, in <module>
[rank59]:     hydragnn.train.train_validate_test(
[rank59]:   File "/lustre/orion/lrn031/scratch/zye327/HydraGNN_ds/hydragnn/train/train_validate_test.py", line 158, in train_validate_test
[rank59]:     train_loss, train_taskserr = train(
[rank59]:                                  ^^^^^^
[rank59]:   File "/lustre/orion/lrn031/scratch/zye327/HydraGNN_ds/hydragnn/train/train_validate_test.py", line 495, in train
[rank59]:     pred = model(data)
[rank59]:            ^^^^^^^^^^^
[rank59]:   File "/lustre/orion/cph161/world-shared/mlupopa/max_conda_envs_frontier/envs/hydragnn_rocm600/lib/python3.11/site-packages/torch/nn/modules/module.py", line 1532, in _wrapped_call_impl
[rank59]:     return self._call_impl(*args, **kwargs)
[rank59]:            ^^^^^^^^^^^^^^^^^^^^^^^^^^^^^^^^
[rank59]:   File "/lustre/orion/cph161/world-shared/mlupopa/max_conda_envs_frontier/envs/hydragnn_rocm600/lib/python3.11/site-packages/torch/nn/modules/module.py", line 1541, in _call_impl
[rank59]:     return forward_call(*args, **kwargs)
[rank59]:            ^^^^^^^^^^^^^^^^^^^^^^^^^^^^^
[rank59]:   File "/ccs/home/zye327/.local/lib/python3.11/site-packages/deepspeed/utils/nvtx.py", line 15, in wrapped_fn
[rank59]:     ret_val = func(*args, **kwargs)
[rank59]:               ^^^^^^^^^^^^^^^^^^^^^
[rank59]:   File "/ccs/home/zye327/.local/lib/python3.11/site-packages/deepspeed/runtime/engine.py", line 1846, in forward
[rank59]:     loss = self.module(*inputs, **kwargs)
[rank59]:            ^^^^^^^^^^^^^^^^^^^^^^^^^^^^^^
[rank59]:   File "/lustre/orion/cph161/world-shared/mlupopa/max_conda_envs_frontier/envs/hydragnn_rocm600/lib/python3.11/site-packages/torch/nn/modules/module.py", line 1532, in _wrapped_call_impl
[rank59]:     return self._call_impl(*args, **kwargs)
[rank59]:            ^^^^^^^^^^^^^^^^^^^^^^^^^^^^^^^^
[rank59]:   File "/lustre/orion/cph161/world-shared/mlupopa/max_conda_envs_frontier/envs/hydragnn_rocm600/lib/python3.11/site-packages/torch/nn/modules/module.py", line 1541, in _call_impl
[rank59]:     return forward_call(*args, **kwargs)
[rank59]:            ^^^^^^^^^^^^^^^^^^^^^^^^^^^^^
[rank59]:   File "/lustre/orion/lrn031/scratch/zye327/HydraGNN_ds/hydragnn/models/Base.py", line 297, in forward
[rank59]:     c, pos = conv(x=x, pos=pos, **conv_args)
[rank59]:              ^^^^^^^^^^^^^^^^^^^^^^^^^^^^^^^
[rank59]:   File "/lustre/orion/cph161/world-shared/mlupopa/max_conda_envs_frontier/envs/hydragnn_rocm600/lib/python3.11/site-packages/torch/nn/modules/module.py", line 1532, in _wrapped_call_impl
[rank59]:     return self._call_impl(*args, **kwargs)
[rank59]:            ^^^^^^^^^^^^^^^^^^^^^^^^^^^^^^^^
[rank59]:   File "/lustre/orion/cph161/world-shared/mlupopa/max_conda_envs_frontier/envs/hydragnn_rocm600/lib/python3.11/site-packages/torch/nn/modules/module.py", line 1541, in _call_impl
[rank59]:     return forward_call(*args, **kwargs)
[rank59]:            ^^^^^^^^^^^^^^^^^^^^^^^^^^^^^
[rank59]:   File "/tmp/torch_geometric.nn.sequential_efd3d3_vfs0jx5n.py", line 17, in forward
[rank59]:     x, pos = self.module_0(x, pos, edge_index, edge_attr)
[rank59]:              ^^^^^^^^^^^^^^^^^^^^^^^^^^^^^^^^^^^^^^^^^^^^
[rank59]:   File "/lustre/orion/cph161/world-shared/mlupopa/max_conda_envs_frontier/envs/hydragnn_rocm600/lib/python3.11/site-packages/torch/nn/modules/module.py", line 1532, in _wrapped_call_impl
[rank59]:     return self._call_impl(*args, **kwargs)
[rank59]:            ^^^^^^^^^^^^^^^^^^^^^^^^^^^^^^^^
[rank59]:   File "/lustre/orion/cph161/world-shared/mlupopa/max_conda_envs_frontier/envs/hydragnn_rocm600/lib/python3.11/site-packages/torch/nn/modules/module.py", line 1541, in _call_impl
[rank59]:     return forward_call(*args, **kwargs)
[rank59]:            ^^^^^^^^^^^^^^^^^^^^^^^^^^^^^
[rank59]:   File "/lustre/orion/lrn031/scratch/zye327/HydraGNN_ds/hydragnn/models/EGCLStack.py", line 229, in forward
[rank59]:     edge_feat = self.edge_model(x[row], x[col], radial, edge_attr)
[rank59]:                 ^^^^^^^^^^^^^^^^^^^^^^^^^^^^^^^^^^^^^^^^^^^^^^^^^^
[rank59]:   File "/lustre/orion/lrn031/scratch/zye327/HydraGNN_ds/hydragnn/models/EGCLStack.py", line 186, in edge_model
[rank59]:     out = self.edge_mlp(out)
[rank59]:           ^^^^^^^^^^^^^^^^^^
[rank59]:   File "/lustre/orion/cph161/world-shared/mlupopa/max_conda_envs_frontier/envs/hydragnn_rocm600/lib/python3.11/site-packages/torch/nn/modules/module.py", line 1532, in _wrapped_call_impl
[rank59]:     return self._call_impl(*args, **kwargs)
[rank59]:            ^^^^^^^^^^^^^^^^^^^^^^^^^^^^^^^^
[rank59]:   File "/lustre/orion/cph161/world-shared/mlupopa/max_conda_envs_frontier/envs/hydragnn_rocm600/lib/python3.11/site-packages/torch/nn/modules/module.py", line 1541, in _call_impl
[rank59]:     return forward_call(*args, **kwargs)
[rank59]:            ^^^^^^^^^^^^^^^^^^^^^^^^^^^^^
[rank59]:   File "/lustre/orion/cph161/world-shared/mlupopa/max_conda_envs_frontier/envs/hydragnn_rocm600/lib/python3.11/site-packages/torch/nn/modules/container.py", line 217, in forward
[rank59]:     input = module(input)
[rank59]:             ^^^^^^^^^^^^^
[rank59]:   File "/lustre/orion/cph161/world-shared/mlupopa/max_conda_envs_frontier/envs/hydragnn_rocm600/lib/python3.11/site-packages/torch/nn/modules/module.py", line 1532, in _wrapped_call_impl
[rank59]:     return self._call_impl(*args, **kwargs)
[rank59]:            ^^^^^^^^^^^^^^^^^^^^^^^^^^^^^^^^
[rank59]:   File "/lustre/orion/cph161/world-shared/mlupopa/max_conda_envs_frontier/envs/hydragnn_rocm600/lib/python3.11/site-packages/torch/nn/modules/module.py", line 1541, in _call_impl
[rank59]:     return forward_call(*args, **kwargs)
[rank59]:            ^^^^^^^^^^^^^^^^^^^^^^^^^^^^^
[rank59]:   File "/lustre/orion/cph161/world-shared/mlupopa/max_conda_envs_frontier/envs/hydragnn_rocm600/lib/python3.11/site-packages/torch/nn/modules/activation.py", line 103, in forward
[rank59]:     return F.relu(input, inplace=self.inplace)
[rank59]:            ^^^^^^^^^^^^^^^^^^^^^^^^^^^^^^^^^^^
[rank59]:   File "/lustre/orion/cph161/world-shared/mlupopa/max_conda_envs_frontier/envs/hydragnn_rocm600/lib/python3.11/site-packages/torch/nn/functional.py", line 1500, in relu
[rank59]:     result = torch.relu(input)
[rank59]:              ^^^^^^^^^^^^^^^^^
[rank59]: torch.cuda.OutOfMemoryError: HIP out of memory. Tried to allocate 20.95 GiB. GPU  has a total capacity of 63.98 GiB of which 17.09 GiB is free. Of the allocated memory 46.41 GiB is allocated by PyTorch, and 29.34 MiB is reserved by PyTorch but unallocated. If reserved but unallocated memory is large try setting PYTORCH_HIP_ALLOC_CONF=expandable_segments:True to avoid fragmentation.  See documentation for Memory Management  (https://pytorch.org/docs/stable/notes/cuda.html#environment-variables)
[rank15]: Traceback (most recent call last):
[rank15]:   File "/lustre/orion/lrn031/scratch/zye327/HydraGNN_ds/./examples/multidataset/train_deepspeed_exportmem.py", line 419, in <module>
[rank15]:     hydragnn.train.train_validate_test(
[rank15]:   File "/lustre/orion/lrn031/scratch/zye327/HydraGNN_ds/hydragnn/train/train_validate_test.py", line 158, in train_validate_test
[rank15]:     train_loss, train_taskserr = train(
[rank15]:                                  ^^^^^^
[rank15]:   File "/lustre/orion/lrn031/scratch/zye327/HydraGNN_ds/hydragnn/train/train_validate_test.py", line 495, in train
[rank15]:     pred = model(data)
[rank15]:            ^^^^^^^^^^^
[rank15]:   File "/lustre/orion/cph161/world-shared/mlupopa/max_conda_envs_frontier/envs/hydragnn_rocm600/lib/python3.11/site-packages/torch/nn/modules/module.py", line 1532, in _wrapped_call_impl
[rank15]:     return self._call_impl(*args, **kwargs)
[rank15]:            ^^^^^^^^^^^^^^^^^^^^^^^^^^^^^^^^
[rank15]:   File "/lustre/orion/cph161/world-shared/mlupopa/max_conda_envs_frontier/envs/hydragnn_rocm600/lib/python3.11/site-packages/torch/nn/modules/module.py", line 1541, in _call_impl
[rank15]:     return forward_call(*args, **kwargs)
[rank15]:            ^^^^^^^^^^^^^^^^^^^^^^^^^^^^^
[rank15]:   File "/ccs/home/zye327/.local/lib/python3.11/site-packages/deepspeed/utils/nvtx.py", line 15, in wrapped_fn
[rank15]:     ret_val = func(*args, **kwargs)
[rank15]:               ^^^^^^^^^^^^^^^^^^^^^
[rank15]:   File "/ccs/home/zye327/.local/lib/python3.11/site-packages/deepspeed/runtime/engine.py", line 1846, in forward
[rank15]:     loss = self.module(*inputs, **kwargs)
[rank15]:            ^^^^^^^^^^^^^^^^^^^^^^^^^^^^^^
[rank15]:   File "/lustre/orion/cph161/world-shared/mlupopa/max_conda_envs_frontier/envs/hydragnn_rocm600/lib/python3.11/site-packages/torch/nn/modules/module.py", line 1532, in _wrapped_call_impl
[rank15]:     return self._call_impl(*args, **kwargs)
[rank15]:            ^^^^^^^^^^^^^^^^^^^^^^^^^^^^^^^^
[rank15]:   File "/lustre/orion/cph161/world-shared/mlupopa/max_conda_envs_frontier/envs/hydragnn_rocm600/lib/python3.11/site-packages/torch/nn/modules/module.py", line 1541, in _call_impl
[rank15]:     return forward_call(*args, **kwargs)
[rank15]:            ^^^^^^^^^^^^^^^^^^^^^^^^^^^^^
[rank15]:   File "/lustre/orion/lrn031/scratch/zye327/HydraGNN_ds/hydragnn/models/Base.py", line 297, in forward
[rank15]:     c, pos = conv(x=x, pos=pos, **conv_args)
[rank15]:              ^^^^^^^^^^^^^^^^^^^^^^^^^^^^^^^
[rank15]:   File "/lustre/orion/cph161/world-shared/mlupopa/max_conda_envs_frontier/envs/hydragnn_rocm600/lib/python3.11/site-packages/torch/nn/modules/module.py", line 1532, in _wrapped_call_impl
[rank15]:     return self._call_impl(*args, **kwargs)
[rank15]:            ^^^^^^^^^^^^^^^^^^^^^^^^^^^^^^^^
[rank15]:   File "/lustre/orion/cph161/world-shared/mlupopa/max_conda_envs_frontier/envs/hydragnn_rocm600/lib/python3.11/site-packages/torch/nn/modules/module.py", line 1541, in _call_impl
[rank15]:     return forward_call(*args, **kwargs)
[rank15]:            ^^^^^^^^^^^^^^^^^^^^^^^^^^^^^
[rank15]:   File "/tmp/torch_geometric.nn.sequential_96b321_y39ua5xy.py", line 17, in forward
[rank15]:     x, pos = self.module_0(x, pos, edge_index, edge_attr)
[rank15]:              ^^^^^^^^^^^^^^^^^^^^^^^^^^^^^^^^^^^^^^^^^^^^
[rank15]:   File "/lustre/orion/cph161/world-shared/mlupopa/max_conda_envs_frontier/envs/hydragnn_rocm600/lib/python3.11/site-packages/torch/nn/modules/module.py", line 1532, in _wrapped_call_impl
[rank15]:     return self._call_impl(*args, **kwargs)
[rank15]:            ^^^^^^^^^^^^^^^^^^^^^^^^^^^^^^^^
[rank15]:   File "/lustre/orion/cph161/world-shared/mlupopa/max_conda_envs_frontier/envs/hydragnn_rocm600/lib/python3.11/site-packages/torch/nn/modules/module.py", line 1541, in _call_impl
[rank15]:     return forward_call(*args, **kwargs)
[rank15]:            ^^^^^^^^^^^^^^^^^^^^^^^^^^^^^
[rank15]:   File "/lustre/orion/lrn031/scratch/zye327/HydraGNN_ds/hydragnn/models/EGCLStack.py", line 229, in forward
[rank15]:     edge_feat = self.edge_model(x[row], x[col], radial, edge_attr)
[rank15]:                 ^^^^^^^^^^^^^^^^^^^^^^^^^^^^^^^^^^^^^^^^^^^^^^^^^^
[rank15]:   File "/lustre/orion/lrn031/scratch/zye327/HydraGNN_ds/hydragnn/models/EGCLStack.py", line 186, in edge_model
[rank15]:     out = self.edge_mlp(out)
[rank15]:           ^^^^^^^^^^^^^^^^^^
[rank15]:   File "/lustre/orion/cph161/world-shared/mlupopa/max_conda_envs_frontier/envs/hydragnn_rocm600/lib/python3.11/site-packages/torch/nn/modules/module.py", line 1532, in _wrapped_call_impl
[rank15]:     return self._call_impl(*args, **kwargs)
[rank15]:            ^^^^^^^^^^^^^^^^^^^^^^^^^^^^^^^^
[rank15]:   File "/lustre/orion/cph161/world-shared/mlupopa/max_conda_envs_frontier/envs/hydragnn_rocm600/lib/python3.11/site-packages/torch/nn/modules/module.py", line 1541, in _call_impl
[rank15]:     return forward_call(*args, **kwargs)
[rank15]:            ^^^^^^^^^^^^^^^^^^^^^^^^^^^^^
[rank15]:   File "/lustre/orion/cph161/world-shared/mlupopa/max_conda_envs_frontier/envs/hydragnn_rocm600/lib/python3.11/site-packages/torch/nn/modules/container.py", line 217, in forward
[rank15]:     input = module(input)
[rank15]:             ^^^^^^^^^^^^^
[rank15]:   File "/lustre/orion/cph161/world-shared/mlupopa/max_conda_envs_frontier/envs/hydragnn_rocm600/lib/python3.11/site-packages/torch/nn/modules/module.py", line 1532, in _wrapped_call_impl
[rank15]:     return self._call_impl(*args, **kwargs)
[rank15]:            ^^^^^^^^^^^^^^^^^^^^^^^^^^^^^^^^
[rank15]:   File "/lustre/orion/cph161/world-shared/mlupopa/max_conda_envs_frontier/envs/hydragnn_rocm600/lib/python3.11/site-packages/torch/nn/modules/module.py", line 1541, in _call_impl
[rank15]:     return forward_call(*args, **kwargs)
[rank15]:            ^^^^^^^^^^^^^^^^^^^^^^^^^^^^^
[rank15]:   File "/lustre/orion/cph161/world-shared/mlupopa/max_conda_envs_frontier/envs/hydragnn_rocm600/lib/python3.11/site-packages/torch/nn/modules/activation.py", line 103, in forward
[rank15]:     return F.relu(input, inplace=self.inplace)
[rank15]:            ^^^^^^^^^^^^^^^^^^^^^^^^^^^^^^^^^^^
[rank15]:   File "/lustre/orion/cph161/world-shared/mlupopa/max_conda_envs_frontier/envs/hydragnn_rocm600/lib/python3.11/site-packages/torch/nn/functional.py", line 1500, in relu
[rank15]:     result = torch.relu(input)
[rank15]:              ^^^^^^^^^^^^^^^^^
[rank15]: torch.cuda.OutOfMemoryError: HIP out of memory. Tried to allocate 19.69 GiB. GPU  has a total capacity of 63.98 GiB of which 19.61 GiB is free. Of the allocated memory 43.88 GiB is allocated by PyTorch, and 34.62 MiB is reserved by PyTorch but unallocated. If reserved but unallocated memory is large try setting PYTORCH_HIP_ALLOC_CONF=expandable_segments:True to avoid fragmentation.  See documentation for Memory Management  (https://pytorch.org/docs/stable/notes/cuda.html#environment-variables)
[rank8]: Traceback (most recent call last):
[rank8]:   File "/lustre/orion/lrn031/scratch/zye327/HydraGNN_ds/./examples/multidataset/train_deepspeed_exportmem.py", line 419, in <module>
[rank8]:     hydragnn.train.train_validate_test(
[rank8]:   File "/lustre/orion/lrn031/scratch/zye327/HydraGNN_ds/hydragnn/train/train_validate_test.py", line 158, in train_validate_test
[rank8]:     train_loss, train_taskserr = train(
[rank8]:                                  ^^^^^^
[rank8]:   File "/lustre/orion/lrn031/scratch/zye327/HydraGNN_ds/hydragnn/train/train_validate_test.py", line 495, in train
[rank8]:     pred = model(data)
[rank8]:            ^^^^^^^^^^^
[rank8]:   File "/lustre/orion/cph161/world-shared/mlupopa/max_conda_envs_frontier/envs/hydragnn_rocm600/lib/python3.11/site-packages/torch/nn/modules/module.py", line 1532, in _wrapped_call_impl
[rank8]:     return self._call_impl(*args, **kwargs)
[rank8]:            ^^^^^^^^^^^^^^^^^^^^^^^^^^^^^^^^
[rank8]:   File "/lustre/orion/cph161/world-shared/mlupopa/max_conda_envs_frontier/envs/hydragnn_rocm600/lib/python3.11/site-packages/torch/nn/modules/module.py", line 1541, in _call_impl
[rank8]:     return forward_call(*args, **kwargs)
[rank8]:            ^^^^^^^^^^^^^^^^^^^^^^^^^^^^^
[rank8]:   File "/ccs/home/zye327/.local/lib/python3.11/site-packages/deepspeed/utils/nvtx.py", line 15, in wrapped_fn
[rank8]:     ret_val = func(*args, **kwargs)
[rank8]:               ^^^^^^^^^^^^^^^^^^^^^
[rank8]:   File "/ccs/home/zye327/.local/lib/python3.11/site-packages/deepspeed/runtime/engine.py", line 1846, in forward
[rank8]:     loss = self.module(*inputs, **kwargs)
[rank8]:            ^^^^^^^^^^^^^^^^^^^^^^^^^^^^^^
[rank8]:   File "/lustre/orion/cph161/world-shared/mlupopa/max_conda_envs_frontier/envs/hydragnn_rocm600/lib/python3.11/site-packages/torch/nn/modules/module.py", line 1532, in _wrapped_call_impl
[rank8]:     return self._call_impl(*args, **kwargs)
[rank8]:            ^^^^^^^^^^^^^^^^^^^^^^^^^^^^^^^^
[rank8]:   File "/lustre/orion/cph161/world-shared/mlupopa/max_conda_envs_frontier/envs/hydragnn_rocm600/lib/python3.11/site-packages/torch/nn/modules/module.py", line 1541, in _call_impl
[rank8]:     return forward_call(*args, **kwargs)
[rank8]:            ^^^^^^^^^^^^^^^^^^^^^^^^^^^^^
[rank8]:   File "/lustre/orion/lrn031/scratch/zye327/HydraGNN_ds/hydragnn/models/Base.py", line 297, in forward
[rank8]:     c, pos = conv(x=x, pos=pos, **conv_args)
[rank8]:              ^^^^^^^^^^^^^^^^^^^^^^^^^^^^^^^
[rank8]:   File "/lustre/orion/cph161/world-shared/mlupopa/max_conda_envs_frontier/envs/hydragnn_rocm600/lib/python3.11/site-packages/torch/nn/modules/module.py", line 1532, in _wrapped_call_impl
[rank8]:     return self._call_impl(*args, **kwargs)
[rank8]:            ^^^^^^^^^^^^^^^^^^^^^^^^^^^^^^^^
[rank8]:   File "/lustre/orion/cph161/world-shared/mlupopa/max_conda_envs_frontier/envs/hydragnn_rocm600/lib/python3.11/site-packages/torch/nn/modules/module.py", line 1541, in _call_impl
[rank8]:     return forward_call(*args, **kwargs)
[rank8]:            ^^^^^^^^^^^^^^^^^^^^^^^^^^^^^
[rank8]:   File "/tmp/torch_geometric.nn.sequential_990da8_ewg6x_9k.py", line 17, in forward
[rank8]:     x, pos = self.module_0(x, pos, edge_index, edge_attr)
[rank8]:              ^^^^^^^^^^^^^^^^^^^^^^^^^^^^^^^^^^^^^^^^^^^^
[rank8]:   File "/lustre/orion/cph161/world-shared/mlupopa/max_conda_envs_frontier/envs/hydragnn_rocm600/lib/python3.11/site-packages/torch/nn/modules/module.py", line 1532, in _wrapped_call_impl
[rank8]:     return self._call_impl(*args, **kwargs)
[rank8]:            ^^^^^^^^^^^^^^^^^^^^^^^^^^^^^^^^
[rank8]:   File "/lustre/orion/cph161/world-shared/mlupopa/max_conda_envs_frontier/envs/hydragnn_rocm600/lib/python3.11/site-packages/torch/nn/modules/module.py", line 1541, in _call_impl
[rank8]:     return forward_call(*args, **kwargs)
[rank8]:            ^^^^^^^^^^^^^^^^^^^^^^^^^^^^^
[rank8]:   File "/lustre/orion/lrn031/scratch/zye327/HydraGNN_ds/hydragnn/models/EGCLStack.py", line 229, in forward
[rank8]:     edge_feat = self.edge_model(x[row], x[col], radial, edge_attr)
[rank8]:                 ^^^^^^^^^^^^^^^^^^^^^^^^^^^^^^^^^^^^^^^^^^^^^^^^^^
[rank8]:   File "/lustre/orion/lrn031/scratch/zye327/HydraGNN_ds/hydragnn/models/EGCLStack.py", line 186, in edge_model
[rank8]:     out = self.edge_mlp(out)
[rank8]:           ^^^^^^^^^^^^^^^^^^
[rank8]:   File "/lustre/orion/cph161/world-shared/mlupopa/max_conda_envs_frontier/envs/hydragnn_rocm600/lib/python3.11/site-packages/torch/nn/modules/module.py", line 1532, in _wrapped_call_impl
[rank8]:     return self._call_impl(*args, **kwargs)
[rank8]:            ^^^^^^^^^^^^^^^^^^^^^^^^^^^^^^^^
[rank8]:   File "/lustre/orion/cph161/world-shared/mlupopa/max_conda_envs_frontier/envs/hydragnn_rocm600/lib/python3.11/site-packages/torch/nn/modules/module.py", line 1541, in _call_impl
[rank8]:     return forward_call(*args, **kwargs)
[rank8]:            ^^^^^^^^^^^^^^^^^^^^^^^^^^^^^
[rank8]:   File "/lustre/orion/cph161/world-shared/mlupopa/max_conda_envs_frontier/envs/hydragnn_rocm600/lib/python3.11/site-packages/torch/nn/modules/container.py", line 217, in forward
[rank8]:     input = module(input)
[rank8]:             ^^^^^^^^^^^^^
[rank8]:   File "/lustre/orion/cph161/world-shared/mlupopa/max_conda_envs_frontier/envs/hydragnn_rocm600/lib/python3.11/site-packages/torch/nn/modules/module.py", line 1532, in _wrapped_call_impl
[rank8]:     return self._call_impl(*args, **kwargs)
[rank8]:            ^^^^^^^^^^^^^^^^^^^^^^^^^^^^^^^^
[rank8]:   File "/lustre/orion/cph161/world-shared/mlupopa/max_conda_envs_frontier/envs/hydragnn_rocm600/lib/python3.11/site-packages/torch/nn/modules/module.py", line 1541, in _call_impl
[rank8]:     return forward_call(*args, **kwargs)
[rank8]:            ^^^^^^^^^^^^^^^^^^^^^^^^^^^^^
[rank8]:   File "/lustre/orion/cph161/world-shared/mlupopa/max_conda_envs_frontier/envs/hydragnn_rocm600/lib/python3.11/site-packages/torch/nn/modules/activation.py", line 103, in forward
[rank8]:     return F.relu(input, inplace=self.inplace)
[rank8]:            ^^^^^^^^^^^^^^^^^^^^^^^^^^^^^^^^^^^
[rank8]:   File "/lustre/orion/cph161/world-shared/mlupopa/max_conda_envs_frontier/envs/hydragnn_rocm600/lib/python3.11/site-packages/torch/nn/functional.py", line 1500, in relu
[rank8]:     result = torch.relu(input)
[rank8]:              ^^^^^^^^^^^^^^^^^
[rank8]: torch.cuda.OutOfMemoryError: HIP out of memory. Tried to allocate 20.70 GiB. GPU 
[rank6]: Traceback (most recent call last):
[rank6]:   File "/lustre/orion/lrn031/scratch/zye327/HydraGNN_ds/./examples/multidataset/train_deepspeed_exportmem.py", line 419, in <module>
[rank6]:     hydragnn.train.train_validate_test(
[rank6]:   File "/lustre/orion/lrn031/scratch/zye327/HydraGNN_ds/hydragnn/train/train_validate_test.py", line 158, in train_validate_test
[rank6]:     train_loss, train_taskserr = train(
[rank6]:                                  ^^^^^^
[rank6]:   File "/lustre/orion/lrn031/scratch/zye327/HydraGNN_ds/hydragnn/train/train_validate_test.py", line 495, in train
[rank6]:     pred = model(data)
[rank6]:            ^^^^^^^^^^^
[rank6]:   File "/lustre/orion/cph161/world-shared/mlupopa/max_conda_envs_frontier/envs/hydragnn_rocm600/lib/python3.11/site-packages/torch/nn/modules/module.py", line 1532, in _wrapped_call_impl
[rank6]:     return self._call_impl(*args, **kwargs)
[rank6]:            ^^^^^^^^^^^^^^^^^^^^^^^^^^^^^^^^
[rank6]:   File "/lustre/orion/cph161/world-shared/mlupopa/max_conda_envs_frontier/envs/hydragnn_rocm600/lib/python3.11/site-packages/torch/nn/modules/module.py", line 1541, in _call_impl
[rank6]:     return forward_call(*args, **kwargs)
[rank6]:            ^^^^^^^^^^^^^^^^^^^^^^^^^^^^^
[rank6]:   File "/ccs/home/zye327/.local/lib/python3.11/site-packages/deepspeed/utils/nvtx.py", line 15, in wrapped_fn
[rank6]:     ret_val = func(*args, **kwargs)
[rank6]:               ^^^^^^^^^^^^^^^^^^^^^
[rank6]:   File "/ccs/home/zye327/.local/lib/python3.11/site-packages/deepspeed/runtime/engine.py", line 1846, in forward
[rank6]:     loss = self.module(*inputs, **kwargs)
[rank6]:            ^^^^^^^^^^^^^^^^^^^^^^^^^^^^^^
[rank6]:   File "/lustre/orion/cph161/world-shared/mlupopa/max_conda_envs_frontier/envs/hydragnn_rocm600/lib/python3.11/site-packages/torch/nn/modules/module.py", line 1532, in _wrapped_call_impl
[rank6]:     return self._call_impl(*args, **kwargs)
[rank6]:            ^^^^^^^^^^^^^^^^^^^^^^^^^^^^^^^^
[rank6]:   File "/lustre/orion/cph161/world-shared/mlupopa/max_conda_envs_frontier/envs/hydragnn_rocm600/lib/python3.11/site-packages/torch/nn/modules/module.py", line 1541, in _call_impl
[rank6]:     return forward_call(*args, **kwargs)
[rank6]:            ^^^^^^^^^^^^^^^^^^^^^^^^^^^^^
[rank6]:   File "/lustre/orion/lrn031/scratch/zye327/HydraGNN_ds/hydragnn/models/Base.py", line 297, in forward
[rank6]:     c, pos = conv(x=x, pos=pos, **conv_args)
[rank6]:              ^^^^^^^^^^^^^^^^^^^^^^^^^^^^^^^
[rank6]:   File "/lustre/orion/cph161/world-shared/mlupopa/max_conda_envs_frontier/envs/hydragnn_rocm600/lib/python3.11/site-packages/torch/nn/modules/module.py", line 1532, in _wrapped_call_impl
[rank6]:     return self._call_impl(*args, **kwargs)
[rank6]:            ^^^^^^^^^^^^^^^^^^^^^^^^^^^^^^^^
[rank6]:   File "/lustre/orion/cph161/world-shared/mlupopa/max_conda_envs_frontier/envs/hydragnn_rocm600/lib/python3.11/site-packages/torch/nn/modules/module.py", line 1541, in _call_impl
[rank6]:     return forward_call(*args, **kwargs)
[rank6]:            ^^^^^^^^^^^^^^^^^^^^^^^^^^^^^
[rank6]:   File "/tmp/torch_geometric.nn.sequential_925e85_pxbm_skt.py", line 17, in forward
[rank6]:     x, pos = self.module_0(x, pos, edge_index, edge_attr)
[rank6]:              ^^^^^^^^^^^^^^^^^^^^^^^^^^^^^^^^^^^^^^^^^^^^
[rank6]:   File "/lustre/orion/cph161/world-shared/mlupopa/max_conda_envs_frontier/envs/hydragnn_rocm600/lib/python3.11/site-packages/torch/nn/modules/module.py", line 1532, in _wrapped_call_impl
[rank6]:     return self._call_impl(*args, **kwargs)
[rank6]:            ^^^^^^^^^^^^^^^^^^^^^^^^^^^^^^^^
[rank6]:   File "/lustre/orion/cph161/world-shared/mlupopa/max_conda_envs_frontier/envs/hydragnn_rocm600/lib/python3.11/site-packages/torch/nn/modules/module.py", line 1541, in _call_impl
[rank6]:     return forward_call(*args, **kwargs)
[rank6]:            ^^^^^^^^^^^^^^^^^^^^^^^^^^^^^
[rank6]:   File "/lustre/orion/lrn031/scratch/zye327/HydraGNN_ds/hydragnn/models/EGCLStack.py", line 229, in forward
[rank6]:     edge_feat = self.edge_model(x[row], x[col], radial, edge_attr)
[rank6]:                 ^^^^^^^^^^^^^^^^^^^^^^^^^^^^^^^^^^^^^^^^^^^^^^^^^^
[rank6]:   File "/lustre/orion/lrn031/scratch/zye327/HydraGNN_ds/hydragnn/models/EGCLStack.py", line 186, in edge_model
[rank6]:     out = self.edge_mlp(out)
[rank6]:           ^^^^^^^^^^^^^^^^^^
[rank6]:   File "/lustre/orion/cph161/world-shared/mlupopa/max_conda_envs_frontier/envs/hydragnn_rocm600/lib/python3.11/site-packages/torch/nn/modules/module.py", line 1532, in _wrapped_call_impl
[rank6]:     return self._call_impl(*args, **kwargs)
[rank6]:            ^^^^^^^^^^^^^^^^^^^^^^^^^^^^^^^^
[rank6]:   File "/lustre/orion/cph161/world-shared/mlupopa/max_conda_envs_frontier/envs/hydragnn_rocm600/lib/python3.11/site-packages/torch/nn/modules/module.py", line 1541, in _call_impl
[rank6]:     return forward_call(*args, **kwargs)
[rank6]:            ^^^^^^^^^^^^^^^^^^^^^^^^^^^^^
[rank6]:   File "/lustre/orion/cph161/world-shared/mlupopa/max_conda_envs_frontier/envs/hydragnn_rocm600/lib/python3.11/site-packages/torch/nn/modules/container.py", line 217, in forward
[rank6]:     input = module(input)
[rank6]:             ^^^^^^^^^^^^^
[rank6]:   File "/lustre/orion/cph161/world-shared/mlupopa/max_conda_envs_frontier/envs/hydragnn_rocm600/lib/python3.11/site-packages/torch/nn/modules/module.py", line 1532, in _wrapped_call_impl
[rank6]:     return self._call_impl(*args, **kwargs)
[rank6]:            ^^^^^^^^^^^^^^^^^^^^^^^^^^^^^^^^
[rank6]:   File "/lustre/orion/cph161/world-shared/mlupopa/max_conda_envs_frontier/envs/hydragnn_rocm600/lib/python3.11/site-packages/torch/nn/modules/module.py", line 1541, in _call_impl
[rank6]:     return forward_call(*args, **kwargs)
[rank6]:            ^^^^^^^^^^^^^^^^^^^^^^^^^^^^^
[rank6]:   File "/lustre/orion/cph161/world-shared/mlupopa/max_conda_envs_frontier/envs/hydragnn_rocm600/lib/python3.11/site-packages/torch/nn/modules/activation.py", line 103, in forward
[rank6]:     return F.relu(input, inplace=self.inplace)
[rank6]:            ^^^^^^^^^^^^^^^^^^^^^^^^^^^^^^^^^^^
[rank6]:   File "/lustre/orion/cph161/world-shared/mlupopa/max_conda_envs_frontier/envs/hydragnn_rocm600/lib/python3.11/site-packages/torch/nn/functional.py", line 1500, in relu
[rank6]:     result = torch.relu(input)
[rank6]:              ^^^^^^^^^^^^^^^^^
[rank6]: torch.cuda.OutOfMemoryError: HIP out of memory. Tried to allocate 20.45 GiB. GPU  has a total capacity of 63.98 GiB of which 18.08 GiB is free. Of the allocated memory 45.41 GiB is allocated by PyTorch, and 33.21 MiB is reserved by PyTorch but unallocated. If reserved but unallocated memory is large try setting PYTORCH_HIP_ALLOC_CONF=expandable_segments:True to avoid fragmentation.  See documentation for Memory Management  (https://pytorch.org/docs/stable/notes/cuda.html#environment-variables)
[rank26]: Traceback (most recent call last):
[rank26]:   File "/lustre/orion/lrn031/scratch/zye327/HydraGNN_ds/./examples/multidataset/train_deepspeed_exportmem.py", line 419, in <module>
[rank26]:     hydragnn.train.train_validate_test(
[rank26]:   File "/lustre/orion/lrn031/scratch/zye327/HydraGNN_ds/hydragnn/train/train_validate_test.py", line 158, in train_validate_test
[rank26]:     train_loss, train_taskserr = train(
[rank26]:                                  ^^^^^^
[rank26]:   File "/lustre/orion/lrn031/scratch/zye327/HydraGNN_ds/hydragnn/train/train_validate_test.py", line 495, in train
[rank26]:     pred = model(data)
[rank26]:            ^^^^^^^^^^^
[rank26]:   File "/lustre/orion/cph161/world-shared/mlupopa/max_conda_envs_frontier/envs/hydragnn_rocm600/lib/python3.11/site-packages/torch/nn/modules/module.py", line 1532, in _wrapped_call_impl
[rank26]:     return self._call_impl(*args, **kwargs)
[rank26]:            ^^^^^^^^^^^^^^^^^^^^^^^^^^^^^^^^
[rank26]:   File "/lustre/orion/cph161/world-shared/mlupopa/max_conda_envs_frontier/envs/hydragnn_rocm600/lib/python3.11/site-packages/torch/nn/modules/module.py", line 1541, in _call_impl
[rank26]:     return forward_call(*args, **kwargs)
[rank26]:            ^^^^^^^^^^^^^^^^^^^^^^^^^^^^^
[rank26]:   File "/ccs/home/zye327/.local/lib/python3.11/site-packages/deepspeed/utils/nvtx.py", line 15, in wrapped_fn
[rank26]:     ret_val = func(*args, **kwargs)
[rank26]:               ^^^^^^^^^^^^^^^^^^^^^
[rank26]:   File "/ccs/home/zye327/.local/lib/python3.11/site-packages/deepspeed/runtime/engine.py", line 1846, in forward
[rank26]:     loss = self.module(*inputs, **kwargs)
[rank26]:            ^^^^^^^^^^^^^^^^^^^^^^^^^^^^^^
[rank26]:   File "/lustre/orion/cph161/world-shared/mlupopa/max_conda_envs_frontier/envs/hydragnn_rocm600/lib/python3.11/site-packages/torch/nn/modules/module.py", line 1532, in _wrapped_call_impl
[rank26]:     return self._call_impl(*args, **kwargs)
[rank26]:            ^^^^^^^^^^^^^^^^^^^^^^^^^^^^^^^^
[rank26]:   File "/lustre/orion/cph161/world-shared/mlupopa/max_conda_envs_frontier/envs/hydragnn_rocm600/lib/python3.11/site-packages/torch/nn/modules/module.py", line 1541, in _call_impl
[rank26]:     return forward_call(*args, **kwargs)
[rank26]:            ^^^^^^^^^^^^^^^^^^^^^^^^^^^^^
[rank26]:   File "/lustre/orion/lrn031/scratch/zye327/HydraGNN_ds/hydragnn/models/Base.py", line 297, in forward
[rank26]:     c, pos = conv(x=x, pos=pos, **conv_args)
[rank26]:              ^^^^^^^^^^^^^^^^^^^^^^^^^^^^^^^
[rank26]:   File "/lustre/orion/cph161/world-shared/mlupopa/max_conda_envs_frontier/envs/hydragnn_rocm600/lib/python3.11/site-packages/torch/nn/modules/module.py", line 1532, in _wrapped_call_impl
[rank26]:     return self._call_impl(*args, **kwargs)
[rank26]:            ^^^^^^^^^^^^^^^^^^^^^^^^^^^^^^^^
[rank26]:   File "/lustre/orion/cph161/world-shared/mlupopa/max_conda_envs_frontier/envs/hydragnn_rocm600/lib/python3.11/site-packages/torch/nn/modules/module.py", line 1541, in _call_impl
[rank26]:     return forward_call(*args, **kwargs)
[rank26]:            ^^^^^^^^^^^^^^^^^^^^^^^^^^^^^
[rank26]:   File "/tmp/torch_geometric.nn.sequential_38eba2_u334deoo.py", line 17, in forward
[rank26]:     x, pos = self.module_0(x, pos, edge_index, edge_attr)
[rank26]:              ^^^^^^^^^^^^^^^^^^^^^^^^^^^^^^^^^^^^^^^^^^^^
[rank26]:   File "/lustre/orion/cph161/world-shared/mlupopa/max_conda_envs_frontier/envs/hydragnn_rocm600/lib/python3.11/site-packages/torch/nn/modules/module.py", line 1532, in _wrapped_call_impl
[rank26]:     return self._call_impl(*args, **kwargs)
[rank26]:            ^^^^^^^^^^^^^^^^^^^^^^^^^^^^^^^^
[rank26]:   File "/lustre/orion/cph161/world-shared/mlupopa/max_conda_envs_frontier/envs/hydragnn_rocm600/lib/python3.11/site-packages/torch/nn/modules/module.py", line 1541, in _call_impl
[rank26]:     return forward_call(*args, **kwargs)
[rank26]:            ^^^^^^^^^^^^^^^^^^^^^^^^^^^^^
[rank26]:   File "/lustre/orion/lrn031/scratch/zye327/HydraGNN_ds/hydragnn/models/EGCLStack.py", line 229, in forward
[rank26]:     edge_feat = self.edge_model(x[row], x[col], radial, edge_attr)
[rank26]:                 ^^^^^^^^^^^^^^^^^^^^^^^^^^^^^^^^^^^^^^^^^^^^^^^^^^
[rank26]:   File "/lustre/orion/lrn031/scratch/zye327/HydraGNN_ds/hydragnn/models/EGCLStack.py", line 186, in edge_model
[rank26]:     out = self.edge_mlp(out)
[rank26]:           ^^^^^^^^^^^^^^^^^^
[rank26]:   File "/lustre/orion/cph161/world-shared/mlupopa/max_conda_envs_frontier/envs/hydragnn_rocm600/lib/python3.11/site-packages/torch/nn/modules/module.py", line 1532, in _wrapped_call_impl
[rank26]:     return self._call_impl(*args, **kwargs)
[rank26]:            ^^^^^^^^^^^^^^^^^^^^^^^^^^^^^^^^
[rank26]:   File "/lustre/orion/cph161/world-shared/mlupopa/max_conda_envs_frontier/envs/hydragnn_rocm600/lib/python3.11/site-packages/torch/nn/modules/module.py", line 1541, in _call_impl
[rank26]:     return forward_call(*args, **kwargs)
[rank26]:            ^^^^^^^^^^^^^^^^^^^^^^^^^^^^^
[rank26]:   File "/lustre/orion/cph161/world-shared/mlupopa/max_conda_envs_frontier/envs/hydragnn_rocm600/lib/python3.11/site-packages/torch/nn/modules/container.py", line 217, in forward
[rank26]:     input = module(input)
[rank26]:             ^^^^^^^^^^^^^
[rank26]:   File "/lustre/orion/cph161/world-shared/mlupopa/max_conda_envs_frontier/envs/hydragnn_rocm600/lib/python3.11/site-packages/torch/nn/modules/module.py", line 1532, in _wrapped_call_impl
[rank26]:     return self._call_impl(*args, **kwargs)
[rank26]:            ^^^^^^^^^^^^^^^^^^^^^^^^^^^^^^^^
[rank26]:   File "/lustre/orion/cph161/world-shared/mlupopa/max_conda_envs_frontier/envs/hydragnn_rocm600/lib/python3.11/site-packages/torch/nn/modules/module.py", line 1541, in _call_impl
[rank26]:     return forward_call(*args, **kwargs)
[rank26]:            ^^^^^^^^^^^^^^^^^^^^^^^^^^^^^
[rank26]:   File "/lustre/orion/cph161/world-shared/mlupopa/max_conda_envs_frontier/envs/hydragnn_rocm600/lib/python3.11/site-packages/torch/nn/modules/activation.py", line 103, in forward
[rank26]:     return F.relu(input, inplace=self.inplace)
[rank26]:            ^^^^^^^^^^^^^^^^^^^^^^^^^^^^^^^^^^^
[rank26]:   File "/lustre/orion/cph161/world-shared/mlupopa/max_conda_envs_frontier/envs/hydragnn_rocm600/lib/python3.11/site-packages/torch/nn/functional.py", line 1500, in relu
[rank26]:     result = torch.relu(input)
[rank26]:              ^^^^^^^^^^^^^^^^^
[rank26]: torch.cuda.OutOfMemoryError: HIP out of memory. Tried to allocate 19.91 GiB. GPU  has a total capacity of 63.98 GiB of which 19.16 GiB is free. Of the allocated memory 44.33 GiB is allocated by PyTorch, and 37.31 MiB is reserved by PyTorch but unallocated. If reserved but unallocated memory is large try setting PYTORCH_HIP_ALLOC_CONF=expandable_segments:True to avoid fragmentation.  See documentation for Memory Management  (https://pytorch.org/docs/stable/notes/cuda.html#environment-variables)
[rank48]: Traceback (most recent call last):
[rank48]:   File "/lustre/orion/lrn031/scratch/zye327/HydraGNN_ds/./examples/multidataset/train_deepspeed_exportmem.py", line 419, in <module>
[rank48]:     hydragnn.train.train_validate_test(
[rank48]:   File "/lustre/orion/lrn031/scratch/zye327/HydraGNN_ds/hydragnn/train/train_validate_test.py", line 158, in train_validate_test
[rank48]:     train_loss, train_taskserr = train(
[rank48]:                                  ^^^^^^
[rank48]:   File "/lustre/orion/lrn031/scratch/zye327/HydraGNN_ds/hydragnn/train/train_validate_test.py", line 495, in train
[rank48]:     pred = model(data)
[rank48]:            ^^^^^^^^^^^
[rank48]:   File "/lustre/orion/cph161/world-shared/mlupopa/max_conda_envs_frontier/envs/hydragnn_rocm600/lib/python3.11/site-packages/torch/nn/modules/module.py", line 1532, in _wrapped_call_impl
[rank48]:     return self._call_impl(*args, **kwargs)
[rank48]:            ^^^^^^^^^^^^^^^^^^^^^^^^^^^^^^^^
[rank48]:   File "/lustre/orion/cph161/world-shared/mlupopa/max_conda_envs_frontier/envs/hydragnn_rocm600/lib/python3.11/site-packages/torch/nn/modules/module.py", line 1541, in _call_impl
[rank48]:     return forward_call(*args, **kwargs)
[rank48]:            ^^^^^^^^^^^^^^^^^^^^^^^^^^^^^
[rank48]:   File "/ccs/home/zye327/.local/lib/python3.11/site-packages/deepspeed/utils/nvtx.py", line 15, in wrapped_fn
[rank48]:     ret_val = func(*args, **kwargs)
[rank48]:               ^^^^^^^^^^^^^^^^^^^^^
[rank48]:   File "/ccs/home/zye327/.local/lib/python3.11/site-packages/deepspeed/runtime/engine.py", line 1846, in forward
[rank48]:     loss = self.module(*inputs, **kwargs)
[rank48]:            ^^^^^^^^^^^^^^^^^^^^^^^^^^^^^^
[rank48]:   File "/lustre/orion/cph161/world-shared/mlupopa/max_conda_envs_frontier/envs/hydragnn_rocm600/lib/python3.11/site-packages/torch/nn/modules/module.py", line 1532, in _wrapped_call_impl
[rank48]:     return self._call_impl(*args, **kwargs)
[rank48]:            ^^^^^^^^^^^^^^^^^^^^^^^^^^^^^^^^
[rank48]:   File "/lustre/orion/cph161/world-shared/mlupopa/max_conda_envs_frontier/envs/hydragnn_rocm600/lib/python3.11/site-packages/torch/nn/modules/module.py", line 1541, in _call_impl
[rank48]:     return forward_call(*args, **kwargs)
[rank48]:            ^^^^^^^^^^^^^^^^^^^^^^^^^^^^^
[rank48]:   File "/lustre/orion/lrn031/scratch/zye327/HydraGNN_ds/hydragnn/models/Base.py", line 297, in forward
[rank48]:     c, pos = conv(x=x, pos=pos, **conv_args)
[rank48]:              ^^^^^^^^^^^^^^^^^^^^^^^^^^^^^^^
[rank48]:   File "/lustre/orion/cph161/world-shared/mlupopa/max_conda_envs_frontier/envs/hydragnn_rocm600/lib/python3.11/site-packages/torch/nn/modules/module.py", line 1532, in _wrapped_call_impl
[rank48]:     return self._call_impl(*args, **kwargs)
[rank48]:            ^^^^^^^^^^^^^^^^^^^^^^^^^^^^^^^^
[rank48]:   File "/lustre/orion/cph161/world-shared/mlupopa/max_conda_envs_frontier/envs/hydragnn_rocm600/lib/python3.11/site-packages/torch/nn/modules/module.py", line 1541, in _call_impl
[rank48]:     return forward_call(*args, **kwargs)
[rank48]:            ^^^^^^^^^^^^^^^^^^^^^^^^^^^^^
[rank48]:   File "/tmp/torch_geometric.nn.sequential_f62aa2_y76de1uw.py", line 17, in forward
[rank48]:     x, pos = self.module_0(x, pos, edge_index, edge_attr)
[rank48]:              ^^^^^^^^^^^^^^^^^^^^^^^^^^^^^^^^^^^^^^^^^^^^
[rank48]:   File "/lustre/orion/cph161/world-shared/mlupopa/max_conda_envs_frontier/envs/hydragnn_rocm600/lib/python3.11/site-packages/torch/nn/modules/module.py", line 1532, in _wrapped_call_impl
[rank48]:     return self._call_impl(*args, **kwargs)
[rank48]:            ^^^^^^^^^^^^^^^^^^^^^^^^^^^^^^^^
[rank48]:   File "/lustre/orion/cph161/world-shared/mlupopa/max_conda_envs_frontier/envs/hydragnn_rocm600/lib/python3.11/site-packages/torch/nn/modules/module.py", line 1541, in _call_impl
[rank48]:     return forward_call(*args, **kwargs)
[rank48]:            ^^^^^^^^^^^^^^^^^^^^^^^^^^^^^
[rank48]:   File "/lustre/orion/lrn031/scratch/zye327/HydraGNN_ds/hydragnn/models/EGCLStack.py", line 229, in forward
[rank48]:     edge_feat = self.edge_model(x[row], x[col], radial, edge_attr)
[rank48]:                 ^^^^^^^^^^^^^^^^^^^^^^^^^^^^^^^^^^^^^^^^^^^^^^^^^^
[rank48]:   File "/lustre/orion/lrn031/scratch/zye327/HydraGNN_ds/hydragnn/models/EGCLStack.py", line 186, in edge_model
[rank48]:     out = self.edge_mlp(out)
[rank48]:           ^^^^^^^^^^^^^^^^^^
[rank48]:   File "/lustre/orion/cph161/world-shared/mlupopa/max_conda_envs_frontier/envs/hydragnn_rocm600/lib/python3.11/site-packages/torch/nn/modules/module.py", line 1532, in _wrapped_call_impl
[rank48]:     return self._call_impl(*args, **kwargs)
[rank48]:            ^^^^^^^^^^^^^^^^^^^^^^^^^^^^^^^^
[rank48]:   File "/lustre/orion/cph161/world-shared/mlupopa/max_conda_envs_frontier/envs/hydragnn_rocm600/lib/python3.11/site-packages/torch/nn/modules/module.py", line 1541, in _call_impl
[rank48]:     return forward_call(*args, **kwargs)
[rank48]:            ^^^^^^^^^^^^^^^^^^^^^^^^^^^^^
[rank48]:   File "/lustre/orion/cph161/world-shared/mlupopa/max_conda_envs_frontier/envs/hydragnn_rocm600/lib/python3.11/site-packages/torch/nn/modules/container.py", line 217, in forward
[rank48]:     input = module(input)
[rank48]:             ^^^^^^^^^^^^^
[rank48]:   File "/lustre/orion/cph161/world-shared/mlupopa/max_conda_envs_frontier/envs/hydragnn_rocm600/lib/python3.11/site-packages/torch/nn/modules/module.py", line 1532, in _wrapped_call_impl
[rank48]:     return self._call_impl(*args, **kwargs)
[rank48]:            ^^^^^^^^^^^^^^^^^^^^^^^^^^^^^^^^
[rank48]:   File "/lustre/orion/cph161/world-shared/mlupopa/max_conda_envs_frontier/envs/hydragnn_rocm600/lib/python3.11/site-packages/torch/nn/modules/module.py", line 1541, in _call_impl
[rank48]:     return forward_call(*args, **kwargs)
[rank48]:            ^^^^^^^^^^^^^^^^^^^^^^^^^^^^^
[rank48]:   File "/lustre/orion/cph161/world-shared/mlupopa/max_conda_envs_frontier/envs/hydragnn_rocm600/lib/python3.11/site-packages/torch/nn/modules/activation.py", line 103, in forward
[rank48]:     return F.relu(input, inplace=self.inplace)
[rank48]:            ^^^^^^^^^^^^^^^^^^^^^^^^^^^^^^^^^^^
[rank48]:   File "/lustre/orion/cph161/world-shared/mlupopa/max_conda_envs_frontier/envs/hydragnn_rocm600/lib/python3.11/site-packages/torch/nn/functional.py", line 1500, in relu
[rank48]:     result = torch.relu(input)
[rank48]:              ^^^^^^^^^^^^^^^^^
[rank48]: torch.cuda.OutOfMemoryError: HIP out of memory. Tried to allocate 19.85 GiB. GPU 
[rank1]: Traceback (most recent call last):
[rank1]:   File "/lustre/orion/lrn031/scratch/zye327/HydraGNN_ds/./examples/multidataset/train_deepspeed_exportmem.py", line 419, in <module>
[rank1]:     hydragnn.train.train_validate_test(
[rank1]:   File "/lustre/orion/lrn031/scratch/zye327/HydraGNN_ds/hydragnn/train/train_validate_test.py", line 158, in train_validate_test
[rank1]:     train_loss, train_taskserr = train(
[rank1]:                                  ^^^^^^
[rank1]:   File "/lustre/orion/lrn031/scratch/zye327/HydraGNN_ds/hydragnn/train/train_validate_test.py", line 495, in train
[rank1]:     pred = model(data)
[rank1]:            ^^^^^^^^^^^
[rank1]:   File "/lustre/orion/cph161/world-shared/mlupopa/max_conda_envs_frontier/envs/hydragnn_rocm600/lib/python3.11/site-packages/torch/nn/modules/module.py", line 1532, in _wrapped_call_impl
[rank1]:     return self._call_impl(*args, **kwargs)
[rank1]:            ^^^^^^^^^^^^^^^^^^^^^^^^^^^^^^^^
[rank1]:   File "/lustre/orion/cph161/world-shared/mlupopa/max_conda_envs_frontier/envs/hydragnn_rocm600/lib/python3.11/site-packages/torch/nn/modules/module.py", line 1541, in _call_impl
[rank1]:     return forward_call(*args, **kwargs)
[rank1]:            ^^^^^^^^^^^^^^^^^^^^^^^^^^^^^
[rank1]:   File "/ccs/home/zye327/.local/lib/python3.11/site-packages/deepspeed/utils/nvtx.py", line 15, in wrapped_fn
[rank1]:     ret_val = func(*args, **kwargs)
[rank1]:               ^^^^^^^^^^^^^^^^^^^^^
[rank1]:   File "/ccs/home/zye327/.local/lib/python3.11/site-packages/deepspeed/runtime/engine.py", line 1846, in forward
[rank1]:     loss = self.module(*inputs, **kwargs)
[rank1]:            ^^^^^^^^^^^^^^^^^^^^^^^^^^^^^^
[rank1]:   File "/lustre/orion/cph161/world-shared/mlupopa/max_conda_envs_frontier/envs/hydragnn_rocm600/lib/python3.11/site-packages/torch/nn/modules/module.py", line 1532, in _wrapped_call_impl
[rank1]:     return self._call_impl(*args, **kwargs)
[rank1]:            ^^^^^^^^^^^^^^^^^^^^^^^^^^^^^^^^
[rank1]:   File "/lustre/orion/cph161/world-shared/mlupopa/max_conda_envs_frontier/envs/hydragnn_rocm600/lib/python3.11/site-packages/torch/nn/modules/module.py", line 1541, in _call_impl
[rank1]:     return forward_call(*args, **kwargs)
[rank1]:            ^^^^^^^^^^^^^^^^^^^^^^^^^^^^^
[rank1]:   File "/lustre/orion/lrn031/scratch/zye327/HydraGNN_ds/hydragnn/models/Base.py", line 297, in forward
[rank1]:     c, pos = conv(x=x, pos=pos, **conv_args)
[rank1]:              ^^^^^^^^^^^^^^^^^^^^^^^^^^^^^^^
[rank1]:   File "/lustre/orion/cph161/world-shared/mlupopa/max_conda_envs_frontier/envs/hydragnn_rocm600/lib/python3.11/site-packages/torch/nn/modules/module.py", line 1532, in _wrapped_call_impl
[rank1]:     return self._call_impl(*args, **kwargs)
[rank1]:            ^^^^^^^^^^^^^^^^^^^^^^^^^^^^^^^^
[rank1]:   File "/lustre/orion/cph161/world-shared/mlupopa/max_conda_envs_frontier/envs/hydragnn_rocm600/lib/python3.11/site-packages/torch/nn/modules/module.py", line 1541, in _call_impl
[rank1]:     return forward_call(*args, **kwargs)
[rank1]:            ^^^^^^^^^^^^^^^^^^^^^^^^^^^^^
[rank1]:   File "/tmp/torch_geometric.nn.sequential_83a4db_hrazw5m8.py", line 17, in forward
[rank1]:     x, pos = self.module_0(x, pos, edge_index, edge_attr)
[rank1]:              ^^^^^^^^^^^^^^^^^^^^^^^^^^^^^^^^^^^^^^^^^^^^
[rank1]:   File "/lustre/orion/cph161/world-shared/mlupopa/max_conda_envs_frontier/envs/hydragnn_rocm600/lib/python3.11/site-packages/torch/nn/modules/module.py", line 1532, in _wrapped_call_impl
[rank1]:     return self._call_impl(*args, **kwargs)
[rank1]:            ^^^^^^^^^^^^^^^^^^^^^^^^^^^^^^^^
[rank1]:   File "/lustre/orion/cph161/world-shared/mlupopa/max_conda_envs_frontier/envs/hydragnn_rocm600/lib/python3.11/site-packages/torch/nn/modules/module.py", line 1541, in _call_impl
[rank1]:     return forward_call(*args, **kwargs)
[rank1]:            ^^^^^^^^^^^^^^^^^^^^^^^^^^^^^
[rank1]:   File "/lustre/orion/lrn031/scratch/zye327/HydraGNN_ds/hydragnn/models/EGCLStack.py", line 229, in forward
[rank1]:     edge_feat = self.edge_model(x[row], x[col], radial, edge_attr)
[rank1]:                 ^^^^^^^^^^^^^^^^^^^^^^^^^^^^^^^^^^^^^^^^^^^^^^^^^^
[rank1]:   File "/lustre/orion/lrn031/scratch/zye327/HydraGNN_ds/hydragnn/models/EGCLStack.py", line 186, in edge_model
[rank1]:     out = self.edge_mlp(out)
[rank1]:           ^^^^^^^^^^^^^^^^^^
[rank1]:   File "/lustre/orion/cph161/world-shared/mlupopa/max_conda_envs_frontier/envs/hydragnn_rocm600/lib/python3.11/site-packages/torch/nn/modules/module.py", line 1532, in _wrapped_call_impl
[rank1]:     return self._call_impl(*args, **kwargs)
[rank1]:            ^^^^^^^^^^^^^^^^^^^^^^^^^^^^^^^^
[rank1]:   File "/lustre/orion/cph161/world-shared/mlupopa/max_conda_envs_frontier/envs/hydragnn_rocm600/lib/python3.11/site-packages/torch/nn/modules/module.py", line 1541, in _call_impl
[rank1]:     return forward_call(*args, **kwargs)
[rank1]:            ^^^^^^^^^^^^^^^^^^^^^^^^^^^^^
[rank1]:   File "/lustre/orion/cph161/world-shared/mlupopa/max_conda_envs_frontier/envs/hydragnn_rocm600/lib/python3.11/site-packages/torch/nn/modules/container.py", line 217, in forward
[rank1]:     input = module(input)
[rank1]:             ^^^^^^^^^^^^^
[rank1]:   File "/lustre/orion/cph161/world-shared/mlupopa/max_conda_envs_frontier/envs/hydragnn_rocm600/lib/python3.11/site-packages/torch/nn/modules/module.py", line 1532, in _wrapped_call_impl
[rank1]:     return self._call_impl(*args, **kwargs)
[rank1]:            ^^^^^^^^^^^^^^^^^^^^^^^^^^^^^^^^
[rank1]:   File "/lustre/orion/cph161/world-shared/mlupopa/max_conda_envs_frontier/envs/hydragnn_rocm600/lib/python3.11/site-packages/torch/nn/modules/module.py", line 1541, in _call_impl
[rank1]:     return forward_call(*args, **kwargs)
[rank1]:            ^^^^^^^^^^^^^^^^^^^^^^^^^^^^^
[rank1]:   File "/lustre/orion/cph161/world-shared/mlupopa/max_conda_envs_frontier/envs/hydragnn_rocm600/lib/python3.11/site-packages/torch/nn/modules/activation.py", line 103, in forward
[rank1]:     return F.relu(input, inplace=self.inplace)
[rank1]:            ^^^^^^^^^^^^^^^^^^^^^^^^^^^^^^^^^^^
[rank1]:   File "/lustre/orion/cph161/world-shared/mlupopa/max_conda_envs_frontier/envs/hydragnn_rocm600/lib/python3.11/site-packages/torch/nn/functional.py", line 1500, in relu
[rank1]:     result = torch.relu(input)
[rank1]:              ^^^^^^^^^^^^^^^^^
[rank1]: torch.cuda.OutOfMemoryError: HIP out of memory. Tried to allocate 19.76 GiB. GPU  has a total capacity of 63.98 GiB of which 19.46 GiB is free. Of the allocated memory 44.03 GiB is allocated by PyTorch, and 36.89 MiB is reserved by PyTorch but unallocated. If reserved but unallocated memory is large try setting PYTORCH_HIP_ALLOC_CONF=expandable_segments:True to avoid fragmentation.  See documentation for Memory Management  (https://pytorch.org/docs/stable/notes/cuda.html#environment-variables)
[rank28]: Traceback (most recent call last):
[rank28]:   File "/lustre/orion/lrn031/scratch/zye327/HydraGNN_ds/./examples/multidataset/train_deepspeed_exportmem.py", line 419, in <module>
[rank28]:     hydragnn.train.train_validate_test(
[rank28]:   File "/lustre/orion/lrn031/scratch/zye327/HydraGNN_ds/hydragnn/train/train_validate_test.py", line 158, in train_validate_test
[rank28]:     train_loss, train_taskserr = train(
[rank28]:                                  ^^^^^^
[rank28]:   File "/lustre/orion/lrn031/scratch/zye327/HydraGNN_ds/hydragnn/train/train_validate_test.py", line 495, in train
[rank28]:     pred = model(data)
[rank28]:            ^^^^^^^^^^^
[rank28]:   File "/lustre/orion/cph161/world-shared/mlupopa/max_conda_envs_frontier/envs/hydragnn_rocm600/lib/python3.11/site-packages/torch/nn/modules/module.py", line 1532, in _wrapped_call_impl
[rank28]:     return self._call_impl(*args, **kwargs)
[rank28]:            ^^^^^^^^^^^^^^^^^^^^^^^^^^^^^^^^
[rank28]:   File "/lustre/orion/cph161/world-shared/mlupopa/max_conda_envs_frontier/envs/hydragnn_rocm600/lib/python3.11/site-packages/torch/nn/modules/module.py", line 1541, in _call_impl
[rank28]:     return forward_call(*args, **kwargs)
[rank28]:            ^^^^^^^^^^^^^^^^^^^^^^^^^^^^^
[rank28]:   File "/ccs/home/zye327/.local/lib/python3.11/site-packages/deepspeed/utils/nvtx.py", line 15, in wrapped_fn
[rank28]:     ret_val = func(*args, **kwargs)
[rank28]:               ^^^^^^^^^^^^^^^^^^^^^
[rank28]:   File "/ccs/home/zye327/.local/lib/python3.11/site-packages/deepspeed/runtime/engine.py", line 1846, in forward
[rank28]:     loss = self.module(*inputs, **kwargs)
[rank28]:            ^^^^^^^^^^^^^^^^^^^^^^^^^^^^^^
[rank28]:   File "/lustre/orion/cph161/world-shared/mlupopa/max_conda_envs_frontier/envs/hydragnn_rocm600/lib/python3.11/site-packages/torch/nn/modules/module.py", line 1532, in _wrapped_call_impl
[rank28]:     return self._call_impl(*args, **kwargs)
[rank28]:            ^^^^^^^^^^^^^^^^^^^^^^^^^^^^^^^^
[rank28]:   File "/lustre/orion/cph161/world-shared/mlupopa/max_conda_envs_frontier/envs/hydragnn_rocm600/lib/python3.11/site-packages/torch/nn/modules/module.py", line 1541, in _call_impl
[rank28]:     return forward_call(*args, **kwargs)
[rank28]:            ^^^^^^^^^^^^^^^^^^^^^^^^^^^^^
[rank28]:   File "/lustre/orion/lrn031/scratch/zye327/HydraGNN_ds/hydragnn/models/Base.py", line 297, in forward
[rank28]:     c, pos = conv(x=x, pos=pos, **conv_args)
[rank28]:              ^^^^^^^^^^^^^^^^^^^^^^^^^^^^^^^
[rank28]:   File "/lustre/orion/cph161/world-shared/mlupopa/max_conda_envs_frontier/envs/hydragnn_rocm600/lib/python3.11/site-packages/torch/nn/modules/module.py", line 1532, in _wrapped_call_impl
[rank28]:     return self._call_impl(*args, **kwargs)
[rank28]:            ^^^^^^^^^^^^^^^^^^^^^^^^^^^^^^^^
[rank28]:   File "/lustre/orion/cph161/world-shared/mlupopa/max_conda_envs_frontier/envs/hydragnn_rocm600/lib/python3.11/site-packages/torch/nn/modules/module.py", line 1541, in _call_impl
[rank28]:     return forward_call(*args, **kwargs)
[rank28]:            ^^^^^^^^^^^^^^^^^^^^^^^^^^^^^
[rank28]:   File "/tmp/torch_geometric.nn.sequential_3e66c2_ielikh7b.py", line 17, in forward
[rank28]:     x, pos = self.module_0(x, pos, edge_index, edge_attr)
[rank28]:              ^^^^^^^^^^^^^^^^^^^^^^^^^^^^^^^^^^^^^^^^^^^^
[rank28]:   File "/lustre/orion/cph161/world-shared/mlupopa/max_conda_envs_frontier/envs/hydragnn_rocm600/lib/python3.11/site-packages/torch/nn/modules/module.py", line 1532, in _wrapped_call_impl
[rank28]:     return self._call_impl(*args, **kwargs)
[rank28]:            ^^^^^^^^^^^^^^^^^^^^^^^^^^^^^^^^
[rank28]:   File "/lustre/orion/cph161/world-shared/mlupopa/max_conda_envs_frontier/envs/hydragnn_rocm600/lib/python3.11/site-packages/torch/nn/modules/module.py", line 1541, in _call_impl
[rank28]:     return forward_call(*args, **kwargs)
[rank28]:            ^^^^^^^^^^^^^^^^^^^^^^^^^^^^^
[rank28]:   File "/lustre/orion/lrn031/scratch/zye327/HydraGNN_ds/hydragnn/models/EGCLStack.py", line 229, in forward
[rank28]:     edge_feat = self.edge_model(x[row], x[col], radial, edge_attr)
[rank28]:                 ^^^^^^^^^^^^^^^^^^^^^^^^^^^^^^^^^^^^^^^^^^^^^^^^^^
[rank28]:   File "/lustre/orion/lrn031/scratch/zye327/HydraGNN_ds/hydragnn/models/EGCLStack.py", line 186, in edge_model
[rank28]:     out = self.edge_mlp(out)
[rank28]:           ^^^^^^^^^^^^^^^^^^
[rank28]:   File "/lustre/orion/cph161/world-shared/mlupopa/max_conda_envs_frontier/envs/hydragnn_rocm600/lib/python3.11/site-packages/torch/nn/modules/module.py", line 1532, in _wrapped_call_impl
[rank28]:     return self._call_impl(*args, **kwargs)
[rank28]:            ^^^^^^^^^^^^^^^^^^^^^^^^^^^^^^^^
[rank28]:   File "/lustre/orion/cph161/world-shared/mlupopa/max_conda_envs_frontier/envs/hydragnn_rocm600/lib/python3.11/site-packages/torch/nn/modules/module.py", line 1541, in _call_impl
[rank28]:     return forward_call(*args, **kwargs)
[rank28]:            ^^^^^^^^^^^^^^^^^^^^^^^^^^^^^
[rank28]:   File "/lustre/orion/cph161/world-shared/mlupopa/max_conda_envs_frontier/envs/hydragnn_rocm600/lib/python3.11/site-packages/torch/nn/modules/container.py", line 217, in forward
[rank28]:     input = module(input)
[rank28]:             ^^^^^^^^^^^^^
[rank28]:   File "/lustre/orion/cph161/world-shared/mlupopa/max_conda_envs_frontier/envs/hydragnn_rocm600/lib/python3.11/site-packages/torch/nn/modules/module.py", line 1532, in _wrapped_call_impl
[rank28]:     return self._call_impl(*args, **kwargs)
[rank28]:            ^^^^^^^^^^^^^^^^^^^^^^^^^^^^^^^^
[rank28]:   File "/lustre/orion/cph161/world-shared/mlupopa/max_conda_envs_frontier/envs/hydragnn_rocm600/lib/python3.11/site-packages/torch/nn/modules/module.py", line 1541, in _call_impl
[rank28]:     return forward_call(*args, **kwargs)
[rank28]:            ^^^^^^^^^^^^^^^^^^^^^^^^^^^^^
[rank28]:   File "/lustre/orion/cph161/world-shared/mlupopa/max_conda_envs_frontier/envs/hydragnn_rocm600/lib/python3.11/site-packages/torch/nn/modules/activation.py", line 103, in forward
[rank28]:     return F.relu(input, inplace=self.inplace)
[rank28]:            ^^^^^^^^^^^^^^^^^^^^^^^^^^^^^^^^^^^
[rank28]:   File "/lustre/orion/cph161/world-shared/mlupopa/max_conda_envs_frontier/envs/hydragnn_rocm600/lib/python3.11/site-packages/torch/nn/functional.py", line 1500, in relu
[rank28]:     result = torch.relu(input)
[rank28]:              ^^^^^^^^^^^^^^^^^
[rank28]: torch.cuda.OutOfMemoryError: HIP out of memory. Tried to allocate 19.75 GiB. GPU  has a total capacity of 63.98 GiB of which 19.49 GiB is free. Of the allocated memory 44.00 GiB is allocated by PyTorch, and 36.91 MiB is reserved by PyTorch but unallocated. If reserved but unallocated memory is large try setting PYTORCH_HIP_ALLOC_CONF=expandable_segments:True to avoid fragmentation.  See documentation for Memory Management  (https://pytorch.org/docs/stable/notes/cuda.html#environment-variables)
[rank3]: Traceback (most recent call last):
[rank3]:   File "/lustre/orion/lrn031/scratch/zye327/HydraGNN_ds/./examples/multidataset/train_deepspeed_exportmem.py", line 419, in <module>
[rank3]:     hydragnn.train.train_validate_test(
[rank3]:   File "/lustre/orion/lrn031/scratch/zye327/HydraGNN_ds/hydragnn/train/train_validate_test.py", line 158, in train_validate_test
[rank3]:     train_loss, train_taskserr = train(
[rank3]:                                  ^^^^^^
[rank3]:   File "/lustre/orion/lrn031/scratch/zye327/HydraGNN_ds/hydragnn/train/train_validate_test.py", line 495, in train
[rank3]:     pred = model(data)
[rank3]:            ^^^^^^^^^^^
[rank3]:   File "/lustre/orion/cph161/world-shared/mlupopa/max_conda_envs_frontier/envs/hydragnn_rocm600/lib/python3.11/site-packages/torch/nn/modules/module.py", line 1532, in _wrapped_call_impl
[rank3]:     return self._call_impl(*args, **kwargs)
[rank3]:            ^^^^^^^^^^^^^^^^^^^^^^^^^^^^^^^^
[rank3]:   File "/lustre/orion/cph161/world-shared/mlupopa/max_conda_envs_frontier/envs/hydragnn_rocm600/lib/python3.11/site-packages/torch/nn/modules/module.py", line 1541, in _call_impl
[rank3]:     return forward_call(*args, **kwargs)
[rank3]:            ^^^^^^^^^^^^^^^^^^^^^^^^^^^^^
[rank3]:   File "/ccs/home/zye327/.local/lib/python3.11/site-packages/deepspeed/utils/nvtx.py", line 15, in wrapped_fn
[rank3]:     ret_val = func(*args, **kwargs)
[rank3]:               ^^^^^^^^^^^^^^^^^^^^^
[rank3]:   File "/ccs/home/zye327/.local/lib/python3.11/site-packages/deepspeed/runtime/engine.py", line 1846, in forward
[rank3]:     loss = self.module(*inputs, **kwargs)
[rank3]:            ^^^^^^^^^^^^^^^^^^^^^^^^^^^^^^
[rank3]:   File "/lustre/orion/cph161/world-shared/mlupopa/max_conda_envs_frontier/envs/hydragnn_rocm600/lib/python3.11/site-packages/torch/nn/modules/module.py", line 1532, in _wrapped_call_impl
[rank3]:     return self._call_impl(*args, **kwargs)
[rank3]:            ^^^^^^^^^^^^^^^^^^^^^^^^^^^^^^^^
[rank3]:   File "/lustre/orion/cph161/world-shared/mlupopa/max_conda_envs_frontier/envs/hydragnn_rocm600/lib/python3.11/site-packages/torch/nn/modules/module.py", line 1541, in _call_impl
[rank3]:     return forward_call(*args, **kwargs)
[rank3]:            ^^^^^^^^^^^^^^^^^^^^^^^^^^^^^
[rank3]:   File "/lustre/orion/lrn031/scratch/zye327/HydraGNN_ds/hydragnn/models/Base.py", line 297, in forward
[rank3]:     c, pos = conv(x=x, pos=pos, **conv_args)
[rank3]:              ^^^^^^^^^^^^^^^^^^^^^^^^^^^^^^^
[rank3]:   File "/lustre/orion/cph161/world-shared/mlupopa/max_conda_envs_frontier/envs/hydragnn_rocm600/lib/python3.11/site-packages/torch/nn/modules/module.py", line 1532, in _wrapped_call_impl
[rank3]:     return self._call_impl(*args, **kwargs)
[rank3]:            ^^^^^^^^^^^^^^^^^^^^^^^^^^^^^^^^
[rank3]:   File "/lustre/orion/cph161/world-shared/mlupopa/max_conda_envs_frontier/envs/hydragnn_rocm600/lib/python3.11/site-packages/torch/nn/modules/module.py", line 1541, in _call_impl
[rank3]:     return forward_call(*args, **kwargs)
[rank3]:            ^^^^^^^^^^^^^^^^^^^^^^^^^^^^^
[rank3]:   File "/tmp/torch_geometric.nn.sequential_64090d_b8l_luup.py", line 17, in forward
[rank3]:     x, pos = self.module_0(x, pos, edge_index, edge_attr)
[rank3]:              ^^^^^^^^^^^^^^^^^^^^^^^^^^^^^^^^^^^^^^^^^^^^
[rank3]:   File "/lustre/orion/cph161/world-shared/mlupopa/max_conda_envs_frontier/envs/hydragnn_rocm600/lib/python3.11/site-packages/torch/nn/modules/module.py", line 1532, in _wrapped_call_impl
[rank3]:     return self._call_impl(*args, **kwargs)
[rank3]:            ^^^^^^^^^^^^^^^^^^^^^^^^^^^^^^^^
[rank3]:   File "/lustre/orion/cph161/world-shared/mlupopa/max_conda_envs_frontier/envs/hydragnn_rocm600/lib/python3.11/site-packages/torch/nn/modules/module.py", line 1541, in _call_impl
[rank3]:     return forward_call(*args, **kwargs)
[rank3]:            ^^^^^^^^^^^^^^^^^^^^^^^^^^^^^
[rank3]:   File "/lustre/orion/lrn031/scratch/zye327/HydraGNN_ds/hydragnn/models/EGCLStack.py", line 229, in forward
[rank3]:     edge_feat = self.edge_model(x[row], x[col], radial, edge_attr)
[rank3]:                 ^^^^^^^^^^^^^^^^^^^^^^^^^^^^^^^^^^^^^^^^^^^^^^^^^^
[rank3]:   File "/lustre/orion/lrn031/scratch/zye327/HydraGNN_ds/hydragnn/models/EGCLStack.py", line 186, in edge_model
[rank3]:     out = self.edge_mlp(out)
[rank3]:           ^^^^^^^^^^^^^^^^^^
[rank3]:   File "/lustre/orion/cph161/world-shared/mlupopa/max_conda_envs_frontier/envs/hydragnn_rocm600/lib/python3.11/site-packages/torch/nn/modules/module.py", line 1532, in _wrapped_call_impl
[rank3]:     return self._call_impl(*args, **kwargs)
[rank3]:            ^^^^^^^^^^^^^^^^^^^^^^^^^^^^^^^^
[rank3]:   File "/lustre/orion/cph161/world-shared/mlupopa/max_conda_envs_frontier/envs/hydragnn_rocm600/lib/python3.11/site-packages/torch/nn/modules/module.py", line 1541, in _call_impl
[rank3]:     return forward_call(*args, **kwargs)
[rank3]:            ^^^^^^^^^^^^^^^^^^^^^^^^^^^^^
[rank3]:   File "/lustre/orion/cph161/world-shared/mlupopa/max_conda_envs_frontier/envs/hydragnn_rocm600/lib/python3.11/site-packages/torch/nn/modules/container.py", line 217, in forward
[rank3]:     input = module(input)
[rank3]:             ^^^^^^^^^^^^^
[rank3]:   File "/lustre/orion/cph161/world-shared/mlupopa/max_conda_envs_frontier/envs/hydragnn_rocm600/lib/python3.11/site-packages/torch/nn/modules/module.py", line 1532, in _wrapped_call_impl
[rank3]:     return self._call_impl(*args, **kwargs)
[rank3]:            ^^^^^^^^^^^^^^^^^^^^^^^^^^^^^^^^
[rank3]:   File "/lustre/orion/cph161/world-shared/mlupopa/max_conda_envs_frontier/envs/hydragnn_rocm600/lib/python3.11/site-packages/torch/nn/modules/module.py", line 1541, in _call_impl
[rank3]:     return forward_call(*args, **kwargs)
[rank3]:            ^^^^^^^^^^^^^^^^^^^^^^^^^^^^^
[rank3]:   File "/lustre/orion/cph161/world-shared/mlupopa/max_conda_envs_frontier/envs/hydragnn_rocm600/lib/python3.11/site-packages/torch/nn/modules/activation.py", line 103, in forward
[rank3]:     return F.relu(input, inplace=self.inplace)
[rank3]:            ^^^^^^^^^^^^^^^^^^^^^^^^^^^^^^^^^^^
[rank3]:   File "/lustre/orion/cph161/world-shared/mlupopa/max_conda_envs_frontier/envs/hydragnn_rocm600/lib/python3.11/site-packages/torch/nn/functional.py", line 1500, in relu
[rank3]:     result = torch.relu(input)
[rank3]:              ^^^^^^^^^^^^^^^^^
[rank3]: torch.cuda.OutOfMemoryError: HIP out of memory. Tried to allocate 21.08 GiB. GPU  has a total capacity of 63.98 GiB of which 16.82 GiB is free. Of the allocated memory 46.68 GiB is allocated by PyTorch, and 28.31 MiB is reserved by PyTorch but unallocated. If reserved but unallocated memory is large try setting PYTORCH_HIP_ALLOC_CONF=expandable_segments:True to avoid fragmentation.  See documentation for Memory Management  (https://pytorch.org/docs/stable/notes/cuda.html#environment-variables)
[rank10]: Traceback (most recent call last):
[rank10]:   File "/lustre/orion/lrn031/scratch/zye327/HydraGNN_ds/./examples/multidataset/train_deepspeed_exportmem.py", line 419, in <module>
[rank10]:     hydragnn.train.train_validate_test(
[rank10]:   File "/lustre/orion/lrn031/scratch/zye327/HydraGNN_ds/hydragnn/train/train_validate_test.py", line 158, in train_validate_test
[rank10]:     train_loss, train_taskserr = train(
[rank10]:                                  ^^^^^^
[rank10]:   File "/lustre/orion/lrn031/scratch/zye327/HydraGNN_ds/hydragnn/train/train_validate_test.py", line 495, in train
[rank10]:     pred = model(data)
[rank10]:            ^^^^^^^^^^^
[rank10]:   File "/lustre/orion/cph161/world-shared/mlupopa/max_conda_envs_frontier/envs/hydragnn_rocm600/lib/python3.11/site-packages/torch/nn/modules/module.py", line 1532, in _wrapped_call_impl
[rank10]:     return self._call_impl(*args, **kwargs)
[rank10]:            ^^^^^^^^^^^^^^^^^^^^^^^^^^^^^^^^
[rank10]:   File "/lustre/orion/cph161/world-shared/mlupopa/max_conda_envs_frontier/envs/hydragnn_rocm600/lib/python3.11/site-packages/torch/nn/modules/module.py", line 1541, in _call_impl
[rank10]:     return forward_call(*args, **kwargs)
[rank10]:            ^^^^^^^^^^^^^^^^^^^^^^^^^^^^^
[rank10]:   File "/ccs/home/zye327/.local/lib/python3.11/site-packages/deepspeed/utils/nvtx.py", line 15, in wrapped_fn
[rank10]:     ret_val = func(*args, **kwargs)
[rank10]:               ^^^^^^^^^^^^^^^^^^^^^
[rank10]:   File "/ccs/home/zye327/.local/lib/python3.11/site-packages/deepspeed/runtime/engine.py", line 1846, in forward
[rank10]:     loss = self.module(*inputs, **kwargs)
[rank10]:            ^^^^^^^^^^^^^^^^^^^^^^^^^^^^^^
[rank10]:   File "/lustre/orion/cph161/world-shared/mlupopa/max_conda_envs_frontier/envs/hydragnn_rocm600/lib/python3.11/site-packages/torch/nn/modules/module.py", line 1532, in _wrapped_call_impl
[rank10]:     return self._call_impl(*args, **kwargs)
[rank10]:            ^^^^^^^^^^^^^^^^^^^^^^^^^^^^^^^^
[rank10]:   File "/lustre/orion/cph161/world-shared/mlupopa/max_conda_envs_frontier/envs/hydragnn_rocm600/lib/python3.11/site-packages/torch/nn/modules/module.py", line 1541, in _call_impl
[rank10]:     return forward_call(*args, **kwargs)
[rank10]:            ^^^^^^^^^^^^^^^^^^^^^^^^^^^^^
[rank10]:   File "/lustre/orion/lrn031/scratch/zye327/HydraGNN_ds/hydragnn/models/Base.py", line 297, in forward
[rank10]:     c, pos = conv(x=x, pos=pos, **conv_args)
[rank10]:              ^^^^^^^^^^^^^^^^^^^^^^^^^^^^^^^
[rank10]:   File "/lustre/orion/cph161/world-shared/mlupopa/max_conda_envs_frontier/envs/hydragnn_rocm600/lib/python3.11/site-packages/torch/nn/modules/module.py", line 1532, in _wrapped_call_impl
[rank10]:     return self._call_impl(*args, **kwargs)
[rank10]:            ^^^^^^^^^^^^^^^^^^^^^^^^^^^^^^^^
[rank10]:   File "/lustre/orion/cph161/world-shared/mlupopa/max_conda_envs_frontier/envs/hydragnn_rocm600/lib/python3.11/site-packages/torch/nn/modules/module.py", line 1541, in _call_impl
[rank10]:     return forward_call(*args, **kwargs)
[rank10]:            ^^^^^^^^^^^^^^^^^^^^^^^^^^^^^
[rank10]:   File "/tmp/torch_geometric.nn.sequential_705e1d_kgg3o0tv.py", line 17, in forward
[rank10]:     x, pos = self.module_0(x, pos, edge_index, edge_attr)
[rank10]:              ^^^^^^^^^^^^^^^^^^^^^^^^^^^^^^^^^^^^^^^^^^^^
[rank10]:   File "/lustre/orion/cph161/world-shared/mlupopa/max_conda_envs_frontier/envs/hydragnn_rocm600/lib/python3.11/site-packages/torch/nn/modules/module.py", line 1532, in _wrapped_call_impl
[rank10]:     return self._call_impl(*args, **kwargs)
[rank10]:            ^^^^^^^^^^^^^^^^^^^^^^^^^^^^^^^^
[rank10]:   File "/lustre/orion/cph161/world-shared/mlupopa/max_conda_envs_frontier/envs/hydragnn_rocm600/lib/python3.11/site-packages/torch/nn/modules/module.py", line 1541, in _call_impl
[rank10]:     return forward_call(*args, **kwargs)
[rank10]:            ^^^^^^^^^^^^^^^^^^^^^^^^^^^^^
[rank10]:   File "/lustre/orion/lrn031/scratch/zye327/HydraGNN_ds/hydragnn/models/EGCLStack.py", line 229, in forward
[rank10]:     edge_feat = self.edge_model(x[row], x[col], radial, edge_attr)
[rank10]:                 ^^^^^^^^^^^^^^^^^^^^^^^^^^^^^^^^^^^^^^^^^^^^^^^^^^
[rank10]:   File "/lustre/orion/lrn031/scratch/zye327/HydraGNN_ds/hydragnn/models/EGCLStack.py", line 186, in edge_model
[rank10]:     out = self.edge_mlp(out)
[rank10]:           ^^^^^^^^^^^^^^^^^^
[rank10]:   File "/lustre/orion/cph161/world-shared/mlupopa/max_conda_envs_frontier/envs/hydragnn_rocm600/lib/python3.11/site-packages/torch/nn/modules/module.py", line 1532, in _wrapped_call_impl
[rank10]:     return self._call_impl(*args, **kwargs)
[rank10]:            ^^^^^^^^^^^^^^^^^^^^^^^^^^^^^^^^
[rank10]:   File "/lustre/orion/cph161/world-shared/mlupopa/max_conda_envs_frontier/envs/hydragnn_rocm600/lib/python3.11/site-packages/torch/nn/modules/module.py", line 1541, in _call_impl
[rank10]:     return forward_call(*args, **kwargs)
[rank10]:            ^^^^^^^^^^^^^^^^^^^^^^^^^^^^^
[rank10]:   File "/lustre/orion/cph161/world-shared/mlupopa/max_conda_envs_frontier/envs/hydragnn_rocm600/lib/python3.11/site-packages/torch/nn/modules/container.py", line 217, in forward
[rank10]:     input = module(input)
[rank10]:             ^^^^^^^^^^^^^
[rank10]:   File "/lustre/orion/cph161/world-shared/mlupopa/max_conda_envs_frontier/envs/hydragnn_rocm600/lib/python3.11/site-packages/torch/nn/modules/module.py", line 1532, in _wrapped_call_impl
[rank10]:     return self._call_impl(*args, **kwargs)
[rank10]:            ^^^^^^^^^^^^^^^^^^^^^^^^^^^^^^^^
[rank10]:   File "/lustre/orion/cph161/world-shared/mlupopa/max_conda_envs_frontier/envs/hydragnn_rocm600/lib/python3.11/site-packages/torch/nn/modules/module.py", line 1541, in _call_impl
[rank10]:     return forward_call(*args, **kwargs)
[rank10]:            ^^^^^^^^^^^^^^^^^^^^^^^^^^^^^
[rank10]:   File "/lustre/orion/cph161/world-shared/mlupopa/max_conda_envs_frontier/envs/hydragnn_rocm600/lib/python3.11/site-packages/torch/nn/modules/activation.py", line 103, in forward
[rank10]:     return F.relu(input, inplace=self.inplace)
[rank10]:            ^^^^^^^^^^^^^^^^^^^^^^^^^^^^^^^^^^^
[rank10]:   File "/lustre/orion/cph161/world-shared/mlupopa/max_conda_envs_frontier/envs/hydragnn_rocm600/lib/python3.11/site-packages/torch/nn/functional.py", line 1500, in relu
[rank10]:     result = torch.relu(input)
[rank10]:              ^^^^^^^^^^^^^^^^^
[rank10]: torch.cuda.OutOfMemoryError: HIP out of memory. Tried to allocate 20.58 GiB. GPU  has a total capacity of 63.98 GiB of which 17.83 GiB is free. Of the allocated memory 45.67 GiB is allocated by PyTorch, and 31.66 MiB is reserved by PyTorch but unallocated. If reserved but unallocated memory is large try setting PYTORCH_HIP_ALLOC_CONF=expandable_segments:True to avoid fragmentation.  See documentation for Memory Management  (https://pytorch.org/docs/stable/notes/cuda.html#environment-variables)
[rank21]: Traceback (most recent call last):
[rank21]:   File "/lustre/orion/lrn031/scratch/zye327/HydraGNN_ds/./examples/multidataset/train_deepspeed_exportmem.py", line 419, in <module>
[rank21]:     hydragnn.train.train_validate_test(
[rank21]:   File "/lustre/orion/lrn031/scratch/zye327/HydraGNN_ds/hydragnn/train/train_validate_test.py", line 158, in train_validate_test
[rank21]:     train_loss, train_taskserr = train(
[rank21]:                                  ^^^^^^
[rank21]:   File "/lustre/orion/lrn031/scratch/zye327/HydraGNN_ds/hydragnn/train/train_validate_test.py", line 495, in train
[rank21]:     pred = model(data)
[rank21]:            ^^^^^^^^^^^
[rank21]:   File "/lustre/orion/cph161/world-shared/mlupopa/max_conda_envs_frontier/envs/hydragnn_rocm600/lib/python3.11/site-packages/torch/nn/modules/module.py", line 1532, in _wrapped_call_impl
[rank21]:     return self._call_impl(*args, **kwargs)
[rank21]:            ^^^^^^^^^^^^^^^^^^^^^^^^^^^^^^^^
[rank21]:   File "/lustre/orion/cph161/world-shared/mlupopa/max_conda_envs_frontier/envs/hydragnn_rocm600/lib/python3.11/site-packages/torch/nn/modules/module.py", line 1541, in _call_impl
[rank21]:     return forward_call(*args, **kwargs)
[rank21]:            ^^^^^^^^^^^^^^^^^^^^^^^^^^^^^
[rank21]:   File "/ccs/home/zye327/.local/lib/python3.11/site-packages/deepspeed/utils/nvtx.py", line 15, in wrapped_fn
[rank21]:     ret_val = func(*args, **kwargs)
[rank21]:               ^^^^^^^^^^^^^^^^^^^^^
[rank21]:   File "/ccs/home/zye327/.local/lib/python3.11/site-packages/deepspeed/runtime/engine.py", line 1846, in forward
[rank21]:     loss = self.module(*inputs, **kwargs)
[rank21]:            ^^^^^^^^^^^^^^^^^^^^^^^^^^^^^^
[rank21]:   File "/lustre/orion/cph161/world-shared/mlupopa/max_conda_envs_frontier/envs/hydragnn_rocm600/lib/python3.11/site-packages/torch/nn/modules/module.py", line 1532, in _wrapped_call_impl
[rank21]:     return self._call_impl(*args, **kwargs)
[rank25]: Traceback (most recent call last):
[rank25]:   File "/lustre/orion/lrn031/scratch/zye327/HydraGNN_ds/./examples/multidataset/train_deepspeed_exportmem.py", line 419, in <module>
[rank25]:     hydragnn.train.train_validate_test(
[rank25]:   File "/lustre/orion/lrn031/scratch/zye327/HydraGNN_ds/hydragnn/train/train_validate_test.py", line 158, in train_validate_test
[rank25]:     train_loss, train_taskserr = train(
[rank25]:                                  ^^^^^^
[rank25]:   File "/lustre/orion/lrn031/scratch/zye327/HydraGNN_ds/hydragnn/train/train_validate_test.py", line 495, in train
[rank25]:     pred = model(data)
[rank25]:            ^^^^^^^^^^^
[rank25]:   File "/lustre/orion/cph161/world-shared/mlupopa/max_conda_envs_frontier/envs/hydragnn_rocm600/lib/python3.11/site-packages/torch/nn/modules/module.py", line 1532, in _wrapped_call_impl
[rank25]:     return self._call_impl(*args, **kwargs)
[rank25]:            ^^^^^^^^^^^^^^^^^^^^^^^^^^^^^^^^
[rank21]:            ^^^^^^^^^^^^^^^^^^^^^^^^^^^^^^^^
[rank21]:   File "/lustre/orion/cph161/world-shared/mlupopa/max_conda_envs_frontier/envs/hydragnn_rocm600/lib/python3.11/site-packages/torch/nn/modules/module.py", line 1541, in _call_impl
[rank21]:     return forward_call(*args, **kwargs)
[rank21]:            ^^^^^^^^^^^^^^^^^^^^^^^^^^^^^
[rank21]:   File "/lustre/orion/lrn031/scratch/zye327/HydraGNN_ds/hydragnn/models/Base.py", line 297, in forward
[rank21]:     c, pos = conv(x=x, pos=pos, **conv_args)
[rank21]:              ^^^^^^^^^^^^^^^^^^^^^^^^^^^^^^^
[rank21]:   File "/lustre/orion/cph161/world-shared/mlupopa/max_conda_envs_frontier/envs/hydragnn_rocm600/lib/python3.11/site-packages/torch/nn/modules/module.py", line 1532, in _wrapped_call_impl
[rank21]:     return self._call_impl(*args, **kwargs)
[rank21]:            ^^^^^^^^^^^^^^^^^^^^^^^^^^^^^^^^
[rank25]:   File "/lustre/orion/cph161/world-shared/mlupopa/max_conda_envs_frontier/envs/hydragnn_rocm600/lib/python3.11/site-packages/torch/nn/modules/module.py", line 1541, in _call_impl
[rank25]:     return forward_call(*args, **kwargs)
[rank25]:            ^^^^^^^^^^^^^^^^^^^^^^^^^^^^^
[rank25]:   File "/ccs/home/zye327/.local/lib/python3.11/site-packages/deepspeed/utils/nvtx.py", line 15, in wrapped_fn
[rank25]:     ret_val = func(*args, **kwargs)
[rank25]:               ^^^^^^^^^^^^^^^^^^^^^
[rank25]:   File "/ccs/home/zye327/.local/lib/python3.11/site-packages/deepspeed/runtime/engine.py", line 1846, in forward
[rank25]:     loss = self.module(*inputs, **kwargs)
[rank25]:            ^^^^^^^^^^^^^^^^^^^^^^^^^^^^^^
[rank25]:   File "/lustre/orion/cph161/world-shared/mlupopa/max_conda_envs_frontier/envs/hydragnn_rocm600/lib/python3.11/site-packages/torch/nn/modules/module.py", line 1532, in _wrapped_call_impl
[rank25]:     return self._call_impl(*args, **kwargs)
[rank21]:   File "/lustre/orion/cph161/world-shared/mlupopa/max_conda_envs_frontier/envs/hydragnn_rocm600/lib/python3.11/site-packages/torch/nn/modules/module.py", line 1541, in _call_impl
[rank21]:     return forward_call(*args, **kwargs)
[rank21]:            ^^^^^^^^^^^^^^^^^^^^^^^^^^^^^
[rank21]:   File "/tmp/torch_geometric.nn.sequential_4f0ed3_z39miim3.py", line 17, in forward
[rank21]:     x, pos = self.module_0(x, pos, edge_index, edge_attr)
[rank21]:              ^^^^^^^^^^^^^^^^^^^^^^^^^^^^^^^^^^^^^^^^^^^^
[rank21]:   File "/lustre/orion/cph161/world-shared/mlupopa/max_conda_envs_frontier/envs/hydragnn_rocm600/lib/python3.11/site-packages/torch/nn/modules/module.py", line 1532, in _wrapped_call_impl
[rank21]:     return self._call_impl(*args, **kwargs)
[rank21]:            ^^^^^^^^^^^^^^^^^^^^^^^^^^^^^^^^
[rank21]:   File "/lustre/orion/cph161/world-shared/mlupopa/max_conda_envs_frontier/envs/hydragnn_rocm600/lib/python3.11/site-packages/torch/nn/modules/module.py", line 1541, in _call_impl
[rank25]:            ^^^^^^^^^^^^^^^^^^^^^^^^^^^^^^^^
[rank25]:   File "/lustre/orion/cph161/world-shared/mlupopa/max_conda_envs_frontier/envs/hydragnn_rocm600/lib/python3.11/site-packages/torch/nn/modules/module.py", line 1541, in _call_impl
[rank25]:     return forward_call(*args, **kwargs)
[rank25]:            ^^^^^^^^^^^^^^^^^^^^^^^^^^^^^
[rank25]:   File "/lustre/orion/lrn031/scratch/zye327/HydraGNN_ds/hydragnn/models/Base.py", line 297, in forward
[rank25]:     c, pos = conv(x=x, pos=pos, **conv_args)
[rank25]:              ^^^^^^^^^^^^^^^^^^^^^^^^^^^^^^^
[rank25]:   File "/lustre/orion/cph161/world-shared/mlupopa/max_conda_envs_frontier/envs/hydragnn_rocm600/lib/python3.11/site-packages/torch/nn/modules/module.py", line 1532, in _wrapped_call_impl
[rank25]:     return self._call_impl(*args, **kwargs)
[rank25]:            ^^^^^^^^^^^^^^^^^^^^^^^^^^^^^^^^
[rank21]:     return forward_call(*args, **kwargs)
[rank21]:            ^^^^^^^^^^^^^^^^^^^^^^^^^^^^^
[rank21]:   File "/lustre/orion/lrn031/scratch/zye327/HydraGNN_ds/hydragnn/models/EGCLStack.py", line 229, in forward
[rank25]:   File "/lustre/orion/cph161/world-shared/mlupopa/max_conda_envs_frontier/envs/hydragnn_rocm600/lib/python3.11/site-packages/torch/nn/modules/module.py", line 1541, in _call_impl
[rank25]:     return forward_call(*args, **kwargs)
[rank25]:            ^^^^^^^^^^^^^^^^^^^^^^^^^^^^^
[rank25]:   File "/tmp/torch_geometric.nn.sequential_d4a7aa_zhw_qri3.py", line 17, in forward
[rank25]:     x, pos = self.module_0(x, pos, edge_index, edge_attr)
[rank25]:              ^^^^^^^^^^^^^^^^^^^^^^^^^^^^^^^^^^^^^^^^^^^^
[rank25]:   File "/lustre/orion/cph161/world-shared/mlupopa/max_conda_envs_frontier/envs/hydragnn_rocm600/lib/python3.11/site-packages/torch/nn/modules/module.py", line 1532, in _wrapped_call_impl
[rank25]:     return self._call_impl(*args, **kwargs)
[rank25]:            ^^^^^^^^^^^^^^^^^^^^^^^^^^^^^^^^
[rank25]:   File "/lustre/orion/cph161/world-shared/mlupopa/max_conda_envs_frontier/envs/hydragnn_rocm600/lib/python3.11/site-packages/torch/nn/modules/module.py", line 1541, in _call_impl
[rank21]:     edge_feat = self.edge_model(x[row], x[col], radial, edge_attr)
[rank21]:                 ^^^^^^^^^^^^^^^^^^^^^^^^^^^^^^^^^^^^^^^^^^^^^^^^^^
[rank21]:   File "/lustre/orion/lrn031/scratch/zye327/HydraGNN_ds/hydragnn/models/EGCLStack.py", line 186, in edge_model
[rank21]:     out = self.edge_mlp(out)
[rank21]:           ^^^^^^^^^^^^^^^^^^
[rank21]:   File "/lustre/orion/cph161/world-shared/mlupopa/max_conda_envs_frontier/envs/hydragnn_rocm600/lib/python3.11/site-packages/torch/nn/modules/module.py", line 1532, in _wrapped_call_impl
[rank21]:     return self._call_impl(*args, **kwargs)
[rank21]:            ^^^^^^^^^^^^^^^^^^^^^^^^^^^^^^^^
[rank21]:   File "/lustre/orion/cph161/world-shared/mlupopa/max_conda_envs_frontier/envs/hydragnn_rocm600/lib/python3.11/site-packages/torch/nn/modules/module.py", line 1541, in _call_impl
[rank21]:     return forward_call(*args, **kwargs)
[rank21]:            ^^^^^^^^^^^^^^^^^^^^^^^^^^^^^
[rank25]:     return forward_call(*args, **kwargs)
[rank25]:            ^^^^^^^^^^^^^^^^^^^^^^^^^^^^^
[rank25]:   File "/lustre/orion/lrn031/scratch/zye327/HydraGNN_ds/hydragnn/models/EGCLStack.py", line 229, in forward
[rank21]:   File "/lustre/orion/cph161/world-shared/mlupopa/max_conda_envs_frontier/envs/hydragnn_rocm600/lib/python3.11/site-packages/torch/nn/modules/container.py", line 217, in forward
[rank21]:     input = module(input)
[rank21]:             ^^^^^^^^^^^^^
[rank21]:   File "/lustre/orion/cph161/world-shared/mlupopa/max_conda_envs_frontier/envs/hydragnn_rocm600/lib/python3.11/site-packages/torch/nn/modules/module.py", line 1532, in _wrapped_call_impl
[rank21]:     return self._call_impl(*args, **kwargs)
[rank21]:            ^^^^^^^^^^^^^^^^^^^^^^^^^^^^^^^^
[rank21]:   File "/lustre/orion/cph161/world-shared/mlupopa/max_conda_envs_frontier/envs/hydragnn_rocm600/lib/python3.11/site-packages/torch/nn/modules/module.py", line 1541, in _call_impl
[rank21]:     return forward_call(*args, **kwargs)
[rank21]:            ^^^^^^^^^^^^^^^^^^^^^^^^^^^^^
[rank25]:     edge_feat = self.edge_model(x[row], x[col], radial, edge_attr)
[rank25]:                 ^^^^^^^^^^^^^^^^^^^^^^^^^^^^^^^^^^^^^^^^^^^^^^^^^^
[rank25]:   File "/lustre/orion/lrn031/scratch/zye327/HydraGNN_ds/hydragnn/models/EGCLStack.py", line 186, in edge_model
[rank25]:     out = self.edge_mlp(out)
[rank25]:           ^^^^^^^^^^^^^^^^^^
[rank25]:   File "/lustre/orion/cph161/world-shared/mlupopa/max_conda_envs_frontier/envs/hydragnn_rocm600/lib/python3.11/site-packages/torch/nn/modules/module.py", line 1532, in _wrapped_call_impl
[rank25]:     return self._call_impl(*args, **kwargs)
[rank25]:            ^^^^^^^^^^^^^^^^^^^^^^^^^^^^^^^^
[rank25]:   File "/lustre/orion/cph161/world-shared/mlupopa/max_conda_envs_frontier/envs/hydragnn_rocm600/lib/python3.11/site-packages/torch/nn/modules/module.py", line 1541, in _call_impl
[rank25]:     return forward_call(*args, **kwargs)
[rank25]:            ^^^^^^^^^^^^^^^^^^^^^^^^^^^^^
[rank21]:   File "/lustre/orion/cph161/world-shared/mlupopa/max_conda_envs_frontier/envs/hydragnn_rocm600/lib/python3.11/site-packages/torch/nn/modules/activation.py", line 103, in forward
[rank21]:     return F.relu(input, inplace=self.inplace)
[rank21]:            ^^^^^^^^^^^^^^^^^^^^^^^^^^^^^^^^^^^
[rank21]:   File "/lustre/orion/cph161/world-shared/mlupopa/max_conda_envs_frontier/envs/hydragnn_rocm600/lib/python3.11/site-packages/torch/nn/functional.py", line 1500, in relu
[rank21]:     result = torch.relu(input)
[rank21]:              ^^^^^^^^^^^^^^^^^
[rank25]:   File "/lustre/orion/cph161/world-shared/mlupopa/max_conda_envs_frontier/envs/hydragnn_rocm600/lib/python3.11/site-packages/torch/nn/modules/container.py", line 217, in forward
[rank25]:     input = module(input)
[rank25]:             ^^^^^^^^^^^^^
[rank25]:   File "/lustre/orion/cph161/world-shared/mlupopa/max_conda_envs_frontier/envs/hydragnn_rocm600/lib/python3.11/site-packages/torch/nn/modules/module.py", line 1532, in _wrapped_call_impl
[rank25]:     return self._call_impl(*args, **kwargs)
[rank25]:            ^^^^^^^^^^^^^^^^^^^^^^^^^^^^^^^^
[rank25]:   File "/lustre/orion/cph161/world-shared/mlupopa/max_conda_envs_frontier/envs/hydragnn_rocm600/lib/python3.11/site-packages/torch/nn/modules/module.py", line 1541, in _call_impl
[rank25]:     return forward_call(*args, **kwargs)
[rank25]:            ^^^^^^^^^^^^^^^^^^^^^^^^^^^^^
[rank21]: torch.cuda.OutOfMemoryError: HIP out of memory. Tried to allocate 19.85 GiB. GPU  has a total capacity of 63.98 GiB of which 19.28 GiB is free. Of the allocated memory 44.21 GiB is allocated by PyTorch, and 37.57 MiB is reserved by PyTorch but unallocated. If reserved but unallocated memory is large try setting PYTORCH_HIP_ALLOC_CONF=expandable_segments:True to avoid fragmentation.  See documentation for Memory Management  (https://pytorch.org/docs/stable/notes/cuda.html#environment-variables)
[rank25]:   File "/lustre/orion/cph161/world-shared/mlupopa/max_conda_envs_frontier/envs/hydragnn_rocm600/lib/python3.11/site-packages/torch/nn/modules/activation.py", line 103, in forward
[rank25]:     return F.relu(input, inplace=self.inplace)
[rank25]:            ^^^^^^^^^^^^^^^^^^^^^^^^^^^^^^^^^^^
[rank25]:   File "/lustre/orion/cph161/world-shared/mlupopa/max_conda_envs_frontier/envs/hydragnn_rocm600/lib/python3.11/site-packages/torch/nn/functional.py", line 1500, in relu
[rank25]:     result = torch.relu(input)
[rank25]:              ^^^^^^^^^^^^^^^^^
[rank25]: torch.cuda.OutOfMemoryError: HIP out of memory. Tried to allocate 19.75 GiB. GPU  has a total capacity of 63.98 GiB of which 19.50 GiB is free. Of the allocated memory 44.00 GiB is allocated by PyTorch, and 34.32 MiB is reserved by PyTorch but unallocated. If reserved but unallocated memory is large try setting PYTORCH_HIP_ALLOC_CONF=expandable_segments:True to avoid fragmentation.  See documentation for Memory Management  (https://pytorch.org/docs/stable/notes/cuda.html#environment-variables)
[rank54]: Traceback (most recent call last):
[rank54]:   File "/lustre/orion/lrn031/scratch/zye327/HydraGNN_ds/./examples/multidataset/train_deepspeed_exportmem.py", line 419, in <module>
[rank54]:     hydragnn.train.train_validate_test(
[rank54]:   File "/lustre/orion/lrn031/scratch/zye327/HydraGNN_ds/hydragnn/train/train_validate_test.py", line 158, in train_validate_test
[rank54]:     train_loss, train_taskserr = train(
[rank54]:                                  ^^^^^^
[rank54]:   File "/lustre/orion/lrn031/scratch/zye327/HydraGNN_ds/hydragnn/train/train_validate_test.py", line 495, in train
[rank54]:     pred = model(data)
[rank54]:            ^^^^^^^^^^^
[rank54]:   File "/lustre/orion/cph161/world-shared/mlupopa/max_conda_envs_frontier/envs/hydragnn_rocm600/lib/python3.11/site-packages/torch/nn/modules/module.py", line 1532, in _wrapped_call_impl
[rank54]:     return self._call_impl(*args, **kwargs)
[rank54]:            ^^^^^^^^^^^^^^^^^^^^^^^^^^^^^^^^
[rank54]:   File "/lustre/orion/cph161/world-shared/mlupopa/max_conda_envs_frontier/envs/hydragnn_rocm600/lib/python3.11/site-packages/torch/nn/modules/module.py", line 1541, in _call_impl
[rank54]:     return forward_call(*args, **kwargs)
[rank54]:            ^^^^^^^^^^^^^^^^^^^^^^^^^^^^^
[rank54]:   File "/ccs/home/zye327/.local/lib/python3.11/site-packages/deepspeed/utils/nvtx.py", line 15, in wrapped_fn
[rank54]:     ret_val = func(*args, **kwargs)
[rank54]:               ^^^^^^^^^^^^^^^^^^^^^
[rank54]:   File "/ccs/home/zye327/.local/lib/python3.11/site-packages/deepspeed/runtime/engine.py", line 1846, in forward
[rank54]:     loss = self.module(*inputs, **kwargs)
[rank54]:            ^^^^^^^^^^^^^^^^^^^^^^^^^^^^^^
[rank54]:   File "/lustre/orion/cph161/world-shared/mlupopa/max_conda_envs_frontier/envs/hydragnn_rocm600/lib/python3.11/site-packages/torch/nn/modules/module.py", line 1532, in _wrapped_call_impl
[rank54]:     return self._call_impl(*args, **kwargs)
[rank54]:            ^^^^^^^^^^^^^^^^^^^^^^^^^^^^^^^^
[rank54]:   File "/lustre/orion/cph161/world-shared/mlupopa/max_conda_envs_frontier/envs/hydragnn_rocm600/lib/python3.11/site-packages/torch/nn/modules/module.py", line 1541, in _call_impl
[rank54]:     return forward_call(*args, **kwargs)
[rank54]:            ^^^^^^^^^^^^^^^^^^^^^^^^^^^^^
[rank54]:   File "/lustre/orion/lrn031/scratch/zye327/HydraGNN_ds/hydragnn/models/Base.py", line 297, in forward
[rank54]:     c, pos = conv(x=x, pos=pos, **conv_args)
[rank54]:              ^^^^^^^^^^^^^^^^^^^^^^^^^^^^^^^
[rank54]:   File "/lustre/orion/cph161/world-shared/mlupopa/max_conda_envs_frontier/envs/hydragnn_rocm600/lib/python3.11/site-packages/torch/nn/modules/module.py", line 1532, in _wrapped_call_impl
[rank54]:     return self._call_impl(*args, **kwargs)
[rank54]:            ^^^^^^^^^^^^^^^^^^^^^^^^^^^^^^^^
[rank54]:   File "/lustre/orion/cph161/world-shared/mlupopa/max_conda_envs_frontier/envs/hydragnn_rocm600/lib/python3.11/site-packages/torch/nn/modules/module.py", line 1541, in _call_impl
[rank54]:     return forward_call(*args, **kwargs)
[rank54]:            ^^^^^^^^^^^^^^^^^^^^^^^^^^^^^
[rank54]:   File "/tmp/torch_geometric.nn.sequential_5d6343_8z7xr4oq.py", line 17, in forward
[rank54]:     x, pos = self.module_0(x, pos, edge_index, edge_attr)
[rank54]:              ^^^^^^^^^^^^^^^^^^^^^^^^^^^^^^^^^^^^^^^^^^^^
[rank54]:   File "/lustre/orion/cph161/world-shared/mlupopa/max_conda_envs_frontier/envs/hydragnn_rocm600/lib/python3.11/site-packages/torch/nn/modules/module.py", line 1532, in _wrapped_call_impl
[rank54]:     return self._call_impl(*args, **kwargs)
[rank54]:            ^^^^^^^^^^^^^^^^^^^^^^^^^^^^^^^^
[rank54]:   File "/lustre/orion/cph161/world-shared/mlupopa/max_conda_envs_frontier/envs/hydragnn_rocm600/lib/python3.11/site-packages/torch/nn/modules/module.py", line 1541, in _call_impl
[rank54]:     return forward_call(*args, **kwargs)
[rank54]:            ^^^^^^^^^^^^^^^^^^^^^^^^^^^^^
[rank54]:   File "/lustre/orion/lrn031/scratch/zye327/HydraGNN_ds/hydragnn/models/EGCLStack.py", line 229, in forward
[rank54]:     edge_feat = self.edge_model(x[row], x[col], radial, edge_attr)
[rank54]:                 ^^^^^^^^^^^^^^^^^^^^^^^^^^^^^^^^^^^^^^^^^^^^^^^^^^
[rank54]:   File "/lustre/orion/lrn031/scratch/zye327/HydraGNN_ds/hydragnn/models/EGCLStack.py", line 186, in edge_model
[rank54]:     out = self.edge_mlp(out)
[rank54]:           ^^^^^^^^^^^^^^^^^^
[rank54]:   File "/lustre/orion/cph161/world-shared/mlupopa/max_conda_envs_frontier/envs/hydragnn_rocm600/lib/python3.11/site-packages/torch/nn/modules/module.py", line 1532, in _wrapped_call_impl
[rank54]:     return self._call_impl(*args, **kwargs)
[rank54]:            ^^^^^^^^^^^^^^^^^^^^^^^^^^^^^^^^
[rank54]:   File "/lustre/orion/cph161/world-shared/mlupopa/max_conda_envs_frontier/envs/hydragnn_rocm600/lib/python3.11/site-packages/torch/nn/modules/module.py", line 1541, in _call_impl
[rank54]:     return forward_call(*args, **kwargs)
[rank54]:            ^^^^^^^^^^^^^^^^^^^^^^^^^^^^^
[rank54]:   File "/lustre/orion/cph161/world-shared/mlupopa/max_conda_envs_frontier/envs/hydragnn_rocm600/lib/python3.11/site-packages/torch/nn/modules/container.py", line 217, in forward
[rank54]:     input = module(input)
[rank54]:             ^^^^^^^^^^^^^
[rank54]:   File "/lustre/orion/cph161/world-shared/mlupopa/max_conda_envs_frontier/envs/hydragnn_rocm600/lib/python3.11/site-packages/torch/nn/modules/module.py", line 1532, in _wrapped_call_impl
[rank54]:     return self._call_impl(*args, **kwargs)
[rank54]:            ^^^^^^^^^^^^^^^^^^^^^^^^^^^^^^^^
[rank54]:   File "/lustre/orion/cph161/world-shared/mlupopa/max_conda_envs_frontier/envs/hydragnn_rocm600/lib/python3.11/site-packages/torch/nn/modules/module.py", line 1541, in _call_impl
[rank54]:     return forward_call(*args, **kwargs)
[rank54]:            ^^^^^^^^^^^^^^^^^^^^^^^^^^^^^
[rank54]:   File "/lustre/orion/cph161/world-shared/mlupopa/max_conda_envs_frontier/envs/hydragnn_rocm600/lib/python3.11/site-packages/torch/nn/modules/activation.py", line 103, in forward
[rank54]:     return F.relu(input, inplace=self.inplace)
[rank54]:            ^^^^^^^^^^^^^^^^^^^^^^^^^^^^^^^^^^^
[rank54]:   File "/lustre/orion/cph161/world-shared/mlupopa/max_conda_envs_frontier/envs/hydragnn_rocm600/lib/python3.11/site-packages/torch/nn/functional.py", line 1500, in relu
[rank54]:     result = torch.relu(input)
[rank54]:              ^^^^^^^^^^^^^^^^^
[rank54]: torch.cuda.OutOfMemoryError: HIP out of memory. Tried to allocate 20.46 GiB. GPU  has a total capacity of 63.98 GiB of which 18.08 GiB is free. Of the allocated memory 45.41 GiB is allocated by PyTorch, and 33.62 MiB is reserved by PyTorch but unallocated. If reserved but unallocated memory is large try setting PYTORCH_HIP_ALLOC_CONF=expandable_segments:True to avoid fragmentation.  See documentation for Memory Management  (https://pytorch.org/docs/stable/notes/cuda.html#environment-variables)
[rank63]: Traceback (most recent call last):
[rank63]:   File "/lustre/orion/lrn031/scratch/zye327/HydraGNN_ds/./examples/multidataset/train_deepspeed_exportmem.py", line 419, in <module>
[rank63]:     hydragnn.train.train_validate_test(
[rank63]:   File "/lustre/orion/lrn031/scratch/zye327/HydraGNN_ds/hydragnn/train/train_validate_test.py", line 158, in train_validate_test
[rank63]:     train_loss, train_taskserr = train(
[rank63]:                                  ^^^^^^
[rank63]:   File "/lustre/orion/lrn031/scratch/zye327/HydraGNN_ds/hydragnn/train/train_validate_test.py", line 495, in train
[rank63]:     pred = model(data)
[rank63]:            ^^^^^^^^^^^
[rank63]:   File "/lustre/orion/cph161/world-shared/mlupopa/max_conda_envs_frontier/envs/hydragnn_rocm600/lib/python3.11/site-packages/torch/nn/modules/module.py", line 1532, in _wrapped_call_impl
[rank63]:     return self._call_impl(*args, **kwargs)
[rank63]:            ^^^^^^^^^^^^^^^^^^^^^^^^^^^^^^^^
[rank63]:   File "/lustre/orion/cph161/world-shared/mlupopa/max_conda_envs_frontier/envs/hydragnn_rocm600/lib/python3.11/site-packages/torch/nn/modules/module.py", line 1541, in _call_impl
[rank63]:     return forward_call(*args, **kwargs)
[rank63]:            ^^^^^^^^^^^^^^^^^^^^^^^^^^^^^
[rank63]:   File "/ccs/home/zye327/.local/lib/python3.11/site-packages/deepspeed/utils/nvtx.py", line 15, in wrapped_fn
[rank63]:     ret_val = func(*args, **kwargs)
[rank63]:               ^^^^^^^^^^^^^^^^^^^^^
[rank63]:   File "/ccs/home/zye327/.local/lib/python3.11/site-packages/deepspeed/runtime/engine.py", line 1846, in forward
[rank63]:     loss = self.module(*inputs, **kwargs)
[rank63]:            ^^^^^^^^^^^^^^^^^^^^^^^^^^^^^^
[rank63]:   File "/lustre/orion/cph161/world-shared/mlupopa/max_conda_envs_frontier/envs/hydragnn_rocm600/lib/python3.11/site-packages/torch/nn/modules/module.py", line 1532, in _wrapped_call_impl
[rank63]:     return self._call_impl(*args, **kwargs)
[rank63]:            ^^^^^^^^^^^^^^^^^^^^^^^^^^^^^^^^
[rank63]:   File "/lustre/orion/cph161/world-shared/mlupopa/max_conda_envs_frontier/envs/hydragnn_rocm600/lib/python3.11/site-packages/torch/nn/modules/module.py", line 1541, in _call_impl
[rank63]:     return forward_call(*args, **kwargs)
[rank63]:            ^^^^^^^^^^^^^^^^^^^^^^^^^^^^^
[rank63]:   File "/lustre/orion/lrn031/scratch/zye327/HydraGNN_ds/hydragnn/models/Base.py", line 297, in forward
[rank63]:     c, pos = conv(x=x, pos=pos, **conv_args)
[rank63]:              ^^^^^^^^^^^^^^^^^^^^^^^^^^^^^^^
[rank63]:   File "/lustre/orion/cph161/world-shared/mlupopa/max_conda_envs_frontier/envs/hydragnn_rocm600/lib/python3.11/site-packages/torch/nn/modules/module.py", line 1532, in _wrapped_call_impl
[rank63]:     return self._call_impl(*args, **kwargs)
[rank63]:            ^^^^^^^^^^^^^^^^^^^^^^^^^^^^^^^^
[rank63]:   File "/lustre/orion/cph161/world-shared/mlupopa/max_conda_envs_frontier/envs/hydragnn_rocm600/lib/python3.11/site-packages/torch/nn/modules/module.py", line 1541, in _call_impl
[rank63]:     return forward_call(*args, **kwargs)
[rank63]:            ^^^^^^^^^^^^^^^^^^^^^^^^^^^^^
[rank63]:   File "/tmp/torch_geometric.nn.sequential_5ef8d8_fp5smbe9.py", line 17, in forward
[rank63]:     x, pos = self.module_0(x, pos, edge_index, edge_attr)
[rank63]:              ^^^^^^^^^^^^^^^^^^^^^^^^^^^^^^^^^^^^^^^^^^^^
[rank63]:   File "/lustre/orion/cph161/world-shared/mlupopa/max_conda_envs_frontier/envs/hydragnn_rocm600/lib/python3.11/site-packages/torch/nn/modules/module.py", line 1532, in _wrapped_call_impl
[rank63]:     return self._call_impl(*args, **kwargs)
[rank63]:            ^^^^^^^^^^^^^^^^^^^^^^^^^^^^^^^^
[rank63]:   File "/lustre/orion/cph161/world-shared/mlupopa/max_conda_envs_frontier/envs/hydragnn_rocm600/lib/python3.11/site-packages/torch/nn/modules/module.py", line 1541, in _call_impl
[rank63]:     return forward_call(*args, **kwargs)
[rank63]:            ^^^^^^^^^^^^^^^^^^^^^^^^^^^^^
[rank63]:   File "/lustre/orion/lrn031/scratch/zye327/HydraGNN_ds/hydragnn/models/EGCLStack.py", line 229, in forward
[rank39]: Traceback (most recent call last):
[rank39]:   File "/lustre/orion/lrn031/scratch/zye327/HydraGNN_ds/./examples/multidataset/train_deepspeed_exportmem.py", line 419, in <module>
[rank39]:     hydragnn.train.train_validate_test(
[rank39]:   File "/lustre/orion/lrn031/scratch/zye327/HydraGNN_ds/hydragnn/train/train_validate_test.py", line 158, in train_validate_test
[rank39]:     train_loss, train_taskserr = train(
[rank39]:                                  ^^^^^^
[rank39]:   File "/lustre/orion/lrn031/scratch/zye327/HydraGNN_ds/hydragnn/train/train_validate_test.py", line 495, in train
[rank39]:     pred = model(data)
[rank39]:            ^^^^^^^^^^^
[rank39]:   File "/lustre/orion/cph161/world-shared/mlupopa/max_conda_envs_frontier/envs/hydragnn_rocm600/lib/python3.11/site-packages/torch/nn/modules/module.py", line 1532, in _wrapped_call_impl
[rank39]:     return self._call_impl(*args, **kwargs)
[rank39]:            ^^^^^^^^^^^^^^^^^^^^^^^^^^^^^^^^
[rank63]:     edge_feat = self.edge_model(x[row], x[col], radial, edge_attr)
[rank63]:                 ^^^^^^^^^^^^^^^^^^^^^^^^^^^^^^^^^^^^^^^^^^^^^^^^^^
[rank63]:   File "/lustre/orion/lrn031/scratch/zye327/HydraGNN_ds/hydragnn/models/EGCLStack.py", line 186, in edge_model
[rank63]:     out = self.edge_mlp(out)
[rank63]:           ^^^^^^^^^^^^^^^^^^
[rank63]:   File "/lustre/orion/cph161/world-shared/mlupopa/max_conda_envs_frontier/envs/hydragnn_rocm600/lib/python3.11/site-packages/torch/nn/modules/module.py", line 1532, in _wrapped_call_impl
[rank63]:     return self._call_impl(*args, **kwargs)
[rank63]:            ^^^^^^^^^^^^^^^^^^^^^^^^^^^^^^^^
[rank63]:   File "/lustre/orion/cph161/world-shared/mlupopa/max_conda_envs_frontier/envs/hydragnn_rocm600/lib/python3.11/site-packages/torch/nn/modules/module.py", line 1541, in _call_impl
[rank63]:     return forward_call(*args, **kwargs)
[rank63]:            ^^^^^^^^^^^^^^^^^^^^^^^^^^^^^
[rank39]:   File "/lustre/orion/cph161/world-shared/mlupopa/max_conda_envs_frontier/envs/hydragnn_rocm600/lib/python3.11/site-packages/torch/nn/modules/module.py", line 1541, in _call_impl
[rank39]:     return forward_call(*args, **kwargs)
[rank39]:            ^^^^^^^^^^^^^^^^^^^^^^^^^^^^^
[rank39]:   File "/ccs/home/zye327/.local/lib/python3.11/site-packages/deepspeed/utils/nvtx.py", line 15, in wrapped_fn
[rank39]:     ret_val = func(*args, **kwargs)
[rank39]:               ^^^^^^^^^^^^^^^^^^^^^
[rank39]:   File "/ccs/home/zye327/.local/lib/python3.11/site-packages/deepspeed/runtime/engine.py", line 1846, in forward
[rank39]:     loss = self.module(*inputs, **kwargs)
[rank39]:            ^^^^^^^^^^^^^^^^^^^^^^^^^^^^^^
[rank39]:   File "/lustre/orion/cph161/world-shared/mlupopa/max_conda_envs_frontier/envs/hydragnn_rocm600/lib/python3.11/site-packages/torch/nn/modules/module.py", line 1532, in _wrapped_call_impl
[rank39]:     return self._call_impl(*args, **kwargs)
[rank63]:   File "/lustre/orion/cph161/world-shared/mlupopa/max_conda_envs_frontier/envs/hydragnn_rocm600/lib/python3.11/site-packages/torch/nn/modules/container.py", line 217, in forward
[rank63]:     input = module(input)
[rank63]:             ^^^^^^^^^^^^^
[rank63]:   File "/lustre/orion/cph161/world-shared/mlupopa/max_conda_envs_frontier/envs/hydragnn_rocm600/lib/python3.11/site-packages/torch/nn/modules/module.py", line 1532, in _wrapped_call_impl
[rank63]:     return self._call_impl(*args, **kwargs)
[rank63]:            ^^^^^^^^^^^^^^^^^^^^^^^^^^^^^^^^
[rank63]:   File "/lustre/orion/cph161/world-shared/mlupopa/max_conda_envs_frontier/envs/hydragnn_rocm600/lib/python3.11/site-packages/torch/nn/modules/module.py", line 1541, in _call_impl
[rank63]:     return forward_call(*args, **kwargs)
[rank63]:            ^^^^^^^^^^^^^^^^^^^^^^^^^^^^^
[rank39]:            ^^^^^^^^^^^^^^^^^^^^^^^^^^^^^^^^
[rank39]:   File "/lustre/orion/cph161/world-shared/mlupopa/max_conda_envs_frontier/envs/hydragnn_rocm600/lib/python3.11/site-packages/torch/nn/modules/module.py", line 1541, in _call_impl
[rank39]:     return forward_call(*args, **kwargs)
[rank39]:            ^^^^^^^^^^^^^^^^^^^^^^^^^^^^^
[rank39]:   File "/lustre/orion/lrn031/scratch/zye327/HydraGNN_ds/hydragnn/models/Base.py", line 297, in forward
[rank39]:     c, pos = conv(x=x, pos=pos, **conv_args)
[rank39]:              ^^^^^^^^^^^^^^^^^^^^^^^^^^^^^^^
[rank39]:   File "/lustre/orion/cph161/world-shared/mlupopa/max_conda_envs_frontier/envs/hydragnn_rocm600/lib/python3.11/site-packages/torch/nn/modules/module.py", line 1532, in _wrapped_call_impl
[rank39]:     return self._call_impl(*args, **kwargs)
[rank39]:            ^^^^^^^^^^^^^^^^^^^^^^^^^^^^^^^^
[rank63]:   File "/lustre/orion/cph161/world-shared/mlupopa/max_conda_envs_frontier/envs/hydragnn_rocm600/lib/python3.11/site-packages/torch/nn/modules/activation.py", line 103, in forward
[rank63]:     return F.relu(input, inplace=self.inplace)
[rank63]:            ^^^^^^^^^^^^^^^^^^^^^^^^^^^^^^^^^^^
[rank63]:   File "/lustre/orion/cph161/world-shared/mlupopa/max_conda_envs_frontier/envs/hydragnn_rocm600/lib/python3.11/site-packages/torch/nn/functional.py", line 1500, in relu
[rank63]:     result = torch.relu(input)
[rank63]:              ^^^^^^^^^^^^^^^^^
[rank39]:   File "/lustre/orion/cph161/world-shared/mlupopa/max_conda_envs_frontier/envs/hydragnn_rocm600/lib/python3.11/site-packages/torch/nn/modules/module.py", line 1541, in _call_impl
[rank39]:     return forward_call(*args, **kwargs)
[rank39]:            ^^^^^^^^^^^^^^^^^^^^^^^^^^^^^
[rank39]:   File "/tmp/torch_geometric.nn.sequential_ffd597_vjq0zsqj.py", line 17, in forward
[rank39]:     x, pos = self.module_0(x, pos, edge_index, edge_attr)
[rank39]:              ^^^^^^^^^^^^^^^^^^^^^^^^^^^^^^^^^^^^^^^^^^^^
[rank39]:   File "/lustre/orion/cph161/world-shared/mlupopa/max_conda_envs_frontier/envs/hydragnn_rocm600/lib/python3.11/site-packages/torch/nn/modules/module.py", line 1532, in _wrapped_call_impl
[rank39]:     return self._call_impl(*args, **kwargs)
[rank39]:            ^^^^^^^^^^^^^^^^^^^^^^^^^^^^^^^^
[rank39]:   File "/lustre/orion/cph161/world-shared/mlupopa/max_conda_envs_frontier/envs/hydragnn_rocm600/lib/python3.11/site-packages/torch/nn/modules/module.py", line 1541, in _call_impl
[rank63]: torch.cuda.OutOfMemoryError: HIP out of memory. Tried to allocate 20.22 GiB. GPU  has a total capacity of 63.98 GiB of which 18.54 GiB is free. Of the allocated memory 44.96 GiB is allocated by PyTorch, and 31.06 MiB is reserved by PyTorch but unallocated. If reserved but unallocated memory is large try setting PYTORCH_HIP_ALLOC_CONF=expandable_segments:True to avoid fragmentation.  See documentation for Memory Management  (https://pytorch.org/docs/stable/notes/cuda.html#environment-variables)
[rank39]:     return forward_call(*args, **kwargs)
[rank39]:            ^^^^^^^^^^^^^^^^^^^^^^^^^^^^^
[rank39]:   File "/lustre/orion/lrn031/scratch/zye327/HydraGNN_ds/hydragnn/models/EGCLStack.py", line 229, in forward
[rank39]:     edge_feat = self.edge_model(x[row], x[col], radial, edge_attr)
[rank39]:                 ^^^^^^^^^^^^^^^^^^^^^^^^^^^^^^^^^^^^^^^^^^^^^^^^^^
[rank39]:   File "/lustre/orion/lrn031/scratch/zye327/HydraGNN_ds/hydragnn/models/EGCLStack.py", line 186, in edge_model
[rank39]:     out = self.edge_mlp(out)
[rank39]:           ^^^^^^^^^^^^^^^^^^
[rank39]:   File "/lustre/orion/cph161/world-shared/mlupopa/max_conda_envs_frontier/envs/hydragnn_rocm600/lib/python3.11/site-packages/torch/nn/modules/module.py", line 1532, in _wrapped_call_impl
[rank39]:     return self._call_impl(*args, **kwargs)
[rank39]:            ^^^^^^^^^^^^^^^^^^^^^^^^^^^^^^^^
[rank39]:   File "/lustre/orion/cph161/world-shared/mlupopa/max_conda_envs_frontier/envs/hydragnn_rocm600/lib/python3.11/site-packages/torch/nn/modules/module.py", line 1541, in _call_impl
[rank39]:     return forward_call(*args, **kwargs)
[rank39]:            ^^^^^^^^^^^^^^^^^^^^^^^^^^^^^
[rank39]:   File "/lustre/orion/cph161/world-shared/mlupopa/max_conda_envs_frontier/envs/hydragnn_rocm600/lib/python3.11/site-packages/torch/nn/modules/container.py", line 217, in forward
[rank39]:     input = module(input)
[rank39]:             ^^^^^^^^^^^^^
[rank39]:   File "/lustre/orion/cph161/world-shared/mlupopa/max_conda_envs_frontier/envs/hydragnn_rocm600/lib/python3.11/site-packages/torch/nn/modules/module.py", line 1532, in _wrapped_call_impl
[rank39]:     return self._call_impl(*args, **kwargs)
[rank39]:            ^^^^^^^^^^^^^^^^^^^^^^^^^^^^^^^^
[rank39]:   File "/lustre/orion/cph161/world-shared/mlupopa/max_conda_envs_frontier/envs/hydragnn_rocm600/lib/python3.11/site-packages/torch/nn/modules/module.py", line 1541, in _call_impl
[rank39]:     return forward_call(*args, **kwargs)
[rank39]:            ^^^^^^^^^^^^^^^^^^^^^^^^^^^^^
[rank39]:   File "/lustre/orion/cph161/world-shared/mlupopa/max_conda_envs_frontier/envs/hydragnn_rocm600/lib/python3.11/site-packages/torch/nn/modules/activation.py", line 103, in forward
[rank39]:     return F.relu(input, inplace=self.inplace)
[rank39]:            ^^^^^^^^^^^^^^^^^^^^^^^^^^^^^^^^^^^
[rank39]:   File "/lustre/orion/cph161/world-shared/mlupopa/max_conda_envs_frontier/envs/hydragnn_rocm600/lib/python3.11/site-packages/torch/nn/functional.py", line 1500, in relu
[rank39]:     result = torch.relu(input)
[rank39]:              ^^^^^^^^^^^^^^^^^
[rank39]: torch.cuda.OutOfMemoryError: HIP out of memory. Tried to allocate 20.52 GiB. GPU  has a total capacity of 63.98 GiB of which 17.95 GiB is free. Of the allocated memory 45.54 GiB is allocated by PyTorch, and 32.00 MiB is reserved by PyTorch but unallocated. If reserved but unallocated memory is large try setting PYTORCH_HIP_ALLOC_CONF=expandable_segments:True to avoid fragmentation.  See documentation for Memory Management  (https://pytorch.org/docs/stable/notes/cuda.html#environment-variables)
[rank36]: Traceback (most recent call last):
[rank36]:   File "/lustre/orion/lrn031/scratch/zye327/HydraGNN_ds/./examples/multidataset/train_deepspeed_exportmem.py", line 419, in <module>
[rank36]:     hydragnn.train.train_validate_test(
[rank36]:   File "/lustre/orion/lrn031/scratch/zye327/HydraGNN_ds/hydragnn/train/train_validate_test.py", line 158, in train_validate_test
[rank36]:     train_loss, train_taskserr = train(
[rank36]:                                  ^^^^^^
[rank36]:   File "/lustre/orion/lrn031/scratch/zye327/HydraGNN_ds/hydragnn/train/train_validate_test.py", line 495, in train
[rank36]:     pred = model(data)
[rank36]:            ^^^^^^^^^^^
[rank36]:   File "/lustre/orion/cph161/world-shared/mlupopa/max_conda_envs_frontier/envs/hydragnn_rocm600/lib/python3.11/site-packages/torch/nn/modules/module.py", line 1532, in _wrapped_call_impl
[rank36]:     return self._call_impl(*args, **kwargs)
[rank36]:            ^^^^^^^^^^^^^^^^^^^^^^^^^^^^^^^^
[rank36]:   File "/lustre/orion/cph161/world-shared/mlupopa/max_conda_envs_frontier/envs/hydragnn_rocm600/lib/python3.11/site-packages/torch/nn/modules/module.py", line 1541, in _call_impl
[rank36]:     return forward_call(*args, **kwargs)
[rank36]:            ^^^^^^^^^^^^^^^^^^^^^^^^^^^^^
[rank36]:   File "/ccs/home/zye327/.local/lib/python3.11/site-packages/deepspeed/utils/nvtx.py", line 15, in wrapped_fn
[rank36]:     ret_val = func(*args, **kwargs)
[rank36]:               ^^^^^^^^^^^^^^^^^^^^^
[rank36]:   File "/ccs/home/zye327/.local/lib/python3.11/site-packages/deepspeed/runtime/engine.py", line 1846, in forward
[rank36]:     loss = self.module(*inputs, **kwargs)
[rank36]:            ^^^^^^^^^^^^^^^^^^^^^^^^^^^^^^
[rank36]:   File "/lustre/orion/cph161/world-shared/mlupopa/max_conda_envs_frontier/envs/hydragnn_rocm600/lib/python3.11/site-packages/torch/nn/modules/module.py", line 1532, in _wrapped_call_impl
[rank36]:     return self._call_impl(*args, **kwargs)
[rank36]:            ^^^^^^^^^^^^^^^^^^^^^^^^^^^^^^^^
[rank36]:   File "/lustre/orion/cph161/world-shared/mlupopa/max_conda_envs_frontier/envs/hydragnn_rocm600/lib/python3.11/site-packages/torch/nn/modules/module.py", line 1541, in _call_impl
[rank36]:     return forward_call(*args, **kwargs)
[rank36]:            ^^^^^^^^^^^^^^^^^^^^^^^^^^^^^
[rank36]:   File "/lustre/orion/lrn031/scratch/zye327/HydraGNN_ds/hydragnn/models/Base.py", line 297, in forward
[rank36]:     c, pos = conv(x=x, pos=pos, **conv_args)
[rank36]:              ^^^^^^^^^^^^^^^^^^^^^^^^^^^^^^^
[rank36]:   File "/lustre/orion/cph161/world-shared/mlupopa/max_conda_envs_frontier/envs/hydragnn_rocm600/lib/python3.11/site-packages/torch/nn/modules/module.py", line 1532, in _wrapped_call_impl
[rank36]:     return self._call_impl(*args, **kwargs)
[rank36]:            ^^^^^^^^^^^^^^^^^^^^^^^^^^^^^^^^
[rank36]:   File "/lustre/orion/cph161/world-shared/mlupopa/max_conda_envs_frontier/envs/hydragnn_rocm600/lib/python3.11/site-packages/torch/nn/modules/module.py", line 1541, in _call_impl
[rank36]:     return forward_call(*args, **kwargs)
[rank36]:            ^^^^^^^^^^^^^^^^^^^^^^^^^^^^^
[rank36]:   File "/tmp/torch_geometric.nn.sequential_584bab_or8jfyq5.py", line 17, in forward
[rank36]:     x, pos = self.module_0(x, pos, edge_index, edge_attr)
[rank36]:              ^^^^^^^^^^^^^^^^^^^^^^^^^^^^^^^^^^^^^^^^^^^^
[rank36]:   File "/lustre/orion/cph161/world-shared/mlupopa/max_conda_envs_frontier/envs/hydragnn_rocm600/lib/python3.11/site-packages/torch/nn/modules/module.py", line 1532, in _wrapped_call_impl
[rank36]:     return self._call_impl(*args, **kwargs)
[rank36]:            ^^^^^^^^^^^^^^^^^^^^^^^^^^^^^^^^
[rank36]:   File "/lustre/orion/cph161/world-shared/mlupopa/max_conda_envs_frontier/envs/hydragnn_rocm600/lib/python3.11/site-packages/torch/nn/modules/module.py", line 1541, in _call_impl
[rank36]:     return forward_call(*args, **kwargs)
[rank36]:            ^^^^^^^^^^^^^^^^^^^^^^^^^^^^^
[rank36]:   File "/lustre/orion/lrn031/scratch/zye327/HydraGNN_ds/hydragnn/models/EGCLStack.py", line 229, in forward
[rank36]:     edge_feat = self.edge_model(x[row], x[col], radial, edge_attr)
[rank36]:                 ^^^^^^^^^^^^^^^^^^^^^^^^^^^^^^^^^^^^^^^^^^^^^^^^^^
[rank36]:   File "/lustre/orion/lrn031/scratch/zye327/HydraGNN_ds/hydragnn/models/EGCLStack.py", line 186, in edge_model
[rank36]:     out = self.edge_mlp(out)
[rank36]:           ^^^^^^^^^^^^^^^^^^
[rank36]:   File "/lustre/orion/cph161/world-shared/mlupopa/max_conda_envs_frontier/envs/hydragnn_rocm600/lib/python3.11/site-packages/torch/nn/modules/module.py", line 1532, in _wrapped_call_impl
[rank36]:     return self._call_impl(*args, **kwargs)
[rank36]:            ^^^^^^^^^^^^^^^^^^^^^^^^^^^^^^^^
[rank36]:   File "/lustre/orion/cph161/world-shared/mlupopa/max_conda_envs_frontier/envs/hydragnn_rocm600/lib/python3.11/site-packages/torch/nn/modules/module.py", line 1541, in _call_impl
[rank36]:     return forward_call(*args, **kwargs)
[rank36]:            ^^^^^^^^^^^^^^^^^^^^^^^^^^^^^
[rank36]:   File "/lustre/orion/cph161/world-shared/mlupopa/max_conda_envs_frontier/envs/hydragnn_rocm600/lib/python3.11/site-packages/torch/nn/modules/container.py", line 217, in forward
[rank36]:     input = module(input)
[rank36]:             ^^^^^^^^^^^^^
[rank36]:   File "/lustre/orion/cph161/world-shared/mlupopa/max_conda_envs_frontier/envs/hydragnn_rocm600/lib/python3.11/site-packages/torch/nn/modules/module.py", line 1532, in _wrapped_call_impl
[rank36]:     return self._call_impl(*args, **kwargs)
[rank36]:            ^^^^^^^^^^^^^^^^^^^^^^^^^^^^^^^^
[rank36]:   File "/lustre/orion/cph161/world-shared/mlupopa/max_conda_envs_frontier/envs/hydragnn_rocm600/lib/python3.11/site-packages/torch/nn/modules/module.py", line 1541, in _call_impl
[rank36]:     return forward_call(*args, **kwargs)
[rank36]:            ^^^^^^^^^^^^^^^^^^^^^^^^^^^^^
[rank36]:   File "/lustre/orion/cph161/world-shared/mlupopa/max_conda_envs_frontier/envs/hydragnn_rocm600/lib/python3.11/site-packages/torch/nn/modules/activation.py", line 103, in forward
[rank36]:     return F.relu(input, inplace=self.inplace)
[rank36]:            ^^^^^^^^^^^^^^^^^^^^^^^^^^^^^^^^^^^
[rank36]:   File "/lustre/orion/cph161/world-shared/mlupopa/max_conda_envs_frontier/envs/hydragnn_rocm600/lib/python3.11/site-packages/torch/nn/functional.py", line 1500, in relu
[rank36]:     result = torch.relu(input)
[rank36]:              ^^^^^^^^^^^^^^^^^
[rank36]: torch.cuda.OutOfMemoryError: HIP out of memory. Tried to allocate 20.49 GiB. GPU  has a total capacity of 63.98 GiB of which 18.00 GiB is free. Of the allocated memory 45.49 GiB is allocated by PyTorch, and 32.37 MiB is reserved by PyTorch but unallocated. If reserved but unallocated memory is large try setting PYTORCH_HIP_ALLOC_CONF=expandable_segments:True to avoid fragmentation.  See documentation for Memory Management  (https://pytorch.org/docs/stable/notes/cuda.html#environment-variables)
[rank45]: Traceback (most recent call last):
[rank45]:   File "/lustre/orion/lrn031/scratch/zye327/HydraGNN_ds/./examples/multidataset/train_deepspeed_exportmem.py", line 419, in <module>
[rank45]:     hydragnn.train.train_validate_test(
[rank45]:   File "/lustre/orion/lrn031/scratch/zye327/HydraGNN_ds/hydragnn/train/train_validate_test.py", line 158, in train_validate_test
[rank45]:     train_loss, train_taskserr = train(
[rank45]:                                  ^^^^^^
[rank45]:   File "/lustre/orion/lrn031/scratch/zye327/HydraGNN_ds/hydragnn/train/train_validate_test.py", line 495, in train
[rank45]:     pred = model(data)
[rank45]:            ^^^^^^^^^^^
[rank45]:   File "/lustre/orion/cph161/world-shared/mlupopa/max_conda_envs_frontier/envs/hydragnn_rocm600/lib/python3.11/site-packages/torch/nn/modules/module.py", line 1532, in _wrapped_call_impl
[rank45]:     return self._call_impl(*args, **kwargs)
[rank45]:            ^^^^^^^^^^^^^^^^^^^^^^^^^^^^^^^^
[rank45]:   File "/lustre/orion/cph161/world-shared/mlupopa/max_conda_envs_frontier/envs/hydragnn_rocm600/lib/python3.11/site-packages/torch/nn/modules/module.py", line 1541, in _call_impl
[rank45]:     return forward_call(*args, **kwargs)
[rank45]:            ^^^^^^^^^^^^^^^^^^^^^^^^^^^^^
[rank45]:   File "/ccs/home/zye327/.local/lib/python3.11/site-packages/deepspeed/utils/nvtx.py", line 15, in wrapped_fn
[rank45]:     ret_val = func(*args, **kwargs)
[rank45]:               ^^^^^^^^^^^^^^^^^^^^^
[rank45]:   File "/ccs/home/zye327/.local/lib/python3.11/site-packages/deepspeed/runtime/engine.py", line 1846, in forward
[rank45]:     loss = self.module(*inputs, **kwargs)
[rank45]:            ^^^^^^^^^^^^^^^^^^^^^^^^^^^^^^
[rank45]:   File "/lustre/orion/cph161/world-shared/mlupopa/max_conda_envs_frontier/envs/hydragnn_rocm600/lib/python3.11/site-packages/torch/nn/modules/module.py", line 1532, in _wrapped_call_impl
[rank45]:     return self._call_impl(*args, **kwargs)
[rank45]:            ^^^^^^^^^^^^^^^^^^^^^^^^^^^^^^^^
[rank45]:   File "/lustre/orion/cph161/world-shared/mlupopa/max_conda_envs_frontier/envs/hydragnn_rocm600/lib/python3.11/site-packages/torch/nn/modules/module.py", line 1541, in _call_impl
[rank45]:     return forward_call(*args, **kwargs)
[rank45]:            ^^^^^^^^^^^^^^^^^^^^^^^^^^^^^
[rank45]:   File "/lustre/orion/lrn031/scratch/zye327/HydraGNN_ds/hydragnn/models/Base.py", line 297, in forward
[rank45]:     c, pos = conv(x=x, pos=pos, **conv_args)
[rank45]:              ^^^^^^^^^^^^^^^^^^^^^^^^^^^^^^^
[rank45]:   File "/lustre/orion/cph161/world-shared/mlupopa/max_conda_envs_frontier/envs/hydragnn_rocm600/lib/python3.11/site-packages/torch/nn/modules/module.py", line 1532, in _wrapped_call_impl
[rank45]:     return self._call_impl(*args, **kwargs)
[rank45]:            ^^^^^^^^^^^^^^^^^^^^^^^^^^^^^^^^
[rank45]:   File "/lustre/orion/cph161/world-shared/mlupopa/max_conda_envs_frontier/envs/hydragnn_rocm600/lib/python3.11/site-packages/torch/nn/modules/module.py", line 1541, in _call_impl
[rank45]:     return forward_call(*args, **kwargs)
[rank45]:            ^^^^^^^^^^^^^^^^^^^^^^^^^^^^^
[rank45]:   File "/tmp/torch_geometric.nn.sequential_3ed066_a5y2p81x.py", line 17, in forward
[rank45]:     x, pos = self.module_0(x, pos, edge_index, edge_attr)
[rank45]:              ^^^^^^^^^^^^^^^^^^^^^^^^^^^^^^^^^^^^^^^^^^^^
[rank45]:   File "/lustre/orion/cph161/world-shared/mlupopa/max_conda_envs_frontier/envs/hydragnn_rocm600/lib/python3.11/site-packages/torch/nn/modules/module.py", line 1532, in _wrapped_call_impl
[rank45]:     return self._call_impl(*args, **kwargs)
[rank45]:            ^^^^^^^^^^^^^^^^^^^^^^^^^^^^^^^^
[rank45]:   File "/lustre/orion/cph161/world-shared/mlupopa/max_conda_envs_frontier/envs/hydragnn_rocm600/lib/python3.11/site-packages/torch/nn/modules/module.py", line 1541, in _call_impl
[rank45]:     return forward_call(*args, **kwargs)
[rank45]:            ^^^^^^^^^^^^^^^^^^^^^^^^^^^^^
[rank45]:   File "/lustre/orion/lrn031/scratch/zye327/HydraGNN_ds/hydragnn/models/EGCLStack.py", line 229, in forward
[rank45]:     edge_feat = self.edge_model(x[row], x[col], radial, edge_attr)
[rank45]:                 ^^^^^^^^^^^^^^^^^^^^^^^^^^^^^^^^^^^^^^^^^^^^^^^^^^
[rank45]:   File "/lustre/orion/lrn031/scratch/zye327/HydraGNN_ds/hydragnn/models/EGCLStack.py", line 186, in edge_model
[rank45]:     out = self.edge_mlp(out)
[rank45]:           ^^^^^^^^^^^^^^^^^^
[rank45]:   File "/lustre/orion/cph161/world-shared/mlupopa/max_conda_envs_frontier/envs/hydragnn_rocm600/lib/python3.11/site-packages/torch/nn/modules/module.py", line 1532, in _wrapped_call_impl
[rank45]:     return self._call_impl(*args, **kwargs)
[rank45]:            ^^^^^^^^^^^^^^^^^^^^^^^^^^^^^^^^
[rank45]:   File "/lustre/orion/cph161/world-shared/mlupopa/max_conda_envs_frontier/envs/hydragnn_rocm600/lib/python3.11/site-packages/torch/nn/modules/module.py", line 1541, in _call_impl
[rank45]:     return forward_call(*args, **kwargs)
[rank45]:            ^^^^^^^^^^^^^^^^^^^^^^^^^^^^^
[rank45]:   File "/lustre/orion/cph161/world-shared/mlupopa/max_conda_envs_frontier/envs/hydragnn_rocm600/lib/python3.11/site-packages/torch/nn/modules/container.py", line 217, in forward
[rank45]:     input = module(input)
[rank45]:             ^^^^^^^^^^^^^
[rank45]:   File "/lustre/orion/cph161/world-shared/mlupopa/max_conda_envs_frontier/envs/hydragnn_rocm600/lib/python3.11/site-packages/torch/nn/modules/module.py", line 1532, in _wrapped_call_impl
[rank45]:     return self._call_impl(*args, **kwargs)
[rank45]:            ^^^^^^^^^^^^^^^^^^^^^^^^^^^^^^^^
[rank45]:   File "/lustre/orion/cph161/world-shared/mlupopa/max_conda_envs_frontier/envs/hydragnn_rocm600/lib/python3.11/site-packages/torch/nn/modules/module.py", line 1541, in _call_impl
[rank45]:     return forward_call(*args, **kwargs)
[rank45]:            ^^^^^^^^^^^^^^^^^^^^^^^^^^^^^
[rank45]:   File "/lustre/orion/cph161/world-shared/mlupopa/max_conda_envs_frontier/envs/hydragnn_rocm600/lib/python3.11/site-packages/torch/nn/modules/activation.py", line 103, in forward
[rank45]:     return F.relu(input, inplace=self.inplace)
[rank45]:            ^^^^^^^^^^^^^^^^^^^^^^^^^^^^^^^^^^^
[rank45]:   File "/lustre/orion/cph161/world-shared/mlupopa/max_conda_envs_frontier/envs/hydragnn_rocm600/lib/python3.11/site-packages/torch/nn/functional.py", line 1500, in relu
[rank45]:     result = torch.relu(input)
[rank45]:              ^^^^^^^^^^^^^^^^^
[rank45]: torch.cuda.OutOfMemoryError: HIP out of memory. Tried to allocate 19.79 GiB. GPU  has a total capacity of 63.98 GiB of which 19.40 GiB is free. Of the allocated memory 44.09 GiB is allocated by PyTorch, and 36.34 MiB is reserved by PyTorch but unallocated. If reserved but unallocated memory is large try setting PYTORCH_HIP_ALLOC_CONF=expandable_segments:True to avoid fragmentation.  See documentation for Memory Management  (https://pytorch.org/docs/stable/notes/cuda.html#environment-variables)
Train:   0%|          | 0/2 [00:00<?, ?it/s]Train:   0%|          | 0/2 [00:08<?, ?it/s]
[rank49]: Traceback (most recent call last):
[rank49]:   File "/lustre/orion/lrn031/scratch/zye327/HydraGNN_ds/./examples/multidataset/train_deepspeed_exportmem.py", line 419, in <module>
[rank49]:     hydragnn.train.train_validate_test(
[rank49]:   File "/lustre/orion/lrn031/scratch/zye327/HydraGNN_ds/hydragnn/train/train_validate_test.py", line 158, in train_validate_test
[rank49]:     train_loss, train_taskserr = train(
[rank49]:                                  ^^^^^^
[rank49]:   File "/lustre/orion/lrn031/scratch/zye327/HydraGNN_ds/hydragnn/train/train_validate_test.py", line 495, in train
[rank49]:     pred = model(data)
[rank49]:            ^^^^^^^^^^^
[rank49]:   File "/lustre/orion/cph161/world-shared/mlupopa/max_conda_envs_frontier/envs/hydragnn_rocm600/lib/python3.11/site-packages/torch/nn/modules/module.py", line 1532, in _wrapped_call_impl
[rank49]:     return self._call_impl(*args, **kwargs)
[rank49]:            ^^^^^^^^^^^^^^^^^^^^^^^^^^^^^^^^
[rank49]:   File "/lustre/orion/cph161/world-shared/mlupopa/max_conda_envs_frontier/envs/hydragnn_rocm600/lib/python3.11/site-packages/torch/nn/modules/module.py", line 1541, in _call_impl
[rank49]:     return forward_call(*args, **kwargs)
[rank49]:            ^^^^^^^^^^^^^^^^^^^^^^^^^^^^^
[rank49]:   File "/ccs/home/zye327/.local/lib/python3.11/site-packages/deepspeed/utils/nvtx.py", line 15, in wrapped_fn
[rank49]:     ret_val = func(*args, **kwargs)
[rank49]:               ^^^^^^^^^^^^^^^^^^^^^
[rank49]:   File "/ccs/home/zye327/.local/lib/python3.11/site-packages/deepspeed/runtime/engine.py", line 1846, in forward
[rank49]:     loss = self.module(*inputs, **kwargs)
[rank49]:            ^^^^^^^^^^^^^^^^^^^^^^^^^^^^^^
[rank49]:   File "/lustre/orion/cph161/world-shared/mlupopa/max_conda_envs_frontier/envs/hydragnn_rocm600/lib/python3.11/site-packages/torch/nn/modules/module.py", line 1532, in _wrapped_call_impl
[rank49]:     return self._call_impl(*args, **kwargs)
[rank49]:            ^^^^^^^^^^^^^^^^^^^^^^^^^^^^^^^^
[rank49]:   File "/lustre/orion/cph161/world-shared/mlupopa/max_conda_envs_frontier/envs/hydragnn_rocm600/lib/python3.11/site-packages/torch/nn/modules/module.py", line 1541, in _call_impl
[rank49]:     return forward_call(*args, **kwargs)
[rank49]:            ^^^^^^^^^^^^^^^^^^^^^^^^^^^^^
[rank49]:   File "/lustre/orion/lrn031/scratch/zye327/HydraGNN_ds/hydragnn/models/Base.py", line 297, in forward
[rank49]:     c, pos = conv(x=x, pos=pos, **conv_args)
[rank49]:              ^^^^^^^^^^^^^^^^^^^^^^^^^^^^^^^
[rank49]:   File "/lustre/orion/cph161/world-shared/mlupopa/max_conda_envs_frontier/envs/hydragnn_rocm600/lib/python3.11/site-packages/torch/nn/modules/module.py", line 1532, in _wrapped_call_impl
[rank49]:     return self._call_impl(*args, **kwargs)
[rank49]:            ^^^^^^^^^^^^^^^^^^^^^^^^^^^^^^^^
[rank49]:   File "/lustre/orion/cph161/world-shared/mlupopa/max_conda_envs_frontier/envs/hydragnn_rocm600/lib/python3.11/site-packages/torch/nn/modules/module.py", line 1541, in _call_impl
[rank49]:     return forward_call(*args, **kwargs)
[rank49]:            ^^^^^^^^^^^^^^^^^^^^^^^^^^^^^
[rank49]:   File "/tmp/torch_geometric.nn.sequential_51c892_irqjsqae.py", line 17, in forward
[rank49]:     x, pos = self.module_0(x, pos, edge_index, edge_attr)
[rank49]:              ^^^^^^^^^^^^^^^^^^^^^^^^^^^^^^^^^^^^^^^^^^^^
[rank49]:   File "/lustre/orion/cph161/world-shared/mlupopa/max_conda_envs_frontier/envs/hydragnn_rocm600/lib/python3.11/site-packages/torch/nn/modules/module.py", line 1532, in _wrapped_call_impl
[rank49]:     return self._call_impl(*args, **kwargs)
[rank49]:            ^^^^^^^^^^^^^^^^^^^^^^^^^^^^^^^^
[rank49]:   File "/lustre/orion/cph161/world-shared/mlupopa/max_conda_envs_frontier/envs/hydragnn_rocm600/lib/python3.11/site-packages/torch/nn/modules/module.py", line 1541, in _call_impl
[rank49]:     return forward_call(*args, **kwargs)
[rank49]:            ^^^^^^^^^^^^^^^^^^^^^^^^^^^^^
[rank49]:   File "/lustre/orion/lrn031/scratch/zye327/HydraGNN_ds/hydragnn/models/EGCLStack.py", line 229, in forward
[rank49]:     edge_feat = self.edge_model(x[row], x[col], radial, edge_attr)
[rank49]:                 ^^^^^^^^^^^^^^^^^^^^^^^^^^^^^^^^^^^^^^^^^^^^^^^^^^
[rank49]:   File "/lustre/orion/lrn031/scratch/zye327/HydraGNN_ds/hydragnn/models/EGCLStack.py", line 186, in edge_model
[rank49]:     out = self.edge_mlp(out)
[rank49]:           ^^^^^^^^^^^^^^^^^^
[rank49]:   File "/lustre/orion/cph161/world-shared/mlupopa/max_conda_envs_frontier/envs/hydragnn_rocm600/lib/python3.11/site-packages/torch/nn/modules/module.py", line 1532, in _wrapped_call_impl
[rank49]:     return self._call_impl(*args, **kwargs)
[rank49]:            ^^^^^^^^^^^^^^^^^^^^^^^^^^^^^^^^
[rank49]:   File "/lustre/orion/cph161/world-shared/mlupopa/max_conda_envs_frontier/envs/hydragnn_rocm600/lib/python3.11/site-packages/torch/nn/modules/module.py", line 1541, in _call_impl
[rank49]:     return forward_call(*args, **kwargs)
[rank49]:            ^^^^^^^^^^^^^^^^^^^^^^^^^^^^^
[rank49]:   File "/lustre/orion/cph161/world-shared/mlupopa/max_conda_envs_frontier/envs/hydragnn_rocm600/lib/python3.11/site-packages/torch/nn/modules/container.py", line 217, in forward
[rank49]:     input = module(input)
[rank49]:             ^^^^^^^^^^^^^
[rank49]:   File "/lustre/orion/cph161/world-shared/mlupopa/max_conda_envs_frontier/envs/hydragnn_rocm600/lib/python3.11/site-packages/torch/nn/modules/module.py", line 1532, in _wrapped_call_impl
[rank49]:     return self._call_impl(*args, **kwargs)
[rank49]:            ^^^^^^^^^^^^^^^^^^^^^^^^^^^^^^^^
[rank49]:   File "/lustre/orion/cph161/world-shared/mlupopa/max_conda_envs_frontier/envs/hydragnn_rocm600/lib/python3.11/site-packages/torch/nn/modules/module.py", line 1541, in _call_impl
[rank49]:     return forward_call(*args, **kwargs)
[rank49]:            ^^^^^^^^^^^^^^^^^^^^^^^^^^^^^
[rank49]:   File "/lustre/orion/cph161/world-shared/mlupopa/max_conda_envs_frontier/envs/hydragnn_rocm600/lib/python3.11/site-packages/torch/nn/modules/activation.py", line 103, in forward
[rank49]:     return F.relu(input, inplace=self.inplace)
[rank49]:            ^^^^^^^^^^^^^^^^^^^^^^^^^^^^^^^^^^^
[rank49]:   File "/lustre/orion/cph161/world-shared/mlupopa/max_conda_envs_frontier/envs/hydragnn_rocm600/lib/python3.11/site-packages/torch/nn/functional.py", line 1500, in relu
[rank49]:     result = torch.relu(input)
[rank49]:              ^^^^^^^^^^^^^^^^^
[rank49]: torch.cuda.OutOfMemoryError: HIP out of memory. Tried to allocate 20.34 GiB. GPU  has a total capacity of 63.98 GiB of which 18.31 GiB is free. Of the allocated memory 45.18 GiB is allocated by PyTorch, and 32.68 MiB is reserved by PyTorch but unallocated. If reserved but unallocated memory is large try setting PYTORCH_HIP_ALLOC_CONF=expandable_segments:True to avoid fragmentation.  See documentation for Memory Management  (https://pytorch.org/docs/stable/notes/cuda.html#environment-variables)
[rank19]: Traceback (most recent call last):
[rank19]:   File "/lustre/orion/lrn031/scratch/zye327/HydraGNN_ds/./examples/multidataset/train_deepspeed_exportmem.py", line 419, in <module>
[rank19]:     hydragnn.train.train_validate_test(
[rank19]:   File "/lustre/orion/lrn031/scratch/zye327/HydraGNN_ds/hydragnn/train/train_validate_test.py", line 158, in train_validate_test
[rank19]:     train_loss, train_taskserr = train(
[rank19]:                                  ^^^^^^
[rank19]:   File "/lustre/orion/lrn031/scratch/zye327/HydraGNN_ds/hydragnn/train/train_validate_test.py", line 495, in train
[rank19]:     pred = model(data)
[rank19]:            ^^^^^^^^^^^
[rank19]:   File "/lustre/orion/cph161/world-shared/mlupopa/max_conda_envs_frontier/envs/hydragnn_rocm600/lib/python3.11/site-packages/torch/nn/modules/module.py", line 1532, in _wrapped_call_impl
[rank19]:     return self._call_impl(*args, **kwargs)
[rank19]:            ^^^^^^^^^^^^^^^^^^^^^^^^^^^^^^^^
[rank19]:   File "/lustre/orion/cph161/world-shared/mlupopa/max_conda_envs_frontier/envs/hydragnn_rocm600/lib/python3.11/site-packages/torch/nn/modules/module.py", line 1541, in _call_impl
[rank19]:     return forward_call(*args, **kwargs)
[rank19]:            ^^^^^^^^^^^^^^^^^^^^^^^^^^^^^
[rank19]:   File "/ccs/home/zye327/.local/lib/python3.11/site-packages/deepspeed/utils/nvtx.py", line 15, in wrapped_fn
[rank19]:     ret_val = func(*args, **kwargs)
[rank19]:               ^^^^^^^^^^^^^^^^^^^^^
[rank19]:   File "/ccs/home/zye327/.local/lib/python3.11/site-packages/deepspeed/runtime/engine.py", line 1846, in forward
[rank19]:     loss = self.module(*inputs, **kwargs)
[rank19]:            ^^^^^^^^^^^^^^^^^^^^^^^^^^^^^^
[rank19]:   File "/lustre/orion/cph161/world-shared/mlupopa/max_conda_envs_frontier/envs/hydragnn_rocm600/lib/python3.11/site-packages/torch/nn/modules/module.py", line 1532, in _wrapped_call_impl
[rank19]:     return self._call_impl(*args, **kwargs)
[rank19]:            ^^^^^^^^^^^^^^^^^^^^^^^^^^^^^^^^
[rank19]:   File "/lustre/orion/cph161/world-shared/mlupopa/max_conda_envs_frontier/envs/hydragnn_rocm600/lib/python3.11/site-packages/torch/nn/modules/module.py", line 1541, in _call_impl
[rank19]:     return forward_call(*args, **kwargs)
[rank19]:            ^^^^^^^^^^^^^^^^^^^^^^^^^^^^^
[rank19]:   File "/lustre/orion/lrn031/scratch/zye327/HydraGNN_ds/hydragnn/models/Base.py", line 297, in forward
[rank19]:     c, pos = conv(x=x, pos=pos, **conv_args)
[rank19]:              ^^^^^^^^^^^^^^^^^^^^^^^^^^^^^^^
[rank19]:   File "/lustre/orion/cph161/world-shared/mlupopa/max_conda_envs_frontier/envs/hydragnn_rocm600/lib/python3.11/site-packages/torch/nn/modules/module.py", line 1532, in _wrapped_call_impl
[rank19]:     return self._call_impl(*args, **kwargs)
[rank19]:            ^^^^^^^^^^^^^^^^^^^^^^^^^^^^^^^^
[rank19]:   File "/lustre/orion/cph161/world-shared/mlupopa/max_conda_envs_frontier/envs/hydragnn_rocm600/lib/python3.11/site-packages/torch/nn/modules/module.py", line 1541, in _call_impl
[rank19]:     return forward_call(*args, **kwargs)
[rank19]:            ^^^^^^^^^^^^^^^^^^^^^^^^^^^^^
[rank19]:   File "/tmp/torch_geometric.nn.sequential_54f02f_y81rydve.py", line 17, in forward
[rank19]:     x, pos = self.module_0(x, pos, edge_index, edge_attr)
[rank19]:              ^^^^^^^^^^^^^^^^^^^^^^^^^^^^^^^^^^^^^^^^^^^^
[rank19]:   File "/lustre/orion/cph161/world-shared/mlupopa/max_conda_envs_frontier/envs/hydragnn_rocm600/lib/python3.11/site-packages/torch/nn/modules/module.py", line 1532, in _wrapped_call_impl
[rank19]:     return self._call_impl(*args, **kwargs)
[rank19]:            ^^^^^^^^^^^^^^^^^^^^^^^^^^^^^^^^
[rank19]:   File "/lustre/orion/cph161/world-shared/mlupopa/max_conda_envs_frontier/envs/hydragnn_rocm600/lib/python3.11/site-packages/torch/nn/modules/module.py", line 1541, in _call_impl
[rank19]:     return forward_call(*args, **kwargs)
[rank19]:            ^^^^^^^^^^^^^^^^^^^^^^^^^^^^^
[rank19]:   File "/lustre/orion/lrn031/scratch/zye327/HydraGNN_ds/hydragnn/models/EGCLStack.py", line 229, in forward
[rank19]:     edge_feat = self.edge_model(x[row], x[col], radial, edge_attr)
[rank19]:                 ^^^^^^^^^^^^^^^^^^^^^^^^^^^^^^^^^^^^^^^^^^^^^^^^^^
[rank19]:   File "/lustre/orion/lrn031/scratch/zye327/HydraGNN_ds/hydragnn/models/EGCLStack.py", line 186, in edge_model
[rank19]:     out = self.edge_mlp(out)
[rank19]:           ^^^^^^^^^^^^^^^^^^
[rank19]:   File "/lustre/orion/cph161/world-shared/mlupopa/max_conda_envs_frontier/envs/hydragnn_rocm600/lib/python3.11/site-packages/torch/nn/modules/module.py", line 1532, in _wrapped_call_impl
[rank19]:     return self._call_impl(*args, **kwargs)
[rank19]:            ^^^^^^^^^^^^^^^^^^^^^^^^^^^^^^^^
[rank19]:   File "/lustre/orion/cph161/world-shared/mlupopa/max_conda_envs_frontier/envs/hydragnn_rocm600/lib/python3.11/site-packages/torch/nn/modules/module.py", line 1541, in _call_impl
[rank19]:     return forward_call(*args, **kwargs)
[rank19]:            ^^^^^^^^^^^^^^^^^^^^^^^^^^^^^
[rank19]:   File "/lustre/orion/cph161/world-shared/mlupopa/max_conda_envs_frontier/envs/hydragnn_rocm600/lib/python3.11/site-packages/torch/nn/modules/container.py", line 217, in forward
[rank19]:     input = module(input)
[rank19]:             ^^^^^^^^^^^^^
[rank19]:   File "/lustre/orion/cph161/world-shared/mlupopa/max_conda_envs_frontier/envs/hydragnn_rocm600/lib/python3.11/site-packages/torch/nn/modules/module.py", line 1532, in _wrapped_call_impl
[rank19]:     return self._call_impl(*args, **kwargs)
[rank19]:            ^^^^^^^^^^^^^^^^^^^^^^^^^^^^^^^^
[rank19]:   File "/lustre/orion/cph161/world-shared/mlupopa/max_conda_envs_frontier/envs/hydragnn_rocm600/lib/python3.11/site-packages/torch/nn/modules/module.py", line 1541, in _call_impl
[rank19]:     return forward_call(*args, **kwargs)
[rank19]:            ^^^^^^^^^^^^^^^^^^^^^^^^^^^^^
[rank19]:   File "/lustre/orion/cph161/world-shared/mlupopa/max_conda_envs_frontier/envs/hydragnn_rocm600/lib/python3.11/site-packages/torch/nn/modules/activation.py", line 103, in forward
[rank19]:     return F.relu(input, inplace=self.inplace)
[rank19]:            ^^^^^^^^^^^^^^^^^^^^^^^^^^^^^^^^^^^
[rank19]:   File "/lustre/orion/cph161/world-shared/mlupopa/max_conda_envs_frontier/envs/hydragnn_rocm600/lib/python3.11/site-packages/torch/nn/functional.py", line 1500, in relu
[rank19]:     result = torch.relu(input)
[rank19]:              ^^^^^^^^^^^^^^^^^
[rank19]: torch.cuda.OutOfMemoryError: HIP out of memory. Tried to allocate 20.44 GiB. GPU  has a total capacity of 63.98 GiB of which 18.12 GiB is free. Of the allocated memory 45.38 GiB is allocated by PyTorch, and 32.34 MiB is reserved by PyTorch but unallocated. If reserved but unallocated memory is large try setting PYTORCH_HIP_ALLOC_CONF=expandable_segments:True to avoid fragmentation.  See documentation for Memory Management  (https://pytorch.org/docs/stable/notes/cuda.html#environment-variables)
[rank2]: Traceback (most recent call last):
[rank2]:   File "/lustre/orion/lrn031/scratch/zye327/HydraGNN_ds/./examples/multidataset/train_deepspeed_exportmem.py", line 419, in <module>
[rank2]:     hydragnn.train.train_validate_test(
[rank2]:   File "/lustre/orion/lrn031/scratch/zye327/HydraGNN_ds/hydragnn/train/train_validate_test.py", line 158, in train_validate_test
[rank2]:     train_loss, train_taskserr = train(
[rank2]:                                  ^^^^^^
[rank2]:   File "/lustre/orion/lrn031/scratch/zye327/HydraGNN_ds/hydragnn/train/train_validate_test.py", line 495, in train
[rank2]:     pred = model(data)
[rank2]:            ^^^^^^^^^^^
[rank2]:   File "/lustre/orion/cph161/world-shared/mlupopa/max_conda_envs_frontier/envs/hydragnn_rocm600/lib/python3.11/site-packages/torch/nn/modules/module.py", line 1532, in _wrapped_call_impl
[rank2]:     return self._call_impl(*args, **kwargs)
[rank2]:            ^^^^^^^^^^^^^^^^^^^^^^^^^^^^^^^^
[rank2]:   File "/lustre/orion/cph161/world-shared/mlupopa/max_conda_envs_frontier/envs/hydragnn_rocm600/lib/python3.11/site-packages/torch/nn/modules/module.py", line 1541, in _call_impl
[rank2]:     return forward_call(*args, **kwargs)
[rank2]:            ^^^^^^^^^^^^^^^^^^^^^^^^^^^^^
[rank2]:   File "/ccs/home/zye327/.local/lib/python3.11/site-packages/deepspeed/utils/nvtx.py", line 15, in wrapped_fn
[rank2]:     ret_val = func(*args, **kwargs)
[rank2]:               ^^^^^^^^^^^^^^^^^^^^^
[rank2]:   File "/ccs/home/zye327/.local/lib/python3.11/site-packages/deepspeed/runtime/engine.py", line 1846, in forward
[rank2]:     loss = self.module(*inputs, **kwargs)
[rank2]:            ^^^^^^^^^^^^^^^^^^^^^^^^^^^^^^
[rank2]:   File "/lustre/orion/cph161/world-shared/mlupopa/max_conda_envs_frontier/envs/hydragnn_rocm600/lib/python3.11/site-packages/torch/nn/modules/module.py", line 1532, in _wrapped_call_impl
[rank2]:     return self._call_impl(*args, **kwargs)
[rank2]:            ^^^^^^^^^^^^^^^^^^^^^^^^^^^^^^^^
[rank2]:   File "/lustre/orion/cph161/world-shared/mlupopa/max_conda_envs_frontier/envs/hydragnn_rocm600/lib/python3.11/site-packages/torch/nn/modules/module.py", line 1541, in _call_impl
[rank2]:     return forward_call(*args, **kwargs)
[rank2]:            ^^^^^^^^^^^^^^^^^^^^^^^^^^^^^
[rank2]:   File "/lustre/orion/lrn031/scratch/zye327/HydraGNN_ds/hydragnn/models/Base.py", line 297, in forward
[rank2]:     c, pos = conv(x=x, pos=pos, **conv_args)
[rank2]:              ^^^^^^^^^^^^^^^^^^^^^^^^^^^^^^^
[rank2]:   File "/lustre/orion/cph161/world-shared/mlupopa/max_conda_envs_frontier/envs/hydragnn_rocm600/lib/python3.11/site-packages/torch/nn/modules/module.py", line 1532, in _wrapped_call_impl
[rank2]:     return self._call_impl(*args, **kwargs)
[rank2]:            ^^^^^^^^^^^^^^^^^^^^^^^^^^^^^^^^
[rank2]:   File "/lustre/orion/cph161/world-shared/mlupopa/max_conda_envs_frontier/envs/hydragnn_rocm600/lib/python3.11/site-packages/torch/nn/modules/module.py", line 1541, in _call_impl
[rank2]:     return forward_call(*args, **kwargs)
[rank2]:            ^^^^^^^^^^^^^^^^^^^^^^^^^^^^^
[rank2]:   File "/tmp/torch_geometric.nn.sequential_39a9b8_s951g21f.py", line 17, in forward
[rank2]:     x, pos = self.module_0(x, pos, edge_index, edge_attr)
[rank2]:              ^^^^^^^^^^^^^^^^^^^^^^^^^^^^^^^^^^^^^^^^^^^^
[rank2]:   File "/lustre/orion/cph161/world-shared/mlupopa/max_conda_envs_frontier/envs/hydragnn_rocm600/lib/python3.11/site-packages/torch/nn/modules/module.py", line 1532, in _wrapped_call_impl
[rank2]:     return self._call_impl(*args, **kwargs)
[rank2]:            ^^^^^^^^^^^^^^^^^^^^^^^^^^^^^^^^
[rank2]:   File "/lustre/orion/cph161/world-shared/mlupopa/max_conda_envs_frontier/envs/hydragnn_rocm600/lib/python3.11/site-packages/torch/nn/modules/module.py", line 1541, in _call_impl
[rank2]:     return forward_call(*args, **kwargs)
[rank2]:            ^^^^^^^^^^^^^^^^^^^^^^^^^^^^^
[rank2]:   File "/lustre/orion/lrn031/scratch/zye327/HydraGNN_ds/hydragnn/models/EGCLStack.py", line 229, in forward
[rank2]:     edge_feat = self.edge_model(x[row], x[col], radial, edge_attr)
[rank2]:                 ^^^^^^^^^^^^^^^^^^^^^^^^^^^^^^^^^^^^^^^^^^^^^^^^^^
[rank2]:   File "/lustre/orion/lrn031/scratch/zye327/HydraGNN_ds/hydragnn/models/EGCLStack.py", line 186, in edge_model
[rank2]:     out = self.edge_mlp(out)
[rank2]:           ^^^^^^^^^^^^^^^^^^
[rank2]:   File "/lustre/orion/cph161/world-shared/mlupopa/max_conda_envs_frontier/envs/hydragnn_rocm600/lib/python3.11/site-packages/torch/nn/modules/module.py", line 1532, in _wrapped_call_impl
[rank2]:     return self._call_impl(*args, **kwargs)
[rank2]:            ^^^^^^^^^^^^^^^^^^^^^^^^^^^^^^^^
[rank2]:   File "/lustre/orion/cph161/world-shared/mlupopa/max_conda_envs_frontier/envs/hydragnn_rocm600/lib/python3.11/site-packages/torch/nn/modules/module.py", line 1541, in _call_impl
[rank2]:     return forward_call(*args, **kwargs)
[rank2]:            ^^^^^^^^^^^^^^^^^^^^^^^^^^^^^
[rank2]:   File "/lustre/orion/cph161/world-shared/mlupopa/max_conda_envs_frontier/envs/hydragnn_rocm600/lib/python3.11/site-packages/torch/nn/modules/container.py", line 217, in forward
[rank2]:     input = module(input)
[rank2]:             ^^^^^^^^^^^^^
[rank2]:   File "/lustre/orion/cph161/world-shared/mlupopa/max_conda_envs_frontier/envs/hydragnn_rocm600/lib/python3.11/site-packages/torch/nn/modules/module.py", line 1532, in _wrapped_call_impl
[rank2]:     return self._call_impl(*args, **kwargs)
[rank2]:            ^^^^^^^^^^^^^^^^^^^^^^^^^^^^^^^^
[rank2]:   File "/lustre/orion/cph161/world-shared/mlupopa/max_conda_envs_frontier/envs/hydragnn_rocm600/lib/python3.11/site-packages/torch/nn/modules/module.py", line 1541, in _call_impl
[rank2]:     return forward_call(*args, **kwargs)
[rank2]:            ^^^^^^^^^^^^^^^^^^^^^^^^^^^^^
[rank2]:   File "/lustre/orion/cph161/world-shared/mlupopa/max_conda_envs_frontier/envs/hydragnn_rocm600/lib/python3.11/site-packages/torch/nn/modules/activation.py", line 103, in forward
[rank2]:     return F.relu(input, inplace=self.inplace)
[rank2]:            ^^^^^^^^^^^^^^^^^^^^^^^^^^^^^^^^^^^
[rank2]:   File "/lustre/orion/cph161/world-shared/mlupopa/max_conda_envs_frontier/envs/hydragnn_rocm600/lib/python3.11/site-packages/torch/nn/functional.py", line 1500, in relu
[rank2]:     result = torch.relu(input)
[rank2]:              ^^^^^^^^^^^^^^^^^
[rank2]: torch.cuda.OutOfMemoryError: HIP out of memory. Tried to allocate 19.98 GiB. GPU  has a total capacity of 63.98 GiB of which 19.02 GiB is free. Of the allocated memory 44.47 GiB is allocated by PyTorch, and 32.99 MiB is reserved by PyTorch but unallocated. If reserved but unallocated memory is large try setting PYTORCH_HIP_ALLOC_CONF=expandable_segments:True to avoid fragmentation.  See documentation for Memory Management  (https://pytorch.org/docs/stable/notes/cuda.html#environment-variables)
[rank0]: Traceback (most recent call last):
[rank0]:   File "/lustre/orion/lrn031/scratch/zye327/HydraGNN_ds/./examples/multidataset/train_deepspeed_exportmem.py", line 419, in <module>
[rank0]:     hydragnn.train.train_validate_test(
[rank0]:   File "/lustre/orion/lrn031/scratch/zye327/HydraGNN_ds/hydragnn/train/train_validate_test.py", line 158, in train_validate_test
[rank0]:     train_loss, train_taskserr = train(
[rank0]:                                  ^^^^^^
[rank0]:   File "/lustre/orion/lrn031/scratch/zye327/HydraGNN_ds/hydragnn/train/train_validate_test.py", line 495, in train
[rank0]:     pred = model(data)
[rank0]:            ^^^^^^^^^^^
[rank0]:   File "/lustre/orion/cph161/world-shared/mlupopa/max_conda_envs_frontier/envs/hydragnn_rocm600/lib/python3.11/site-packages/torch/nn/modules/module.py", line 1532, in _wrapped_call_impl
[rank0]:     return self._call_impl(*args, **kwargs)
[rank0]:            ^^^^^^^^^^^^^^^^^^^^^^^^^^^^^^^^
[rank0]:   File "/lustre/orion/cph161/world-shared/mlupopa/max_conda_envs_frontier/envs/hydragnn_rocm600/lib/python3.11/site-packages/torch/nn/modules/module.py", line 1541, in _call_impl
[rank0]:     return forward_call(*args, **kwargs)
[rank0]:            ^^^^^^^^^^^^^^^^^^^^^^^^^^^^^
[rank0]:   File "/ccs/home/zye327/.local/lib/python3.11/site-packages/deepspeed/utils/nvtx.py", line 15, in wrapped_fn
[rank0]:     ret_val = func(*args, **kwargs)
[rank0]:               ^^^^^^^^^^^^^^^^^^^^^
[rank0]:   File "/ccs/home/zye327/.local/lib/python3.11/site-packages/deepspeed/runtime/engine.py", line 1846, in forward
[rank0]:     loss = self.module(*inputs, **kwargs)
[rank0]:            ^^^^^^^^^^^^^^^^^^^^^^^^^^^^^^
[rank0]:   File "/lustre/orion/cph161/world-shared/mlupopa/max_conda_envs_frontier/envs/hydragnn_rocm600/lib/python3.11/site-packages/torch/nn/modules/module.py", line 1532, in _wrapped_call_impl
[rank0]:     return self._call_impl(*args, **kwargs)
[rank0]:            ^^^^^^^^^^^^^^^^^^^^^^^^^^^^^^^^
[rank0]:   File "/lustre/orion/cph161/world-shared/mlupopa/max_conda_envs_frontier/envs/hydragnn_rocm600/lib/python3.11/site-packages/torch/nn/modules/module.py", line 1541, in _call_impl
[rank0]:     return forward_call(*args, **kwargs)
[rank0]:            ^^^^^^^^^^^^^^^^^^^^^^^^^^^^^
[rank0]:   File "/lustre/orion/lrn031/scratch/zye327/HydraGNN_ds/hydragnn/models/Base.py", line 297, in forward
[rank0]:     c, pos = conv(x=x, pos=pos, **conv_args)
[rank0]:              ^^^^^^^^^^^^^^^^^^^^^^^^^^^^^^^
[rank0]:   File "/lustre/orion/cph161/world-shared/mlupopa/max_conda_envs_frontier/envs/hydragnn_rocm600/lib/python3.11/site-packages/torch/nn/modules/module.py", line 1532, in _wrapped_call_impl
[rank0]:     return self._call_impl(*args, **kwargs)
[rank0]:            ^^^^^^^^^^^^^^^^^^^^^^^^^^^^^^^^
[rank0]:   File "/lustre/orion/cph161/world-shared/mlupopa/max_conda_envs_frontier/envs/hydragnn_rocm600/lib/python3.11/site-packages/torch/nn/modules/module.py", line 1541, in _call_impl
[rank0]:     return forward_call(*args, **kwargs)
[rank0]:            ^^^^^^^^^^^^^^^^^^^^^^^^^^^^^
[rank0]:   File "/tmp/torch_geometric.nn.sequential_fc4ca8_vwg883vp.py", line 17, in forward
[rank0]:     x, pos = self.module_0(x, pos, edge_index, edge_attr)
[rank0]:              ^^^^^^^^^^^^^^^^^^^^^^^^^^^^^^^^^^^^^^^^^^^^
[rank0]:   File "/lustre/orion/cph161/world-shared/mlupopa/max_conda_envs_frontier/envs/hydragnn_rocm600/lib/python3.11/site-packages/torch/nn/modules/module.py", line 1532, in _wrapped_call_impl
[rank0]:     return self._call_impl(*args, **kwargs)
[rank0]:            ^^^^^^^^^^^^^^^^^^^^^^^^^^^^^^^^
[rank0]:   File "/lustre/orion/cph161/world-shared/mlupopa/max_conda_envs_frontier/envs/hydragnn_rocm600/lib/python3.11/site-packages/torch/nn/modules/module.py", line 1541, in _call_impl
[rank0]:     return forward_call(*args, **kwargs)
[rank0]:            ^^^^^^^^^^^^^^^^^^^^^^^^^^^^^
[rank0]:   File "/lustre/orion/lrn031/scratch/zye327/HydraGNN_ds/hydragnn/models/EGCLStack.py", line 229, in forward
[rank0]:     edge_feat = self.edge_model(x[row], x[col], radial, edge_attr)
[rank0]:                 ^^^^^^^^^^^^^^^^^^^^^^^^^^^^^^^^^^^^^^^^^^^^^^^^^^
[rank0]:   File "/lustre/orion/lrn031/scratch/zye327/HydraGNN_ds/hydragnn/models/EGCLStack.py", line 186, in edge_model
[rank0]:     out = self.edge_mlp(out)
[rank0]:           ^^^^^^^^^^^^^^^^^^
[rank0]:   File "/lustre/orion/cph161/world-shared/mlupopa/max_conda_envs_frontier/envs/hydragnn_rocm600/lib/python3.11/site-packages/torch/nn/modules/module.py", line 1532, in _wrapped_call_impl
[rank0]:     return self._call_impl(*args, **kwargs)
[rank0]:            ^^^^^^^^^^^^^^^^^^^^^^^^^^^^^^^^
[rank0]:   File "/lustre/orion/cph161/world-shared/mlupopa/max_conda_envs_frontier/envs/hydragnn_rocm600/lib/python3.11/site-packages/torch/nn/modules/module.py", line 1541, in _call_impl
[rank0]:     return forward_call(*args, **kwargs)
[rank0]:            ^^^^^^^^^^^^^^^^^^^^^^^^^^^^^
[rank0]:   File "/lustre/orion/cph161/world-shared/mlupopa/max_conda_envs_frontier/envs/hydragnn_rocm600/lib/python3.11/site-packages/torch/nn/modules/container.py", line 217, in forward
[rank0]:     input = module(input)
[rank0]:             ^^^^^^^^^^^^^
[rank0]:   File "/lustre/orion/cph161/world-shared/mlupopa/max_conda_envs_frontier/envs/hydragnn_rocm600/lib/python3.11/site-packages/torch/nn/modules/module.py", line 1532, in _wrapped_call_impl
[rank0]:     return self._call_impl(*args, **kwargs)
[rank0]:            ^^^^^^^^^^^^^^^^^^^^^^^^^^^^^^^^
[rank0]:   File "/lustre/orion/cph161/world-shared/mlupopa/max_conda_envs_frontier/envs/hydragnn_rocm600/lib/python3.11/site-packages/torch/nn/modules/module.py", line 1541, in _call_impl
[rank0]:     return forward_call(*args, **kwargs)
[rank0]:            ^^^^^^^^^^^^^^^^^^^^^^^^^^^^^
[rank0]:   File "/lustre/orion/cph161/world-shared/mlupopa/max_conda_envs_frontier/envs/hydragnn_rocm600/lib/python3.11/site-packages/torch/nn/modules/activation.py", line 103, in forward
[rank0]:     return F.relu(input, inplace=self.inplace)
[rank0]:            ^^^^^^^^^^^^^^^^^^^^^^^^^^^^^^^^^^^
[rank0]:   File "/lustre/orion/cph161/world-shared/mlupopa/max_conda_envs_frontier/envs/hydragnn_rocm600/lib/python3.11/site-packages/torch/nn/functional.py", line 1500, in relu
[rank0]:     result = torch.relu(input)
[rank0]:              ^^^^^^^^^^^^^^^^^
[rank0]: torch.cuda.OutOfMemoryError: HIP out of memory. Tried to allocate 20.51 GiB. GPU 
[rank17]: Traceback (most recent call last):
[rank17]:   File "/lustre/orion/lrn031/scratch/zye327/HydraGNN_ds/./examples/multidataset/train_deepspeed_exportmem.py", line 419, in <module>
[rank17]:     hydragnn.train.train_validate_test(
[rank17]:   File "/lustre/orion/lrn031/scratch/zye327/HydraGNN_ds/hydragnn/train/train_validate_test.py", line 158, in train_validate_test
[rank17]:     train_loss, train_taskserr = train(
[rank17]:                                  ^^^^^^
[rank17]:   File "/lustre/orion/lrn031/scratch/zye327/HydraGNN_ds/hydragnn/train/train_validate_test.py", line 495, in train
[rank17]:     pred = model(data)
[rank17]:            ^^^^^^^^^^^
[rank17]:   File "/lustre/orion/cph161/world-shared/mlupopa/max_conda_envs_frontier/envs/hydragnn_rocm600/lib/python3.11/site-packages/torch/nn/modules/module.py", line 1532, in _wrapped_call_impl
[rank17]:     return self._call_impl(*args, **kwargs)
[rank17]:            ^^^^^^^^^^^^^^^^^^^^^^^^^^^^^^^^
[rank17]:   File "/lustre/orion/cph161/world-shared/mlupopa/max_conda_envs_frontier/envs/hydragnn_rocm600/lib/python3.11/site-packages/torch/nn/modules/module.py", line 1541, in _call_impl
[rank17]:     return forward_call(*args, **kwargs)
[rank17]:            ^^^^^^^^^^^^^^^^^^^^^^^^^^^^^
[rank17]:   File "/ccs/home/zye327/.local/lib/python3.11/site-packages/deepspeed/utils/nvtx.py", line 15, in wrapped_fn
[rank17]:     ret_val = func(*args, **kwargs)
[rank17]:               ^^^^^^^^^^^^^^^^^^^^^
[rank17]:   File "/ccs/home/zye327/.local/lib/python3.11/site-packages/deepspeed/runtime/engine.py", line 1846, in forward
[rank17]:     loss = self.module(*inputs, **kwargs)
[rank17]:            ^^^^^^^^^^^^^^^^^^^^^^^^^^^^^^
[rank17]:   File "/lustre/orion/cph161/world-shared/mlupopa/max_conda_envs_frontier/envs/hydragnn_rocm600/lib/python3.11/site-packages/torch/nn/modules/module.py", line 1532, in _wrapped_call_impl
[rank17]:     return self._call_impl(*args, **kwargs)
[rank17]:            ^^^^^^^^^^^^^^^^^^^^^^^^^^^^^^^^
[rank17]:   File "/lustre/orion/cph161/world-shared/mlupopa/max_conda_envs_frontier/envs/hydragnn_rocm600/lib/python3.11/site-packages/torch/nn/modules/module.py", line 1541, in _call_impl
[rank17]:     return forward_call(*args, **kwargs)
[rank17]:            ^^^^^^^^^^^^^^^^^^^^^^^^^^^^^
[rank17]:   File "/lustre/orion/lrn031/scratch/zye327/HydraGNN_ds/hydragnn/models/Base.py", line 297, in forward
[rank17]:     c, pos = conv(x=x, pos=pos, **conv_args)
[rank17]:              ^^^^^^^^^^^^^^^^^^^^^^^^^^^^^^^
[rank17]:   File "/lustre/orion/cph161/world-shared/mlupopa/max_conda_envs_frontier/envs/hydragnn_rocm600/lib/python3.11/site-packages/torch/nn/modules/module.py", line 1532, in _wrapped_call_impl
[rank17]:     return self._call_impl(*args, **kwargs)
[rank17]:            ^^^^^^^^^^^^^^^^^^^^^^^^^^^^^^^^
[rank17]:   File "/lustre/orion/cph161/world-shared/mlupopa/max_conda_envs_frontier/envs/hydragnn_rocm600/lib/python3.11/site-packages/torch/nn/modules/module.py", line 1541, in _call_impl
[rank17]:     return forward_call(*args, **kwargs)
[rank17]:            ^^^^^^^^^^^^^^^^^^^^^^^^^^^^^
[rank17]:   File "/tmp/torch_geometric.nn.sequential_eeb498_7cxk1jjw.py", line 17, in forward
[rank17]:     x, pos = self.module_0(x, pos, edge_index, edge_attr)
[rank17]:              ^^^^^^^^^^^^^^^^^^^^^^^^^^^^^^^^^^^^^^^^^^^^
[rank17]:   File "/lustre/orion/cph161/world-shared/mlupopa/max_conda_envs_frontier/envs/hydragnn_rocm600/lib/python3.11/site-packages/torch/nn/modules/module.py", line 1532, in _wrapped_call_impl
[rank17]:     return self._call_impl(*args, **kwargs)
[rank17]:            ^^^^^^^^^^^^^^^^^^^^^^^^^^^^^^^^
[rank17]:   File "/lustre/orion/cph161/world-shared/mlupopa/max_conda_envs_frontier/envs/hydragnn_rocm600/lib/python3.11/site-packages/torch/nn/modules/module.py", line 1541, in _call_impl
[rank17]:     return forward_call(*args, **kwargs)
[rank17]:            ^^^^^^^^^^^^^^^^^^^^^^^^^^^^^
[rank17]:   File "/lustre/orion/lrn031/scratch/zye327/HydraGNN_ds/hydragnn/models/EGCLStack.py", line 229, in forward
[rank17]:     edge_feat = self.edge_model(x[row], x[col], radial, edge_attr)
[rank17]:                 ^^^^^^^^^^^^^^^^^^^^^^^^^^^^^^^^^^^^^^^^^^^^^^^^^^
[rank17]:   File "/lustre/orion/lrn031/scratch/zye327/HydraGNN_ds/hydragnn/models/EGCLStack.py", line 186, in edge_model
[rank17]:     out = self.edge_mlp(out)
[rank17]:           ^^^^^^^^^^^^^^^^^^
[rank17]:   File "/lustre/orion/cph161/world-shared/mlupopa/max_conda_envs_frontier/envs/hydragnn_rocm600/lib/python3.11/site-packages/torch/nn/modules/module.py", line 1532, in _wrapped_call_impl
[rank17]:     return self._call_impl(*args, **kwargs)
[rank17]:            ^^^^^^^^^^^^^^^^^^^^^^^^^^^^^^^^
[rank17]:   File "/lustre/orion/cph161/world-shared/mlupopa/max_conda_envs_frontier/envs/hydragnn_rocm600/lib/python3.11/site-packages/torch/nn/modules/module.py", line 1541, in _call_impl
[rank17]:     return forward_call(*args, **kwargs)
[rank17]:            ^^^^^^^^^^^^^^^^^^^^^^^^^^^^^
[rank17]:   File "/lustre/orion/cph161/world-shared/mlupopa/max_conda_envs_frontier/envs/hydragnn_rocm600/lib/python3.11/site-packages/torch/nn/modules/container.py", line 217, in forward
[rank17]:     input = module(input)
[rank17]:             ^^^^^^^^^^^^^
[rank17]:   File "/lustre/orion/cph161/world-shared/mlupopa/max_conda_envs_frontier/envs/hydragnn_rocm600/lib/python3.11/site-packages/torch/nn/modules/module.py", line 1532, in _wrapped_call_impl
[rank17]:     return self._call_impl(*args, **kwargs)
[rank17]:            ^^^^^^^^^^^^^^^^^^^^^^^^^^^^^^^^
[rank17]:   File "/lustre/orion/cph161/world-shared/mlupopa/max_conda_envs_frontier/envs/hydragnn_rocm600/lib/python3.11/site-packages/torch/nn/modules/module.py", line 1541, in _call_impl
[rank17]:     return forward_call(*args, **kwargs)
[rank17]:            ^^^^^^^^^^^^^^^^^^^^^^^^^^^^^
[rank17]:   File "/lustre/orion/cph161/world-shared/mlupopa/max_conda_envs_frontier/envs/hydragnn_rocm600/lib/python3.11/site-packages/torch/nn/modules/activation.py", line 103, in forward
[rank17]:     return F.relu(input, inplace=self.inplace)
[rank17]:            ^^^^^^^^^^^^^^^^^^^^^^^^^^^^^^^^^^^
[rank17]:   File "/lustre/orion/cph161/world-shared/mlupopa/max_conda_envs_frontier/envs/hydragnn_rocm600/lib/python3.11/site-packages/torch/nn/functional.py", line 1500, in relu
[rank17]:     result = torch.relu(input)
[rank17]:              ^^^^^^^^^^^^^^^^^
[rank17]: torch.cuda.OutOfMemoryError: HIP out of memory. Tried to allocate 20.68 GiB. GPU  has a total capacity of 63.98 GiB of which 17.63 GiB is free. Of the allocated memory 45.87 GiB is allocated by PyTorch, and 31.10 MiB is reserved by PyTorch but unallocated. If reserved but unallocated memory is large try setting PYTORCH_HIP_ALLOC_CONF=expandable_segments:True to avoid fragmentation.  See documentation for Memory Management  (https://pytorch.org/docs/stable/notes/cuda.html#environment-variables)
[rank16]: Traceback (most recent call last):
[rank16]:   File "/lustre/orion/lrn031/scratch/zye327/HydraGNN_ds/./examples/multidataset/train_deepspeed_exportmem.py", line 419, in <module>
[rank16]:     hydragnn.train.train_validate_test(
[rank16]:   File "/lustre/orion/lrn031/scratch/zye327/HydraGNN_ds/hydragnn/train/train_validate_test.py", line 158, in train_validate_test
[rank16]:     train_loss, train_taskserr = train(
[rank16]:                                  ^^^^^^
[rank16]:   File "/lustre/orion/lrn031/scratch/zye327/HydraGNN_ds/hydragnn/train/train_validate_test.py", line 495, in train
[rank16]:     pred = model(data)
[rank16]:            ^^^^^^^^^^^
[rank16]:   File "/lustre/orion/cph161/world-shared/mlupopa/max_conda_envs_frontier/envs/hydragnn_rocm600/lib/python3.11/site-packages/torch/nn/modules/module.py", line 1532, in _wrapped_call_impl
[rank16]:     return self._call_impl(*args, **kwargs)
[rank16]:            ^^^^^^^^^^^^^^^^^^^^^^^^^^^^^^^^
[rank16]:   File "/lustre/orion/cph161/world-shared/mlupopa/max_conda_envs_frontier/envs/hydragnn_rocm600/lib/python3.11/site-packages/torch/nn/modules/module.py", line 1541, in _call_impl
[rank16]:     return forward_call(*args, **kwargs)
[rank16]:            ^^^^^^^^^^^^^^^^^^^^^^^^^^^^^
[rank16]:   File "/ccs/home/zye327/.local/lib/python3.11/site-packages/deepspeed/utils/nvtx.py", line 15, in wrapped_fn
[rank16]:     ret_val = func(*args, **kwargs)
[rank16]:               ^^^^^^^^^^^^^^^^^^^^^
[rank16]:   File "/ccs/home/zye327/.local/lib/python3.11/site-packages/deepspeed/runtime/engine.py", line 1846, in forward
[rank16]:     loss = self.module(*inputs, **kwargs)
[rank16]:            ^^^^^^^^^^^^^^^^^^^^^^^^^^^^^^
[rank16]:   File "/lustre/orion/cph161/world-shared/mlupopa/max_conda_envs_frontier/envs/hydragnn_rocm600/lib/python3.11/site-packages/torch/nn/modules/module.py", line 1532, in _wrapped_call_impl
[rank16]:     return self._call_impl(*args, **kwargs)
[rank16]:            ^^^^^^^^^^^^^^^^^^^^^^^^^^^^^^^^
[rank16]:   File "/lustre/orion/cph161/world-shared/mlupopa/max_conda_envs_frontier/envs/hydragnn_rocm600/lib/python3.11/site-packages/torch/nn/modules/module.py", line 1541, in _call_impl
[rank16]:     return forward_call(*args, **kwargs)
[rank16]:            ^^^^^^^^^^^^^^^^^^^^^^^^^^^^^
[rank16]:   File "/lustre/orion/lrn031/scratch/zye327/HydraGNN_ds/hydragnn/models/Base.py", line 297, in forward
[rank16]:     c, pos = conv(x=x, pos=pos, **conv_args)
[rank16]:              ^^^^^^^^^^^^^^^^^^^^^^^^^^^^^^^
[rank16]:   File "/lustre/orion/cph161/world-shared/mlupopa/max_conda_envs_frontier/envs/hydragnn_rocm600/lib/python3.11/site-packages/torch/nn/modules/module.py", line 1532, in _wrapped_call_impl
[rank16]:     return self._call_impl(*args, **kwargs)
[rank16]:            ^^^^^^^^^^^^^^^^^^^^^^^^^^^^^^^^
[rank16]:   File "/lustre/orion/cph161/world-shared/mlupopa/max_conda_envs_frontier/envs/hydragnn_rocm600/lib/python3.11/site-packages/torch/nn/modules/module.py", line 1541, in _call_impl
[rank16]:     return forward_call(*args, **kwargs)
[rank16]:            ^^^^^^^^^^^^^^^^^^^^^^^^^^^^^
[rank16]:   File "/tmp/torch_geometric.nn.sequential_7ac25a_ko6aa311.py", line 17, in forward
[rank16]:     x, pos = self.module_0(x, pos, edge_index, edge_attr)
[rank16]:              ^^^^^^^^^^^^^^^^^^^^^^^^^^^^^^^^^^^^^^^^^^^^
[rank16]:   File "/lustre/orion/cph161/world-shared/mlupopa/max_conda_envs_frontier/envs/hydragnn_rocm600/lib/python3.11/site-packages/torch/nn/modules/module.py", line 1532, in _wrapped_call_impl
[rank16]:     return self._call_impl(*args, **kwargs)
[rank16]:            ^^^^^^^^^^^^^^^^^^^^^^^^^^^^^^^^
[rank16]:   File "/lustre/orion/cph161/world-shared/mlupopa/max_conda_envs_frontier/envs/hydragnn_rocm600/lib/python3.11/site-packages/torch/nn/modules/module.py", line 1541, in _call_impl
[rank16]:     return forward_call(*args, **kwargs)
[rank16]:            ^^^^^^^^^^^^^^^^^^^^^^^^^^^^^
[rank16]:   File "/lustre/orion/lrn031/scratch/zye327/HydraGNN_ds/hydragnn/models/EGCLStack.py", line 229, in forward
[rank16]:     edge_feat = self.edge_model(x[row], x[col], radial, edge_attr)
[rank16]:                 ^^^^^^^^^^^^^^^^^^^^^^^^^^^^^^^^^^^^^^^^^^^^^^^^^^
[rank16]:   File "/lustre/orion/lrn031/scratch/zye327/HydraGNN_ds/hydragnn/models/EGCLStack.py", line 186, in edge_model
[rank16]:     out = self.edge_mlp(out)
[rank16]:           ^^^^^^^^^^^^^^^^^^
[rank16]:   File "/lustre/orion/cph161/world-shared/mlupopa/max_conda_envs_frontier/envs/hydragnn_rocm600/lib/python3.11/site-packages/torch/nn/modules/module.py", line 1532, in _wrapped_call_impl
[rank16]:     return self._call_impl(*args, **kwargs)
[rank16]:            ^^^^^^^^^^^^^^^^^^^^^^^^^^^^^^^^
[rank16]:   File "/lustre/orion/cph161/world-shared/mlupopa/max_conda_envs_frontier/envs/hydragnn_rocm600/lib/python3.11/site-packages/torch/nn/modules/module.py", line 1541, in _call_impl
[rank16]:     return forward_call(*args, **kwargs)
[rank16]:            ^^^^^^^^^^^^^^^^^^^^^^^^^^^^^
[rank16]:   File "/lustre/orion/cph161/world-shared/mlupopa/max_conda_envs_frontier/envs/hydragnn_rocm600/lib/python3.11/site-packages/torch/nn/modules/container.py", line 217, in forward
[rank16]:     input = module(input)
[rank16]:             ^^^^^^^^^^^^^
[rank16]:   File "/lustre/orion/cph161/world-shared/mlupopa/max_conda_envs_frontier/envs/hydragnn_rocm600/lib/python3.11/site-packages/torch/nn/modules/module.py", line 1532, in _wrapped_call_impl
[rank16]:     return self._call_impl(*args, **kwargs)
[rank16]:            ^^^^^^^^^^^^^^^^^^^^^^^^^^^^^^^^
[rank16]:   File "/lustre/orion/cph161/world-shared/mlupopa/max_conda_envs_frontier/envs/hydragnn_rocm600/lib/python3.11/site-packages/torch/nn/modules/module.py", line 1541, in _call_impl
[rank16]:     return forward_call(*args, **kwargs)
[rank16]:            ^^^^^^^^^^^^^^^^^^^^^^^^^^^^^
[rank16]:   File "/lustre/orion/cph161/world-shared/mlupopa/max_conda_envs_frontier/envs/hydragnn_rocm600/lib/python3.11/site-packages/torch/nn/modules/activation.py", line 103, in forward
[rank16]:     return F.relu(input, inplace=self.inplace)
[rank16]:            ^^^^^^^^^^^^^^^^^^^^^^^^^^^^^^^^^^^
[rank16]:   File "/lustre/orion/cph161/world-shared/mlupopa/max_conda_envs_frontier/envs/hydragnn_rocm600/lib/python3.11/site-packages/torch/nn/functional.py", line 1500, in relu
[rank16]:     result = torch.relu(input)
[rank16]:              ^^^^^^^^^^^^^^^^^
[rank16]: torch.cuda.OutOfMemoryError: HIP out of memory. Tried to allocate 20.81 GiB. GPU 
[rank18]: Traceback (most recent call last):
[rank18]:   File "/lustre/orion/lrn031/scratch/zye327/HydraGNN_ds/./examples/multidataset/train_deepspeed_exportmem.py", line 419, in <module>
[rank18]:     hydragnn.train.train_validate_test(
[rank18]:   File "/lustre/orion/lrn031/scratch/zye327/HydraGNN_ds/hydragnn/train/train_validate_test.py", line 158, in train_validate_test
[rank18]:     train_loss, train_taskserr = train(
[rank18]:                                  ^^^^^^
[rank18]:   File "/lustre/orion/lrn031/scratch/zye327/HydraGNN_ds/hydragnn/train/train_validate_test.py", line 495, in train
[rank18]:     pred = model(data)
[rank18]:            ^^^^^^^^^^^
[rank18]:   File "/lustre/orion/cph161/world-shared/mlupopa/max_conda_envs_frontier/envs/hydragnn_rocm600/lib/python3.11/site-packages/torch/nn/modules/module.py", line 1532, in _wrapped_call_impl
[rank18]:     return self._call_impl(*args, **kwargs)
[rank18]:            ^^^^^^^^^^^^^^^^^^^^^^^^^^^^^^^^
[rank18]:   File "/lustre/orion/cph161/world-shared/mlupopa/max_conda_envs_frontier/envs/hydragnn_rocm600/lib/python3.11/site-packages/torch/nn/modules/module.py", line 1541, in _call_impl
[rank18]:     return forward_call(*args, **kwargs)
[rank18]:            ^^^^^^^^^^^^^^^^^^^^^^^^^^^^^
[rank18]:   File "/ccs/home/zye327/.local/lib/python3.11/site-packages/deepspeed/utils/nvtx.py", line 15, in wrapped_fn
[rank18]:     ret_val = func(*args, **kwargs)
[rank18]:               ^^^^^^^^^^^^^^^^^^^^^
[rank18]:   File "/ccs/home/zye327/.local/lib/python3.11/site-packages/deepspeed/runtime/engine.py", line 1846, in forward
[rank18]:     loss = self.module(*inputs, **kwargs)
[rank18]:            ^^^^^^^^^^^^^^^^^^^^^^^^^^^^^^
[rank18]:   File "/lustre/orion/cph161/world-shared/mlupopa/max_conda_envs_frontier/envs/hydragnn_rocm600/lib/python3.11/site-packages/torch/nn/modules/module.py", line 1532, in _wrapped_call_impl
[rank18]:     return self._call_impl(*args, **kwargs)
[rank18]:            ^^^^^^^^^^^^^^^^^^^^^^^^^^^^^^^^
[rank18]:   File "/lustre/orion/cph161/world-shared/mlupopa/max_conda_envs_frontier/envs/hydragnn_rocm600/lib/python3.11/site-packages/torch/nn/modules/module.py", line 1541, in _call_impl
[rank18]:     return forward_call(*args, **kwargs)
[rank18]:            ^^^^^^^^^^^^^^^^^^^^^^^^^^^^^
[rank18]:   File "/lustre/orion/lrn031/scratch/zye327/HydraGNN_ds/hydragnn/models/Base.py", line 297, in forward
[rank18]:     c, pos = conv(x=x, pos=pos, **conv_args)
[rank18]:              ^^^^^^^^^^^^^^^^^^^^^^^^^^^^^^^
[rank18]:   File "/lustre/orion/cph161/world-shared/mlupopa/max_conda_envs_frontier/envs/hydragnn_rocm600/lib/python3.11/site-packages/torch/nn/modules/module.py", line 1532, in _wrapped_call_impl
[rank18]:     return self._call_impl(*args, **kwargs)
[rank18]:            ^^^^^^^^^^^^^^^^^^^^^^^^^^^^^^^^
[rank18]:   File "/lustre/orion/cph161/world-shared/mlupopa/max_conda_envs_frontier/envs/hydragnn_rocm600/lib/python3.11/site-packages/torch/nn/modules/module.py", line 1541, in _call_impl
[rank18]:     return forward_call(*args, **kwargs)
[rank18]:            ^^^^^^^^^^^^^^^^^^^^^^^^^^^^^
[rank18]:   File "/tmp/torch_geometric.nn.sequential_800367_s5vyl_1a.py", line 17, in forward
[rank18]:     x, pos = self.module_0(x, pos, edge_index, edge_attr)
[rank18]:              ^^^^^^^^^^^^^^^^^^^^^^^^^^^^^^^^^^^^^^^^^^^^
[rank18]:   File "/lustre/orion/cph161/world-shared/mlupopa/max_conda_envs_frontier/envs/hydragnn_rocm600/lib/python3.11/site-packages/torch/nn/modules/module.py", line 1532, in _wrapped_call_impl
[rank18]:     return self._call_impl(*args, **kwargs)
[rank18]:            ^^^^^^^^^^^^^^^^^^^^^^^^^^^^^^^^
[rank18]:   File "/lustre/orion/cph161/world-shared/mlupopa/max_conda_envs_frontier/envs/hydragnn_rocm600/lib/python3.11/site-packages/torch/nn/modules/module.py", line 1541, in _call_impl
[rank18]:     return forward_call(*args, **kwargs)
[rank18]:            ^^^^^^^^^^^^^^^^^^^^^^^^^^^^^
[rank18]:   File "/lustre/orion/lrn031/scratch/zye327/HydraGNN_ds/hydragnn/models/EGCLStack.py", line 229, in forward
[rank18]:     edge_feat = self.edge_model(x[row], x[col], radial, edge_attr)
[rank18]:                 ^^^^^^^^^^^^^^^^^^^^^^^^^^^^^^^^^^^^^^^^^^^^^^^^^^
[rank18]:   File "/lustre/orion/lrn031/scratch/zye327/HydraGNN_ds/hydragnn/models/EGCLStack.py", line 186, in edge_model
[rank18]:     out = self.edge_mlp(out)
[rank18]:           ^^^^^^^^^^^^^^^^^^
[rank18]:   File "/lustre/orion/cph161/world-shared/mlupopa/max_conda_envs_frontier/envs/hydragnn_rocm600/lib/python3.11/site-packages/torch/nn/modules/module.py", line 1532, in _wrapped_call_impl
[rank18]:     return self._call_impl(*args, **kwargs)
[rank18]:            ^^^^^^^^^^^^^^^^^^^^^^^^^^^^^^^^
[rank18]:   File "/lustre/orion/cph161/world-shared/mlupopa/max_conda_envs_frontier/envs/hydragnn_rocm600/lib/python3.11/site-packages/torch/nn/modules/module.py", line 1541, in _call_impl
[rank18]:     return forward_call(*args, **kwargs)
[rank18]:            ^^^^^^^^^^^^^^^^^^^^^^^^^^^^^
[rank18]:   File "/lustre/orion/cph161/world-shared/mlupopa/max_conda_envs_frontier/envs/hydragnn_rocm600/lib/python3.11/site-packages/torch/nn/modules/container.py", line 217, in forward
[rank18]:     input = module(input)
[rank18]:             ^^^^^^^^^^^^^
[rank18]:   File "/lustre/orion/cph161/world-shared/mlupopa/max_conda_envs_frontier/envs/hydragnn_rocm600/lib/python3.11/site-packages/torch/nn/modules/module.py", line 1532, in _wrapped_call_impl
[rank18]:     return self._call_impl(*args, **kwargs)
[rank18]:            ^^^^^^^^^^^^^^^^^^^^^^^^^^^^^^^^
[rank18]:   File "/lustre/orion/cph161/world-shared/mlupopa/max_conda_envs_frontier/envs/hydragnn_rocm600/lib/python3.11/site-packages/torch/nn/modules/module.py", line 1541, in _call_impl
[rank18]:     return forward_call(*args, **kwargs)
[rank18]:            ^^^^^^^^^^^^^^^^^^^^^^^^^^^^^
[rank18]:   File "/lustre/orion/cph161/world-shared/mlupopa/max_conda_envs_frontier/envs/hydragnn_rocm600/lib/python3.11/site-packages/torch/nn/modules/activation.py", line 103, in forward
[rank18]:     return F.relu(input, inplace=self.inplace)
[rank18]:            ^^^^^^^^^^^^^^^^^^^^^^^^^^^^^^^^^^^
[rank18]:   File "/lustre/orion/cph161/world-shared/mlupopa/max_conda_envs_frontier/envs/hydragnn_rocm600/lib/python3.11/site-packages/torch/nn/functional.py", line 1500, in relu
[rank18]:     result = torch.relu(input)
[rank18]:              ^^^^^^^^^^^^^^^^^
[rank18]: torch.cuda.OutOfMemoryError: HIP out of memory. Tried to allocate 20.68 GiB. GPU  has a total capacity of 63.98 GiB of which 17.63 GiB is free. Of the allocated memory 45.86 GiB is allocated by PyTorch, and 31.12 MiB is reserved by PyTorch but unallocated. If reserved but unallocated memory is large try setting PYTORCH_HIP_ALLOC_CONF=expandable_segments:True to avoid fragmentation.  See documentation for Memory Management  (https://pytorch.org/docs/stable/notes/cuda.html#environment-variables)
[rank34]: Traceback (most recent call last):
[rank34]:   File "/lustre/orion/lrn031/scratch/zye327/HydraGNN_ds/./examples/multidataset/train_deepspeed_exportmem.py", line 419, in <module>
[rank34]:     hydragnn.train.train_validate_test(
[rank34]:   File "/lustre/orion/lrn031/scratch/zye327/HydraGNN_ds/hydragnn/train/train_validate_test.py", line 158, in train_validate_test
[rank34]:     train_loss, train_taskserr = train(
[rank34]:                                  ^^^^^^
[rank34]:   File "/lustre/orion/lrn031/scratch/zye327/HydraGNN_ds/hydragnn/train/train_validate_test.py", line 495, in train
[rank34]:     pred = model(data)
[rank34]:            ^^^^^^^^^^^
[rank34]:   File "/lustre/orion/cph161/world-shared/mlupopa/max_conda_envs_frontier/envs/hydragnn_rocm600/lib/python3.11/site-packages/torch/nn/modules/module.py", line 1532, in _wrapped_call_impl
[rank34]:     return self._call_impl(*args, **kwargs)
[rank34]:            ^^^^^^^^^^^^^^^^^^^^^^^^^^^^^^^^
[rank34]:   File "/lustre/orion/cph161/world-shared/mlupopa/max_conda_envs_frontier/envs/hydragnn_rocm600/lib/python3.11/site-packages/torch/nn/modules/module.py", line 1541, in _call_impl
[rank34]:     return forward_call(*args, **kwargs)
[rank34]:            ^^^^^^^^^^^^^^^^^^^^^^^^^^^^^
[rank34]:   File "/ccs/home/zye327/.local/lib/python3.11/site-packages/deepspeed/utils/nvtx.py", line 15, in wrapped_fn
[rank34]:     ret_val = func(*args, **kwargs)
[rank34]:               ^^^^^^^^^^^^^^^^^^^^^
[rank34]:   File "/ccs/home/zye327/.local/lib/python3.11/site-packages/deepspeed/runtime/engine.py", line 1846, in forward
[rank34]:     loss = self.module(*inputs, **kwargs)
[rank34]:            ^^^^^^^^^^^^^^^^^^^^^^^^^^^^^^
[rank34]:   File "/lustre/orion/cph161/world-shared/mlupopa/max_conda_envs_frontier/envs/hydragnn_rocm600/lib/python3.11/site-packages/torch/nn/modules/module.py", line 1532, in _wrapped_call_impl
[rank34]:     return self._call_impl(*args, **kwargs)
[rank34]:            ^^^^^^^^^^^^^^^^^^^^^^^^^^^^^^^^
[rank34]:   File "/lustre/orion/cph161/world-shared/mlupopa/max_conda_envs_frontier/envs/hydragnn_rocm600/lib/python3.11/site-packages/torch/nn/modules/module.py", line 1541, in _call_impl
[rank34]:     return forward_call(*args, **kwargs)
[rank34]:            ^^^^^^^^^^^^^^^^^^^^^^^^^^^^^
[rank34]:   File "/lustre/orion/lrn031/scratch/zye327/HydraGNN_ds/hydragnn/models/Base.py", line 297, in forward
[rank34]:     c, pos = conv(x=x, pos=pos, **conv_args)
[rank34]:              ^^^^^^^^^^^^^^^^^^^^^^^^^^^^^^^
[rank34]:   File "/lustre/orion/cph161/world-shared/mlupopa/max_conda_envs_frontier/envs/hydragnn_rocm600/lib/python3.11/site-packages/torch/nn/modules/module.py", line 1532, in _wrapped_call_impl
[rank34]:     return self._call_impl(*args, **kwargs)
[rank34]:            ^^^^^^^^^^^^^^^^^^^^^^^^^^^^^^^^
[rank34]:   File "/lustre/orion/cph161/world-shared/mlupopa/max_conda_envs_frontier/envs/hydragnn_rocm600/lib/python3.11/site-packages/torch/nn/modules/module.py", line 1541, in _call_impl
[rank34]:     return forward_call(*args, **kwargs)
[rank34]:            ^^^^^^^^^^^^^^^^^^^^^^^^^^^^^
[rank34]:   File "/tmp/torch_geometric.nn.sequential_017521_c3lymka8.py", line 17, in forward
[rank34]:     x, pos = self.module_0(x, pos, edge_index, edge_attr)
[rank34]:              ^^^^^^^^^^^^^^^^^^^^^^^^^^^^^^^^^^^^^^^^^^^^
[rank34]:   File "/lustre/orion/cph161/world-shared/mlupopa/max_conda_envs_frontier/envs/hydragnn_rocm600/lib/python3.11/site-packages/torch/nn/modules/module.py", line 1532, in _wrapped_call_impl
[rank34]:     return self._call_impl(*args, **kwargs)
[rank34]:            ^^^^^^^^^^^^^^^^^^^^^^^^^^^^^^^^
[rank34]:   File "/lustre/orion/cph161/world-shared/mlupopa/max_conda_envs_frontier/envs/hydragnn_rocm600/lib/python3.11/site-packages/torch/nn/modules/module.py", line 1541, in _call_impl
[rank34]:     return forward_call(*args, **kwargs)
[rank34]:            ^^^^^^^^^^^^^^^^^^^^^^^^^^^^^
[rank34]:   File "/lustre/orion/lrn031/scratch/zye327/HydraGNN_ds/hydragnn/models/EGCLStack.py", line 229, in forward
[rank34]:     edge_feat = self.edge_model(x[row], x[col], radial, edge_attr)
[rank34]:                 ^^^^^^^^^^^^^^^^^^^^^^^^^^^^^^^^^^^^^^^^^^^^^^^^^^
[rank34]:   File "/lustre/orion/lrn031/scratch/zye327/HydraGNN_ds/hydragnn/models/EGCLStack.py", line 186, in edge_model
[rank34]:     out = self.edge_mlp(out)
[rank34]:           ^^^^^^^^^^^^^^^^^^
[rank34]:   File "/lustre/orion/cph161/world-shared/mlupopa/max_conda_envs_frontier/envs/hydragnn_rocm600/lib/python3.11/site-packages/torch/nn/modules/module.py", line 1532, in _wrapped_call_impl
[rank34]:     return self._call_impl(*args, **kwargs)
[rank34]:            ^^^^^^^^^^^^^^^^^^^^^^^^^^^^^^^^
[rank34]:   File "/lustre/orion/cph161/world-shared/mlupopa/max_conda_envs_frontier/envs/hydragnn_rocm600/lib/python3.11/site-packages/torch/nn/modules/module.py", line 1541, in _call_impl
[rank34]:     return forward_call(*args, **kwargs)
[rank34]:            ^^^^^^^^^^^^^^^^^^^^^^^^^^^^^
[rank34]:   File "/lustre/orion/cph161/world-shared/mlupopa/max_conda_envs_frontier/envs/hydragnn_rocm600/lib/python3.11/site-packages/torch/nn/modules/container.py", line 217, in forward
[rank34]:     input = module(input)
[rank34]:             ^^^^^^^^^^^^^
[rank34]:   File "/lustre/orion/cph161/world-shared/mlupopa/max_conda_envs_frontier/envs/hydragnn_rocm600/lib/python3.11/site-packages/torch/nn/modules/module.py", line 1532, in _wrapped_call_impl
[rank34]:     return self._call_impl(*args, **kwargs)
[rank34]:            ^^^^^^^^^^^^^^^^^^^^^^^^^^^^^^^^
[rank34]:   File "/lustre/orion/cph161/world-shared/mlupopa/max_conda_envs_frontier/envs/hydragnn_rocm600/lib/python3.11/site-packages/torch/nn/modules/module.py", line 1541, in _call_impl
[rank34]:     return forward_call(*args, **kwargs)
[rank34]:            ^^^^^^^^^^^^^^^^^^^^^^^^^^^^^
[rank34]:   File "/lustre/orion/cph161/world-shared/mlupopa/max_conda_envs_frontier/envs/hydragnn_rocm600/lib/python3.11/site-packages/torch/nn/modules/activation.py", line 103, in forward
[rank34]:     return F.relu(input, inplace=self.inplace)
[rank34]:            ^^^^^^^^^^^^^^^^^^^^^^^^^^^^^^^^^^^
[rank34]:   File "/lustre/orion/cph161/world-shared/mlupopa/max_conda_envs_frontier/envs/hydragnn_rocm600/lib/python3.11/site-packages/torch/nn/functional.py", line 1500, in relu
[rank34]:     result = torch.relu(input)
[rank34]:              ^^^^^^^^^^^^^^^^^
[rank34]: torch.cuda.OutOfMemoryError: HIP out of memory. Tried to allocate 20.02 GiB. GPU  has a total capacity of 63.98 GiB of which 18.95 GiB is free. Of the allocated memory 44.55 GiB is allocated by PyTorch, and 31.77 MiB is reserved by PyTorch but unallocated. If reserved but unallocated memory is large try setting PYTORCH_HIP_ALLOC_CONF=expandable_segments:True to avoid fragmentation.  See documentation for Memory Management  (https://pytorch.org/docs/stable/notes/cuda.html#environment-variables)
[rank9]: Traceback (most recent call last):
[rank9]:   File "/lustre/orion/lrn031/scratch/zye327/HydraGNN_ds/./examples/multidataset/train_deepspeed_exportmem.py", line 419, in <module>
[rank9]:     hydragnn.train.train_validate_test(
[rank9]:   File "/lustre/orion/lrn031/scratch/zye327/HydraGNN_ds/hydragnn/train/train_validate_test.py", line 158, in train_validate_test
[rank9]:     train_loss, train_taskserr = train(
[rank9]:                                  ^^^^^^
[rank9]:   File "/lustre/orion/lrn031/scratch/zye327/HydraGNN_ds/hydragnn/train/train_validate_test.py", line 495, in train
[rank9]:     pred = model(data)
[rank9]:            ^^^^^^^^^^^
[rank9]:   File "/lustre/orion/cph161/world-shared/mlupopa/max_conda_envs_frontier/envs/hydragnn_rocm600/lib/python3.11/site-packages/torch/nn/modules/module.py", line 1532, in _wrapped_call_impl
[rank9]:     return self._call_impl(*args, **kwargs)
[rank9]:            ^^^^^^^^^^^^^^^^^^^^^^^^^^^^^^^^
[rank9]:   File "/lustre/orion/cph161/world-shared/mlupopa/max_conda_envs_frontier/envs/hydragnn_rocm600/lib/python3.11/site-packages/torch/nn/modules/module.py", line 1541, in _call_impl
[rank9]:     return forward_call(*args, **kwargs)
[rank9]:            ^^^^^^^^^^^^^^^^^^^^^^^^^^^^^
[rank9]:   File "/ccs/home/zye327/.local/lib/python3.11/site-packages/deepspeed/utils/nvtx.py", line 15, in wrapped_fn
[rank9]:     ret_val = func(*args, **kwargs)
[rank9]:               ^^^^^^^^^^^^^^^^^^^^^
[rank9]:   File "/ccs/home/zye327/.local/lib/python3.11/site-packages/deepspeed/runtime/engine.py", line 1846, in forward
[rank9]:     loss = self.module(*inputs, **kwargs)
[rank9]:            ^^^^^^^^^^^^^^^^^^^^^^^^^^^^^^
[rank9]:   File "/lustre/orion/cph161/world-shared/mlupopa/max_conda_envs_frontier/envs/hydragnn_rocm600/lib/python3.11/site-packages/torch/nn/modules/module.py", line 1532, in _wrapped_call_impl
[rank9]:     return self._call_impl(*args, **kwargs)
[rank9]:            ^^^^^^^^^^^^^^^^^^^^^^^^^^^^^^^^
[rank9]:   File "/lustre/orion/cph161/world-shared/mlupopa/max_conda_envs_frontier/envs/hydragnn_rocm600/lib/python3.11/site-packages/torch/nn/modules/module.py", line 1541, in _call_impl
[rank9]:     return forward_call(*args, **kwargs)
[rank9]:            ^^^^^^^^^^^^^^^^^^^^^^^^^^^^^
[rank9]:   File "/lustre/orion/lrn031/scratch/zye327/HydraGNN_ds/hydragnn/models/Base.py", line 297, in forward
[rank9]:     c, pos = conv(x=x, pos=pos, **conv_args)
[rank9]:              ^^^^^^^^^^^^^^^^^^^^^^^^^^^^^^^
[rank9]:   File "/lustre/orion/cph161/world-shared/mlupopa/max_conda_envs_frontier/envs/hydragnn_rocm600/lib/python3.11/site-packages/torch/nn/modules/module.py", line 1532, in _wrapped_call_impl
[rank9]:     return self._call_impl(*args, **kwargs)
[rank9]:            ^^^^^^^^^^^^^^^^^^^^^^^^^^^^^^^^
[rank9]:   File "/lustre/orion/cph161/world-shared/mlupopa/max_conda_envs_frontier/envs/hydragnn_rocm600/lib/python3.11/site-packages/torch/nn/modules/module.py", line 1541, in _call_impl
[rank9]:     return forward_call(*args, **kwargs)
[rank9]:            ^^^^^^^^^^^^^^^^^^^^^^^^^^^^^
[rank9]:   File "/tmp/torch_geometric.nn.sequential_7bc954_ws6b_y3y.py", line 17, in forward
[rank9]:     x, pos = self.module_0(x, pos, edge_index, edge_attr)
[rank9]:              ^^^^^^^^^^^^^^^^^^^^^^^^^^^^^^^^^^^^^^^^^^^^
[rank9]:   File "/lustre/orion/cph161/world-shared/mlupopa/max_conda_envs_frontier/envs/hydragnn_rocm600/lib/python3.11/site-packages/torch/nn/modules/module.py", line 1532, in _wrapped_call_impl
[rank9]:     return self._call_impl(*args, **kwargs)
[rank9]:            ^^^^^^^^^^^^^^^^^^^^^^^^^^^^^^^^
[rank9]:   File "/lustre/orion/cph161/world-shared/mlupopa/max_conda_envs_frontier/envs/hydragnn_rocm600/lib/python3.11/site-packages/torch/nn/modules/module.py", line 1541, in _call_impl
[rank9]:     return forward_call(*args, **kwargs)
[rank9]:            ^^^^^^^^^^^^^^^^^^^^^^^^^^^^^
[rank9]:   File "/lustre/orion/lrn031/scratch/zye327/HydraGNN_ds/hydragnn/models/EGCLStack.py", line 229, in forward
[rank9]:     edge_feat = self.edge_model(x[row], x[col], radial, edge_attr)
[rank9]:                 ^^^^^^^^^^^^^^^^^^^^^^^^^^^^^^^^^^^^^^^^^^^^^^^^^^
[rank9]:   File "/lustre/orion/lrn031/scratch/zye327/HydraGNN_ds/hydragnn/models/EGCLStack.py", line 186, in edge_model
[rank9]:     out = self.edge_mlp(out)
[rank9]:           ^^^^^^^^^^^^^^^^^^
[rank9]:   File "/lustre/orion/cph161/world-shared/mlupopa/max_conda_envs_frontier/envs/hydragnn_rocm600/lib/python3.11/site-packages/torch/nn/modules/module.py", line 1532, in _wrapped_call_impl
[rank9]:     return self._call_impl(*args, **kwargs)
[rank9]:            ^^^^^^^^^^^^^^^^^^^^^^^^^^^^^^^^
[rank9]:   File "/lustre/orion/cph161/world-shared/mlupopa/max_conda_envs_frontier/envs/hydragnn_rocm600/lib/python3.11/site-packages/torch/nn/modules/module.py", line 1541, in _call_impl
[rank9]:     return forward_call(*args, **kwargs)
[rank9]:            ^^^^^^^^^^^^^^^^^^^^^^^^^^^^^
[rank9]:   File "/lustre/orion/cph161/world-shared/mlupopa/max_conda_envs_frontier/envs/hydragnn_rocm600/lib/python3.11/site-packages/torch/nn/modules/container.py", line 217, in forward
[rank9]:     input = module(input)
[rank9]:             ^^^^^^^^^^^^^
[rank9]:   File "/lustre/orion/cph161/world-shared/mlupopa/max_conda_envs_frontier/envs/hydragnn_rocm600/lib/python3.11/site-packages/torch/nn/modules/module.py", line 1532, in _wrapped_call_impl
[rank9]:     return self._call_impl(*args, **kwargs)
[rank9]:            ^^^^^^^^^^^^^^^^^^^^^^^^^^^^^^^^
[rank9]:   File "/lustre/orion/cph161/world-shared/mlupopa/max_conda_envs_frontier/envs/hydragnn_rocm600/lib/python3.11/site-packages/torch/nn/modules/module.py", line 1541, in _call_impl
[rank9]:     return forward_call(*args, **kwargs)
[rank9]:            ^^^^^^^^^^^^^^^^^^^^^^^^^^^^^
[rank9]:   File "/lustre/orion/cph161/world-shared/mlupopa/max_conda_envs_frontier/envs/hydragnn_rocm600/lib/python3.11/site-packages/torch/nn/modules/activation.py", line 103, in forward
[rank9]:     return F.relu(input, inplace=self.inplace)
[rank9]:            ^^^^^^^^^^^^^^^^^^^^^^^^^^^^^^^^^^^
[rank9]:   File "/lustre/orion/cph161/world-shared/mlupopa/max_conda_envs_frontier/envs/hydragnn_rocm600/lib/python3.11/site-packages/torch/nn/functional.py", line 1500, in relu
[rank9]:     result = torch.relu(input)
[rank9]:              ^^^^^^^^^^^^^^^^^
[rank9]: torch.cuda.OutOfMemoryError: HIP out of memory. Tried to allocate 20.65 GiB. GPU  has a total capacity of 63.98 GiB of which 17.69 GiB is free. Of the allocated memory 45.81 GiB is allocated by PyTorch, and 31.27 MiB is reserved by PyTorch but unallocated. If reserved but unallocated memory is large try setting PYTORCH_HIP_ALLOC_CONF=expandable_segments:True to avoid fragmentation.  See documentation for Memory Management  (https://pytorch.org/docs/stable/notes/cuda.html#environment-variables)
[rank53]: Traceback (most recent call last):
[rank53]:   File "/lustre/orion/lrn031/scratch/zye327/HydraGNN_ds/./examples/multidataset/train_deepspeed_exportmem.py", line 419, in <module>
[rank53]:     hydragnn.train.train_validate_test(
[rank53]:   File "/lustre/orion/lrn031/scratch/zye327/HydraGNN_ds/hydragnn/train/train_validate_test.py", line 158, in train_validate_test
[rank53]:     train_loss, train_taskserr = train(
[rank53]:                                  ^^^^^^
[rank53]:   File "/lustre/orion/lrn031/scratch/zye327/HydraGNN_ds/hydragnn/train/train_validate_test.py", line 495, in train
[rank53]:     pred = model(data)
[rank53]:            ^^^^^^^^^^^
[rank53]:   File "/lustre/orion/cph161/world-shared/mlupopa/max_conda_envs_frontier/envs/hydragnn_rocm600/lib/python3.11/site-packages/torch/nn/modules/module.py", line 1532, in _wrapped_call_impl
[rank53]:     return self._call_impl(*args, **kwargs)
[rank53]:            ^^^^^^^^^^^^^^^^^^^^^^^^^^^^^^^^
[rank53]:   File "/lustre/orion/cph161/world-shared/mlupopa/max_conda_envs_frontier/envs/hydragnn_rocm600/lib/python3.11/site-packages/torch/nn/modules/module.py", line 1541, in _call_impl
[rank53]:     return forward_call(*args, **kwargs)
[rank53]:            ^^^^^^^^^^^^^^^^^^^^^^^^^^^^^
[rank53]:   File "/ccs/home/zye327/.local/lib/python3.11/site-packages/deepspeed/utils/nvtx.py", line 15, in wrapped_fn
[rank53]:     ret_val = func(*args, **kwargs)
[rank53]:               ^^^^^^^^^^^^^^^^^^^^^
[rank53]:   File "/ccs/home/zye327/.local/lib/python3.11/site-packages/deepspeed/runtime/engine.py", line 1846, in forward
[rank53]:     loss = self.module(*inputs, **kwargs)
[rank53]:            ^^^^^^^^^^^^^^^^^^^^^^^^^^^^^^
[rank53]:   File "/lustre/orion/cph161/world-shared/mlupopa/max_conda_envs_frontier/envs/hydragnn_rocm600/lib/python3.11/site-packages/torch/nn/modules/module.py", line 1532, in _wrapped_call_impl
[rank53]:     return self._call_impl(*args, **kwargs)
[rank53]:            ^^^^^^^^^^^^^^^^^^^^^^^^^^^^^^^^
[rank53]:   File "/lustre/orion/cph161/world-shared/mlupopa/max_conda_envs_frontier/envs/hydragnn_rocm600/lib/python3.11/site-packages/torch/nn/modules/module.py", line 1541, in _call_impl
[rank53]:     return forward_call(*args, **kwargs)
[rank53]:            ^^^^^^^^^^^^^^^^^^^^^^^^^^^^^
[rank53]:   File "/lustre/orion/lrn031/scratch/zye327/HydraGNN_ds/hydragnn/models/Base.py", line 297, in forward
[rank53]:     c, pos = conv(x=x, pos=pos, **conv_args)
[rank53]:              ^^^^^^^^^^^^^^^^^^^^^^^^^^^^^^^
[rank53]:   File "/lustre/orion/cph161/world-shared/mlupopa/max_conda_envs_frontier/envs/hydragnn_rocm600/lib/python3.11/site-packages/torch/nn/modules/module.py", line 1532, in _wrapped_call_impl
[rank53]:     return self._call_impl(*args, **kwargs)
[rank53]:            ^^^^^^^^^^^^^^^^^^^^^^^^^^^^^^^^
[rank53]:   File "/lustre/orion/cph161/world-shared/mlupopa/max_conda_envs_frontier/envs/hydragnn_rocm600/lib/python3.11/site-packages/torch/nn/modules/module.py", line 1541, in _call_impl
[rank53]:     return forward_call(*args, **kwargs)
[rank53]:            ^^^^^^^^^^^^^^^^^^^^^^^^^^^^^
[rank53]:   File "/tmp/torch_geometric.nn.sequential_f93c4d_veevmaic.py", line 17, in forward
[rank53]:     x, pos = self.module_0(x, pos, edge_index, edge_attr)
[rank53]:              ^^^^^^^^^^^^^^^^^^^^^^^^^^^^^^^^^^^^^^^^^^^^
[rank53]:   File "/lustre/orion/cph161/world-shared/mlupopa/max_conda_envs_frontier/envs/hydragnn_rocm600/lib/python3.11/site-packages/torch/nn/modules/module.py", line 1532, in _wrapped_call_impl
[rank53]:     return self._call_impl(*args, **kwargs)
[rank53]:            ^^^^^^^^^^^^^^^^^^^^^^^^^^^^^^^^
[rank53]:   File "/lustre/orion/cph161/world-shared/mlupopa/max_conda_envs_frontier/envs/hydragnn_rocm600/lib/python3.11/site-packages/torch/nn/modules/module.py", line 1541, in _call_impl
[rank53]:     return forward_call(*args, **kwargs)
[rank53]:            ^^^^^^^^^^^^^^^^^^^^^^^^^^^^^
[rank53]:   File "/lustre/orion/lrn031/scratch/zye327/HydraGNN_ds/hydragnn/models/EGCLStack.py", line 229, in forward
[rank53]:     edge_feat = self.edge_model(x[row], x[col], radial, edge_attr)
[rank53]:                 ^^^^^^^^^^^^^^^^^^^^^^^^^^^^^^^^^^^^^^^^^^^^^^^^^^
[rank53]:   File "/lustre/orion/lrn031/scratch/zye327/HydraGNN_ds/hydragnn/models/EGCLStack.py", line 186, in edge_model
[rank53]:     out = self.edge_mlp(out)
[rank53]:           ^^^^^^^^^^^^^^^^^^
[rank53]:   File "/lustre/orion/cph161/world-shared/mlupopa/max_conda_envs_frontier/envs/hydragnn_rocm600/lib/python3.11/site-packages/torch/nn/modules/module.py", line 1532, in _wrapped_call_impl
[rank53]:     return self._call_impl(*args, **kwargs)
[rank53]:            ^^^^^^^^^^^^^^^^^^^^^^^^^^^^^^^^
[rank53]:   File "/lustre/orion/cph161/world-shared/mlupopa/max_conda_envs_frontier/envs/hydragnn_rocm600/lib/python3.11/site-packages/torch/nn/modules/module.py", line 1541, in _call_impl
[rank53]:     return forward_call(*args, **kwargs)
[rank53]:            ^^^^^^^^^^^^^^^^^^^^^^^^^^^^^
[rank53]:   File "/lustre/orion/cph161/world-shared/mlupopa/max_conda_envs_frontier/envs/hydragnn_rocm600/lib/python3.11/site-packages/torch/nn/modules/container.py", line 217, in forward
[rank53]:     input = module(input)
[rank53]:             ^^^^^^^^^^^^^
[rank53]:   File "/lustre/orion/cph161/world-shared/mlupopa/max_conda_envs_frontier/envs/hydragnn_rocm600/lib/python3.11/site-packages/torch/nn/modules/module.py", line 1532, in _wrapped_call_impl
[rank53]:     return self._call_impl(*args, **kwargs)
[rank53]:            ^^^^^^^^^^^^^^^^^^^^^^^^^^^^^^^^
[rank53]:   File "/lustre/orion/cph161/world-shared/mlupopa/max_conda_envs_frontier/envs/hydragnn_rocm600/lib/python3.11/site-packages/torch/nn/modules/module.py", line 1541, in _call_impl
[rank53]:     return forward_call(*args, **kwargs)
[rank53]:            ^^^^^^^^^^^^^^^^^^^^^^^^^^^^^
[rank53]:   File "/lustre/orion/cph161/world-shared/mlupopa/max_conda_envs_frontier/envs/hydragnn_rocm600/lib/python3.11/site-packages/torch/nn/modules/activation.py", line 103, in forward
[rank53]:     return F.relu(input, inplace=self.inplace)
[rank53]:            ^^^^^^^^^^^^^^^^^^^^^^^^^^^^^^^^^^^
[rank53]:   File "/lustre/orion/cph161/world-shared/mlupopa/max_conda_envs_frontier/envs/hydragnn_rocm600/lib/python3.11/site-packages/torch/nn/functional.py", line 1500, in relu
[rank53]:     result = torch.relu(input)
[rank53]:              ^^^^^^^^^^^^^^^^^
[rank53]: torch.cuda.OutOfMemoryError: HIP out of memory. Tried to allocate 19.88 GiB. GPU  has a total capacity of 63.98 GiB of which 19.23 GiB is free. Of the allocated memory 44.26 GiB is allocated by PyTorch, and 33.56 MiB is reserved by PyTorch but unallocated. If reserved but unallocated memory is large try setting PYTORCH_HIP_ALLOC_CONF=expandable_segments:True to avoid fragmentation.  See documentation for Memory Management  (https://pytorch.org/docs/stable/notes/cuda.html#environment-variables)
[rank62]: Traceback (most recent call last):
[rank62]:   File "/lustre/orion/lrn031/scratch/zye327/HydraGNN_ds/./examples/multidataset/train_deepspeed_exportmem.py", line 419, in <module>
[rank62]:     hydragnn.train.train_validate_test(
[rank62]:   File "/lustre/orion/lrn031/scratch/zye327/HydraGNN_ds/hydragnn/train/train_validate_test.py", line 158, in train_validate_test
[rank62]:     train_loss, train_taskserr = train(
[rank62]:                                  ^^^^^^
[rank62]:   File "/lustre/orion/lrn031/scratch/zye327/HydraGNN_ds/hydragnn/train/train_validate_test.py", line 495, in train
[rank62]:     pred = model(data)
[rank62]:            ^^^^^^^^^^^
[rank62]:   File "/lustre/orion/cph161/world-shared/mlupopa/max_conda_envs_frontier/envs/hydragnn_rocm600/lib/python3.11/site-packages/torch/nn/modules/module.py", line 1532, in _wrapped_call_impl
[rank62]:     return self._call_impl(*args, **kwargs)
[rank62]:            ^^^^^^^^^^^^^^^^^^^^^^^^^^^^^^^^
[rank62]:   File "/lustre/orion/cph161/world-shared/mlupopa/max_conda_envs_frontier/envs/hydragnn_rocm600/lib/python3.11/site-packages/torch/nn/modules/module.py", line 1541, in _call_impl
[rank62]:     return forward_call(*args, **kwargs)
[rank62]:            ^^^^^^^^^^^^^^^^^^^^^^^^^^^^^
[rank62]:   File "/ccs/home/zye327/.local/lib/python3.11/site-packages/deepspeed/utils/nvtx.py", line 15, in wrapped_fn
[rank62]:     ret_val = func(*args, **kwargs)
[rank62]:               ^^^^^^^^^^^^^^^^^^^^^
[rank62]:   File "/ccs/home/zye327/.local/lib/python3.11/site-packages/deepspeed/runtime/engine.py", line 1846, in forward
[rank62]:     loss = self.module(*inputs, **kwargs)
[rank62]:            ^^^^^^^^^^^^^^^^^^^^^^^^^^^^^^
[rank62]:   File "/lustre/orion/cph161/world-shared/mlupopa/max_conda_envs_frontier/envs/hydragnn_rocm600/lib/python3.11/site-packages/torch/nn/modules/module.py", line 1532, in _wrapped_call_impl
[rank62]:     return self._call_impl(*args, **kwargs)
[rank62]:            ^^^^^^^^^^^^^^^^^^^^^^^^^^^^^^^^
[rank62]:   File "/lustre/orion/cph161/world-shared/mlupopa/max_conda_envs_frontier/envs/hydragnn_rocm600/lib/python3.11/site-packages/torch/nn/modules/module.py", line 1541, in _call_impl
[rank62]:     return forward_call(*args, **kwargs)
[rank62]:            ^^^^^^^^^^^^^^^^^^^^^^^^^^^^^
[rank62]:   File "/lustre/orion/lrn031/scratch/zye327/HydraGNN_ds/hydragnn/models/Base.py", line 297, in forward
[rank62]:     c, pos = conv(x=x, pos=pos, **conv_args)
[rank62]:              ^^^^^^^^^^^^^^^^^^^^^^^^^^^^^^^
[rank62]:   File "/lustre/orion/cph161/world-shared/mlupopa/max_conda_envs_frontier/envs/hydragnn_rocm600/lib/python3.11/site-packages/torch/nn/modules/module.py", line 1532, in _wrapped_call_impl
[rank62]:     return self._call_impl(*args, **kwargs)
[rank62]:            ^^^^^^^^^^^^^^^^^^^^^^^^^^^^^^^^
[rank62]:   File "/lustre/orion/cph161/world-shared/mlupopa/max_conda_envs_frontier/envs/hydragnn_rocm600/lib/python3.11/site-packages/torch/nn/modules/module.py", line 1541, in _call_impl
[rank62]:     return forward_call(*args, **kwargs)
[rank62]:            ^^^^^^^^^^^^^^^^^^^^^^^^^^^^^
[rank62]:   File "/tmp/torch_geometric.nn.sequential_c6141d_ucxm3xvt.py", line 17, in forward
[rank62]:     x, pos = self.module_0(x, pos, edge_index, edge_attr)
[rank62]:              ^^^^^^^^^^^^^^^^^^^^^^^^^^^^^^^^^^^^^^^^^^^^
[rank62]:   File "/lustre/orion/cph161/world-shared/mlupopa/max_conda_envs_frontier/envs/hydragnn_rocm600/lib/python3.11/site-packages/torch/nn/modules/module.py", line 1532, in _wrapped_call_impl
[rank62]:     return self._call_impl(*args, **kwargs)
[rank62]:            ^^^^^^^^^^^^^^^^^^^^^^^^^^^^^^^^
[rank62]:   File "/lustre/orion/cph161/world-shared/mlupopa/max_conda_envs_frontier/envs/hydragnn_rocm600/lib/python3.11/site-packages/torch/nn/modules/module.py", line 1541, in _call_impl
[rank62]:     return forward_call(*args, **kwargs)
[rank62]:            ^^^^^^^^^^^^^^^^^^^^^^^^^^^^^
[rank62]:   File "/lustre/orion/lrn031/scratch/zye327/HydraGNN_ds/hydragnn/models/EGCLStack.py", line 229, in forward
[rank62]:     edge_feat = self.edge_model(x[row], x[col], radial, edge_attr)
[rank62]:                 ^^^^^^^^^^^^^^^^^^^^^^^^^^^^^^^^^^^^^^^^^^^^^^^^^^
[rank62]:   File "/lustre/orion/lrn031/scratch/zye327/HydraGNN_ds/hydragnn/models/EGCLStack.py", line 186, in edge_model
[rank62]:     out = self.edge_mlp(out)
[rank62]:           ^^^^^^^^^^^^^^^^^^
[rank62]:   File "/lustre/orion/cph161/world-shared/mlupopa/max_conda_envs_frontier/envs/hydragnn_rocm600/lib/python3.11/site-packages/torch/nn/modules/module.py", line 1532, in _wrapped_call_impl
[rank62]:     return self._call_impl(*args, **kwargs)
[rank62]:            ^^^^^^^^^^^^^^^^^^^^^^^^^^^^^^^^
[rank62]:   File "/lustre/orion/cph161/world-shared/mlupopa/max_conda_envs_frontier/envs/hydragnn_rocm600/lib/python3.11/site-packages/torch/nn/modules/module.py", line 1541, in _call_impl
[rank62]:     return forward_call(*args, **kwargs)
[rank62]:            ^^^^^^^^^^^^^^^^^^^^^^^^^^^^^
[rank62]:   File "/lustre/orion/cph161/world-shared/mlupopa/max_conda_envs_frontier/envs/hydragnn_rocm600/lib/python3.11/site-packages/torch/nn/modules/container.py", line 217, in forward
[rank62]:     input = module(input)
[rank62]:             ^^^^^^^^^^^^^
[rank62]:   File "/lustre/orion/cph161/world-shared/mlupopa/max_conda_envs_frontier/envs/hydragnn_rocm600/lib/python3.11/site-packages/torch/nn/modules/module.py", line 1532, in _wrapped_call_impl
[rank62]:     return self._call_impl(*args, **kwargs)
[rank62]:            ^^^^^^^^^^^^^^^^^^^^^^^^^^^^^^^^
[rank62]:   File "/lustre/orion/cph161/world-shared/mlupopa/max_conda_envs_frontier/envs/hydragnn_rocm600/lib/python3.11/site-packages/torch/nn/modules/module.py", line 1541, in _call_impl
[rank62]:     return forward_call(*args, **kwargs)
[rank62]:            ^^^^^^^^^^^^^^^^^^^^^^^^^^^^^
[rank62]:   File "/lustre/orion/cph161/world-shared/mlupopa/max_conda_envs_frontier/envs/hydragnn_rocm600/lib/python3.11/site-packages/torch/nn/modules/activation.py", line 103, in forward
[rank62]:     return F.relu(input, inplace=self.inplace)
[rank62]:            ^^^^^^^^^^^^^^^^^^^^^^^^^^^^^^^^^^^
[rank62]:   File "/lustre/orion/cph161/world-shared/mlupopa/max_conda_envs_frontier/envs/hydragnn_rocm600/lib/python3.11/site-packages/torch/nn/functional.py", line 1500, in relu
[rank62]:     result = torch.relu(input)
[rank62]:              ^^^^^^^^^^^^^^^^^
[rank62]: torch.cuda.OutOfMemoryError: HIP out of memory. Tried to allocate 20.16 GiB. GPU  has a total capacity of 63.98 GiB of which 18.66 GiB is free. Of the allocated memory 44.83 GiB is allocated by PyTorch, and 34.16 MiB is reserved by PyTorch but unallocated. If reserved but unallocated memory is large try setting PYTORCH_HIP_ALLOC_CONF=expandable_segments:True to avoid fragmentation.  See documentation for Memory Management  (https://pytorch.org/docs/stable/notes/cuda.html#environment-variables)
[rank55]: Traceback (most recent call last):
[rank55]:   File "/lustre/orion/lrn031/scratch/zye327/HydraGNN_ds/./examples/multidataset/train_deepspeed_exportmem.py", line 419, in <module>
[rank55]:     hydragnn.train.train_validate_test(
[rank55]:   File "/lustre/orion/lrn031/scratch/zye327/HydraGNN_ds/hydragnn/train/train_validate_test.py", line 158, in train_validate_test
[rank55]:     train_loss, train_taskserr = train(
[rank55]:                                  ^^^^^^
[rank55]:   File "/lustre/orion/lrn031/scratch/zye327/HydraGNN_ds/hydragnn/train/train_validate_test.py", line 495, in train
[rank55]:     pred = model(data)
[rank55]:            ^^^^^^^^^^^
[rank55]:   File "/lustre/orion/cph161/world-shared/mlupopa/max_conda_envs_frontier/envs/hydragnn_rocm600/lib/python3.11/site-packages/torch/nn/modules/module.py", line 1532, in _wrapped_call_impl
[rank55]:     return self._call_impl(*args, **kwargs)
[rank55]:            ^^^^^^^^^^^^^^^^^^^^^^^^^^^^^^^^
[rank55]:   File "/lustre/orion/cph161/world-shared/mlupopa/max_conda_envs_frontier/envs/hydragnn_rocm600/lib/python3.11/site-packages/torch/nn/modules/module.py", line 1541, in _call_impl
[rank55]:     return forward_call(*args, **kwargs)
[rank55]:            ^^^^^^^^^^^^^^^^^^^^^^^^^^^^^
[rank55]:   File "/ccs/home/zye327/.local/lib/python3.11/site-packages/deepspeed/utils/nvtx.py", line 15, in wrapped_fn
[rank55]:     ret_val = func(*args, **kwargs)
[rank55]:               ^^^^^^^^^^^^^^^^^^^^^
[rank55]:   File "/ccs/home/zye327/.local/lib/python3.11/site-packages/deepspeed/runtime/engine.py", line 1846, in forward
[rank55]:     loss = self.module(*inputs, **kwargs)
[rank55]:            ^^^^^^^^^^^^^^^^^^^^^^^^^^^^^^
[rank55]:   File "/lustre/orion/cph161/world-shared/mlupopa/max_conda_envs_frontier/envs/hydragnn_rocm600/lib/python3.11/site-packages/torch/nn/modules/module.py", line 1532, in _wrapped_call_impl
[rank55]:     return self._call_impl(*args, **kwargs)
[rank55]:            ^^^^^^^^^^^^^^^^^^^^^^^^^^^^^^^^
[rank55]:   File "/lustre/orion/cph161/world-shared/mlupopa/max_conda_envs_frontier/envs/hydragnn_rocm600/lib/python3.11/site-packages/torch/nn/modules/module.py", line 1541, in _call_impl
[rank55]:     return forward_call(*args, **kwargs)
[rank55]:            ^^^^^^^^^^^^^^^^^^^^^^^^^^^^^
[rank55]:   File "/lustre/orion/lrn031/scratch/zye327/HydraGNN_ds/hydragnn/models/Base.py", line 297, in forward
[rank55]:     c, pos = conv(x=x, pos=pos, **conv_args)
[rank55]:              ^^^^^^^^^^^^^^^^^^^^^^^^^^^^^^^
[rank55]:   File "/lustre/orion/cph161/world-shared/mlupopa/max_conda_envs_frontier/envs/hydragnn_rocm600/lib/python3.11/site-packages/torch/nn/modules/module.py", line 1532, in _wrapped_call_impl
[rank55]:     return self._call_impl(*args, **kwargs)
[rank55]:            ^^^^^^^^^^^^^^^^^^^^^^^^^^^^^^^^
[rank55]:   File "/lustre/orion/cph161/world-shared/mlupopa/max_conda_envs_frontier/envs/hydragnn_rocm600/lib/python3.11/site-packages/torch/nn/modules/module.py", line 1541, in _call_impl
[rank55]:     return forward_call(*args, **kwargs)
[rank55]:            ^^^^^^^^^^^^^^^^^^^^^^^^^^^^^
[rank55]:   File "/tmp/torch_geometric.nn.sequential_1a5550_xsoleqei.py", line 17, in forward
[rank55]:     x, pos = self.module_0(x, pos, edge_index, edge_attr)
[rank55]:              ^^^^^^^^^^^^^^^^^^^^^^^^^^^^^^^^^^^^^^^^^^^^
[rank55]:   File "/lustre/orion/cph161/world-shared/mlupopa/max_conda_envs_frontier/envs/hydragnn_rocm600/lib/python3.11/site-packages/torch/nn/modules/module.py", line 1532, in _wrapped_call_impl
[rank55]:     return self._call_impl(*args, **kwargs)
[rank55]:            ^^^^^^^^^^^^^^^^^^^^^^^^^^^^^^^^
[rank55]:   File "/lustre/orion/cph161/world-shared/mlupopa/max_conda_envs_frontier/envs/hydragnn_rocm600/lib/python3.11/site-packages/torch/nn/modules/module.py", line 1541, in _call_impl
[rank55]:     return forward_call(*args, **kwargs)
[rank55]:            ^^^^^^^^^^^^^^^^^^^^^^^^^^^^^
[rank55]:   File "/lustre/orion/lrn031/scratch/zye327/HydraGNN_ds/hydragnn/models/EGCLStack.py", line 229, in forward
[rank55]:     edge_feat = self.edge_model(x[row], x[col], radial, edge_attr)
[rank55]:                 ^^^^^^^^^^^^^^^^^^^^^^^^^^^^^^^^^^^^^^^^^^^^^^^^^^
[rank55]:   File "/lustre/orion/lrn031/scratch/zye327/HydraGNN_ds/hydragnn/models/EGCLStack.py", line 186, in edge_model
[rank55]:     out = self.edge_mlp(out)
[rank55]:           ^^^^^^^^^^^^^^^^^^
[rank55]:   File "/lustre/orion/cph161/world-shared/mlupopa/max_conda_envs_frontier/envs/hydragnn_rocm600/lib/python3.11/site-packages/torch/nn/modules/module.py", line 1532, in _wrapped_call_impl
[rank55]:     return self._call_impl(*args, **kwargs)
[rank55]:            ^^^^^^^^^^^^^^^^^^^^^^^^^^^^^^^^
[rank55]:   File "/lustre/orion/cph161/world-shared/mlupopa/max_conda_envs_frontier/envs/hydragnn_rocm600/lib/python3.11/site-packages/torch/nn/modules/module.py", line 1541, in _call_impl
[rank55]:     return forward_call(*args, **kwargs)
[rank55]:            ^^^^^^^^^^^^^^^^^^^^^^^^^^^^^
[rank55]:   File "/lustre/orion/cph161/world-shared/mlupopa/max_conda_envs_frontier/envs/hydragnn_rocm600/lib/python3.11/site-packages/torch/nn/modules/container.py", line 217, in forward
[rank55]:     input = module(input)
[rank55]:             ^^^^^^^^^^^^^
[rank55]:   File "/lustre/orion/cph161/world-shared/mlupopa/max_conda_envs_frontier/envs/hydragnn_rocm600/lib/python3.11/site-packages/torch/nn/modules/module.py", line 1532, in _wrapped_call_impl
[rank55]:     return self._call_impl(*args, **kwargs)
[rank55]:            ^^^^^^^^^^^^^^^^^^^^^^^^^^^^^^^^
[rank55]:   File "/lustre/orion/cph161/world-shared/mlupopa/max_conda_envs_frontier/envs/hydragnn_rocm600/lib/python3.11/site-packages/torch/nn/modules/module.py", line 1541, in _call_impl
[rank55]:     return forward_call(*args, **kwargs)
[rank55]:            ^^^^^^^^^^^^^^^^^^^^^^^^^^^^^
[rank55]:   File "/lustre/orion/cph161/world-shared/mlupopa/max_conda_envs_frontier/envs/hydragnn_rocm600/lib/python3.11/site-packages/torch/nn/modules/activation.py", line 103, in forward
[rank55]:     return F.relu(input, inplace=self.inplace)
[rank55]:            ^^^^^^^^^^^^^^^^^^^^^^^^^^^^^^^^^^^
[rank55]:   File "/lustre/orion/cph161/world-shared/mlupopa/max_conda_envs_frontier/envs/hydragnn_rocm600/lib/python3.11/site-packages/torch/nn/functional.py", line 1500, in relu
[rank55]:     result = torch.relu(input)
[rank55]:              ^^^^^^^^^^^^^^^^^
[rank55]: torch.cuda.OutOfMemoryError: HIP out of memory. Tried to allocate 20.68 GiB. GPU  has a total capacity of 63.98 GiB of which 17.63 GiB is free. Of the allocated memory 45.87 GiB is allocated by PyTorch, and 34.21 MiB is reserved by PyTorch but unallocated. If reserved but unallocated memory is large try setting PYTORCH_HIP_ALLOC_CONF=expandable_segments:True to avoid fragmentation.  See documentation for Memory Management  (https://pytorch.org/docs/stable/notes/cuda.html#environment-variables)
[rank52]: Traceback (most recent call last):
[rank52]:   File "/lustre/orion/lrn031/scratch/zye327/HydraGNN_ds/./examples/multidataset/train_deepspeed_exportmem.py", line 419, in <module>
[rank52]:     hydragnn.train.train_validate_test(
[rank52]:   File "/lustre/orion/lrn031/scratch/zye327/HydraGNN_ds/hydragnn/train/train_validate_test.py", line 158, in train_validate_test
[rank52]:     train_loss, train_taskserr = train(
[rank52]:                                  ^^^^^^
[rank52]:   File "/lustre/orion/lrn031/scratch/zye327/HydraGNN_ds/hydragnn/train/train_validate_test.py", line 495, in train
[rank52]:     pred = model(data)
[rank52]:            ^^^^^^^^^^^
[rank52]:   File "/lustre/orion/cph161/world-shared/mlupopa/max_conda_envs_frontier/envs/hydragnn_rocm600/lib/python3.11/site-packages/torch/nn/modules/module.py", line 1532, in _wrapped_call_impl
[rank52]:     return self._call_impl(*args, **kwargs)
[rank52]:            ^^^^^^^^^^^^^^^^^^^^^^^^^^^^^^^^
[rank52]:   File "/lustre/orion/cph161/world-shared/mlupopa/max_conda_envs_frontier/envs/hydragnn_rocm600/lib/python3.11/site-packages/torch/nn/modules/module.py", line 1541, in _call_impl
[rank52]:     return forward_call(*args, **kwargs)
[rank52]:            ^^^^^^^^^^^^^^^^^^^^^^^^^^^^^
[rank52]:   File "/ccs/home/zye327/.local/lib/python3.11/site-packages/deepspeed/utils/nvtx.py", line 15, in wrapped_fn
[rank52]:     ret_val = func(*args, **kwargs)
[rank52]:               ^^^^^^^^^^^^^^^^^^^^^
[rank52]:   File "/ccs/home/zye327/.local/lib/python3.11/site-packages/deepspeed/runtime/engine.py", line 1846, in forward
[rank52]:     loss = self.module(*inputs, **kwargs)
[rank52]:            ^^^^^^^^^^^^^^^^^^^^^^^^^^^^^^
[rank52]:   File "/lustre/orion/cph161/world-shared/mlupopa/max_conda_envs_frontier/envs/hydragnn_rocm600/lib/python3.11/site-packages/torch/nn/modules/module.py", line 1532, in _wrapped_call_impl
[rank52]:     return self._call_impl(*args, **kwargs)
[rank52]:            ^^^^^^^^^^^^^^^^^^^^^^^^^^^^^^^^
[rank52]:   File "/lustre/orion/cph161/world-shared/mlupopa/max_conda_envs_frontier/envs/hydragnn_rocm600/lib/python3.11/site-packages/torch/nn/modules/module.py", line 1541, in _call_impl
[rank52]:     return forward_call(*args, **kwargs)
[rank52]:            ^^^^^^^^^^^^^^^^^^^^^^^^^^^^^
[rank52]:   File "/lustre/orion/lrn031/scratch/zye327/HydraGNN_ds/hydragnn/models/Base.py", line 297, in forward
[rank52]:     c, pos = conv(x=x, pos=pos, **conv_args)
[rank52]:              ^^^^^^^^^^^^^^^^^^^^^^^^^^^^^^^
[rank52]:   File "/lustre/orion/cph161/world-shared/mlupopa/max_conda_envs_frontier/envs/hydragnn_rocm600/lib/python3.11/site-packages/torch/nn/modules/module.py", line 1532, in _wrapped_call_impl
[rank52]:     return self._call_impl(*args, **kwargs)
[rank52]:            ^^^^^^^^^^^^^^^^^^^^^^^^^^^^^^^^
[rank52]:   File "/lustre/orion/cph161/world-shared/mlupopa/max_conda_envs_frontier/envs/hydragnn_rocm600/lib/python3.11/site-packages/torch/nn/modules/module.py", line 1541, in _call_impl
[rank52]:     return forward_call(*args, **kwargs)
[rank52]:            ^^^^^^^^^^^^^^^^^^^^^^^^^^^^^
[rank52]:   File "/tmp/torch_geometric.nn.sequential_8603f1_rl36epqy.py", line 17, in forward
[rank52]:     x, pos = self.module_0(x, pos, edge_index, edge_attr)
[rank52]:              ^^^^^^^^^^^^^^^^^^^^^^^^^^^^^^^^^^^^^^^^^^^^
[rank52]:   File "/lustre/orion/cph161/world-shared/mlupopa/max_conda_envs_frontier/envs/hydragnn_rocm600/lib/python3.11/site-packages/torch/nn/modules/module.py", line 1532, in _wrapped_call_impl
[rank52]:     return self._call_impl(*args, **kwargs)
[rank52]:            ^^^^^^^^^^^^^^^^^^^^^^^^^^^^^^^^
[rank52]:   File "/lustre/orion/cph161/world-shared/mlupopa/max_conda_envs_frontier/envs/hydragnn_rocm600/lib/python3.11/site-packages/torch/nn/modules/module.py", line 1541, in _call_impl
[rank52]:     return forward_call(*args, **kwargs)
[rank52]:            ^^^^^^^^^^^^^^^^^^^^^^^^^^^^^
[rank52]:   File "/lustre/orion/lrn031/scratch/zye327/HydraGNN_ds/hydragnn/models/EGCLStack.py", line 229, in forward
[rank52]:     edge_feat = self.edge_model(x[row], x[col], radial, edge_attr)
[rank52]:                 ^^^^^^^^^^^^^^^^^^^^^^^^^^^^^^^^^^^^^^^^^^^^^^^^^^
[rank52]:   File "/lustre/orion/lrn031/scratch/zye327/HydraGNN_ds/hydragnn/models/EGCLStack.py", line 186, in edge_model
[rank52]:     out = self.edge_mlp(out)
[rank52]:           ^^^^^^^^^^^^^^^^^^
[rank52]:   File "/lustre/orion/cph161/world-shared/mlupopa/max_conda_envs_frontier/envs/hydragnn_rocm600/lib/python3.11/site-packages/torch/nn/modules/module.py", line 1532, in _wrapped_call_impl
[rank52]:     return self._call_impl(*args, **kwargs)
[rank52]:            ^^^^^^^^^^^^^^^^^^^^^^^^^^^^^^^^
[rank52]:   File "/lustre/orion/cph161/world-shared/mlupopa/max_conda_envs_frontier/envs/hydragnn_rocm600/lib/python3.11/site-packages/torch/nn/modules/module.py", line 1541, in _call_impl
[rank52]:     return forward_call(*args, **kwargs)
[rank52]:            ^^^^^^^^^^^^^^^^^^^^^^^^^^^^^
[rank52]:   File "/lustre/orion/cph161/world-shared/mlupopa/max_conda_envs_frontier/envs/hydragnn_rocm600/lib/python3.11/site-packages/torch/nn/modules/container.py", line 217, in forward
[rank52]:     input = module(input)
[rank52]:             ^^^^^^^^^^^^^
[rank52]:   File "/lustre/orion/cph161/world-shared/mlupopa/max_conda_envs_frontier/envs/hydragnn_rocm600/lib/python3.11/site-packages/torch/nn/modules/module.py", line 1532, in _wrapped_call_impl
[rank52]:     return self._call_impl(*args, **kwargs)
[rank52]:            ^^^^^^^^^^^^^^^^^^^^^^^^^^^^^^^^
[rank52]:   File "/lustre/orion/cph161/world-shared/mlupopa/max_conda_envs_frontier/envs/hydragnn_rocm600/lib/python3.11/site-packages/torch/nn/modules/module.py", line 1541, in _call_impl
[rank52]:     return forward_call(*args, **kwargs)
[rank52]:            ^^^^^^^^^^^^^^^^^^^^^^^^^^^^^
[rank52]:   File "/lustre/orion/cph161/world-shared/mlupopa/max_conda_envs_frontier/envs/hydragnn_rocm600/lib/python3.11/site-packages/torch/nn/modules/activation.py", line 103, in forward
[rank52]:     return F.relu(input, inplace=self.inplace)
[rank52]:            ^^^^^^^^^^^^^^^^^^^^^^^^^^^^^^^^^^^
[rank52]:   File "/lustre/orion/cph161/world-shared/mlupopa/max_conda_envs_frontier/envs/hydragnn_rocm600/lib/python3.11/site-packages/torch/nn/functional.py", line 1500, in relu
[rank52]:     result = torch.relu(input)
[rank52]:              ^^^^^^^^^^^^^^^^^
[rank52]: torch.cuda.OutOfMemoryError: HIP out of memory. Tried to allocate 20.03 GiB. GPU  has a total capacity of 63.98 GiB of which 18.94 GiB is free. Of the allocated memory 44.56 GiB is allocated by PyTorch, and 31.75 MiB is reserved by PyTorch but unallocated. If reserved but unallocated memory is large try setting PYTORCH_HIP_ALLOC_CONF=expandable_segments:True to avoid fragmentation.  See documentation for Memory Management  (https://pytorch.org/docs/stable/notes/cuda.html#environment-variables)
[rank38]: Traceback (most recent call last):
[rank38]:   File "/lustre/orion/lrn031/scratch/zye327/HydraGNN_ds/./examples/multidataset/train_deepspeed_exportmem.py", line 419, in <module>
[rank38]:     hydragnn.train.train_validate_test(
[rank38]:   File "/lustre/orion/lrn031/scratch/zye327/HydraGNN_ds/hydragnn/train/train_validate_test.py", line 158, in train_validate_test
[rank38]:     train_loss, train_taskserr = train(
[rank38]:                                  ^^^^^^
[rank38]:   File "/lustre/orion/lrn031/scratch/zye327/HydraGNN_ds/hydragnn/train/train_validate_test.py", line 495, in train
[rank38]:     pred = model(data)
[rank38]:            ^^^^^^^^^^^
[rank38]:   File "/lustre/orion/cph161/world-shared/mlupopa/max_conda_envs_frontier/envs/hydragnn_rocm600/lib/python3.11/site-packages/torch/nn/modules/module.py", line 1532, in _wrapped_call_impl
[rank38]:     return self._call_impl(*args, **kwargs)
[rank38]:            ^^^^^^^^^^^^^^^^^^^^^^^^^^^^^^^^
[rank38]:   File "/lustre/orion/cph161/world-shared/mlupopa/max_conda_envs_frontier/envs/hydragnn_rocm600/lib/python3.11/site-packages/torch/nn/modules/module.py", line 1541, in _call_impl
[rank38]:     return forward_call(*args, **kwargs)
[rank38]:            ^^^^^^^^^^^^^^^^^^^^^^^^^^^^^
[rank38]:   File "/ccs/home/zye327/.local/lib/python3.11/site-packages/deepspeed/utils/nvtx.py", line 15, in wrapped_fn
[rank38]:     ret_val = func(*args, **kwargs)
[rank38]:               ^^^^^^^^^^^^^^^^^^^^^
[rank38]:   File "/ccs/home/zye327/.local/lib/python3.11/site-packages/deepspeed/runtime/engine.py", line 1846, in forward
[rank38]:     loss = self.module(*inputs, **kwargs)
[rank38]:            ^^^^^^^^^^^^^^^^^^^^^^^^^^^^^^
[rank38]:   File "/lustre/orion/cph161/world-shared/mlupopa/max_conda_envs_frontier/envs/hydragnn_rocm600/lib/python3.11/site-packages/torch/nn/modules/module.py", line 1532, in _wrapped_call_impl
[rank38]:     return self._call_impl(*args, **kwargs)
[rank38]:            ^^^^^^^^^^^^^^^^^^^^^^^^^^^^^^^^
[rank38]:   File "/lustre/orion/cph161/world-shared/mlupopa/max_conda_envs_frontier/envs/hydragnn_rocm600/lib/python3.11/site-packages/torch/nn/modules/module.py", line 1541, in _call_impl
[rank38]:     return forward_call(*args, **kwargs)
[rank38]:            ^^^^^^^^^^^^^^^^^^^^^^^^^^^^^
[rank38]:   File "/lustre/orion/lrn031/scratch/zye327/HydraGNN_ds/hydragnn/models/Base.py", line 297, in forward
[rank38]:     c, pos = conv(x=x, pos=pos, **conv_args)
[rank38]:              ^^^^^^^^^^^^^^^^^^^^^^^^^^^^^^^
[rank38]:   File "/lustre/orion/cph161/world-shared/mlupopa/max_conda_envs_frontier/envs/hydragnn_rocm600/lib/python3.11/site-packages/torch/nn/modules/module.py", line 1532, in _wrapped_call_impl
[rank38]:     return self._call_impl(*args, **kwargs)
[rank38]:            ^^^^^^^^^^^^^^^^^^^^^^^^^^^^^^^^
[rank38]:   File "/lustre/orion/cph161/world-shared/mlupopa/max_conda_envs_frontier/envs/hydragnn_rocm600/lib/python3.11/site-packages/torch/nn/modules/module.py", line 1541, in _call_impl
[rank38]:     return forward_call(*args, **kwargs)
[rank38]:            ^^^^^^^^^^^^^^^^^^^^^^^^^^^^^
[rank38]:   File "/tmp/torch_geometric.nn.sequential_84c74a_vcnhded6.py", line 17, in forward
[rank38]:     x, pos = self.module_0(x, pos, edge_index, edge_attr)
[rank38]:              ^^^^^^^^^^^^^^^^^^^^^^^^^^^^^^^^^^^^^^^^^^^^
[rank38]:   File "/lustre/orion/cph161/world-shared/mlupopa/max_conda_envs_frontier/envs/hydragnn_rocm600/lib/python3.11/site-packages/torch/nn/modules/module.py", line 1532, in _wrapped_call_impl
[rank38]:     return self._call_impl(*args, **kwargs)
[rank38]:            ^^^^^^^^^^^^^^^^^^^^^^^^^^^^^^^^
[rank38]:   File "/lustre/orion/cph161/world-shared/mlupopa/max_conda_envs_frontier/envs/hydragnn_rocm600/lib/python3.11/site-packages/torch/nn/modules/module.py", line 1541, in _call_impl
[rank38]:     return forward_call(*args, **kwargs)
[rank38]:            ^^^^^^^^^^^^^^^^^^^^^^^^^^^^^
[rank38]:   File "/lustre/orion/lrn031/scratch/zye327/HydraGNN_ds/hydragnn/models/EGCLStack.py", line 229, in forward
[rank38]:     edge_feat = self.edge_model(x[row], x[col], radial, edge_attr)
[rank38]:                 ^^^^^^^^^^^^^^^^^^^^^^^^^^^^^^^^^^^^^^^^^^^^^^^^^^
[rank38]:   File "/lustre/orion/lrn031/scratch/zye327/HydraGNN_ds/hydragnn/models/EGCLStack.py", line 186, in edge_model
[rank38]:     out = self.edge_mlp(out)
[rank38]:           ^^^^^^^^^^^^^^^^^^
[rank38]:   File "/lustre/orion/cph161/world-shared/mlupopa/max_conda_envs_frontier/envs/hydragnn_rocm600/lib/python3.11/site-packages/torch/nn/modules/module.py", line 1532, in _wrapped_call_impl
[rank38]:     return self._call_impl(*args, **kwargs)
[rank38]:            ^^^^^^^^^^^^^^^^^^^^^^^^^^^^^^^^
[rank38]:   File "/lustre/orion/cph161/world-shared/mlupopa/max_conda_envs_frontier/envs/hydragnn_rocm600/lib/python3.11/site-packages/torch/nn/modules/module.py", line 1541, in _call_impl
[rank38]:     return forward_call(*args, **kwargs)
[rank38]:            ^^^^^^^^^^^^^^^^^^^^^^^^^^^^^
[rank38]:   File "/lustre/orion/cph161/world-shared/mlupopa/max_conda_envs_frontier/envs/hydragnn_rocm600/lib/python3.11/site-packages/torch/nn/modules/container.py", line 217, in forward
[rank38]:     input = module(input)
[rank38]:             ^^^^^^^^^^^^^
[rank38]:   File "/lustre/orion/cph161/world-shared/mlupopa/max_conda_envs_frontier/envs/hydragnn_rocm600/lib/python3.11/site-packages/torch/nn/modules/module.py", line 1532, in _wrapped_call_impl
[rank38]:     return self._call_impl(*args, **kwargs)
[rank38]:            ^^^^^^^^^^^^^^^^^^^^^^^^^^^^^^^^
[rank38]:   File "/lustre/orion/cph161/world-shared/mlupopa/max_conda_envs_frontier/envs/hydragnn_rocm600/lib/python3.11/site-packages/torch/nn/modules/module.py", line 1541, in _call_impl
[rank38]:     return forward_call(*args, **kwargs)
[rank38]:            ^^^^^^^^^^^^^^^^^^^^^^^^^^^^^
[rank38]:   File "/lustre/orion/cph161/world-shared/mlupopa/max_conda_envs_frontier/envs/hydragnn_rocm600/lib/python3.11/site-packages/torch/nn/modules/activation.py", line 103, in forward
[rank38]:     return F.relu(input, inplace=self.inplace)
[rank38]:            ^^^^^^^^^^^^^^^^^^^^^^^^^^^^^^^^^^^
[rank38]:   File "/lustre/orion/cph161/world-shared/mlupopa/max_conda_envs_frontier/envs/hydragnn_rocm600/lib/python3.11/site-packages/torch/nn/functional.py", line 1500, in relu
[rank38]:     result = torch.relu(input)
[rank38]:              ^^^^^^^^^^^^^^^^^
[rank38]: torch.cuda.OutOfMemoryError: HIP out of memory. Tried to allocate 20.12 GiB. GPU  has a total capacity of 63.98 GiB of which 18.75 GiB is free. Of the allocated memory 44.74 GiB is allocated by PyTorch, and 33.65 MiB is reserved by PyTorch but unallocated. If reserved but unallocated memory is large try setting PYTORCH_HIP_ALLOC_CONF=expandable_segments:True to avoid fragmentation.  See documentation for Memory Management  (https://pytorch.org/docs/stable/notes/cuda.html#environment-variables)
[rank58]: Traceback (most recent call last):
[rank58]:   File "/lustre/orion/lrn031/scratch/zye327/HydraGNN_ds/./examples/multidataset/train_deepspeed_exportmem.py", line 419, in <module>
[rank58]:     hydragnn.train.train_validate_test(
[rank58]:   File "/lustre/orion/lrn031/scratch/zye327/HydraGNN_ds/hydragnn/train/train_validate_test.py", line 158, in train_validate_test
[rank58]:     train_loss, train_taskserr = train(
[rank58]:                                  ^^^^^^
[rank58]:   File "/lustre/orion/lrn031/scratch/zye327/HydraGNN_ds/hydragnn/train/train_validate_test.py", line 495, in train
[rank58]:     pred = model(data)
[rank58]:            ^^^^^^^^^^^
[rank58]:   File "/lustre/orion/cph161/world-shared/mlupopa/max_conda_envs_frontier/envs/hydragnn_rocm600/lib/python3.11/site-packages/torch/nn/modules/module.py", line 1532, in _wrapped_call_impl
[rank58]:     return self._call_impl(*args, **kwargs)
[rank58]:            ^^^^^^^^^^^^^^^^^^^^^^^^^^^^^^^^
[rank58]:   File "/lustre/orion/cph161/world-shared/mlupopa/max_conda_envs_frontier/envs/hydragnn_rocm600/lib/python3.11/site-packages/torch/nn/modules/module.py", line 1541, in _call_impl
[rank58]:     return forward_call(*args, **kwargs)
[rank58]:            ^^^^^^^^^^^^^^^^^^^^^^^^^^^^^
[rank58]:   File "/ccs/home/zye327/.local/lib/python3.11/site-packages/deepspeed/utils/nvtx.py", line 15, in wrapped_fn
[rank58]:     ret_val = func(*args, **kwargs)
[rank58]:               ^^^^^^^^^^^^^^^^^^^^^
[rank58]:   File "/ccs/home/zye327/.local/lib/python3.11/site-packages/deepspeed/runtime/engine.py", line 1846, in forward
[rank58]:     loss = self.module(*inputs, **kwargs)
[rank58]:            ^^^^^^^^^^^^^^^^^^^^^^^^^^^^^^
[rank58]:   File "/lustre/orion/cph161/world-shared/mlupopa/max_conda_envs_frontier/envs/hydragnn_rocm600/lib/python3.11/site-packages/torch/nn/modules/module.py", line 1532, in _wrapped_call_impl
[rank58]:     return self._call_impl(*args, **kwargs)
[rank58]:            ^^^^^^^^^^^^^^^^^^^^^^^^^^^^^^^^
[rank58]:   File "/lustre/orion/cph161/world-shared/mlupopa/max_conda_envs_frontier/envs/hydragnn_rocm600/lib/python3.11/site-packages/torch/nn/modules/module.py", line 1541, in _call_impl
[rank58]:     return forward_call(*args, **kwargs)
[rank58]:            ^^^^^^^^^^^^^^^^^^^^^^^^^^^^^
[rank58]:   File "/lustre/orion/lrn031/scratch/zye327/HydraGNN_ds/hydragnn/models/Base.py", line 297, in forward
[rank58]:     c, pos = conv(x=x, pos=pos, **conv_args)
[rank58]:              ^^^^^^^^^^^^^^^^^^^^^^^^^^^^^^^
[rank58]:   File "/lustre/orion/cph161/world-shared/mlupopa/max_conda_envs_frontier/envs/hydragnn_rocm600/lib/python3.11/site-packages/torch/nn/modules/module.py", line 1532, in _wrapped_call_impl
[rank58]:     return self._call_impl(*args, **kwargs)
[rank58]:            ^^^^^^^^^^^^^^^^^^^^^^^^^^^^^^^^
[rank58]:   File "/lustre/orion/cph161/world-shared/mlupopa/max_conda_envs_frontier/envs/hydragnn_rocm600/lib/python3.11/site-packages/torch/nn/modules/module.py", line 1541, in _call_impl
[rank58]:     return forward_call(*args, **kwargs)
[rank58]:            ^^^^^^^^^^^^^^^^^^^^^^^^^^^^^
[rank58]:   File "/tmp/torch_geometric.nn.sequential_7c311f_l81v4cv_.py", line 17, in forward
[rank58]:     x, pos = self.module_0(x, pos, edge_index, edge_attr)
[rank58]:              ^^^^^^^^^^^^^^^^^^^^^^^^^^^^^^^^^^^^^^^^^^^^
[rank58]:   File "/lustre/orion/cph161/world-shared/mlupopa/max_conda_envs_frontier/envs/hydragnn_rocm600/lib/python3.11/site-packages/torch/nn/modules/module.py", line 1532, in _wrapped_call_impl
[rank58]:     return self._call_impl(*args, **kwargs)
[rank58]:            ^^^^^^^^^^^^^^^^^^^^^^^^^^^^^^^^
[rank58]:   File "/lustre/orion/cph161/world-shared/mlupopa/max_conda_envs_frontier/envs/hydragnn_rocm600/lib/python3.11/site-packages/torch/nn/modules/module.py", line 1541, in _call_impl
[rank58]:     return forward_call(*args, **kwargs)
[rank58]:            ^^^^^^^^^^^^^^^^^^^^^^^^^^^^^
[rank58]:   File "/lustre/orion/lrn031/scratch/zye327/HydraGNN_ds/hydragnn/models/EGCLStack.py", line 229, in forward
[rank58]:     edge_feat = self.edge_model(x[row], x[col], radial, edge_attr)
[rank58]:                 ^^^^^^^^^^^^^^^^^^^^^^^^^^^^^^^^^^^^^^^^^^^^^^^^^^
[rank58]:   File "/lustre/orion/lrn031/scratch/zye327/HydraGNN_ds/hydragnn/models/EGCLStack.py", line 186, in edge_model
[rank58]:     out = self.edge_mlp(out)
[rank58]:           ^^^^^^^^^^^^^^^^^^
[rank58]:   File "/lustre/orion/cph161/world-shared/mlupopa/max_conda_envs_frontier/envs/hydragnn_rocm600/lib/python3.11/site-packages/torch/nn/modules/module.py", line 1532, in _wrapped_call_impl
[rank58]:     return self._call_impl(*args, **kwargs)
[rank58]:            ^^^^^^^^^^^^^^^^^^^^^^^^^^^^^^^^
[rank58]:   File "/lustre/orion/cph161/world-shared/mlupopa/max_conda_envs_frontier/envs/hydragnn_rocm600/lib/python3.11/site-packages/torch/nn/modules/module.py", line 1541, in _call_impl
[rank58]:     return forward_call(*args, **kwargs)
[rank58]:            ^^^^^^^^^^^^^^^^^^^^^^^^^^^^^
[rank58]:   File "/lustre/orion/cph161/world-shared/mlupopa/max_conda_envs_frontier/envs/hydragnn_rocm600/lib/python3.11/site-packages/torch/nn/modules/container.py", line 217, in forward
[rank58]:     input = module(input)
[rank58]:             ^^^^^^^^^^^^^
[rank58]:   File "/lustre/orion/cph161/world-shared/mlupopa/max_conda_envs_frontier/envs/hydragnn_rocm600/lib/python3.11/site-packages/torch/nn/modules/module.py", line 1532, in _wrapped_call_impl
[rank58]:     return self._call_impl(*args, **kwargs)
[rank58]:            ^^^^^^^^^^^^^^^^^^^^^^^^^^^^^^^^
[rank58]:   File "/lustre/orion/cph161/world-shared/mlupopa/max_conda_envs_frontier/envs/hydragnn_rocm600/lib/python3.11/site-packages/torch/nn/modules/module.py", line 1541, in _call_impl
[rank58]:     return forward_call(*args, **kwargs)
[rank58]:            ^^^^^^^^^^^^^^^^^^^^^^^^^^^^^
[rank58]:   File "/lustre/orion/cph161/world-shared/mlupopa/max_conda_envs_frontier/envs/hydragnn_rocm600/lib/python3.11/site-packages/torch/nn/modules/activation.py", line 103, in forward
[rank58]:     return F.relu(input, inplace=self.inplace)
[rank58]:            ^^^^^^^^^^^^^^^^^^^^^^^^^^^^^^^^^^^
[rank58]:   File "/lustre/orion/cph161/world-shared/mlupopa/max_conda_envs_frontier/envs/hydragnn_rocm600/lib/python3.11/site-packages/torch/nn/functional.py", line 1500, in relu
[rank58]:     result = torch.relu(input)
[rank58]:              ^^^^^^^^^^^^^^^^^
[rank58]: torch.cuda.OutOfMemoryError: HIP out of memory. Tried to allocate 20.82 GiB. GPU  has a total capacity of 63.98 GiB of which 17.34 GiB is free. Of the allocated memory 46.16 GiB is allocated by PyTorch, and 27.47 MiB is reserved by PyTorch but unallocated. If reserved but unallocated memory is large try setting PYTORCH_HIP_ALLOC_CONF=expandable_segments:True to avoid fragmentation.  See documentation for Memory Management  (https://pytorch.org/docs/stable/notes/cuda.html#environment-variables)
[rank57]: Traceback (most recent call last):
[rank57]:   File "/lustre/orion/lrn031/scratch/zye327/HydraGNN_ds/./examples/multidataset/train_deepspeed_exportmem.py", line 419, in <module>
[rank57]:     hydragnn.train.train_validate_test(
[rank57]:   File "/lustre/orion/lrn031/scratch/zye327/HydraGNN_ds/hydragnn/train/train_validate_test.py", line 158, in train_validate_test
[rank57]:     train_loss, train_taskserr = train(
[rank57]:                                  ^^^^^^
[rank57]:   File "/lustre/orion/lrn031/scratch/zye327/HydraGNN_ds/hydragnn/train/train_validate_test.py", line 495, in train
[rank57]:     pred = model(data)
[rank57]:            ^^^^^^^^^^^
[rank57]:   File "/lustre/orion/cph161/world-shared/mlupopa/max_conda_envs_frontier/envs/hydragnn_rocm600/lib/python3.11/site-packages/torch/nn/modules/module.py", line 1532, in _wrapped_call_impl
[rank57]:     return self._call_impl(*args, **kwargs)
[rank57]:            ^^^^^^^^^^^^^^^^^^^^^^^^^^^^^^^^
[rank57]:   File "/lustre/orion/cph161/world-shared/mlupopa/max_conda_envs_frontier/envs/hydragnn_rocm600/lib/python3.11/site-packages/torch/nn/modules/module.py", line 1541, in _call_impl
[rank57]:     return forward_call(*args, **kwargs)
[rank57]:            ^^^^^^^^^^^^^^^^^^^^^^^^^^^^^
[rank57]:   File "/ccs/home/zye327/.local/lib/python3.11/site-packages/deepspeed/utils/nvtx.py", line 15, in wrapped_fn
[rank57]:     ret_val = func(*args, **kwargs)
[rank57]:               ^^^^^^^^^^^^^^^^^^^^^
[rank57]:   File "/ccs/home/zye327/.local/lib/python3.11/site-packages/deepspeed/runtime/engine.py", line 1846, in forward
[rank57]:     loss = self.module(*inputs, **kwargs)
[rank57]:            ^^^^^^^^^^^^^^^^^^^^^^^^^^^^^^
[rank57]:   File "/lustre/orion/cph161/world-shared/mlupopa/max_conda_envs_frontier/envs/hydragnn_rocm600/lib/python3.11/site-packages/torch/nn/modules/module.py", line 1532, in _wrapped_call_impl
[rank57]:     return self._call_impl(*args, **kwargs)
[rank57]:            ^^^^^^^^^^^^^^^^^^^^^^^^^^^^^^^^
[rank57]:   File "/lustre/orion/cph161/world-shared/mlupopa/max_conda_envs_frontier/envs/hydragnn_rocm600/lib/python3.11/site-packages/torch/nn/modules/module.py", line 1541, in _call_impl
[rank57]:     return forward_call(*args, **kwargs)
[rank57]:            ^^^^^^^^^^^^^^^^^^^^^^^^^^^^^
[rank57]:   File "/lustre/orion/lrn031/scratch/zye327/HydraGNN_ds/hydragnn/models/Base.py", line 297, in forward
[rank57]:     c, pos = conv(x=x, pos=pos, **conv_args)
[rank57]:              ^^^^^^^^^^^^^^^^^^^^^^^^^^^^^^^
[rank57]:   File "/lustre/orion/cph161/world-shared/mlupopa/max_conda_envs_frontier/envs/hydragnn_rocm600/lib/python3.11/site-packages/torch/nn/modules/module.py", line 1532, in _wrapped_call_impl
[rank57]:     return self._call_impl(*args, **kwargs)
[rank57]:            ^^^^^^^^^^^^^^^^^^^^^^^^^^^^^^^^
[rank57]:   File "/lustre/orion/cph161/world-shared/mlupopa/max_conda_envs_frontier/envs/hydragnn_rocm600/lib/python3.11/site-packages/torch/nn/modules/module.py", line 1541, in _call_impl
[rank57]:     return forward_call(*args, **kwargs)
[rank57]:            ^^^^^^^^^^^^^^^^^^^^^^^^^^^^^
[rank57]:   File "/tmp/torch_geometric.nn.sequential_b7222d_h_ja6zux.py", line 17, in forward
[rank57]:     x, pos = self.module_0(x, pos, edge_index, edge_attr)
[rank57]:              ^^^^^^^^^^^^^^^^^^^^^^^^^^^^^^^^^^^^^^^^^^^^
[rank57]:   File "/lustre/orion/cph161/world-shared/mlupopa/max_conda_envs_frontier/envs/hydragnn_rocm600/lib/python3.11/site-packages/torch/nn/modules/module.py", line 1532, in _wrapped_call_impl
[rank57]:     return self._call_impl(*args, **kwargs)
[rank57]:            ^^^^^^^^^^^^^^^^^^^^^^^^^^^^^^^^
[rank57]:   File "/lustre/orion/cph161/world-shared/mlupopa/max_conda_envs_frontier/envs/hydragnn_rocm600/lib/python3.11/site-packages/torch/nn/modules/module.py", line 1541, in _call_impl
[rank57]:     return forward_call(*args, **kwargs)
[rank57]:            ^^^^^^^^^^^^^^^^^^^^^^^^^^^^^
[rank57]:   File "/lustre/orion/lrn031/scratch/zye327/HydraGNN_ds/hydragnn/models/EGCLStack.py", line 229, in forward
[rank57]:     edge_feat = self.edge_model(x[row], x[col], radial, edge_attr)
[rank57]:                 ^^^^^^^^^^^^^^^^^^^^^^^^^^^^^^^^^^^^^^^^^^^^^^^^^^
[rank57]:   File "/lustre/orion/lrn031/scratch/zye327/HydraGNN_ds/hydragnn/models/EGCLStack.py", line 186, in edge_model
[rank57]:     out = self.edge_mlp(out)
[rank57]:           ^^^^^^^^^^^^^^^^^^
[rank57]:   File "/lustre/orion/cph161/world-shared/mlupopa/max_conda_envs_frontier/envs/hydragnn_rocm600/lib/python3.11/site-packages/torch/nn/modules/module.py", line 1532, in _wrapped_call_impl
[rank57]:     return self._call_impl(*args, **kwargs)
[rank57]:            ^^^^^^^^^^^^^^^^^^^^^^^^^^^^^^^^
[rank57]:   File "/lustre/orion/cph161/world-shared/mlupopa/max_conda_envs_frontier/envs/hydragnn_rocm600/lib/python3.11/site-packages/torch/nn/modules/module.py", line 1541, in _call_impl
[rank57]:     return forward_call(*args, **kwargs)
[rank57]:            ^^^^^^^^^^^^^^^^^^^^^^^^^^^^^
[rank57]:   File "/lustre/orion/cph161/world-shared/mlupopa/max_conda_envs_frontier/envs/hydragnn_rocm600/lib/python3.11/site-packages/torch/nn/modules/container.py", line 217, in forward
[rank57]:     input = module(input)
[rank57]:             ^^^^^^^^^^^^^
[rank57]:   File "/lustre/orion/cph161/world-shared/mlupopa/max_conda_envs_frontier/envs/hydragnn_rocm600/lib/python3.11/site-packages/torch/nn/modules/module.py", line 1532, in _wrapped_call_impl
[rank57]:     return self._call_impl(*args, **kwargs)
[rank57]:            ^^^^^^^^^^^^^^^^^^^^^^^^^^^^^^^^
[rank57]:   File "/lustre/orion/cph161/world-shared/mlupopa/max_conda_envs_frontier/envs/hydragnn_rocm600/lib/python3.11/site-packages/torch/nn/modules/module.py", line 1541, in _call_impl
[rank57]:     return forward_call(*args, **kwargs)
[rank57]:            ^^^^^^^^^^^^^^^^^^^^^^^^^^^^^
[rank57]:   File "/lustre/orion/cph161/world-shared/mlupopa/max_conda_envs_frontier/envs/hydragnn_rocm600/lib/python3.11/site-packages/torch/nn/modules/activation.py", line 103, in forward
[rank57]:     return F.relu(input, inplace=self.inplace)
[rank57]:            ^^^^^^^^^^^^^^^^^^^^^^^^^^^^^^^^^^^
[rank57]:   File "/lustre/orion/cph161/world-shared/mlupopa/max_conda_envs_frontier/envs/hydragnn_rocm600/lib/python3.11/site-packages/torch/nn/functional.py", line 1500, in relu
[rank57]:     result = torch.relu(input)
[rank57]:              ^^^^^^^^^^^^^^^^^
[rank57]: torch.cuda.OutOfMemoryError: HIP out of memory. Tried to allocate 20.06 GiB. GPU  has a total capacity of 63.98 GiB of which 18.86 GiB is free. Of the allocated memory 44.63 GiB is allocated by PyTorch, and 31.60 MiB is reserved by PyTorch but unallocated. If reserved but unallocated memory is large try setting PYTORCH_HIP_ALLOC_CONF=expandable_segments:True to avoid fragmentation.  See documentation for Memory Management  (https://pytorch.org/docs/stable/notes/cuda.html#environment-variables)
[rank43]: Traceback (most recent call last):
[rank43]:   File "/lustre/orion/lrn031/scratch/zye327/HydraGNN_ds/./examples/multidataset/train_deepspeed_exportmem.py", line 419, in <module>
[rank43]:     hydragnn.train.train_validate_test(
[rank43]:   File "/lustre/orion/lrn031/scratch/zye327/HydraGNN_ds/hydragnn/train/train_validate_test.py", line 158, in train_validate_test
[rank43]:     train_loss, train_taskserr = train(
[rank43]:                                  ^^^^^^
[rank43]:   File "/lustre/orion/lrn031/scratch/zye327/HydraGNN_ds/hydragnn/train/train_validate_test.py", line 495, in train
[rank43]:     pred = model(data)
[rank43]:            ^^^^^^^^^^^
[rank43]:   File "/lustre/orion/cph161/world-shared/mlupopa/max_conda_envs_frontier/envs/hydragnn_rocm600/lib/python3.11/site-packages/torch/nn/modules/module.py", line 1532, in _wrapped_call_impl
[rank43]:     return self._call_impl(*args, **kwargs)
[rank43]:            ^^^^^^^^^^^^^^^^^^^^^^^^^^^^^^^^
[rank43]:   File "/lustre/orion/cph161/world-shared/mlupopa/max_conda_envs_frontier/envs/hydragnn_rocm600/lib/python3.11/site-packages/torch/nn/modules/module.py", line 1541, in _call_impl
[rank43]:     return forward_call(*args, **kwargs)
[rank43]:            ^^^^^^^^^^^^^^^^^^^^^^^^^^^^^
[rank43]:   File "/ccs/home/zye327/.local/lib/python3.11/site-packages/deepspeed/utils/nvtx.py", line 15, in wrapped_fn
[rank43]:     ret_val = func(*args, **kwargs)
[rank43]:               ^^^^^^^^^^^^^^^^^^^^^
[rank43]:   File "/ccs/home/zye327/.local/lib/python3.11/site-packages/deepspeed/runtime/engine.py", line 1846, in forward
[rank43]:     loss = self.module(*inputs, **kwargs)
[rank43]:            ^^^^^^^^^^^^^^^^^^^^^^^^^^^^^^
[rank43]:   File "/lustre/orion/cph161/world-shared/mlupopa/max_conda_envs_frontier/envs/hydragnn_rocm600/lib/python3.11/site-packages/torch/nn/modules/module.py", line 1532, in _wrapped_call_impl
[rank43]:     return self._call_impl(*args, **kwargs)
[rank43]:            ^^^^^^^^^^^^^^^^^^^^^^^^^^^^^^^^
[rank43]:   File "/lustre/orion/cph161/world-shared/mlupopa/max_conda_envs_frontier/envs/hydragnn_rocm600/lib/python3.11/site-packages/torch/nn/modules/module.py", line 1541, in _call_impl
[rank43]:     return forward_call(*args, **kwargs)
[rank43]:            ^^^^^^^^^^^^^^^^^^^^^^^^^^^^^
[rank43]:   File "/lustre/orion/lrn031/scratch/zye327/HydraGNN_ds/hydragnn/models/Base.py", line 297, in forward
[rank43]:     c, pos = conv(x=x, pos=pos, **conv_args)
[rank43]:              ^^^^^^^^^^^^^^^^^^^^^^^^^^^^^^^
[rank43]:   File "/lustre/orion/cph161/world-shared/mlupopa/max_conda_envs_frontier/envs/hydragnn_rocm600/lib/python3.11/site-packages/torch/nn/modules/module.py", line 1532, in _wrapped_call_impl
[rank43]:     return self._call_impl(*args, **kwargs)
[rank43]:            ^^^^^^^^^^^^^^^^^^^^^^^^^^^^^^^^
[rank43]:   File "/lustre/orion/cph161/world-shared/mlupopa/max_conda_envs_frontier/envs/hydragnn_rocm600/lib/python3.11/site-packages/torch/nn/modules/module.py", line 1541, in _call_impl
[rank43]:     return forward_call(*args, **kwargs)
[rank43]:            ^^^^^^^^^^^^^^^^^^^^^^^^^^^^^
[rank43]:   File "/tmp/torch_geometric.nn.sequential_d2d96e_krhz9prk.py", line 17, in forward
[rank43]:     x, pos = self.module_0(x, pos, edge_index, edge_attr)
[rank43]:              ^^^^^^^^^^^^^^^^^^^^^^^^^^^^^^^^^^^^^^^^^^^^
[rank43]:   File "/lustre/orion/cph161/world-shared/mlupopa/max_conda_envs_frontier/envs/hydragnn_rocm600/lib/python3.11/site-packages/torch/nn/modules/module.py", line 1532, in _wrapped_call_impl
[rank43]:     return self._call_impl(*args, **kwargs)
[rank43]:            ^^^^^^^^^^^^^^^^^^^^^^^^^^^^^^^^
[rank43]:   File "/lustre/orion/cph161/world-shared/mlupopa/max_conda_envs_frontier/envs/hydragnn_rocm600/lib/python3.11/site-packages/torch/nn/modules/module.py", line 1541, in _call_impl
[rank43]:     return forward_call(*args, **kwargs)
[rank43]:            ^^^^^^^^^^^^^^^^^^^^^^^^^^^^^
[rank43]:   File "/lustre/orion/lrn031/scratch/zye327/HydraGNN_ds/hydragnn/models/EGCLStack.py", line 229, in forward
[rank43]:     edge_feat = self.edge_model(x[row], x[col], radial, edge_attr)
[rank43]:                 ^^^^^^^^^^^^^^^^^^^^^^^^^^^^^^^^^^^^^^^^^^^^^^^^^^
[rank43]:   File "/lustre/orion/lrn031/scratch/zye327/HydraGNN_ds/hydragnn/models/EGCLStack.py", line 186, in edge_model
[rank43]:     out = self.edge_mlp(out)
[rank43]:           ^^^^^^^^^^^^^^^^^^
[rank43]:   File "/lustre/orion/cph161/world-shared/mlupopa/max_conda_envs_frontier/envs/hydragnn_rocm600/lib/python3.11/site-packages/torch/nn/modules/module.py", line 1532, in _wrapped_call_impl
[rank43]:     return self._call_impl(*args, **kwargs)
[rank43]:            ^^^^^^^^^^^^^^^^^^^^^^^^^^^^^^^^
[rank43]:   File "/lustre/orion/cph161/world-shared/mlupopa/max_conda_envs_frontier/envs/hydragnn_rocm600/lib/python3.11/site-packages/torch/nn/modules/module.py", line 1541, in _call_impl
[rank43]:     return forward_call(*args, **kwargs)
[rank43]:            ^^^^^^^^^^^^^^^^^^^^^^^^^^^^^
[rank43]:   File "/lustre/orion/cph161/world-shared/mlupopa/max_conda_envs_frontier/envs/hydragnn_rocm600/lib/python3.11/site-packages/torch/nn/modules/container.py", line 217, in forward
[rank43]:     input = module(input)
[rank43]:             ^^^^^^^^^^^^^
[rank43]:   File "/lustre/orion/cph161/world-shared/mlupopa/max_conda_envs_frontier/envs/hydragnn_rocm600/lib/python3.11/site-packages/torch/nn/modules/module.py", line 1532, in _wrapped_call_impl
[rank43]:     return self._call_impl(*args, **kwargs)
[rank43]:            ^^^^^^^^^^^^^^^^^^^^^^^^^^^^^^^^
[rank43]:   File "/lustre/orion/cph161/world-shared/mlupopa/max_conda_envs_frontier/envs/hydragnn_rocm600/lib/python3.11/site-packages/torch/nn/modules/module.py", line 1541, in _call_impl
[rank43]:     return forward_call(*args, **kwargs)
[rank43]:            ^^^^^^^^^^^^^^^^^^^^^^^^^^^^^
[rank43]:   File "/lustre/orion/cph161/world-shared/mlupopa/max_conda_envs_frontier/envs/hydragnn_rocm600/lib/python3.11/site-packages/torch/nn/modules/activation.py", line 103, in forward
[rank43]:     return F.relu(input, inplace=self.inplace)
[rank43]:            ^^^^^^^^^^^^^^^^^^^^^^^^^^^^^^^^^^^
[rank43]:   File "/lustre/orion/cph161/world-shared/mlupopa/max_conda_envs_frontier/envs/hydragnn_rocm600/lib/python3.11/site-packages/torch/nn/functional.py", line 1500, in relu
[rank43]:     result = torch.relu(input)
[rank43]:              ^^^^^^^^^^^^^^^^^
[rank43]: torch.cuda.OutOfMemoryError: HIP out of memory. Tried to allocate 20.46 GiB. GPU  has a total capacity of 63.98 GiB of which 18.06 GiB is free. Of the allocated memory 45.43 GiB is allocated by PyTorch, and 32.69 MiB is reserved by PyTorch but unallocated. If reserved but unallocated memory is large try setting PYTORCH_HIP_ALLOC_CONF=expandable_segments:True to avoid fragmentation.  See documentation for Memory Management  (https://pytorch.org/docs/stable/notes/cuda.html#environment-variables)
[rank56]: Traceback (most recent call last):
[rank56]:   File "/lustre/orion/lrn031/scratch/zye327/HydraGNN_ds/./examples/multidataset/train_deepspeed_exportmem.py", line 419, in <module>
[rank56]:     hydragnn.train.train_validate_test(
[rank56]:   File "/lustre/orion/lrn031/scratch/zye327/HydraGNN_ds/hydragnn/train/train_validate_test.py", line 158, in train_validate_test
[rank56]:     train_loss, train_taskserr = train(
[rank56]:                                  ^^^^^^
[rank56]:   File "/lustre/orion/lrn031/scratch/zye327/HydraGNN_ds/hydragnn/train/train_validate_test.py", line 495, in train
[rank56]:     pred = model(data)
[rank56]:            ^^^^^^^^^^^
[rank56]:   File "/lustre/orion/cph161/world-shared/mlupopa/max_conda_envs_frontier/envs/hydragnn_rocm600/lib/python3.11/site-packages/torch/nn/modules/module.py", line 1532, in _wrapped_call_impl
[rank56]:     return self._call_impl(*args, **kwargs)
[rank56]:            ^^^^^^^^^^^^^^^^^^^^^^^^^^^^^^^^
[rank56]:   File "/lustre/orion/cph161/world-shared/mlupopa/max_conda_envs_frontier/envs/hydragnn_rocm600/lib/python3.11/site-packages/torch/nn/modules/module.py", line 1541, in _call_impl
[rank56]:     return forward_call(*args, **kwargs)
[rank56]:            ^^^^^^^^^^^^^^^^^^^^^^^^^^^^^
[rank56]:   File "/ccs/home/zye327/.local/lib/python3.11/site-packages/deepspeed/utils/nvtx.py", line 15, in wrapped_fn
[rank56]:     ret_val = func(*args, **kwargs)
[rank56]:               ^^^^^^^^^^^^^^^^^^^^^
[rank56]:   File "/ccs/home/zye327/.local/lib/python3.11/site-packages/deepspeed/runtime/engine.py", line 1846, in forward
[rank56]:     loss = self.module(*inputs, **kwargs)
[rank56]:            ^^^^^^^^^^^^^^^^^^^^^^^^^^^^^^
[rank56]:   File "/lustre/orion/cph161/world-shared/mlupopa/max_conda_envs_frontier/envs/hydragnn_rocm600/lib/python3.11/site-packages/torch/nn/modules/module.py", line 1532, in _wrapped_call_impl
[rank56]:     return self._call_impl(*args, **kwargs)
[rank56]:            ^^^^^^^^^^^^^^^^^^^^^^^^^^^^^^^^
[rank56]:   File "/lustre/orion/cph161/world-shared/mlupopa/max_conda_envs_frontier/envs/hydragnn_rocm600/lib/python3.11/site-packages/torch/nn/modules/module.py", line 1541, in _call_impl
[rank56]:     return forward_call(*args, **kwargs)
[rank56]:            ^^^^^^^^^^^^^^^^^^^^^^^^^^^^^
[rank56]:   File "/lustre/orion/lrn031/scratch/zye327/HydraGNN_ds/hydragnn/models/Base.py", line 297, in forward
[rank56]:     c, pos = conv(x=x, pos=pos, **conv_args)
[rank56]:              ^^^^^^^^^^^^^^^^^^^^^^^^^^^^^^^
[rank56]:   File "/lustre/orion/cph161/world-shared/mlupopa/max_conda_envs_frontier/envs/hydragnn_rocm600/lib/python3.11/site-packages/torch/nn/modules/module.py", line 1532, in _wrapped_call_impl
[rank56]:     return self._call_impl(*args, **kwargs)
[rank56]:            ^^^^^^^^^^^^^^^^^^^^^^^^^^^^^^^^
[rank56]:   File "/lustre/orion/cph161/world-shared/mlupopa/max_conda_envs_frontier/envs/hydragnn_rocm600/lib/python3.11/site-packages/torch/nn/modules/module.py", line 1541, in _call_impl
[rank56]:     return forward_call(*args, **kwargs)
[rank56]:            ^^^^^^^^^^^^^^^^^^^^^^^^^^^^^
[rank56]:   File "/tmp/torch_geometric.nn.sequential_3017dd_i9ugi310.py", line 17, in forward
[rank56]:     x, pos = self.module_0(x, pos, edge_index, edge_attr)
[rank56]:              ^^^^^^^^^^^^^^^^^^^^^^^^^^^^^^^^^^^^^^^^^^^^
[rank56]:   File "/lustre/orion/cph161/world-shared/mlupopa/max_conda_envs_frontier/envs/hydragnn_rocm600/lib/python3.11/site-packages/torch/nn/modules/module.py", line 1532, in _wrapped_call_impl
[rank56]:     return self._call_impl(*args, **kwargs)
[rank56]:            ^^^^^^^^^^^^^^^^^^^^^^^^^^^^^^^^
[rank56]:   File "/lustre/orion/cph161/world-shared/mlupopa/max_conda_envs_frontier/envs/hydragnn_rocm600/lib/python3.11/site-packages/torch/nn/modules/module.py", line 1541, in _call_impl
[rank56]:     return forward_call(*args, **kwargs)
[rank56]:            ^^^^^^^^^^^^^^^^^^^^^^^^^^^^^
[rank56]:   File "/lustre/orion/lrn031/scratch/zye327/HydraGNN_ds/hydragnn/models/EGCLStack.py", line 229, in forward
[rank56]:     edge_feat = self.edge_model(x[row], x[col], radial, edge_attr)
[rank56]:                 ^^^^^^^^^^^^^^^^^^^^^^^^^^^^^^^^^^^^^^^^^^^^^^^^^^
[rank56]:   File "/lustre/orion/lrn031/scratch/zye327/HydraGNN_ds/hydragnn/models/EGCLStack.py", line 186, in edge_model
[rank56]:     out = self.edge_mlp(out)
[rank56]:           ^^^^^^^^^^^^^^^^^^
[rank56]:   File "/lustre/orion/cph161/world-shared/mlupopa/max_conda_envs_frontier/envs/hydragnn_rocm600/lib/python3.11/site-packages/torch/nn/modules/module.py", line 1532, in _wrapped_call_impl
[rank56]:     return self._call_impl(*args, **kwargs)
[rank56]:            ^^^^^^^^^^^^^^^^^^^^^^^^^^^^^^^^
[rank56]:   File "/lustre/orion/cph161/world-shared/mlupopa/max_conda_envs_frontier/envs/hydragnn_rocm600/lib/python3.11/site-packages/torch/nn/modules/module.py", line 1541, in _call_impl
[rank56]:     return forward_call(*args, **kwargs)
[rank56]:            ^^^^^^^^^^^^^^^^^^^^^^^^^^^^^
[rank56]:   File "/lustre/orion/cph161/world-shared/mlupopa/max_conda_envs_frontier/envs/hydragnn_rocm600/lib/python3.11/site-packages/torch/nn/modules/container.py", line 217, in forward
[rank56]:     input = module(input)
[rank56]:             ^^^^^^^^^^^^^
[rank56]:   File "/lustre/orion/cph161/world-shared/mlupopa/max_conda_envs_frontier/envs/hydragnn_rocm600/lib/python3.11/site-packages/torch/nn/modules/module.py", line 1532, in _wrapped_call_impl
[rank56]:     return self._call_impl(*args, **kwargs)
[rank56]:            ^^^^^^^^^^^^^^^^^^^^^^^^^^^^^^^^
[rank56]:   File "/lustre/orion/cph161/world-shared/mlupopa/max_conda_envs_frontier/envs/hydragnn_rocm600/lib/python3.11/site-packages/torch/nn/modules/module.py", line 1541, in _call_impl
[rank56]:     return forward_call(*args, **kwargs)
[rank56]:            ^^^^^^^^^^^^^^^^^^^^^^^^^^^^^
[rank56]:   File "/lustre/orion/cph161/world-shared/mlupopa/max_conda_envs_frontier/envs/hydragnn_rocm600/lib/python3.11/site-packages/torch/nn/modules/activation.py", line 103, in forward
[rank56]:     return F.relu(input, inplace=self.inplace)
[rank56]:            ^^^^^^^^^^^^^^^^^^^^^^^^^^^^^^^^^^^
[rank56]:   File "/lustre/orion/cph161/world-shared/mlupopa/max_conda_envs_frontier/envs/hydragnn_rocm600/lib/python3.11/site-packages/torch/nn/functional.py", line 1500, in relu
[rank56]:     result = torch.relu(input)
[rank56]:              ^^^^^^^^^^^^^^^^^
[rank56]: torch.cuda.OutOfMemoryError: HIP out of memory. Tried to allocate 21.05 GiB. GPU 
[rank51]: Traceback (most recent call last):
[rank51]:   File "/lustre/orion/lrn031/scratch/zye327/HydraGNN_ds/./examples/multidataset/train_deepspeed_exportmem.py", line 419, in <module>
[rank51]:     hydragnn.train.train_validate_test(
[rank51]:   File "/lustre/orion/lrn031/scratch/zye327/HydraGNN_ds/hydragnn/train/train_validate_test.py", line 158, in train_validate_test
[rank51]:     train_loss, train_taskserr = train(
[rank51]:                                  ^^^^^^
[rank51]:   File "/lustre/orion/lrn031/scratch/zye327/HydraGNN_ds/hydragnn/train/train_validate_test.py", line 495, in train
[rank51]:     pred = model(data)
[rank51]:            ^^^^^^^^^^^
[rank51]:   File "/lustre/orion/cph161/world-shared/mlupopa/max_conda_envs_frontier/envs/hydragnn_rocm600/lib/python3.11/site-packages/torch/nn/modules/module.py", line 1532, in _wrapped_call_impl
[rank51]:     return self._call_impl(*args, **kwargs)
[rank51]:            ^^^^^^^^^^^^^^^^^^^^^^^^^^^^^^^^
[rank51]:   File "/lustre/orion/cph161/world-shared/mlupopa/max_conda_envs_frontier/envs/hydragnn_rocm600/lib/python3.11/site-packages/torch/nn/modules/module.py", line 1541, in _call_impl
[rank51]:     return forward_call(*args, **kwargs)
[rank51]:            ^^^^^^^^^^^^^^^^^^^^^^^^^^^^^
[rank51]:   File "/ccs/home/zye327/.local/lib/python3.11/site-packages/deepspeed/utils/nvtx.py", line 15, in wrapped_fn
[rank51]:     ret_val = func(*args, **kwargs)
[rank51]:               ^^^^^^^^^^^^^^^^^^^^^
[rank51]:   File "/ccs/home/zye327/.local/lib/python3.11/site-packages/deepspeed/runtime/engine.py", line 1846, in forward
[rank51]:     loss = self.module(*inputs, **kwargs)
[rank51]:            ^^^^^^^^^^^^^^^^^^^^^^^^^^^^^^
[rank51]:   File "/lustre/orion/cph161/world-shared/mlupopa/max_conda_envs_frontier/envs/hydragnn_rocm600/lib/python3.11/site-packages/torch/nn/modules/module.py", line 1532, in _wrapped_call_impl
[rank51]:     return self._call_impl(*args, **kwargs)
[rank51]:            ^^^^^^^^^^^^^^^^^^^^^^^^^^^^^^^^
[rank51]:   File "/lustre/orion/cph161/world-shared/mlupopa/max_conda_envs_frontier/envs/hydragnn_rocm600/lib/python3.11/site-packages/torch/nn/modules/module.py", line 1541, in _call_impl
[rank51]:     return forward_call(*args, **kwargs)
[rank51]:            ^^^^^^^^^^^^^^^^^^^^^^^^^^^^^
[rank51]:   File "/lustre/orion/lrn031/scratch/zye327/HydraGNN_ds/hydragnn/models/Base.py", line 297, in forward
[rank51]:     c, pos = conv(x=x, pos=pos, **conv_args)
[rank51]:              ^^^^^^^^^^^^^^^^^^^^^^^^^^^^^^^
[rank51]:   File "/lustre/orion/cph161/world-shared/mlupopa/max_conda_envs_frontier/envs/hydragnn_rocm600/lib/python3.11/site-packages/torch/nn/modules/module.py", line 1532, in _wrapped_call_impl
[rank51]:     return self._call_impl(*args, **kwargs)
[rank51]:            ^^^^^^^^^^^^^^^^^^^^^^^^^^^^^^^^
[rank51]:   File "/lustre/orion/cph161/world-shared/mlupopa/max_conda_envs_frontier/envs/hydragnn_rocm600/lib/python3.11/site-packages/torch/nn/modules/module.py", line 1541, in _call_impl
[rank51]:     return forward_call(*args, **kwargs)
[rank51]:            ^^^^^^^^^^^^^^^^^^^^^^^^^^^^^
[rank51]:   File "/tmp/torch_geometric.nn.sequential_9acf9d_lv0ek_xm.py", line 17, in forward
[rank51]:     x, pos = self.module_0(x, pos, edge_index, edge_attr)
[rank51]:              ^^^^^^^^^^^^^^^^^^^^^^^^^^^^^^^^^^^^^^^^^^^^
[rank51]:   File "/lustre/orion/cph161/world-shared/mlupopa/max_conda_envs_frontier/envs/hydragnn_rocm600/lib/python3.11/site-packages/torch/nn/modules/module.py", line 1532, in _wrapped_call_impl
[rank51]:     return self._call_impl(*args, **kwargs)
[rank51]:            ^^^^^^^^^^^^^^^^^^^^^^^^^^^^^^^^
[rank51]:   File "/lustre/orion/cph161/world-shared/mlupopa/max_conda_envs_frontier/envs/hydragnn_rocm600/lib/python3.11/site-packages/torch/nn/modules/module.py", line 1541, in _call_impl
[rank51]:     return forward_call(*args, **kwargs)
[rank51]:            ^^^^^^^^^^^^^^^^^^^^^^^^^^^^^
[rank51]:   File "/lustre/orion/lrn031/scratch/zye327/HydraGNN_ds/hydragnn/models/EGCLStack.py", line 229, in forward
[rank51]:     edge_feat = self.edge_model(x[row], x[col], radial, edge_attr)
[rank51]:                 ^^^^^^^^^^^^^^^^^^^^^^^^^^^^^^^^^^^^^^^^^^^^^^^^^^
[rank51]:   File "/lustre/orion/lrn031/scratch/zye327/HydraGNN_ds/hydragnn/models/EGCLStack.py", line 186, in edge_model
[rank51]:     out = self.edge_mlp(out)
[rank51]:           ^^^^^^^^^^^^^^^^^^
[rank51]:   File "/lustre/orion/cph161/world-shared/mlupopa/max_conda_envs_frontier/envs/hydragnn_rocm600/lib/python3.11/site-packages/torch/nn/modules/module.py", line 1532, in _wrapped_call_impl
[rank51]:     return self._call_impl(*args, **kwargs)
[rank51]:            ^^^^^^^^^^^^^^^^^^^^^^^^^^^^^^^^
[rank51]:   File "/lustre/orion/cph161/world-shared/mlupopa/max_conda_envs_frontier/envs/hydragnn_rocm600/lib/python3.11/site-packages/torch/nn/modules/module.py", line 1541, in _call_impl
[rank51]:     return forward_call(*args, **kwargs)
[rank51]:            ^^^^^^^^^^^^^^^^^^^^^^^^^^^^^
[rank51]:   File "/lustre/orion/cph161/world-shared/mlupopa/max_conda_envs_frontier/envs/hydragnn_rocm600/lib/python3.11/site-packages/torch/nn/modules/container.py", line 217, in forward
[rank51]:     input = module(input)
[rank51]:             ^^^^^^^^^^^^^
[rank51]:   File "/lustre/orion/cph161/world-shared/mlupopa/max_conda_envs_frontier/envs/hydragnn_rocm600/lib/python3.11/site-packages/torch/nn/modules/module.py", line 1532, in _wrapped_call_impl
[rank51]:     return self._call_impl(*args, **kwargs)
[rank51]:            ^^^^^^^^^^^^^^^^^^^^^^^^^^^^^^^^
[rank51]:   File "/lustre/orion/cph161/world-shared/mlupopa/max_conda_envs_frontier/envs/hydragnn_rocm600/lib/python3.11/site-packages/torch/nn/modules/module.py", line 1541, in _call_impl
[rank51]:     return forward_call(*args, **kwargs)
[rank51]:            ^^^^^^^^^^^^^^^^^^^^^^^^^^^^^
[rank51]:   File "/lustre/orion/cph161/world-shared/mlupopa/max_conda_envs_frontier/envs/hydragnn_rocm600/lib/python3.11/site-packages/torch/nn/modules/activation.py", line 103, in forward
[rank51]:     return F.relu(input, inplace=self.inplace)
[rank51]:            ^^^^^^^^^^^^^^^^^^^^^^^^^^^^^^^^^^^
[rank51]:   File "/lustre/orion/cph161/world-shared/mlupopa/max_conda_envs_frontier/envs/hydragnn_rocm600/lib/python3.11/site-packages/torch/nn/functional.py", line 1500, in relu
[rank51]:     result = torch.relu(input)
[rank51]:              ^^^^^^^^^^^^^^^^^
[rank51]: torch.cuda.OutOfMemoryError: HIP out of memory. Tried to allocate 21.38 GiB. GPU  has a total capacity of 63.98 GiB of which 16.22 GiB is free. Of the allocated memory 47.28 GiB is allocated by PyTorch, and 28.23 MiB is reserved by PyTorch but unallocated. If reserved but unallocated memory is large try setting PYTORCH_HIP_ALLOC_CONF=expandable_segments:True to avoid fragmentation.  See documentation for Memory Management  (https://pytorch.org/docs/stable/notes/cuda.html#environment-variables)
[rank14]: Traceback (most recent call last):
[rank14]:   File "/lustre/orion/lrn031/scratch/zye327/HydraGNN_ds/./examples/multidataset/train_deepspeed_exportmem.py", line 419, in <module>
[rank14]:     hydragnn.train.train_validate_test(
[rank14]:   File "/lustre/orion/lrn031/scratch/zye327/HydraGNN_ds/hydragnn/train/train_validate_test.py", line 158, in train_validate_test
[rank14]:     train_loss, train_taskserr = train(
[rank14]:                                  ^^^^^^
[rank14]:   File "/lustre/orion/lrn031/scratch/zye327/HydraGNN_ds/hydragnn/train/train_validate_test.py", line 495, in train
[rank14]:     pred = model(data)
[rank14]:            ^^^^^^^^^^^
[rank14]:   File "/lustre/orion/cph161/world-shared/mlupopa/max_conda_envs_frontier/envs/hydragnn_rocm600/lib/python3.11/site-packages/torch/nn/modules/module.py", line 1532, in _wrapped_call_impl
[rank14]:     return self._call_impl(*args, **kwargs)
[rank14]:            ^^^^^^^^^^^^^^^^^^^^^^^^^^^^^^^^
[rank14]:   File "/lustre/orion/cph161/world-shared/mlupopa/max_conda_envs_frontier/envs/hydragnn_rocm600/lib/python3.11/site-packages/torch/nn/modules/module.py", line 1541, in _call_impl
[rank14]:     return forward_call(*args, **kwargs)
[rank14]:            ^^^^^^^^^^^^^^^^^^^^^^^^^^^^^
[rank14]:   File "/ccs/home/zye327/.local/lib/python3.11/site-packages/deepspeed/utils/nvtx.py", line 15, in wrapped_fn
[rank14]:     ret_val = func(*args, **kwargs)
[rank14]:               ^^^^^^^^^^^^^^^^^^^^^
[rank14]:   File "/ccs/home/zye327/.local/lib/python3.11/site-packages/deepspeed/runtime/engine.py", line 1846, in forward
[rank14]:     loss = self.module(*inputs, **kwargs)
[rank14]:            ^^^^^^^^^^^^^^^^^^^^^^^^^^^^^^
[rank14]:   File "/lustre/orion/cph161/world-shared/mlupopa/max_conda_envs_frontier/envs/hydragnn_rocm600/lib/python3.11/site-packages/torch/nn/modules/module.py", line 1532, in _wrapped_call_impl
[rank14]:     return self._call_impl(*args, **kwargs)
[rank14]:            ^^^^^^^^^^^^^^^^^^^^^^^^^^^^^^^^
[rank14]:   File "/lustre/orion/cph161/world-shared/mlupopa/max_conda_envs_frontier/envs/hydragnn_rocm600/lib/python3.11/site-packages/torch/nn/modules/module.py", line 1541, in _call_impl
[rank14]:     return forward_call(*args, **kwargs)
[rank14]:            ^^^^^^^^^^^^^^^^^^^^^^^^^^^^^
[rank14]:   File "/lustre/orion/lrn031/scratch/zye327/HydraGNN_ds/hydragnn/models/Base.py", line 297, in forward
[rank14]:     c, pos = conv(x=x, pos=pos, **conv_args)
[rank14]:              ^^^^^^^^^^^^^^^^^^^^^^^^^^^^^^^
[rank14]:   File "/lustre/orion/cph161/world-shared/mlupopa/max_conda_envs_frontier/envs/hydragnn_rocm600/lib/python3.11/site-packages/torch/nn/modules/module.py", line 1532, in _wrapped_call_impl
[rank14]:     return self._call_impl(*args, **kwargs)
[rank14]:            ^^^^^^^^^^^^^^^^^^^^^^^^^^^^^^^^
[rank14]:   File "/lustre/orion/cph161/world-shared/mlupopa/max_conda_envs_frontier/envs/hydragnn_rocm600/lib/python3.11/site-packages/torch/nn/modules/module.py", line 1541, in _call_impl
[rank14]:     return forward_call(*args, **kwargs)
[rank14]:            ^^^^^^^^^^^^^^^^^^^^^^^^^^^^^
[rank14]:   File "/tmp/torch_geometric.nn.sequential_9d6d7a_fyvnq8nr.py", line 17, in forward
[rank14]:     x, pos = self.module_0(x, pos, edge_index, edge_attr)
[rank14]:              ^^^^^^^^^^^^^^^^^^^^^^^^^^^^^^^^^^^^^^^^^^^^
[rank14]:   File "/lustre/orion/cph161/world-shared/mlupopa/max_conda_envs_frontier/envs/hydragnn_rocm600/lib/python3.11/site-packages/torch/nn/modules/module.py", line 1532, in _wrapped_call_impl
[rank14]:     return self._call_impl(*args, **kwargs)
[rank14]:            ^^^^^^^^^^^^^^^^^^^^^^^^^^^^^^^^
[rank14]:   File "/lustre/orion/cph161/world-shared/mlupopa/max_conda_envs_frontier/envs/hydragnn_rocm600/lib/python3.11/site-packages/torch/nn/modules/module.py", line 1541, in _call_impl
[rank14]:     return forward_call(*args, **kwargs)
[rank14]:            ^^^^^^^^^^^^^^^^^^^^^^^^^^^^^
[rank14]:   File "/lustre/orion/lrn031/scratch/zye327/HydraGNN_ds/hydragnn/models/EGCLStack.py", line 229, in forward
[rank14]:     edge_feat = self.edge_model(x[row], x[col], radial, edge_attr)
[rank14]:                 ^^^^^^^^^^^^^^^^^^^^^^^^^^^^^^^^^^^^^^^^^^^^^^^^^^
[rank14]:   File "/lustre/orion/lrn031/scratch/zye327/HydraGNN_ds/hydragnn/models/EGCLStack.py", line 186, in edge_model
[rank14]:     out = self.edge_mlp(out)
[rank14]:           ^^^^^^^^^^^^^^^^^^
[rank14]:   File "/lustre/orion/cph161/world-shared/mlupopa/max_conda_envs_frontier/envs/hydragnn_rocm600/lib/python3.11/site-packages/torch/nn/modules/module.py", line 1532, in _wrapped_call_impl
[rank14]:     return self._call_impl(*args, **kwargs)
[rank14]:            ^^^^^^^^^^^^^^^^^^^^^^^^^^^^^^^^
[rank14]:   File "/lustre/orion/cph161/world-shared/mlupopa/max_conda_envs_frontier/envs/hydragnn_rocm600/lib/python3.11/site-packages/torch/nn/modules/module.py", line 1541, in _call_impl
[rank14]:     return forward_call(*args, **kwargs)
[rank14]:            ^^^^^^^^^^^^^^^^^^^^^^^^^^^^^
[rank14]:   File "/lustre/orion/cph161/world-shared/mlupopa/max_conda_envs_frontier/envs/hydragnn_rocm600/lib/python3.11/site-packages/torch/nn/modules/container.py", line 217, in forward
[rank14]:     input = module(input)
[rank14]:             ^^^^^^^^^^^^^
[rank14]:   File "/lustre/orion/cph161/world-shared/mlupopa/max_conda_envs_frontier/envs/hydragnn_rocm600/lib/python3.11/site-packages/torch/nn/modules/module.py", line 1532, in _wrapped_call_impl
[rank14]:     return self._call_impl(*args, **kwargs)
[rank14]:            ^^^^^^^^^^^^^^^^^^^^^^^^^^^^^^^^
[rank14]:   File "/lustre/orion/cph161/world-shared/mlupopa/max_conda_envs_frontier/envs/hydragnn_rocm600/lib/python3.11/site-packages/torch/nn/modules/module.py", line 1541, in _call_impl
[rank14]:     return forward_call(*args, **kwargs)
[rank14]:            ^^^^^^^^^^^^^^^^^^^^^^^^^^^^^
[rank14]:   File "/lustre/orion/cph161/world-shared/mlupopa/max_conda_envs_frontier/envs/hydragnn_rocm600/lib/python3.11/site-packages/torch/nn/modules/activation.py", line 103, in forward
[rank14]:     return F.relu(input, inplace=self.inplace)
[rank14]:            ^^^^^^^^^^^^^^^^^^^^^^^^^^^^^^^^^^^
[rank14]:   File "/lustre/orion/cph161/world-shared/mlupopa/max_conda_envs_frontier/envs/hydragnn_rocm600/lib/python3.11/site-packages/torch/nn/functional.py", line 1500, in relu
[rank14]:     result = torch.relu(input)
[rank14]:              ^^^^^^^^^^^^^^^^^
[rank14]: torch.cuda.OutOfMemoryError: HIP out of memory. Tried to allocate 20.55 GiB. GPU  has a total capacity of 63.98 GiB of which 17.89 GiB is free. Of the allocated memory 45.61 GiB is allocated by PyTorch, and 31.82 MiB is reserved by PyTorch but unallocated. If reserved but unallocated memory is large try setting PYTORCH_HIP_ALLOC_CONF=expandable_segments:True to avoid fragmentation.  See documentation for Memory Management  (https://pytorch.org/docs/stable/notes/cuda.html#environment-variables)
[rank40]: Traceback (most recent call last):
[rank40]:   File "/lustre/orion/lrn031/scratch/zye327/HydraGNN_ds/./examples/multidataset/train_deepspeed_exportmem.py", line 419, in <module>
[rank40]:     hydragnn.train.train_validate_test(
[rank40]:   File "/lustre/orion/lrn031/scratch/zye327/HydraGNN_ds/hydragnn/train/train_validate_test.py", line 158, in train_validate_test
[rank40]:     train_loss, train_taskserr = train(
[rank40]:                                  ^^^^^^
[rank40]:   File "/lustre/orion/lrn031/scratch/zye327/HydraGNN_ds/hydragnn/train/train_validate_test.py", line 495, in train
[rank40]:     pred = model(data)
[rank40]:            ^^^^^^^^^^^
[rank40]:   File "/lustre/orion/cph161/world-shared/mlupopa/max_conda_envs_frontier/envs/hydragnn_rocm600/lib/python3.11/site-packages/torch/nn/modules/module.py", line 1532, in _wrapped_call_impl
[rank40]:     return self._call_impl(*args, **kwargs)
[rank40]:            ^^^^^^^^^^^^^^^^^^^^^^^^^^^^^^^^
[rank40]:   File "/lustre/orion/cph161/world-shared/mlupopa/max_conda_envs_frontier/envs/hydragnn_rocm600/lib/python3.11/site-packages/torch/nn/modules/module.py", line 1541, in _call_impl
[rank40]:     return forward_call(*args, **kwargs)
[rank40]:            ^^^^^^^^^^^^^^^^^^^^^^^^^^^^^
[rank40]:   File "/ccs/home/zye327/.local/lib/python3.11/site-packages/deepspeed/utils/nvtx.py", line 15, in wrapped_fn
[rank40]:     ret_val = func(*args, **kwargs)
[rank40]:               ^^^^^^^^^^^^^^^^^^^^^
[rank40]:   File "/ccs/home/zye327/.local/lib/python3.11/site-packages/deepspeed/runtime/engine.py", line 1846, in forward
[rank40]:     loss = self.module(*inputs, **kwargs)
[rank40]:            ^^^^^^^^^^^^^^^^^^^^^^^^^^^^^^
[rank40]:   File "/lustre/orion/cph161/world-shared/mlupopa/max_conda_envs_frontier/envs/hydragnn_rocm600/lib/python3.11/site-packages/torch/nn/modules/module.py", line 1532, in _wrapped_call_impl
[rank40]:     return self._call_impl(*args, **kwargs)
[rank40]:            ^^^^^^^^^^^^^^^^^^^^^^^^^^^^^^^^
[rank40]:   File "/lustre/orion/cph161/world-shared/mlupopa/max_conda_envs_frontier/envs/hydragnn_rocm600/lib/python3.11/site-packages/torch/nn/modules/module.py", line 1541, in _call_impl
[rank40]:     return forward_call(*args, **kwargs)
[rank40]:            ^^^^^^^^^^^^^^^^^^^^^^^^^^^^^
[rank40]:   File "/lustre/orion/lrn031/scratch/zye327/HydraGNN_ds/hydragnn/models/Base.py", line 297, in forward
[rank40]:     c, pos = conv(x=x, pos=pos, **conv_args)
[rank40]:              ^^^^^^^^^^^^^^^^^^^^^^^^^^^^^^^
[rank40]:   File "/lustre/orion/cph161/world-shared/mlupopa/max_conda_envs_frontier/envs/hydragnn_rocm600/lib/python3.11/site-packages/torch/nn/modules/module.py", line 1532, in _wrapped_call_impl
[rank40]:     return self._call_impl(*args, **kwargs)
[rank40]:            ^^^^^^^^^^^^^^^^^^^^^^^^^^^^^^^^
[rank40]:   File "/lustre/orion/cph161/world-shared/mlupopa/max_conda_envs_frontier/envs/hydragnn_rocm600/lib/python3.11/site-packages/torch/nn/modules/module.py", line 1541, in _call_impl
[rank40]:     return forward_call(*args, **kwargs)
[rank40]:            ^^^^^^^^^^^^^^^^^^^^^^^^^^^^^
[rank40]:   File "/tmp/torch_geometric.nn.sequential_89b6df_56gpvs1i.py", line 17, in forward
[rank40]:     x, pos = self.module_0(x, pos, edge_index, edge_attr)
[rank40]:              ^^^^^^^^^^^^^^^^^^^^^^^^^^^^^^^^^^^^^^^^^^^^
[rank40]:   File "/lustre/orion/cph161/world-shared/mlupopa/max_conda_envs_frontier/envs/hydragnn_rocm600/lib/python3.11/site-packages/torch/nn/modules/module.py", line 1532, in _wrapped_call_impl
[rank40]:     return self._call_impl(*args, **kwargs)
[rank40]:            ^^^^^^^^^^^^^^^^^^^^^^^^^^^^^^^^
[rank40]:   File "/lustre/orion/cph161/world-shared/mlupopa/max_conda_envs_frontier/envs/hydragnn_rocm600/lib/python3.11/site-packages/torch/nn/modules/module.py", line 1541, in _call_impl
[rank40]:     return forward_call(*args, **kwargs)
[rank40]:            ^^^^^^^^^^^^^^^^^^^^^^^^^^^^^
[rank40]:   File "/lustre/orion/lrn031/scratch/zye327/HydraGNN_ds/hydragnn/models/EGCLStack.py", line 229, in forward
[rank40]:     edge_feat = self.edge_model(x[row], x[col], radial, edge_attr)
[rank40]:                 ^^^^^^^^^^^^^^^^^^^^^^^^^^^^^^^^^^^^^^^^^^^^^^^^^^
[rank40]:   File "/lustre/orion/lrn031/scratch/zye327/HydraGNN_ds/hydragnn/models/EGCLStack.py", line 186, in edge_model
[rank40]:     out = self.edge_mlp(out)
[rank40]:           ^^^^^^^^^^^^^^^^^^
[rank40]:   File "/lustre/orion/cph161/world-shared/mlupopa/max_conda_envs_frontier/envs/hydragnn_rocm600/lib/python3.11/site-packages/torch/nn/modules/module.py", line 1532, in _wrapped_call_impl
[rank40]:     return self._call_impl(*args, **kwargs)
[rank40]:            ^^^^^^^^^^^^^^^^^^^^^^^^^^^^^^^^
[rank40]:   File "/lustre/orion/cph161/world-shared/mlupopa/max_conda_envs_frontier/envs/hydragnn_rocm600/lib/python3.11/site-packages/torch/nn/modules/module.py", line 1541, in _call_impl
[rank40]:     return forward_call(*args, **kwargs)
[rank40]:            ^^^^^^^^^^^^^^^^^^^^^^^^^^^^^
[rank40]:   File "/lustre/orion/cph161/world-shared/mlupopa/max_conda_envs_frontier/envs/hydragnn_rocm600/lib/python3.11/site-packages/torch/nn/modules/container.py", line 217, in forward
[rank40]:     input = module(input)
[rank40]:             ^^^^^^^^^^^^^
[rank40]:   File "/lustre/orion/cph161/world-shared/mlupopa/max_conda_envs_frontier/envs/hydragnn_rocm600/lib/python3.11/site-packages/torch/nn/modules/module.py", line 1532, in _wrapped_call_impl
[rank40]:     return self._call_impl(*args, **kwargs)
[rank40]:            ^^^^^^^^^^^^^^^^^^^^^^^^^^^^^^^^
[rank40]:   File "/lustre/orion/cph161/world-shared/mlupopa/max_conda_envs_frontier/envs/hydragnn_rocm600/lib/python3.11/site-packages/torch/nn/modules/module.py", line 1541, in _call_impl
[rank40]:     return forward_call(*args, **kwargs)
[rank40]:            ^^^^^^^^^^^^^^^^^^^^^^^^^^^^^
[rank40]:   File "/lustre/orion/cph161/world-shared/mlupopa/max_conda_envs_frontier/envs/hydragnn_rocm600/lib/python3.11/site-packages/torch/nn/modules/activation.py", line 103, in forward
[rank40]:     return F.relu(input, inplace=self.inplace)
[rank40]:            ^^^^^^^^^^^^^^^^^^^^^^^^^^^^^^^^^^^
[rank40]:   File "/lustre/orion/cph161/world-shared/mlupopa/max_conda_envs_frontier/envs/hydragnn_rocm600/lib/python3.11/site-packages/torch/nn/functional.py", line 1500, in relu
[rank40]:     result = torch.relu(input)
[rank40]:              ^^^^^^^^^^^^^^^^^
[rank40]: torch.cuda.OutOfMemoryError: HIP out of memory. Tried to allocate 21.25 GiB. GPU 
[rank30]: Traceback (most recent call last):
[rank30]:   File "/lustre/orion/lrn031/scratch/zye327/HydraGNN_ds/./examples/multidataset/train_deepspeed_exportmem.py", line 419, in <module>
[rank30]:     hydragnn.train.train_validate_test(
[rank30]:   File "/lustre/orion/lrn031/scratch/zye327/HydraGNN_ds/hydragnn/train/train_validate_test.py", line 158, in train_validate_test
[rank30]:     train_loss, train_taskserr = train(
[rank30]:                                  ^^^^^^
[rank30]:   File "/lustre/orion/lrn031/scratch/zye327/HydraGNN_ds/hydragnn/train/train_validate_test.py", line 495, in train
[rank30]:     pred = model(data)
[rank30]:            ^^^^^^^^^^^
[rank30]:   File "/lustre/orion/cph161/world-shared/mlupopa/max_conda_envs_frontier/envs/hydragnn_rocm600/lib/python3.11/site-packages/torch/nn/modules/module.py", line 1532, in _wrapped_call_impl
[rank30]:     return self._call_impl(*args, **kwargs)
[rank30]:            ^^^^^^^^^^^^^^^^^^^^^^^^^^^^^^^^
[rank30]:   File "/lustre/orion/cph161/world-shared/mlupopa/max_conda_envs_frontier/envs/hydragnn_rocm600/lib/python3.11/site-packages/torch/nn/modules/module.py", line 1541, in _call_impl
[rank30]:     return forward_call(*args, **kwargs)
[rank30]:            ^^^^^^^^^^^^^^^^^^^^^^^^^^^^^
[rank30]:   File "/ccs/home/zye327/.local/lib/python3.11/site-packages/deepspeed/utils/nvtx.py", line 15, in wrapped_fn
[rank30]:     ret_val = func(*args, **kwargs)
[rank30]:               ^^^^^^^^^^^^^^^^^^^^^
[rank30]:   File "/ccs/home/zye327/.local/lib/python3.11/site-packages/deepspeed/runtime/engine.py", line 1846, in forward
[rank30]:     loss = self.module(*inputs, **kwargs)
[rank30]:            ^^^^^^^^^^^^^^^^^^^^^^^^^^^^^^
[rank30]:   File "/lustre/orion/cph161/world-shared/mlupopa/max_conda_envs_frontier/envs/hydragnn_rocm600/lib/python3.11/site-packages/torch/nn/modules/module.py", line 1532, in _wrapped_call_impl
[rank30]:     return self._call_impl(*args, **kwargs)
[rank30]:            ^^^^^^^^^^^^^^^^^^^^^^^^^^^^^^^^
[rank30]:   File "/lustre/orion/cph161/world-shared/mlupopa/max_conda_envs_frontier/envs/hydragnn_rocm600/lib/python3.11/site-packages/torch/nn/modules/module.py", line 1541, in _call_impl
[rank30]:     return forward_call(*args, **kwargs)
[rank30]:            ^^^^^^^^^^^^^^^^^^^^^^^^^^^^^
[rank30]:   File "/lustre/orion/lrn031/scratch/zye327/HydraGNN_ds/hydragnn/models/Base.py", line 297, in forward
[rank30]:     c, pos = conv(x=x, pos=pos, **conv_args)
[rank30]:              ^^^^^^^^^^^^^^^^^^^^^^^^^^^^^^^
[rank30]:   File "/lustre/orion/cph161/world-shared/mlupopa/max_conda_envs_frontier/envs/hydragnn_rocm600/lib/python3.11/site-packages/torch/nn/modules/module.py", line 1532, in _wrapped_call_impl
[rank30]:     return self._call_impl(*args, **kwargs)
[rank30]:            ^^^^^^^^^^^^^^^^^^^^^^^^^^^^^^^^
[rank30]:   File "/lustre/orion/cph161/world-shared/mlupopa/max_conda_envs_frontier/envs/hydragnn_rocm600/lib/python3.11/site-packages/torch/nn/modules/module.py", line 1541, in _call_impl
[rank30]:     return forward_call(*args, **kwargs)
[rank30]:            ^^^^^^^^^^^^^^^^^^^^^^^^^^^^^
[rank30]:   File "/tmp/torch_geometric.nn.sequential_b4c3a8_isbrg50a.py", line 17, in forward
[rank30]:     x, pos = self.module_0(x, pos, edge_index, edge_attr)
[rank30]:              ^^^^^^^^^^^^^^^^^^^^^^^^^^^^^^^^^^^^^^^^^^^^
[rank30]:   File "/lustre/orion/cph161/world-shared/mlupopa/max_conda_envs_frontier/envs/hydragnn_rocm600/lib/python3.11/site-packages/torch/nn/modules/module.py", line 1532, in _wrapped_call_impl
[rank30]:     return self._call_impl(*args, **kwargs)
[rank30]:            ^^^^^^^^^^^^^^^^^^^^^^^^^^^^^^^^
[rank30]:   File "/lustre/orion/cph161/world-shared/mlupopa/max_conda_envs_frontier/envs/hydragnn_rocm600/lib/python3.11/site-packages/torch/nn/modules/module.py", line 1541, in _call_impl
[rank30]:     return forward_call(*args, **kwargs)
[rank30]:            ^^^^^^^^^^^^^^^^^^^^^^^^^^^^^
[rank30]:   File "/lustre/orion/lrn031/scratch/zye327/HydraGNN_ds/hydragnn/models/EGCLStack.py", line 229, in forward
[rank30]:     edge_feat = self.edge_model(x[row], x[col], radial, edge_attr)
[rank30]:                 ^^^^^^^^^^^^^^^^^^^^^^^^^^^^^^^^^^^^^^^^^^^^^^^^^^
[rank30]:   File "/lustre/orion/lrn031/scratch/zye327/HydraGNN_ds/hydragnn/models/EGCLStack.py", line 186, in edge_model
[rank30]:     out = self.edge_mlp(out)
[rank30]:           ^^^^^^^^^^^^^^^^^^
[rank30]:   File "/lustre/orion/cph161/world-shared/mlupopa/max_conda_envs_frontier/envs/hydragnn_rocm600/lib/python3.11/site-packages/torch/nn/modules/module.py", line 1532, in _wrapped_call_impl
[rank30]:     return self._call_impl(*args, **kwargs)
[rank30]:            ^^^^^^^^^^^^^^^^^^^^^^^^^^^^^^^^
[rank30]:   File "/lustre/orion/cph161/world-shared/mlupopa/max_conda_envs_frontier/envs/hydragnn_rocm600/lib/python3.11/site-packages/torch/nn/modules/module.py", line 1541, in _call_impl
[rank30]:     return forward_call(*args, **kwargs)
[rank30]:            ^^^^^^^^^^^^^^^^^^^^^^^^^^^^^
[rank30]:   File "/lustre/orion/cph161/world-shared/mlupopa/max_conda_envs_frontier/envs/hydragnn_rocm600/lib/python3.11/site-packages/torch/nn/modules/container.py", line 217, in forward
[rank30]:     input = module(input)
[rank30]:             ^^^^^^^^^^^^^
[rank30]:   File "/lustre/orion/cph161/world-shared/mlupopa/max_conda_envs_frontier/envs/hydragnn_rocm600/lib/python3.11/site-packages/torch/nn/modules/module.py", line 1532, in _wrapped_call_impl
[rank30]:     return self._call_impl(*args, **kwargs)
[rank30]:            ^^^^^^^^^^^^^^^^^^^^^^^^^^^^^^^^
[rank30]:   File "/lustre/orion/cph161/world-shared/mlupopa/max_conda_envs_frontier/envs/hydragnn_rocm600/lib/python3.11/site-packages/torch/nn/modules/module.py", line 1541, in _call_impl
[rank30]:     return forward_call(*args, **kwargs)
[rank30]:            ^^^^^^^^^^^^^^^^^^^^^^^^^^^^^
[rank30]:   File "/lustre/orion/cph161/world-shared/mlupopa/max_conda_envs_frontier/envs/hydragnn_rocm600/lib/python3.11/site-packages/torch/nn/modules/activation.py", line 103, in forward
[rank30]:     return F.relu(input, inplace=self.inplace)
[rank30]:            ^^^^^^^^^^^^^^^^^^^^^^^^^^^^^^^^^^^
[rank30]:   File "/lustre/orion/cph161/world-shared/mlupopa/max_conda_envs_frontier/envs/hydragnn_rocm600/lib/python3.11/site-packages/torch/nn/functional.py", line 1500, in relu
[rank30]:     result = torch.relu(input)
[rank30]:              ^^^^^^^^^^^^^^^^^
[rank30]: torch.cuda.OutOfMemoryError: HIP out of memory. Tried to allocate 20.42 GiB. GPU  has a total capacity of 63.98 GiB of which 18.15 GiB is free. Of the allocated memory 45.34 GiB is allocated by PyTorch, and 32.79 MiB is reserved by PyTorch but unallocated. If reserved but unallocated memory is large try setting PYTORCH_HIP_ALLOC_CONF=expandable_segments:True to avoid fragmentation.  See documentation for Memory Management  (https://pytorch.org/docs/stable/notes/cuda.html#environment-variables)
[rank7]: Traceback (most recent call last):
[rank7]:   File "/lustre/orion/lrn031/scratch/zye327/HydraGNN_ds/./examples/multidataset/train_deepspeed_exportmem.py", line 419, in <module>
[rank7]:     hydragnn.train.train_validate_test(
[rank7]:   File "/lustre/orion/lrn031/scratch/zye327/HydraGNN_ds/hydragnn/train/train_validate_test.py", line 158, in train_validate_test
[rank7]:     train_loss, train_taskserr = train(
[rank7]:                                  ^^^^^^
[rank7]:   File "/lustre/orion/lrn031/scratch/zye327/HydraGNN_ds/hydragnn/train/train_validate_test.py", line 495, in train
[rank7]:     pred = model(data)
[rank7]:            ^^^^^^^^^^^
[rank7]:   File "/lustre/orion/cph161/world-shared/mlupopa/max_conda_envs_frontier/envs/hydragnn_rocm600/lib/python3.11/site-packages/torch/nn/modules/module.py", line 1532, in _wrapped_call_impl
[rank7]:     return self._call_impl(*args, **kwargs)
[rank7]:            ^^^^^^^^^^^^^^^^^^^^^^^^^^^^^^^^
[rank7]:   File "/lustre/orion/cph161/world-shared/mlupopa/max_conda_envs_frontier/envs/hydragnn_rocm600/lib/python3.11/site-packages/torch/nn/modules/module.py", line 1541, in _call_impl
[rank7]:     return forward_call(*args, **kwargs)
[rank7]:            ^^^^^^^^^^^^^^^^^^^^^^^^^^^^^
[rank7]:   File "/ccs/home/zye327/.local/lib/python3.11/site-packages/deepspeed/utils/nvtx.py", line 15, in wrapped_fn
[rank7]:     ret_val = func(*args, **kwargs)
[rank7]:               ^^^^^^^^^^^^^^^^^^^^^
[rank7]:   File "/ccs/home/zye327/.local/lib/python3.11/site-packages/deepspeed/runtime/engine.py", line 1846, in forward
[rank7]:     loss = self.module(*inputs, **kwargs)
[rank7]:            ^^^^^^^^^^^^^^^^^^^^^^^^^^^^^^
[rank7]:   File "/lustre/orion/cph161/world-shared/mlupopa/max_conda_envs_frontier/envs/hydragnn_rocm600/lib/python3.11/site-packages/torch/nn/modules/module.py", line 1532, in _wrapped_call_impl
[rank7]:     return self._call_impl(*args, **kwargs)
[rank7]:            ^^^^^^^^^^^^^^^^^^^^^^^^^^^^^^^^
[rank7]:   File "/lustre/orion/cph161/world-shared/mlupopa/max_conda_envs_frontier/envs/hydragnn_rocm600/lib/python3.11/site-packages/torch/nn/modules/module.py", line 1541, in _call_impl
[rank7]:     return forward_call(*args, **kwargs)
[rank7]:            ^^^^^^^^^^^^^^^^^^^^^^^^^^^^^
[rank7]:   File "/lustre/orion/lrn031/scratch/zye327/HydraGNN_ds/hydragnn/models/Base.py", line 297, in forward
[rank7]:     c, pos = conv(x=x, pos=pos, **conv_args)
[rank7]:              ^^^^^^^^^^^^^^^^^^^^^^^^^^^^^^^
[rank7]:   File "/lustre/orion/cph161/world-shared/mlupopa/max_conda_envs_frontier/envs/hydragnn_rocm600/lib/python3.11/site-packages/torch/nn/modules/module.py", line 1532, in _wrapped_call_impl
[rank7]:     return self._call_impl(*args, **kwargs)
[rank7]:            ^^^^^^^^^^^^^^^^^^^^^^^^^^^^^^^^
[rank7]:   File "/lustre/orion/cph161/world-shared/mlupopa/max_conda_envs_frontier/envs/hydragnn_rocm600/lib/python3.11/site-packages/torch/nn/modules/module.py", line 1541, in _call_impl
[rank7]:     return forward_call(*args, **kwargs)
[rank7]:            ^^^^^^^^^^^^^^^^^^^^^^^^^^^^^
[rank7]:   File "/tmp/torch_geometric.nn.sequential_e0ae35_pxlqosgi.py", line 17, in forward
[rank7]:     x, pos = self.module_0(x, pos, edge_index, edge_attr)
[rank7]:              ^^^^^^^^^^^^^^^^^^^^^^^^^^^^^^^^^^^^^^^^^^^^
[rank7]:   File "/lustre/orion/cph161/world-shared/mlupopa/max_conda_envs_frontier/envs/hydragnn_rocm600/lib/python3.11/site-packages/torch/nn/modules/module.py", line 1532, in _wrapped_call_impl
[rank7]:     return self._call_impl(*args, **kwargs)
[rank7]:            ^^^^^^^^^^^^^^^^^^^^^^^^^^^^^^^^
[rank7]:   File "/lustre/orion/cph161/world-shared/mlupopa/max_conda_envs_frontier/envs/hydragnn_rocm600/lib/python3.11/site-packages/torch/nn/modules/module.py", line 1541, in _call_impl
[rank7]:     return forward_call(*args, **kwargs)
[rank7]:            ^^^^^^^^^^^^^^^^^^^^^^^^^^^^^
[rank7]:   File "/lustre/orion/lrn031/scratch/zye327/HydraGNN_ds/hydragnn/models/EGCLStack.py", line 229, in forward
[rank7]:     edge_feat = self.edge_model(x[row], x[col], radial, edge_attr)
[rank7]:                 ^^^^^^^^^^^^^^^^^^^^^^^^^^^^^^^^^^^^^^^^^^^^^^^^^^
[rank7]:   File "/lustre/orion/lrn031/scratch/zye327/HydraGNN_ds/hydragnn/models/EGCLStack.py", line 186, in edge_model
[rank7]:     out = self.edge_mlp(out)
[rank7]:           ^^^^^^^^^^^^^^^^^^
[rank7]:   File "/lustre/orion/cph161/world-shared/mlupopa/max_conda_envs_frontier/envs/hydragnn_rocm600/lib/python3.11/site-packages/torch/nn/modules/module.py", line 1532, in _wrapped_call_impl
[rank7]:     return self._call_impl(*args, **kwargs)
[rank7]:            ^^^^^^^^^^^^^^^^^^^^^^^^^^^^^^^^
[rank7]:   File "/lustre/orion/cph161/world-shared/mlupopa/max_conda_envs_frontier/envs/hydragnn_rocm600/lib/python3.11/site-packages/torch/nn/modules/module.py", line 1541, in _call_impl
[rank7]:     return forward_call(*args, **kwargs)
[rank7]:            ^^^^^^^^^^^^^^^^^^^^^^^^^^^^^
[rank7]:   File "/lustre/orion/cph161/world-shared/mlupopa/max_conda_envs_frontier/envs/hydragnn_rocm600/lib/python3.11/site-packages/torch/nn/modules/container.py", line 217, in forward
[rank7]:     input = module(input)
[rank7]:             ^^^^^^^^^^^^^
[rank7]:   File "/lustre/orion/cph161/world-shared/mlupopa/max_conda_envs_frontier/envs/hydragnn_rocm600/lib/python3.11/site-packages/torch/nn/modules/module.py", line 1532, in _wrapped_call_impl
[rank7]:     return self._call_impl(*args, **kwargs)
[rank7]:            ^^^^^^^^^^^^^^^^^^^^^^^^^^^^^^^^
[rank7]:   File "/lustre/orion/cph161/world-shared/mlupopa/max_conda_envs_frontier/envs/hydragnn_rocm600/lib/python3.11/site-packages/torch/nn/modules/module.py", line 1541, in _call_impl
[rank7]:     return forward_call(*args, **kwargs)
[rank7]:            ^^^^^^^^^^^^^^^^^^^^^^^^^^^^^
[rank7]:   File "/lustre/orion/cph161/world-shared/mlupopa/max_conda_envs_frontier/envs/hydragnn_rocm600/lib/python3.11/site-packages/torch/nn/modules/activation.py", line 103, in forward
[rank7]:     return F.relu(input, inplace=self.inplace)
[rank7]:            ^^^^^^^^^^^^^^^^^^^^^^^^^^^^^^^^^^^
[rank7]:   File "/lustre/orion/cph161/world-shared/mlupopa/max_conda_envs_frontier/envs/hydragnn_rocm600/lib/python3.11/site-packages/torch/nn/functional.py", line 1500, in relu
[rank7]:     result = torch.relu(input)
[rank7]:              ^^^^^^^^^^^^^^^^^
[rank7]: torch.cuda.OutOfMemoryError: HIP out of memory. Tried to allocate 21.20 GiB. GPU  has a total capacity of 63.98 GiB of which 16.59 GiB is free. Of the allocated memory 46.91 GiB is allocated by PyTorch, and 24.71 MiB is reserved by PyTorch but unallocated. If reserved but unallocated memory is large try setting PYTORCH_HIP_ALLOC_CONF=expandable_segments:True to avoid fragmentation.  See documentation for Memory Management  (https://pytorch.org/docs/stable/notes/cuda.html#environment-variables)
[rank37]: Traceback (most recent call last):
[rank37]:   File "/lustre/orion/lrn031/scratch/zye327/HydraGNN_ds/./examples/multidataset/train_deepspeed_exportmem.py", line 419, in <module>
[rank37]:     hydragnn.train.train_validate_test(
[rank37]:   File "/lustre/orion/lrn031/scratch/zye327/HydraGNN_ds/hydragnn/train/train_validate_test.py", line 158, in train_validate_test
[rank37]:     train_loss, train_taskserr = train(
[rank37]:                                  ^^^^^^
[rank37]:   File "/lustre/orion/lrn031/scratch/zye327/HydraGNN_ds/hydragnn/train/train_validate_test.py", line 495, in train
[rank37]:     pred = model(data)
[rank37]:            ^^^^^^^^^^^
[rank37]:   File "/lustre/orion/cph161/world-shared/mlupopa/max_conda_envs_frontier/envs/hydragnn_rocm600/lib/python3.11/site-packages/torch/nn/modules/module.py", line 1532, in _wrapped_call_impl
[rank37]:     return self._call_impl(*args, **kwargs)
[rank37]:            ^^^^^^^^^^^^^^^^^^^^^^^^^^^^^^^^
[rank37]:   File "/lustre/orion/cph161/world-shared/mlupopa/max_conda_envs_frontier/envs/hydragnn_rocm600/lib/python3.11/site-packages/torch/nn/modules/module.py", line 1541, in _call_impl
[rank37]:     return forward_call(*args, **kwargs)
[rank37]:            ^^^^^^^^^^^^^^^^^^^^^^^^^^^^^
[rank37]:   File "/ccs/home/zye327/.local/lib/python3.11/site-packages/deepspeed/utils/nvtx.py", line 15, in wrapped_fn
[rank37]:     ret_val = func(*args, **kwargs)
[rank37]:               ^^^^^^^^^^^^^^^^^^^^^
[rank37]:   File "/ccs/home/zye327/.local/lib/python3.11/site-packages/deepspeed/runtime/engine.py", line 1846, in forward
[rank37]:     loss = self.module(*inputs, **kwargs)
[rank37]:            ^^^^^^^^^^^^^^^^^^^^^^^^^^^^^^
[rank37]:   File "/lustre/orion/cph161/world-shared/mlupopa/max_conda_envs_frontier/envs/hydragnn_rocm600/lib/python3.11/site-packages/torch/nn/modules/module.py", line 1532, in _wrapped_call_impl
[rank37]:     return self._call_impl(*args, **kwargs)
[rank37]:            ^^^^^^^^^^^^^^^^^^^^^^^^^^^^^^^^
[rank37]:   File "/lustre/orion/cph161/world-shared/mlupopa/max_conda_envs_frontier/envs/hydragnn_rocm600/lib/python3.11/site-packages/torch/nn/modules/module.py", line 1541, in _call_impl
[rank37]:     return forward_call(*args, **kwargs)
[rank37]:            ^^^^^^^^^^^^^^^^^^^^^^^^^^^^^
[rank37]:   File "/lustre/orion/lrn031/scratch/zye327/HydraGNN_ds/hydragnn/models/Base.py", line 297, in forward
[rank37]:     c, pos = conv(x=x, pos=pos, **conv_args)
[rank37]:              ^^^^^^^^^^^^^^^^^^^^^^^^^^^^^^^
[rank37]:   File "/lustre/orion/cph161/world-shared/mlupopa/max_conda_envs_frontier/envs/hydragnn_rocm600/lib/python3.11/site-packages/torch/nn/modules/module.py", line 1532, in _wrapped_call_impl
[rank37]:     return self._call_impl(*args, **kwargs)
[rank37]:            ^^^^^^^^^^^^^^^^^^^^^^^^^^^^^^^^
[rank37]:   File "/lustre/orion/cph161/world-shared/mlupopa/max_conda_envs_frontier/envs/hydragnn_rocm600/lib/python3.11/site-packages/torch/nn/modules/module.py", line 1541, in _call_impl
[rank37]:     return forward_call(*args, **kwargs)
[rank37]:            ^^^^^^^^^^^^^^^^^^^^^^^^^^^^^
[rank37]:   File "/tmp/torch_geometric.nn.sequential_3cb37c_w2t3iz5_.py", line 17, in forward
[rank37]:     x, pos = self.module_0(x, pos, edge_index, edge_attr)
[rank37]:              ^^^^^^^^^^^^^^^^^^^^^^^^^^^^^^^^^^^^^^^^^^^^
[rank37]:   File "/lustre/orion/cph161/world-shared/mlupopa/max_conda_envs_frontier/envs/hydragnn_rocm600/lib/python3.11/site-packages/torch/nn/modules/module.py", line 1532, in _wrapped_call_impl
[rank37]:     return self._call_impl(*args, **kwargs)
[rank37]:            ^^^^^^^^^^^^^^^^^^^^^^^^^^^^^^^^
[rank37]:   File "/lustre/orion/cph161/world-shared/mlupopa/max_conda_envs_frontier/envs/hydragnn_rocm600/lib/python3.11/site-packages/torch/nn/modules/module.py", line 1541, in _call_impl
[rank37]:     return forward_call(*args, **kwargs)
[rank37]:            ^^^^^^^^^^^^^^^^^^^^^^^^^^^^^
[rank37]:   File "/lustre/orion/lrn031/scratch/zye327/HydraGNN_ds/hydragnn/models/EGCLStack.py", line 229, in forward
[rank37]:     edge_feat = self.edge_model(x[row], x[col], radial, edge_attr)
[rank37]:                 ^^^^^^^^^^^^^^^^^^^^^^^^^^^^^^^^^^^^^^^^^^^^^^^^^^
[rank37]:   File "/lustre/orion/lrn031/scratch/zye327/HydraGNN_ds/hydragnn/models/EGCLStack.py", line 186, in edge_model
[rank37]:     out = self.edge_mlp(out)
[rank37]:           ^^^^^^^^^^^^^^^^^^
[rank37]:   File "/lustre/orion/cph161/world-shared/mlupopa/max_conda_envs_frontier/envs/hydragnn_rocm600/lib/python3.11/site-packages/torch/nn/modules/module.py", line 1532, in _wrapped_call_impl
[rank37]:     return self._call_impl(*args, **kwargs)
[rank37]:            ^^^^^^^^^^^^^^^^^^^^^^^^^^^^^^^^
[rank37]:   File "/lustre/orion/cph161/world-shared/mlupopa/max_conda_envs_frontier/envs/hydragnn_rocm600/lib/python3.11/site-packages/torch/nn/modules/module.py", line 1541, in _call_impl
[rank37]:     return forward_call(*args, **kwargs)
[rank37]:            ^^^^^^^^^^^^^^^^^^^^^^^^^^^^^
[rank37]:   File "/lustre/orion/cph161/world-shared/mlupopa/max_conda_envs_frontier/envs/hydragnn_rocm600/lib/python3.11/site-packages/torch/nn/modules/container.py", line 217, in forward
[rank37]:     input = module(input)
[rank37]:             ^^^^^^^^^^^^^
[rank37]:   File "/lustre/orion/cph161/world-shared/mlupopa/max_conda_envs_frontier/envs/hydragnn_rocm600/lib/python3.11/site-packages/torch/nn/modules/module.py", line 1532, in _wrapped_call_impl
[rank37]:     return self._call_impl(*args, **kwargs)
[rank37]:            ^^^^^^^^^^^^^^^^^^^^^^^^^^^^^^^^
[rank37]:   File "/lustre/orion/cph161/world-shared/mlupopa/max_conda_envs_frontier/envs/hydragnn_rocm600/lib/python3.11/site-packages/torch/nn/modules/module.py", line 1541, in _call_impl
[rank37]:     return forward_call(*args, **kwargs)
[rank37]:            ^^^^^^^^^^^^^^^^^^^^^^^^^^^^^
[rank37]:   File "/lustre/orion/cph161/world-shared/mlupopa/max_conda_envs_frontier/envs/hydragnn_rocm600/lib/python3.11/site-packages/torch/nn/modules/activation.py", line 103, in forward
[rank37]:     return F.relu(input, inplace=self.inplace)
[rank37]:            ^^^^^^^^^^^^^^^^^^^^^^^^^^^^^^^^^^^
[rank37]:   File "/lustre/orion/cph161/world-shared/mlupopa/max_conda_envs_frontier/envs/hydragnn_rocm600/lib/python3.11/site-packages/torch/nn/functional.py", line 1500, in relu
[rank37]:     result = torch.relu(input)
[rank37]:              ^^^^^^^^^^^^^^^^^
[rank37]: torch.cuda.OutOfMemoryError: HIP out of memory. Tried to allocate 20.48 GiB. GPU  has a total capacity of 63.98 GiB of which 18.03 GiB is free. Of the allocated memory 45.46 GiB is allocated by PyTorch, and 30.14 MiB is reserved by PyTorch but unallocated. If reserved but unallocated memory is large try setting PYTORCH_HIP_ALLOC_CONF=expandable_segments:True to avoid fragmentation.  See documentation for Memory Management  (https://pytorch.org/docs/stable/notes/cuda.html#environment-variables)
[rank11]: Traceback (most recent call last):
[rank11]:   File "/lustre/orion/lrn031/scratch/zye327/HydraGNN_ds/./examples/multidataset/train_deepspeed_exportmem.py", line 419, in <module>
[rank11]:     hydragnn.train.train_validate_test(
[rank11]:   File "/lustre/orion/lrn031/scratch/zye327/HydraGNN_ds/hydragnn/train/train_validate_test.py", line 158, in train_validate_test
[rank11]:     train_loss, train_taskserr = train(
[rank11]:                                  ^^^^^^
[rank11]:   File "/lustre/orion/lrn031/scratch/zye327/HydraGNN_ds/hydragnn/train/train_validate_test.py", line 495, in train
[rank11]:     pred = model(data)
[rank11]:            ^^^^^^^^^^^
[rank11]:   File "/lustre/orion/cph161/world-shared/mlupopa/max_conda_envs_frontier/envs/hydragnn_rocm600/lib/python3.11/site-packages/torch/nn/modules/module.py", line 1532, in _wrapped_call_impl
[rank11]:     return self._call_impl(*args, **kwargs)
[rank11]:            ^^^^^^^^^^^^^^^^^^^^^^^^^^^^^^^^
[rank11]:   File "/lustre/orion/cph161/world-shared/mlupopa/max_conda_envs_frontier/envs/hydragnn_rocm600/lib/python3.11/site-packages/torch/nn/modules/module.py", line 1541, in _call_impl
[rank11]:     return forward_call(*args, **kwargs)
[rank11]:            ^^^^^^^^^^^^^^^^^^^^^^^^^^^^^
[rank11]:   File "/ccs/home/zye327/.local/lib/python3.11/site-packages/deepspeed/utils/nvtx.py", line 15, in wrapped_fn
[rank11]:     ret_val = func(*args, **kwargs)
[rank11]:               ^^^^^^^^^^^^^^^^^^^^^
[rank11]:   File "/ccs/home/zye327/.local/lib/python3.11/site-packages/deepspeed/runtime/engine.py", line 1846, in forward
[rank11]:     loss = self.module(*inputs, **kwargs)
[rank11]:            ^^^^^^^^^^^^^^^^^^^^^^^^^^^^^^
[rank11]:   File "/lustre/orion/cph161/world-shared/mlupopa/max_conda_envs_frontier/envs/hydragnn_rocm600/lib/python3.11/site-packages/torch/nn/modules/module.py", line 1532, in _wrapped_call_impl
[rank11]:     return self._call_impl(*args, **kwargs)
[rank11]:            ^^^^^^^^^^^^^^^^^^^^^^^^^^^^^^^^
[rank11]:   File "/lustre/orion/cph161/world-shared/mlupopa/max_conda_envs_frontier/envs/hydragnn_rocm600/lib/python3.11/site-packages/torch/nn/modules/module.py", line 1541, in _call_impl
[rank11]:     return forward_call(*args, **kwargs)
[rank11]:            ^^^^^^^^^^^^^^^^^^^^^^^^^^^^^
[rank11]:   File "/lustre/orion/lrn031/scratch/zye327/HydraGNN_ds/hydragnn/models/Base.py", line 297, in forward
[rank11]:     c, pos = conv(x=x, pos=pos, **conv_args)
[rank11]:              ^^^^^^^^^^^^^^^^^^^^^^^^^^^^^^^
[rank11]:   File "/lustre/orion/cph161/world-shared/mlupopa/max_conda_envs_frontier/envs/hydragnn_rocm600/lib/python3.11/site-packages/torch/nn/modules/module.py", line 1532, in _wrapped_call_impl
[rank11]:     return self._call_impl(*args, **kwargs)
[rank11]:            ^^^^^^^^^^^^^^^^^^^^^^^^^^^^^^^^
[rank11]:   File "/lustre/orion/cph161/world-shared/mlupopa/max_conda_envs_frontier/envs/hydragnn_rocm600/lib/python3.11/site-packages/torch/nn/modules/module.py", line 1541, in _call_impl
[rank11]:     return forward_call(*args, **kwargs)
[rank11]:            ^^^^^^^^^^^^^^^^^^^^^^^^^^^^^
[rank11]:   File "/tmp/torch_geometric.nn.sequential_6c5290_ba5qdckg.py", line 17, in forward
[rank11]:     x, pos = self.module_0(x, pos, edge_index, edge_attr)
[rank11]:              ^^^^^^^^^^^^^^^^^^^^^^^^^^^^^^^^^^^^^^^^^^^^
[rank11]:   File "/lustre/orion/cph161/world-shared/mlupopa/max_conda_envs_frontier/envs/hydragnn_rocm600/lib/python3.11/site-packages/torch/nn/modules/module.py", line 1532, in _wrapped_call_impl
[rank11]:     return self._call_impl(*args, **kwargs)
[rank11]:            ^^^^^^^^^^^^^^^^^^^^^^^^^^^^^^^^
[rank11]:   File "/lustre/orion/cph161/world-shared/mlupopa/max_conda_envs_frontier/envs/hydragnn_rocm600/lib/python3.11/site-packages/torch/nn/modules/module.py", line 1541, in _call_impl
[rank11]:     return forward_call(*args, **kwargs)
[rank11]:            ^^^^^^^^^^^^^^^^^^^^^^^^^^^^^
[rank11]:   File "/lustre/orion/lrn031/scratch/zye327/HydraGNN_ds/hydragnn/models/EGCLStack.py", line 229, in forward
[rank11]:     edge_feat = self.edge_model(x[row], x[col], radial, edge_attr)
[rank11]:                 ^^^^^^^^^^^^^^^^^^^^^^^^^^^^^^^^^^^^^^^^^^^^^^^^^^
[rank11]:   File "/lustre/orion/lrn031/scratch/zye327/HydraGNN_ds/hydragnn/models/EGCLStack.py", line 186, in edge_model
[rank11]:     out = self.edge_mlp(out)
[rank11]:           ^^^^^^^^^^^^^^^^^^
[rank11]:   File "/lustre/orion/cph161/world-shared/mlupopa/max_conda_envs_frontier/envs/hydragnn_rocm600/lib/python3.11/site-packages/torch/nn/modules/module.py", line 1532, in _wrapped_call_impl
[rank11]:     return self._call_impl(*args, **kwargs)
[rank11]:            ^^^^^^^^^^^^^^^^^^^^^^^^^^^^^^^^
[rank11]:   File "/lustre/orion/cph161/world-shared/mlupopa/max_conda_envs_frontier/envs/hydragnn_rocm600/lib/python3.11/site-packages/torch/nn/modules/module.py", line 1541, in _call_impl
[rank11]:     return forward_call(*args, **kwargs)
[rank11]:            ^^^^^^^^^^^^^^^^^^^^^^^^^^^^^
[rank11]:   File "/lustre/orion/cph161/world-shared/mlupopa/max_conda_envs_frontier/envs/hydragnn_rocm600/lib/python3.11/site-packages/torch/nn/modules/container.py", line 217, in forward
[rank11]:     input = module(input)
[rank11]:             ^^^^^^^^^^^^^
[rank11]:   File "/lustre/orion/cph161/world-shared/mlupopa/max_conda_envs_frontier/envs/hydragnn_rocm600/lib/python3.11/site-packages/torch/nn/modules/module.py", line 1532, in _wrapped_call_impl
[rank11]:     return self._call_impl(*args, **kwargs)
[rank11]:            ^^^^^^^^^^^^^^^^^^^^^^^^^^^^^^^^
[rank11]:   File "/lustre/orion/cph161/world-shared/mlupopa/max_conda_envs_frontier/envs/hydragnn_rocm600/lib/python3.11/site-packages/torch/nn/modules/module.py", line 1541, in _call_impl
[rank11]:     return forward_call(*args, **kwargs)
[rank11]:            ^^^^^^^^^^^^^^^^^^^^^^^^^^^^^
[rank11]:   File "/lustre/orion/cph161/world-shared/mlupopa/max_conda_envs_frontier/envs/hydragnn_rocm600/lib/python3.11/site-packages/torch/nn/modules/activation.py", line 103, in forward
[rank11]:     return F.relu(input, inplace=self.inplace)
[rank11]:            ^^^^^^^^^^^^^^^^^^^^^^^^^^^^^^^^^^^
[rank11]:   File "/lustre/orion/cph161/world-shared/mlupopa/max_conda_envs_frontier/envs/hydragnn_rocm600/lib/python3.11/site-packages/torch/nn/functional.py", line 1500, in relu
[rank11]:     result = torch.relu(input)
[rank11]:              ^^^^^^^^^^^^^^^^^
[rank11]: torch.cuda.OutOfMemoryError: HIP out of memory. Tried to allocate 20.58 GiB. GPU  has a total capacity of 63.98 GiB of which 17.83 GiB is free. Of the allocated memory 45.67 GiB is allocated by PyTorch, and 31.64 MiB is reserved by PyTorch but unallocated. If reserved but unallocated memory is large try setting PYTORCH_HIP_ALLOC_CONF=expandable_segments:True to avoid fragmentation.  See documentation for Memory Management  (https://pytorch.org/docs/stable/notes/cuda.html#environment-variables)
[rank33]: Traceback (most recent call last):
[rank33]:   File "/lustre/orion/lrn031/scratch/zye327/HydraGNN_ds/./examples/multidataset/train_deepspeed_exportmem.py", line 419, in <module>
[rank33]:     hydragnn.train.train_validate_test(
[rank33]:   File "/lustre/orion/lrn031/scratch/zye327/HydraGNN_ds/hydragnn/train/train_validate_test.py", line 158, in train_validate_test
[rank33]:     train_loss, train_taskserr = train(
[rank33]:                                  ^^^^^^
[rank33]:   File "/lustre/orion/lrn031/scratch/zye327/HydraGNN_ds/hydragnn/train/train_validate_test.py", line 495, in train
[rank33]:     pred = model(data)
[rank33]:            ^^^^^^^^^^^
[rank33]:   File "/lustre/orion/cph161/world-shared/mlupopa/max_conda_envs_frontier/envs/hydragnn_rocm600/lib/python3.11/site-packages/torch/nn/modules/module.py", line 1532, in _wrapped_call_impl
[rank33]:     return self._call_impl(*args, **kwargs)
[rank33]:            ^^^^^^^^^^^^^^^^^^^^^^^^^^^^^^^^
[rank33]:   File "/lustre/orion/cph161/world-shared/mlupopa/max_conda_envs_frontier/envs/hydragnn_rocm600/lib/python3.11/site-packages/torch/nn/modules/module.py", line 1541, in _call_impl
[rank33]:     return forward_call(*args, **kwargs)
[rank33]:            ^^^^^^^^^^^^^^^^^^^^^^^^^^^^^
[rank33]:   File "/ccs/home/zye327/.local/lib/python3.11/site-packages/deepspeed/utils/nvtx.py", line 15, in wrapped_fn
[rank33]:     ret_val = func(*args, **kwargs)
[rank33]:               ^^^^^^^^^^^^^^^^^^^^^
[rank33]:   File "/ccs/home/zye327/.local/lib/python3.11/site-packages/deepspeed/runtime/engine.py", line 1846, in forward
[rank33]:     loss = self.module(*inputs, **kwargs)
[rank33]:            ^^^^^^^^^^^^^^^^^^^^^^^^^^^^^^
[rank33]:   File "/lustre/orion/cph161/world-shared/mlupopa/max_conda_envs_frontier/envs/hydragnn_rocm600/lib/python3.11/site-packages/torch/nn/modules/module.py", line 1532, in _wrapped_call_impl
[rank33]:     return self._call_impl(*args, **kwargs)
[rank33]:            ^^^^^^^^^^^^^^^^^^^^^^^^^^^^^^^^
[rank33]:   File "/lustre/orion/cph161/world-shared/mlupopa/max_conda_envs_frontier/envs/hydragnn_rocm600/lib/python3.11/site-packages/torch/nn/modules/module.py", line 1541, in _call_impl
[rank33]:     return forward_call(*args, **kwargs)
[rank33]:            ^^^^^^^^^^^^^^^^^^^^^^^^^^^^^
[rank33]:   File "/lustre/orion/lrn031/scratch/zye327/HydraGNN_ds/hydragnn/models/Base.py", line 297, in forward
[rank33]:     c, pos = conv(x=x, pos=pos, **conv_args)
[rank33]:              ^^^^^^^^^^^^^^^^^^^^^^^^^^^^^^^
[rank33]:   File "/lustre/orion/cph161/world-shared/mlupopa/max_conda_envs_frontier/envs/hydragnn_rocm600/lib/python3.11/site-packages/torch/nn/modules/module.py", line 1532, in _wrapped_call_impl
[rank33]:     return self._call_impl(*args, **kwargs)
[rank33]:            ^^^^^^^^^^^^^^^^^^^^^^^^^^^^^^^^
[rank33]:   File "/lustre/orion/cph161/world-shared/mlupopa/max_conda_envs_frontier/envs/hydragnn_rocm600/lib/python3.11/site-packages/torch/nn/modules/module.py", line 1541, in _call_impl
[rank33]:     return forward_call(*args, **kwargs)
[rank33]:            ^^^^^^^^^^^^^^^^^^^^^^^^^^^^^
[rank33]:   File "/tmp/torch_geometric.nn.sequential_5d48fd_e_4bf7y2.py", line 17, in forward
[rank33]:     x, pos = self.module_0(x, pos, edge_index, edge_attr)
[rank33]:              ^^^^^^^^^^^^^^^^^^^^^^^^^^^^^^^^^^^^^^^^^^^^
[rank33]:   File "/lustre/orion/cph161/world-shared/mlupopa/max_conda_envs_frontier/envs/hydragnn_rocm600/lib/python3.11/site-packages/torch/nn/modules/module.py", line 1532, in _wrapped_call_impl
[rank33]:     return self._call_impl(*args, **kwargs)
[rank33]:            ^^^^^^^^^^^^^^^^^^^^^^^^^^^^^^^^
[rank33]:   File "/lustre/orion/cph161/world-shared/mlupopa/max_conda_envs_frontier/envs/hydragnn_rocm600/lib/python3.11/site-packages/torch/nn/modules/module.py", line 1541, in _call_impl
[rank33]:     return forward_call(*args, **kwargs)
[rank33]:            ^^^^^^^^^^^^^^^^^^^^^^^^^^^^^
[rank33]:   File "/lustre/orion/lrn031/scratch/zye327/HydraGNN_ds/hydragnn/models/EGCLStack.py", line 231, in forward
[rank33]:     coord = self.coord_model(coord, edge_index, coord_diff, edge_feat)
[rank33]:             ^^^^^^^^^^^^^^^^^^^^^^^^^^^^^^^^^^^^^^^^^^^^^^^^^^^^^^^^^^
[rank33]:   File "/lustre/orion/lrn031/scratch/zye327/HydraGNN_ds/hydragnn/models/EGCLStack.py", line 206, in coord_model
[rank33]:     trans = coord_diff * self.coord_mlp(edge_feat)
[rank33]:                          ^^^^^^^^^^^^^^^^^^^^^^^^^
[rank33]:   File "/lustre/orion/cph161/world-shared/mlupopa/max_conda_envs_frontier/envs/hydragnn_rocm600/lib/python3.11/site-packages/torch/nn/modules/module.py", line 1532, in _wrapped_call_impl
[rank33]:     return self._call_impl(*args, **kwargs)
[rank33]:            ^^^^^^^^^^^^^^^^^^^^^^^^^^^^^^^^
[rank33]:   File "/lustre/orion/cph161/world-shared/mlupopa/max_conda_envs_frontier/envs/hydragnn_rocm600/lib/python3.11/site-packages/torch/nn/modules/module.py", line 1541, in _call_impl
[rank33]:     return forward_call(*args, **kwargs)
[rank33]:            ^^^^^^^^^^^^^^^^^^^^^^^^^^^^^
[rank33]:   File "/lustre/orion/cph161/world-shared/mlupopa/max_conda_envs_frontier/envs/hydragnn_rocm600/lib/python3.11/site-packages/torch/nn/modules/container.py", line 217, in forward
[rank33]:     input = module(input)
[rank33]:             ^^^^^^^^^^^^^
[rank33]:   File "/lustre/orion/cph161/world-shared/mlupopa/max_conda_envs_frontier/envs/hydragnn_rocm600/lib/python3.11/site-packages/torch/nn/modules/module.py", line 1532, in _wrapped_call_impl
[rank33]:     return self._call_impl(*args, **kwargs)
[rank33]:            ^^^^^^^^^^^^^^^^^^^^^^^^^^^^^^^^
[rank33]:   File "/lustre/orion/cph161/world-shared/mlupopa/max_conda_envs_frontier/envs/hydragnn_rocm600/lib/python3.11/site-packages/torch/nn/modules/module.py", line 1541, in _call_impl
[rank33]:     return forward_call(*args, **kwargs)
[rank33]:            ^^^^^^^^^^^^^^^^^^^^^^^^^^^^^
[rank33]:   File "/lustre/orion/cph161/world-shared/mlupopa/max_conda_envs_frontier/envs/hydragnn_rocm600/lib/python3.11/site-packages/torch/nn/modules/activation.py", line 103, in forward
[rank33]:     return F.relu(input, inplace=self.inplace)
[rank33]:            ^^^^^^^^^^^^^^^^^^^^^^^^^^^^^^^^^^^
[rank33]:   File "/lustre/orion/cph161/world-shared/mlupopa/max_conda_envs_frontier/envs/hydragnn_rocm600/lib/python3.11/site-packages/torch/nn/functional.py", line 1500, in relu
[rank33]:     result = torch.relu(input)
[rank33]:              ^^^^^^^^^^^^^^^^^
[rank33]: torch.cuda.OutOfMemoryError: HIP out of memory. Tried to allocate 19.28 GiB. GPU  has a total capacity of 63.98 GiB of which 1.19 GiB is free. Of the allocated memory 62.31 GiB is allocated by PyTorch, and 21.57 MiB is reserved by PyTorch but unallocated. If reserved but unallocated memory is large try setting PYTORCH_HIP_ALLOC_CONF=expandable_segments:True to avoid fragmentation.  See documentation for Memory Management  (https://pytorch.org/docs/stable/notes/cuda.html#environment-variables)
srun: error: frontier10267: tasks 0-2,4-7: Exited with exit code 1
srun: Terminating StepId=2158638.0
slurmstepd: error: *** STEP 2158638.0 ON frontier10267 CANCELLED AT 2024-07-31T12:09:23 ***
srun: error: frontier10279: tasks 48-53,55: Exited with exit code 1
srun: error: frontier10269: tasks 16-17,19-23: Exited with exit code 1
srun: error: frontier10271: tasks 33-39: Exited with exit code 1
srun: error: frontier10280: tasks 56-59,61-63: Exited with exit code 1
srun: error: frontier10268: tasks 8-15: Exited with exit code 1
srun: error: frontier10270: tasks 24-31: Exited with exit code 1
srun: error: frontier10267: task 3: Exited with exit code 1
srun: error: frontier10269: task 18: Exited with exit code 1
srun: error: frontier10278: tasks 40,42-47: Exited with exit code 1
srun: error: frontier10279: task 54: Exited with exit code 1
srun: error: frontier10271: task 32: Exited with exit code 1
srun: error: frontier10280: task 60: Exited with exit code 1
srun: error: frontier10278: task 41: Exited with exit code 1
/var/spool/slurmd/job2158638/slurm_script: line 56: syntax error near unexpected token `done'
/var/spool/slurmd/job2158638/slurm_script: line 56: `done'
