MINICOM=-c on
MIOPEN_DISABLE_CACHE=1
MPICH_ENV_DISPLAY=0
MPICH_OFI_NIC_POLICY=NUMA
MPICH_VERSION_DISPLAY=0
MPICH_DIR=/opt/cray/pe/mpich/8.1.28/ofi/crayclang/17.0
HYDRA_LAUNCHER_EXTRA_ARGS=--external-launcher
HYDRAGNN_VALTEST=0
HYDRAGNN_AGGR_BACKEND=mpi
HYDRAGNN_NUM_WORKERS=0
HYDRA_BOOTSTRAP=slurm
HYDRAGNN_USE_VARIABLE_GRAPH_SIZE=1
NCCL_P2P_LEVEL=NVL
NCCL_PROTO=Simple
NCCL_P2P_DISABLE=1
Running "module reset". Resetting modules to system default. The following $MODULEPATH directories have been removed: None
-------------------------------------------------------------------------------
There are messages associated with the following module(s):
-------------------------------------------------------------------------------

DefApps:
   The software stack on Frontier had updates on July 9th & 16th, 2024.
   Retired modules: https://docs.olcf.ornl.gov/software/software-news.html#frontier-user-environment-changes-july-9-2024
   New defaults: https://docs.olcf.ornl.gov/software/software-news.html#frontier-system-software-update-july-16-2024

-------------------------------------------------------------------------------


Lmod is automatically replacing "cce/17.0.0" with "gcc-native/12.3".


Lmod is automatically replacing "PrgEnv-cray/8.5.0" with "PrgEnv-gnu/8.5.0".


Due to MODULEPATH changes, the following have been reloaded:
  1) cray-libsci/23.12.5     2) cray-mpich/8.1.28     3) darshan-runtime/3.4.0-mpi


Lmod is automatically replacing "gcc-native/12.3" with "amd-mixed/5.4.3".

Lmod has detected the following error: The following module(s) are unknown:
"darshan-runtime" "amd-mixed/5.4.3"

Please check the spelling or version number. Also try "module spider ..."
It is also possible your cache file is out-of-date; it may help to try:
  $ module --ignore_cache load "darshan-runtime" "amd-mixed/5.4.3"

Also make sure that all modulefiles written in TCL start with the string
#%Module



Lmod has detected the following error: The following module(s) are unknown:
"cray-mpich/8.1.26"

Please check the spelling or version number. Also try "module spider ..."
It is also possible your cache file is out-of-date; it may help to try:
  $ module --ignore_cache load "cray-mpich/8.1.26"

Also make sure that all modulefiles written in TCL start with the string
#%Module



+ export HYDRAGNN_TRACE_LEVEL=2
+ HYDRAGNN_TRACE_LEVEL=2
+ for MS in SMALL
+ for NN in 16
+ srun -N16 -n128 -c7 --gpus-per-task=1 --gpu-bind=closest python -u ./examples/multidataset/train.py --multi_model_list=OC2020 --multi --num_epoch=1 --everyone --ddstore --log=exp-strongfull-SMALL-2124935-NN16 --inputfile=SMALL_MTL.json
[2024-07-23 19:48:15,877] [INFO] [real_accelerator.py:203:get_accelerator] Setting ds_accelerator to cuda (auto detect)
[2024-07-23 19:48:15,877] [INFO] [real_accelerator.py:203:get_accelerator] Setting ds_accelerator to cuda (auto detect)
[2024-07-23 19:48:15,877] [INFO] [real_accelerator.py:203:get_accelerator] Setting ds_accelerator to cuda (auto detect)
[2024-07-23 19:48:15,877] [INFO] [real_accelerator.py:203:get_accelerator] Setting ds_accelerator to cuda (auto detect)
[2024-07-23 19:48:15,877] [INFO] [real_accelerator.py:203:get_accelerator] Setting ds_accelerator to cuda (auto detect)
[2024-07-23 19:48:15,877] [INFO] [real_accelerator.py:203:get_accelerator] Setting ds_accelerator to cuda (auto detect)
[2024-07-23 19:48:15,877] [INFO] [real_accelerator.py:203:get_accelerator] Setting ds_accelerator to cuda (auto detect)
[2024-07-23 19:48:15,877] [INFO] [real_accelerator.py:203:get_accelerator] Setting ds_accelerator to cuda (auto detect)
[2024-07-23 19:48:15,902] [INFO] [real_accelerator.py:203:get_accelerator] Setting ds_accelerator to cuda (auto detect)
[2024-07-23 19:48:15,902] [INFO] [real_accelerator.py:203:get_accelerator] Setting ds_accelerator to cuda (auto detect)
[2024-07-23 19:48:15,902] [INFO] [real_accelerator.py:203:get_accelerator] Setting ds_accelerator to cuda (auto detect)
[2024-07-23 19:48:15,902] [INFO] [real_accelerator.py:203:get_accelerator] Setting ds_accelerator to cuda (auto detect)
[2024-07-23 19:48:15,902] [INFO] [real_accelerator.py:203:get_accelerator] Setting ds_accelerator to cuda (auto detect)
[2024-07-23 19:48:15,902] [INFO] [real_accelerator.py:203:get_accelerator] Setting ds_accelerator to cuda (auto detect)
[2024-07-23 19:48:15,902] [INFO] [real_accelerator.py:203:get_accelerator] Setting ds_accelerator to cuda (auto detect)
[2024-07-23 19:48:15,902] [INFO] [real_accelerator.py:203:get_accelerator] Setting ds_accelerator to cuda (auto detect)
[2024-07-23 19:48:15,950] [INFO] [real_accelerator.py:203:get_accelerator] Setting ds_accelerator to cuda (auto detect)
[2024-07-23 19:48:15,950] [INFO] [real_accelerator.py:203:get_accelerator] Setting ds_accelerator to cuda (auto detect)
[2024-07-23 19:48:15,950] [INFO] [real_accelerator.py:203:get_accelerator] Setting ds_accelerator to cuda (auto detect)
[2024-07-23 19:48:15,950] [INFO] [real_accelerator.py:203:get_accelerator] Setting ds_accelerator to cuda (auto detect)
[2024-07-23 19:48:15,950] [INFO] [real_accelerator.py:203:get_accelerator] Setting ds_accelerator to cuda (auto detect)
[2024-07-23 19:48:15,950] [INFO] [real_accelerator.py:203:get_accelerator] Setting ds_accelerator to cuda (auto detect)
[2024-07-23 19:48:15,950] [INFO] [real_accelerator.py:203:get_accelerator] Setting ds_accelerator to cuda (auto detect)
[2024-07-23 19:48:15,950] [INFO] [real_accelerator.py:203:get_accelerator] Setting ds_accelerator to cuda (auto detect)
[2024-07-23 19:48:16,070] [INFO] [real_accelerator.py:203:get_accelerator] Setting ds_accelerator to cuda (auto detect)
[2024-07-23 19:48:16,070] [INFO] [real_accelerator.py:203:get_accelerator] Setting ds_accelerator to cuda (auto detect)
[2024-07-23 19:48:16,070] [INFO] [real_accelerator.py:203:get_accelerator] Setting ds_accelerator to cuda (auto detect)
[2024-07-23 19:48:16,070] [INFO] [real_accelerator.py:203:get_accelerator] Setting ds_accelerator to cuda (auto detect)
[2024-07-23 19:48:16,070] [INFO] [real_accelerator.py:203:get_accelerator] Setting ds_accelerator to cuda (auto detect)
[2024-07-23 19:48:16,070] [INFO] [real_accelerator.py:203:get_accelerator] Setting ds_accelerator to cuda (auto detect)
[2024-07-23 19:48:16,070] [INFO] [real_accelerator.py:203:get_accelerator] Setting ds_accelerator to cuda (auto detect)
[2024-07-23 19:48:16,070] [INFO] [real_accelerator.py:203:get_accelerator] Setting ds_accelerator to cuda (auto detect)
[2024-07-23 19:48:16,445] [INFO] [real_accelerator.py:203:get_accelerator] Setting ds_accelerator to cuda (auto detect)
[2024-07-23 19:48:16,445] [INFO] [real_accelerator.py:203:get_accelerator] Setting ds_accelerator to cuda (auto detect)
[2024-07-23 19:48:16,445] [INFO] [real_accelerator.py:203:get_accelerator] Setting ds_accelerator to cuda (auto detect)
[2024-07-23 19:48:16,445] [INFO] [real_accelerator.py:203:get_accelerator] Setting ds_accelerator to cuda (auto detect)
[2024-07-23 19:48:16,445] [INFO] [real_accelerator.py:203:get_accelerator] Setting ds_accelerator to cuda (auto detect)
[2024-07-23 19:48:16,445] [INFO] [real_accelerator.py:203:get_accelerator] Setting ds_accelerator to cuda (auto detect)
[2024-07-23 19:48:16,445] [INFO] [real_accelerator.py:203:get_accelerator] Setting ds_accelerator to cuda (auto detect)
[2024-07-23 19:48:16,445] [INFO] [real_accelerator.py:203:get_accelerator] Setting ds_accelerator to cuda (auto detect)
[2024-07-23 19:48:16,585] [INFO] [real_accelerator.py:203:get_accelerator] Setting ds_accelerator to cuda (auto detect)
[2024-07-23 19:48:16,585] [INFO] [real_accelerator.py:203:get_accelerator] Setting ds_accelerator to cuda (auto detect)
[2024-07-23 19:48:16,585] [INFO] [real_accelerator.py:203:get_accelerator] Setting ds_accelerator to cuda (auto detect)
[2024-07-23 19:48:16,585] [INFO] [real_accelerator.py:203:get_accelerator] Setting ds_accelerator to cuda (auto detect)
[2024-07-23 19:48:16,585] [INFO] [real_accelerator.py:203:get_accelerator] Setting ds_accelerator to cuda (auto detect)
[2024-07-23 19:48:16,585] [INFO] [real_accelerator.py:203:get_accelerator] Setting ds_accelerator to cuda (auto detect)
[2024-07-23 19:48:16,585] [INFO] [real_accelerator.py:203:get_accelerator] Setting ds_accelerator to cuda (auto detect)
[2024-07-23 19:48:16,585] [INFO] [real_accelerator.py:203:get_accelerator] Setting ds_accelerator to cuda (auto detect)
[2024-07-23 19:48:16,587] [INFO] [real_accelerator.py:203:get_accelerator] Setting ds_accelerator to cuda (auto detect)
[2024-07-23 19:48:16,587] [INFO] [real_accelerator.py:203:get_accelerator] Setting ds_accelerator to cuda (auto detect)
[2024-07-23 19:48:16,587] [INFO] [real_accelerator.py:203:get_accelerator] Setting ds_accelerator to cuda (auto detect)
[2024-07-23 19:48:16,587] [INFO] [real_accelerator.py:203:get_accelerator] Setting ds_accelerator to cuda (auto detect)
[2024-07-23 19:48:16,587] [INFO] [real_accelerator.py:203:get_accelerator] Setting ds_accelerator to cuda (auto detect)
[2024-07-23 19:48:16,587] [INFO] [real_accelerator.py:203:get_accelerator] Setting ds_accelerator to cuda (auto detect)
[2024-07-23 19:48:16,587] [INFO] [real_accelerator.py:203:get_accelerator] Setting ds_accelerator to cuda (auto detect)
[2024-07-23 19:48:16,587] [INFO] [real_accelerator.py:203:get_accelerator] Setting ds_accelerator to cuda (auto detect)
[2024-07-23 19:48:16,587] [INFO] [real_accelerator.py:203:get_accelerator] Setting ds_accelerator to cuda (auto detect)
[2024-07-23 19:48:16,587] [INFO] [real_accelerator.py:203:get_accelerator] Setting ds_accelerator to cuda (auto detect)
[2024-07-23 19:48:16,587] [INFO] [real_accelerator.py:203:get_accelerator] Setting ds_accelerator to cuda (auto detect)
[2024-07-23 19:48:16,587] [INFO] [real_accelerator.py:203:get_accelerator] Setting ds_accelerator to cuda (auto detect)
[2024-07-23 19:48:16,587] [INFO] [real_accelerator.py:203:get_accelerator] Setting ds_accelerator to cuda (auto detect)
[2024-07-23 19:48:16,587] [INFO] [real_accelerator.py:203:get_accelerator] Setting ds_accelerator to cuda (auto detect)
[2024-07-23 19:48:16,588] [INFO] [real_accelerator.py:203:get_accelerator] Setting ds_accelerator to cuda (auto detect)
[2024-07-23 19:48:16,588] [INFO] [real_accelerator.py:203:get_accelerator] Setting ds_accelerator to cuda (auto detect)
[2024-07-23 19:48:16,589] [INFO] [real_accelerator.py:203:get_accelerator] Setting ds_accelerator to cuda (auto detect)
[2024-07-23 19:48:16,589] [INFO] [real_accelerator.py:203:get_accelerator] Setting ds_accelerator to cuda (auto detect)
[2024-07-23 19:48:16,589] [INFO] [real_accelerator.py:203:get_accelerator] Setting ds_accelerator to cuda (auto detect)
[2024-07-23 19:48:16,589] [INFO] [real_accelerator.py:203:get_accelerator] Setting ds_accelerator to cuda (auto detect)
[2024-07-23 19:48:16,589] [INFO] [real_accelerator.py:203:get_accelerator] Setting ds_accelerator to cuda (auto detect)
[2024-07-23 19:48:16,589] [INFO] [real_accelerator.py:203:get_accelerator] Setting ds_accelerator to cuda (auto detect)
[2024-07-23 19:48:16,589] [INFO] [real_accelerator.py:203:get_accelerator] Setting ds_accelerator to cuda (auto detect)
[2024-07-23 19:48:16,589] [INFO] [real_accelerator.py:203:get_accelerator] Setting ds_accelerator to cuda (auto detect)
[2024-07-23 19:48:16,593] [INFO] [real_accelerator.py:203:get_accelerator] Setting ds_accelerator to cuda (auto detect)
[2024-07-23 19:48:16,593] [INFO] [real_accelerator.py:203:get_accelerator] Setting ds_accelerator to cuda (auto detect)
[2024-07-23 19:48:16,593] [INFO] [real_accelerator.py:203:get_accelerator] Setting ds_accelerator to cuda (auto detect)
[2024-07-23 19:48:16,593] [INFO] [real_accelerator.py:203:get_accelerator] Setting ds_accelerator to cuda (auto detect)
[2024-07-23 19:48:16,593] [INFO] [real_accelerator.py:203:get_accelerator] Setting ds_accelerator to cuda (auto detect)
[2024-07-23 19:48:16,593] [INFO] [real_accelerator.py:203:get_accelerator] Setting ds_accelerator to cuda (auto detect)
[2024-07-23 19:48:16,593] [INFO] [real_accelerator.py:203:get_accelerator] Setting ds_accelerator to cuda (auto detect)
[2024-07-23 19:48:16,593] [INFO] [real_accelerator.py:203:get_accelerator] Setting ds_accelerator to cuda (auto detect)
[2024-07-23 19:48:16,593] [INFO] [real_accelerator.py:203:get_accelerator] Setting ds_accelerator to cuda (auto detect)
[2024-07-23 19:48:16,593] [INFO] [real_accelerator.py:203:get_accelerator] Setting ds_accelerator to cuda (auto detect)
[2024-07-23 19:48:16,593] [INFO] [real_accelerator.py:203:get_accelerator] Setting ds_accelerator to cuda (auto detect)
[2024-07-23 19:48:16,593] [INFO] [real_accelerator.py:203:get_accelerator] Setting ds_accelerator to cuda (auto detect)
[2024-07-23 19:48:16,593] [INFO] [real_accelerator.py:203:get_accelerator] Setting ds_accelerator to cuda (auto detect)
[2024-07-23 19:48:16,593] [INFO] [real_accelerator.py:203:get_accelerator] Setting ds_accelerator to cuda (auto detect)
[2024-07-23 19:48:16,593] [INFO] [real_accelerator.py:203:get_accelerator] Setting ds_accelerator to cuda (auto detect)
[2024-07-23 19:48:16,593] [INFO] [real_accelerator.py:203:get_accelerator] Setting ds_accelerator to cuda (auto detect)
[2024-07-23 19:48:16,599] [INFO] [real_accelerator.py:203:get_accelerator] Setting ds_accelerator to cuda (auto detect)
[2024-07-23 19:48:16,599] [INFO] [real_accelerator.py:203:get_accelerator] Setting ds_accelerator to cuda (auto detect)
[2024-07-23 19:48:16,599] [INFO] [real_accelerator.py:203:get_accelerator] Setting ds_accelerator to cuda (auto detect)
[2024-07-23 19:48:16,599] [INFO] [real_accelerator.py:203:get_accelerator] Setting ds_accelerator to cuda (auto detect)
[2024-07-23 19:48:16,599] [INFO] [real_accelerator.py:203:get_accelerator] Setting ds_accelerator to cuda (auto detect)
[2024-07-23 19:48:16,599] [INFO] [real_accelerator.py:203:get_accelerator] Setting ds_accelerator to cuda (auto detect)
[2024-07-23 19:48:16,599] [INFO] [real_accelerator.py:203:get_accelerator] Setting ds_accelerator to cuda (auto detect)
[2024-07-23 19:48:16,599] [INFO] [real_accelerator.py:203:get_accelerator] Setting ds_accelerator to cuda (auto detect)
[2024-07-23 19:48:16,599] [INFO] [real_accelerator.py:203:get_accelerator] Setting ds_accelerator to cuda (auto detect)
[2024-07-23 19:48:16,599] [INFO] [real_accelerator.py:203:get_accelerator] Setting ds_accelerator to cuda (auto detect)
[2024-07-23 19:48:16,599] [INFO] [real_accelerator.py:203:get_accelerator] Setting ds_accelerator to cuda (auto detect)
[2024-07-23 19:48:16,599] [INFO] [real_accelerator.py:203:get_accelerator] Setting ds_accelerator to cuda (auto detect)
[2024-07-23 19:48:16,599] [INFO] [real_accelerator.py:203:get_accelerator] Setting ds_accelerator to cuda (auto detect)
[2024-07-23 19:48:16,599] [INFO] [real_accelerator.py:203:get_accelerator] Setting ds_accelerator to cuda (auto detect)
[2024-07-23 19:48:16,599] [INFO] [real_accelerator.py:203:get_accelerator] Setting ds_accelerator to cuda (auto detect)
[2024-07-23 19:48:16,599] [INFO] [real_accelerator.py:203:get_accelerator] Setting ds_accelerator to cuda (auto detect)
[2024-07-23 19:48:16,609] [INFO] [real_accelerator.py:203:get_accelerator] Setting ds_accelerator to cuda (auto detect)
[2024-07-23 19:48:16,609] [INFO] [real_accelerator.py:203:get_accelerator] Setting ds_accelerator to cuda (auto detect)
[2024-07-23 19:48:16,609] [INFO] [real_accelerator.py:203:get_accelerator] Setting ds_accelerator to cuda (auto detect)
[2024-07-23 19:48:16,609] [INFO] [real_accelerator.py:203:get_accelerator] Setting ds_accelerator to cuda (auto detect)
[2024-07-23 19:48:16,609] [INFO] [real_accelerator.py:203:get_accelerator] Setting ds_accelerator to cuda (auto detect)
[2024-07-23 19:48:16,609] [INFO] [real_accelerator.py:203:get_accelerator] Setting ds_accelerator to cuda (auto detect)
[2024-07-23 19:48:16,609] [INFO] [real_accelerator.py:203:get_accelerator] Setting ds_accelerator to cuda (auto detect)
[2024-07-23 19:48:16,609] [INFO] [real_accelerator.py:203:get_accelerator] Setting ds_accelerator to cuda (auto detect)
[2024-07-23 19:48:16,618] [INFO] [real_accelerator.py:203:get_accelerator] Setting ds_accelerator to cuda (auto detect)
[2024-07-23 19:48:16,618] [INFO] [real_accelerator.py:203:get_accelerator] Setting ds_accelerator to cuda (auto detect)
[2024-07-23 19:48:16,618] [INFO] [real_accelerator.py:203:get_accelerator] Setting ds_accelerator to cuda (auto detect)
[2024-07-23 19:48:16,618] [INFO] [real_accelerator.py:203:get_accelerator] Setting ds_accelerator to cuda (auto detect)
[2024-07-23 19:48:16,618] [INFO] [real_accelerator.py:203:get_accelerator] Setting ds_accelerator to cuda (auto detect)
[2024-07-23 19:48:16,618] [INFO] [real_accelerator.py:203:get_accelerator] Setting ds_accelerator to cuda (auto detect)
[2024-07-23 19:48:16,618] [INFO] [real_accelerator.py:203:get_accelerator] Setting ds_accelerator to cuda (auto detect)
[2024-07-23 19:48:16,618] [INFO] [real_accelerator.py:203:get_accelerator] Setting ds_accelerator to cuda (auto detect)
[2024-07-23 19:48:16,642] [INFO] [real_accelerator.py:203:get_accelerator] Setting ds_accelerator to cuda (auto detect)
[2024-07-23 19:48:16,642] [INFO] [real_accelerator.py:203:get_accelerator] Setting ds_accelerator to cuda (auto detect)
[2024-07-23 19:48:16,642] [INFO] [real_accelerator.py:203:get_accelerator] Setting ds_accelerator to cuda (auto detect)
[2024-07-23 19:48:16,642] [INFO] [real_accelerator.py:203:get_accelerator] Setting ds_accelerator to cuda (auto detect)
[2024-07-23 19:48:16,642] [INFO] [real_accelerator.py:203:get_accelerator] Setting ds_accelerator to cuda (auto detect)
[2024-07-23 19:48:16,641] [INFO] [real_accelerator.py:203:get_accelerator] Setting ds_accelerator to cuda (auto detect)
[2024-07-23 19:48:16,642] [INFO] [real_accelerator.py:203:get_accelerator] Setting ds_accelerator to cuda (auto detect)
[2024-07-23 19:48:16,642] [INFO] [real_accelerator.py:203:get_accelerator] Setting ds_accelerator to cuda (auto detect)
[93m [WARNING] [0m async_io requires the dev libaio .so object and headers but these were not found.
[93m [WARNING] [0m async_io requires the dev libaio .so object and headers but these were not found.
[93m [WARNING] [0m async_io requires the dev libaio .so object and headers but these were not found.
[93m [WARNING] [0m async_io requires the dev libaio .so object and headers but these were not found.
[93m [WARNING] [0m async_io requires the dev libaio .so object and headers but these were not found.
[93m [WARNING] [0m async_io requires the dev libaio .so object and headers but these were not found.
[93m [WARNING] [0m async_io requires the dev libaio .so object and headers but these were not found.
[93m [WARNING] [0m async_io requires the dev libaio .so object and headers but these were not found.
[93m [WARNING] [0m async_io requires the dev libaio .so object and headers but these were not found.
[93m [WARNING] [0m async_io requires the dev libaio .so object and headers but these were not found.
[93m [WARNING] [0m If libaio is already installed (perhaps from source), try setting the CFLAGS and LDFLAGS environment variables to where it can be found.
[93m [WARNING] [0m Please specify the CUTLASS repo directory as environment variable $CUTLASS_PATH
[93m [WARNING] [0m If libaio is already installed (perhaps from source), try setting the CFLAGS and LDFLAGS environment variables to where it can be found.
[93m [WARNING] [0m Please specify the CUTLASS repo directory as environment variable $CUTLASS_PATH
[93m [WARNING] [0m If libaio is already installed (perhaps from source), try setting the CFLAGS and LDFLAGS environment variables to where it can be found.
[93m [WARNING] [0m Please specify the CUTLASS repo directory as environment variable $CUTLASS_PATH
[93m [WARNING] [0m If libaio is already installed (perhaps from source), try setting the CFLAGS and LDFLAGS environment variables to where it can be found.
[93m [WARNING] [0m If libaio is already installed (perhaps from source), try setting the CFLAGS and LDFLAGS environment variables to where it can be found.
[93m [WARNING] [0m Please specify the CUTLASS repo directory as environment variable $CUTLASS_PATH
[93m [WARNING] [0m Please specify the CUTLASS repo directory as environment variable $CUTLASS_PATH
[93m [WARNING] [0m If libaio is already installed (perhaps from source), try setting the CFLAGS and LDFLAGS environment variables to where it can be found.
[93m [WARNING] [0m If libaio is already installed (perhaps from source), try setting the CFLAGS and LDFLAGS environment variables to where it can be found.
[93m [WARNING] [0m Please specify the CUTLASS repo directory as environment variable $CUTLASS_PATH
[93m [WARNING] [0m If libaio is already installed (perhaps from source), try setting the CFLAGS and LDFLAGS environment variables to where it can be found.
[93m [WARNING] [0m Please specify the CUTLASS repo directory as environment variable $CUTLASS_PATH
[93m [WARNING] [0m If libaio is already installed (perhaps from source), try setting the CFLAGS and LDFLAGS environment variables to where it can be found.
[93m [WARNING] [0m Please specify the CUTLASS repo directory as environment variable $CUTLASS_PATH
[93m [WARNING] [0m Please specify the CUTLASS repo directory as environment variable $CUTLASS_PATH
[93m [WARNING] [0m If libaio is already installed (perhaps from source), try setting the CFLAGS and LDFLAGS environment variables to where it can be found.
[93m [WARNING] [0m Please specify the CUTLASS repo directory as environment variable $CUTLASS_PATH
[93m [WARNING] [0m async_io requires the dev libaio .so object and headers but these were not found.
[93m [WARNING] [0m async_io requires the dev libaio .so object and headers but these were not found.
[93m [WARNING] [0m If libaio is already installed (perhaps from source), try setting the CFLAGS and LDFLAGS environment variables to where it can be found.
[93m [WARNING] [0m Please specify the CUTLASS repo directory as environment variable $CUTLASS_PATH
[93m [WARNING] [0m If libaio is already installed (perhaps from source), try setting the CFLAGS and LDFLAGS environment variables to where it can be found.
[93m [WARNING] [0m Please specify the CUTLASS repo directory as environment variable $CUTLASS_PATH
[93m [WARNING] [0m async_io requires the dev libaio .so object and headers but these were not found.
[93m [WARNING] [0m async_io requires the dev libaio .so object and headers but these were not found.
[93m [WARNING] [0m If libaio is already installed (perhaps from source), try setting the CFLAGS and LDFLAGS environment variables to where it can be found.
[93m [WARNING] [0m Please specify the CUTLASS repo directory as environment variable $CUTLASS_PATH
[93m [WARNING] [0m If libaio is already installed (perhaps from source), try setting the CFLAGS and LDFLAGS environment variables to where it can be found.
[93m [WARNING] [0m Please specify the CUTLASS repo directory as environment variable $CUTLASS_PATH
[93m [WARNING] [0m async_io requires the dev libaio .so object and headers but these were not found.
[93m [WARNING] [0m If libaio is already installed (perhaps from source), try setting the CFLAGS and LDFLAGS environment variables to where it can be found.
[93m [WARNING] [0m Please specify the CUTLASS repo directory as environment variable $CUTLASS_PATH
[93m [WARNING] [0m async_io requires the dev libaio .so object and headers but these were not found.
[93m [WARNING] [0m If libaio is already installed (perhaps from source), try setting the CFLAGS and LDFLAGS environment variables to where it can be found.
[93m [WARNING] [0m Please specify the CUTLASS repo directory as environment variable $CUTLASS_PATH
[93m [WARNING] [0m async_io requires the dev libaio .so object and headers but these were not found.
[93m [WARNING] [0m async_io requires the dev libaio .so object and headers but these were not found.
[93m [WARNING] [0m If libaio is already installed (perhaps from source), try setting the CFLAGS and LDFLAGS environment variables to where it can be found.
[93m [WARNING] [0m Please specify the CUTLASS repo directory as environment variable $CUTLASS_PATH
[93m [WARNING] [0m If libaio is already installed (perhaps from source), try setting the CFLAGS and LDFLAGS environment variables to where it can be found.
[93m [WARNING] [0m Please specify the CUTLASS repo directory as environment variable $CUTLASS_PATH
[93m [WARNING] [0m async_io requires the dev libaio .so object and headers but these were not found.
[93m [WARNING] [0m If libaio is already installed (perhaps from source), try setting the CFLAGS and LDFLAGS environment variables to where it can be found.
[93m [WARNING] [0m Please specify the CUTLASS repo directory as environment variable $CUTLASS_PATH
[93m [WARNING] [0m async_io requires the dev libaio .so object and headers but these were not found.
[93m [WARNING] [0m If libaio is already installed (perhaps from source), try setting the CFLAGS and LDFLAGS environment variables to where it can be found.
[93m [WARNING] [0m Please specify the CUTLASS repo directory as environment variable $CUTLASS_PATH
[93m [WARNING] [0m async_io requires the dev libaio .so object and headers but these were not found.
[93m [WARNING] [0m async_io requires the dev libaio .so object and headers but these were not found.
[93m [WARNING] [0m If libaio is already installed (perhaps from source), try setting the CFLAGS and LDFLAGS environment variables to where it can be found.
[93m [WARNING] [0m Please specify the CUTLASS repo directory as environment variable $CUTLASS_PATH
[93m [WARNING] [0m If libaio is already installed (perhaps from source), try setting the CFLAGS and LDFLAGS environment variables to where it can be found.
[93m [WARNING] [0m Please specify the CUTLASS repo directory as environment variable $CUTLASS_PATH
[93m [WARNING] [0m async_io requires the dev libaio .so object and headers but these were not found.
[93m [WARNING] [0m If libaio is already installed (perhaps from source), try setting the CFLAGS and LDFLAGS environment variables to where it can be found.
[93m [WARNING] [0m Please specify the CUTLASS repo directory as environment variable $CUTLASS_PATH
[93m [WARNING] [0m async_io requires the dev libaio .so object and headers but these were not found.
[93m [WARNING] [0m If libaio is already installed (perhaps from source), try setting the CFLAGS and LDFLAGS environment variables to where it can be found.
[93m [WARNING] [0m Please specify the CUTLASS repo directory as environment variable $CUTLASS_PATH
[93m [WARNING] [0m async_io requires the dev libaio .so object and headers but these were not found.
[93m [WARNING] [0m If libaio is already installed (perhaps from source), try setting the CFLAGS and LDFLAGS environment variables to where it can be found.
[93m [WARNING] [0m Please specify the CUTLASS repo directory as environment variable $CUTLASS_PATH
[93m [WARNING] [0m async_io requires the dev libaio .so object and headers but these were not found.
[93m [WARNING] [0m If libaio is already installed (perhaps from source), try setting the CFLAGS and LDFLAGS environment variables to where it can be found.
[93m [WARNING] [0m Please specify the CUTLASS repo directory as environment variable $CUTLASS_PATH
[93m [WARNING] [0m async_io requires the dev libaio .so object and headers but these were not found.
[93m [WARNING] [0m If libaio is already installed (perhaps from source), try setting the CFLAGS and LDFLAGS environment variables to where it can be found.
[93m [WARNING] [0m Please specify the CUTLASS repo directory as environment variable $CUTLASS_PATH
[93m [WARNING] [0m async_io requires the dev libaio .so object and headers but these were not found.
[93m [WARNING] [0m If libaio is already installed (perhaps from source), try setting the CFLAGS and LDFLAGS environment variables to where it can be found.
[93m [WARNING] [0m Please specify the CUTLASS repo directory as environment variable $CUTLASS_PATH
[93m [WARNING] [0m async_io requires the dev libaio .so object and headers but these were not found.
[93m [WARNING] [0m If libaio is already installed (perhaps from source), try setting the CFLAGS and LDFLAGS environment variables to where it can be found.
[93m [WARNING] [0m Please specify the CUTLASS repo directory as environment variable $CUTLASS_PATH
[93m [WARNING] [0m async_io requires the dev libaio .so object and headers but these were not found.
[93m [WARNING] [0m async_io requires the dev libaio .so object and headers but these were not found.
[93m [WARNING] [0m If libaio is already installed (perhaps from source), try setting the CFLAGS and LDFLAGS environment variables to where it can be found.
[93m [WARNING] [0m Please specify the CUTLASS repo directory as environment variable $CUTLASS_PATH
[93m [WARNING] [0m If libaio is already installed (perhaps from source), try setting the CFLAGS and LDFLAGS environment variables to where it can be found.
[93m [WARNING] [0m Please specify the CUTLASS repo directory as environment variable $CUTLASS_PATH
[93m [WARNING] [0m async_io requires the dev libaio .so object and headers but these were not found.
[93m [WARNING] [0m async_io requires the dev libaio .so object and headers but these were not found.
[93m [WARNING] [0m async_io requires the dev libaio .so object and headers but these were not found.
[93m [WARNING] [0m async_io requires the dev libaio .so object and headers but these were not found.
[93m [WARNING] [0m async_io requires the dev libaio .so object and headers but these were not found.
[93m [WARNING] [0m async_io requires the dev libaio .so object and headers but these were not found.
[93m [WARNING] [0m async_io requires the dev libaio .so object and headers but these were not found.
[93m [WARNING] [0m async_io requires the dev libaio .so object and headers but these were not found.
[93m [WARNING] [0m async_io requires the dev libaio .so object and headers but these were not found.
[93m [WARNING] [0m If libaio is already installed (perhaps from source), try setting the CFLAGS and LDFLAGS environment variables to where it can be found.
[93m [WARNING] [0m Please specify the CUTLASS repo directory as environment variable $CUTLASS_PATH
[93m [WARNING] [0m If libaio is already installed (perhaps from source), try setting the CFLAGS and LDFLAGS environment variables to where it can be found.
[93m [WARNING] [0m Please specify the CUTLASS repo directory as environment variable $CUTLASS_PATH
[93m [WARNING] [0m If libaio is already installed (perhaps from source), try setting the CFLAGS and LDFLAGS environment variables to where it can be found.
[93m [WARNING] [0m If libaio is already installed (perhaps from source), try setting the CFLAGS and LDFLAGS environment variables to where it can be found.
[93m [WARNING] [0m Please specify the CUTLASS repo directory as environment variable $CUTLASS_PATH
[93m [WARNING] [0m Please specify the CUTLASS repo directory as environment variable $CUTLASS_PATH
[93m [WARNING] [0m If libaio is already installed (perhaps from source), try setting the CFLAGS and LDFLAGS environment variables to where it can be found.
[93m [WARNING] [0m Please specify the CUTLASS repo directory as environment variable $CUTLASS_PATH
[93m [WARNING] [0m If libaio is already installed (perhaps from source), try setting the CFLAGS and LDFLAGS environment variables to where it can be found.
[93m [WARNING] [0m If libaio is already installed (perhaps from source), try setting the CFLAGS and LDFLAGS environment variables to where it can be found.
[93m [WARNING] [0m If libaio is already installed (perhaps from source), try setting the CFLAGS and LDFLAGS environment variables to where it can be found.
[93m [WARNING] [0m Please specify the CUTLASS repo directory as environment variable $CUTLASS_PATH
[93m [WARNING] [0m Please specify the CUTLASS repo directory as environment variable $CUTLASS_PATH
[93m [WARNING] [0m Please specify the CUTLASS repo directory as environment variable $CUTLASS_PATH
[93m [WARNING] [0m If libaio is already installed (perhaps from source), try setting the CFLAGS and LDFLAGS environment variables to where it can be found.
[93m [WARNING] [0m Please specify the CUTLASS repo directory as environment variable $CUTLASS_PATH
[93m [WARNING] [0m async_io requires the dev libaio .so object and headers but these were not found.
[93m [WARNING] [0m async_io requires the dev libaio .so object and headers but these were not found.
[93m [WARNING] [0m async_io requires the dev libaio .so object and headers but these were not found.
[93m [WARNING] [0m async_io requires the dev libaio .so object and headers but these were not found.
[93m [WARNING] [0m async_io requires the dev libaio .so object and headers but these were not found.
[93m [WARNING] [0m async_io requires the dev libaio .so object and headers but these were not found.
[93m [WARNING] [0m async_io requires the dev libaio .so object and headers but these were not found.
[93m [WARNING] [0m async_io requires the dev libaio .so object and headers but these were not found.
[93m [WARNING] [0m If libaio is already installed (perhaps from source), try setting the CFLAGS and LDFLAGS environment variables to where it can be found.
[93m [WARNING] [0m Please specify the CUTLASS repo directory as environment variable $CUTLASS_PATH
[93m [WARNING] [0m If libaio is already installed (perhaps from source), try setting the CFLAGS and LDFLAGS environment variables to where it can be found.
[93m [WARNING] [0m Please specify the CUTLASS repo directory as environment variable $CUTLASS_PATH
[93m [WARNING] [0m If libaio is already installed (perhaps from source), try setting the CFLAGS and LDFLAGS environment variables to where it can be found.
[93m [WARNING] [0m If libaio is already installed (perhaps from source), try setting the CFLAGS and LDFLAGS environment variables to where it can be found.
[93m [WARNING] [0m If libaio is already installed (perhaps from source), try setting the CFLAGS and LDFLAGS environment variables to where it can be found.
[93m [WARNING] [0m If libaio is already installed (perhaps from source), try setting the CFLAGS and LDFLAGS environment variables to where it can be found.
[93m [WARNING] [0m If libaio is already installed (perhaps from source), try setting the CFLAGS and LDFLAGS environment variables to where it can be found.
[93m [WARNING] [0m Please specify the CUTLASS repo directory as environment variable $CUTLASS_PATH
[93m [WARNING] [0m Please specify the CUTLASS repo directory as environment variable $CUTLASS_PATH
[93m [WARNING] [0m If libaio is already installed (perhaps from source), try setting the CFLAGS and LDFLAGS environment variables to where it can be found.
[93m [WARNING] [0m Please specify the CUTLASS repo directory as environment variable $CUTLASS_PATH
[93m [WARNING] [0m Please specify the CUTLASS repo directory as environment variable $CUTLASS_PATH
[93m [WARNING] [0m Please specify the CUTLASS repo directory as environment variable $CUTLASS_PATH
[93m [WARNING] [0m Please specify the CUTLASS repo directory as environment variable $CUTLASS_PATH
[93m [WARNING] [0m async_io requires the dev libaio .so object and headers but these were not found.
[93m [WARNING] [0m async_io requires the dev libaio .so object and headers but these were not found.
[93m [WARNING] [0m async_io requires the dev libaio .so object and headers but these were not found.
[93m [WARNING] [0m async_io requires the dev libaio .so object and headers but these were not found.
[93m [WARNING] [0m async_io requires the dev libaio .so object and headers but these were not found.
[93m [WARNING] [0m async_io requires the dev libaio .so object and headers but these were not found.
[93m [WARNING] [0m async_io requires the dev libaio .so object and headers but these were not found.
[93m [WARNING] [0m async_io requires the dev libaio .so object and headers but these were not found.
[93m [WARNING] [0m sparse_attn is not compatible with ROCM
[93m [WARNING] [0m sparse_attn is not compatible with ROCM
[93m [WARNING] [0m async_io requires the dev libaio .so object and headers but these were not found.
[93m [WARNING] [0m async_io requires the dev libaio .so object and headers but these were not found.
[93m [WARNING] [0m async_io requires the dev libaio .so object and headers but these were not found.
[93m [WARNING] [0m async_io requires the dev libaio .so object and headers but these were not found.
[93m [WARNING] [0m async_io requires the dev libaio .so object and headers but these were not found.
[93m [WARNING] [0m async_io requires the dev libaio .so object and headers but these were not found.
[93m [WARNING] [0m async_io requires the dev libaio .so object and headers but these were not found.
[93m [WARNING] [0m async_io requires the dev libaio .so object and headers but these were not found.
[93m [WARNING] [0m If libaio is already installed (perhaps from source), try setting the CFLAGS and LDFLAGS environment variables to where it can be found.
[93m [WARNING] [0m Please specify the CUTLASS repo directory as environment variable $CUTLASS_PATH
[93m [WARNING] [0m If libaio is already installed (perhaps from source), try setting the CFLAGS and LDFLAGS environment variables to where it can be found.
[93m [WARNING] [0m If libaio is already installed (perhaps from source), try setting the CFLAGS and LDFLAGS environment variables to where it can be found.
[93m [WARNING] [0m If libaio is already installed (perhaps from source), try setting the CFLAGS and LDFLAGS environment variables to where it can be found.
[93m [WARNING] [0m If libaio is already installed (perhaps from source), try setting the CFLAGS and LDFLAGS environment variables to where it can be found.
[93m [WARNING] [0m Please specify the CUTLASS repo directory as environment variable $CUTLASS_PATH
[93m [WARNING] [0m Please specify the CUTLASS repo directory as environment variable $CUTLASS_PATH
[93m [WARNING] [0m If libaio is already installed (perhaps from source), try setting the CFLAGS and LDFLAGS environment variables to where it can be found.
[93m [WARNING] [0m If libaio is already installed (perhaps from source), try setting the CFLAGS and LDFLAGS environment variables to where it can be found.
[93m [WARNING] [0m Please specify the CUTLASS repo directory as environment variable $CUTLASS_PATH
[93m [WARNING] [0m Please specify the CUTLASS repo directory as environment variable $CUTLASS_PATH
[93m [WARNING] [0m Please specify the CUTLASS repo directory as environment variable $CUTLASS_PATH
[93m [WARNING] [0m Please specify the CUTLASS repo directory as environment variable $CUTLASS_PATH
[93m [WARNING] [0m If libaio is already installed (perhaps from source), try setting the CFLAGS and LDFLAGS environment variables to where it can be found.
[93m [WARNING] [0m Please specify the CUTLASS repo directory as environment variable $CUTLASS_PATH
[93m [WARNING] [0m async_io requires the dev libaio .so object and headers but these were not found.
[93m [WARNING] [0m If libaio is already installed (perhaps from source), try setting the CFLAGS and LDFLAGS environment variables to where it can be found.
[93m [WARNING] [0m Please specify the CUTLASS repo directory as environment variable $CUTLASS_PATH
[93m [WARNING] [0m If libaio is already installed (perhaps from source), try setting the CFLAGS and LDFLAGS environment variables to where it can be found.
[93m [WARNING] [0m If libaio is already installed (perhaps from source), try setting the CFLAGS and LDFLAGS environment variables to where it can be found.
[93m [WARNING] [0m Please specify the CUTLASS repo directory as environment variable $CUTLASS_PATH
[93m [WARNING] [0m Please specify the CUTLASS repo directory as environment variable $CUTLASS_PATH
[93m [WARNING] [0m If libaio is already installed (perhaps from source), try setting the CFLAGS and LDFLAGS environment variables to where it can be found.
[93m [WARNING] [0m If libaio is already installed (perhaps from source), try setting the CFLAGS and LDFLAGS environment variables to where it can be found.
[93m [WARNING] [0m Please specify the CUTLASS repo directory as environment variable $CUTLASS_PATH
[93m [WARNING] [0m If libaio is already installed (perhaps from source), try setting the CFLAGS and LDFLAGS environment variables to where it can be found.
[93m [WARNING] [0m Please specify the CUTLASS repo directory as environment variable $CUTLASS_PATH
[93m [WARNING] [0m If libaio is already installed (perhaps from source), try setting the CFLAGS and LDFLAGS environment variables to where it can be found.
[93m [WARNING] [0m Please specify the CUTLASS repo directory as environment variable $CUTLASS_PATH
[93m [WARNING] [0m Please specify the CUTLASS repo directory as environment variable $CUTLASS_PATH
[93m [WARNING] [0m If libaio is already installed (perhaps from source), try setting the CFLAGS and LDFLAGS environment variables to where it can be found.
[93m [WARNING] [0m Please specify the CUTLASS repo directory as environment variable $CUTLASS_PATH
[93m [WARNING] [0m If libaio is already installed (perhaps from source), try setting the CFLAGS and LDFLAGS environment variables to where it can be found.
[93m [WARNING] [0m Please specify the CUTLASS repo directory as environment variable $CUTLASS_PATH
[93m [WARNING] [0m async_io requires the dev libaio .so object and headers but these were not found.
[93m [WARNING] [0m async_io requires the dev libaio .so object and headers but these were not found.
[93m [WARNING] [0m async_io requires the dev libaio .so object and headers but these were not found.
[93m [WARNING] [0m async_io requires the dev libaio .so object and headers but these were not found.
[93m [WARNING] [0m async_io requires the dev libaio .so object and headers but these were not found.
[93m [WARNING] [0m async_io requires the dev libaio .so object and headers but these were not found.
[93m [WARNING] [0m sparse_attn is not compatible with ROCM
[93m [WARNING] [0m async_io requires the dev libaio .so object and headers but these were not found.
[93m [WARNING] [0m async_io requires the dev libaio .so object and headers but these were not found.
[93m [WARNING] [0m async_io requires the dev libaio .so object and headers but these were not found.
[93m [WARNING] [0m async_io requires the dev libaio .so object and headers but these were not found.
[93m [WARNING] [0m async_io requires the dev libaio .so object and headers but these were not found.
[93m [WARNING] [0m async_io requires the dev libaio .so object and headers but these were not found.
[93m [WARNING] [0m async_io requires the dev libaio .so object and headers but these were not found.
[93m [WARNING] [0m async_io requires the dev libaio .so object and headers but these were not found.
[93m [WARNING] [0m async_io requires the dev libaio .so object and headers but these were not found.
[93m [WARNING] [0m async_io requires the dev libaio .so object and headers but these were not found.
[93m [WARNING] [0m async_io requires the dev libaio .so object and headers but these were not found.
[93m [WARNING] [0m If libaio is already installed (perhaps from source), try setting the CFLAGS and LDFLAGS environment variables to where it can be found.
[93m [WARNING] [0m Please specify the CUTLASS repo directory as environment variable $CUTLASS_PATH
[93m [WARNING] [0m If libaio is already installed (perhaps from source), try setting the CFLAGS and LDFLAGS environment variables to where it can be found.
[93m [WARNING] [0m Please specify the CUTLASS repo directory as environment variable $CUTLASS_PATH
[93m [WARNING] [0m If libaio is already installed (perhaps from source), try setting the CFLAGS and LDFLAGS environment variables to where it can be found.
[93m [WARNING] [0m If libaio is already installed (perhaps from source), try setting the CFLAGS and LDFLAGS environment variables to where it can be found.
[93m [WARNING] [0m If libaio is already installed (perhaps from source), try setting the CFLAGS and LDFLAGS environment variables to where it can be found.
[93m [WARNING] [0m If libaio is already installed (perhaps from source), try setting the CFLAGS and LDFLAGS environment variables to where it can be found.
[93m [WARNING] [0m Please specify the CUTLASS repo directory as environment variable $CUTLASS_PATH
[93m [WARNING] [0m Please specify the CUTLASS repo directory as environment variable $CUTLASS_PATH
[93m [WARNING] [0m Please specify the CUTLASS repo directory as environment variable $CUTLASS_PATH
[93m [WARNING] [0m If libaio is already installed (perhaps from source), try setting the CFLAGS and LDFLAGS environment variables to where it can be found.
[93m [WARNING] [0m Please specify the CUTLASS repo directory as environment variable $CUTLASS_PATH
[93m [WARNING] [0m Please specify the CUTLASS repo directory as environment variable $CUTLASS_PATH
[93m [WARNING] [0m If libaio is already installed (perhaps from source), try setting the CFLAGS and LDFLAGS environment variables to where it can be found.
[93m [WARNING] [0m Please specify the CUTLASS repo directory as environment variable $CUTLASS_PATH
[93m [WARNING] [0m If libaio is already installed (perhaps from source), try setting the CFLAGS and LDFLAGS environment variables to where it can be found.
[93m [WARNING] [0m Please specify the CUTLASS repo directory as environment variable $CUTLASS_PATH
[93m [WARNING] [0m async_io requires the dev libaio .so object and headers but these were not found.
[93m [WARNING] [0m async_io requires the dev libaio .so object and headers but these were not found.
[93m [WARNING] [0m If libaio is already installed (perhaps from source), try setting the CFLAGS and LDFLAGS environment variables to where it can be found.
[93m [WARNING] [0m If libaio is already installed (perhaps from source), try setting the CFLAGS and LDFLAGS environment variables to where it can be found.
[93m [WARNING] [0m Please specify the CUTLASS repo directory as environment variable $CUTLASS_PATH
[93m [WARNING] [0m Please specify the CUTLASS repo directory as environment variable $CUTLASS_PATH
[93m [WARNING] [0m async_io requires the dev libaio .so object and headers but these were not found.
[93m [WARNING] [0m sparse_attn is not compatible with ROCM
[93m [WARNING] [0m If libaio is already installed (perhaps from source), try setting the CFLAGS and LDFLAGS environment variables to where it can be found.
[93m [WARNING] [0m Please specify the CUTLASS repo directory as environment variable $CUTLASS_PATH
[93m [WARNING] [0m async_io requires the dev libaio .so object and headers but these were not found.
[93m [WARNING] [0m sparse_attn is not compatible with ROCM
[93m [WARNING] [0m async_io requires the dev libaio .so object and headers but these were not found.
[93m [WARNING] [0m async_io requires the dev libaio .so object and headers but these were not found.
[93m [WARNING] [0m async_io requires the dev libaio .so object and headers but these were not found.
[93m [WARNING] [0m async_io requires the dev libaio .so object and headers but these were not found.
[93m [WARNING] [0m async_io requires the dev libaio .so object and headers but these were not found.
[93m [WARNING] [0m async_io requires the dev libaio .so object and headers but these were not found.
[93m [WARNING] [0m async_io requires the dev libaio .so object and headers but these were not found.
[93m [WARNING] [0m async_io requires the dev libaio .so object and headers but these were not found.
[93m [WARNING] [0m If libaio is already installed (perhaps from source), try setting the CFLAGS and LDFLAGS environment variables to where it can be found.
[93m [WARNING] [0m Please specify the CUTLASS repo directory as environment variable $CUTLASS_PATH
[93m [WARNING] [0m async_io requires the dev libaio .so object and headers but these were not found.
[93m [WARNING] [0m If libaio is already installed (perhaps from source), try setting the CFLAGS and LDFLAGS environment variables to where it can be found.
[93m [WARNING] [0m Please specify the CUTLASS repo directory as environment variable $CUTLASS_PATH
[93m [WARNING] [0m async_io requires the dev libaio .so object and headers but these were not found.
[93m [WARNING] [0m If libaio is already installed (perhaps from source), try setting the CFLAGS and LDFLAGS environment variables to where it can be found.
[93m [WARNING] [0m Please specify the CUTLASS repo directory as environment variable $CUTLASS_PATH
[93m [WARNING] [0m async_io requires the dev libaio .so object and headers but these were not found.
[93m [WARNING] [0m async_io requires the dev libaio .so object and headers but these were not found.
[93m [WARNING] [0m If libaio is already installed (perhaps from source), try setting the CFLAGS and LDFLAGS environment variables to where it can be found.
[93m [WARNING] [0m Please specify the CUTLASS repo directory as environment variable $CUTLASS_PATH
[93m [WARNING] [0m If libaio is already installed (perhaps from source), try setting the CFLAGS and LDFLAGS environment variables to where it can be found.
[93m [WARNING] [0m Please specify the CUTLASS repo directory as environment variable $CUTLASS_PATH
[93m [WARNING] [0m sparse_attn is not compatible with ROCM
[93m [WARNING] [0m sparse_attn is not compatible with ROCM
[93m [WARNING] [0m sparse_attn is not compatible with ROCM
[93m [WARNING] [0m async_io requires the dev libaio .so object and headers but these were not found.
[93m [WARNING] [0m async_io requires the dev libaio .so object and headers but these were not found.
[93m [WARNING] [0m async_io requires the dev libaio .so object and headers but these were not found.
[93m [WARNING] [0m async_io requires the dev libaio .so object and headers but these were not found.
[93m [WARNING] [0m async_io requires the dev libaio .so object and headers but these were not found.
[93m [WARNING] [0m async_io requires the dev libaio .so object and headers but these were not found.
[93m [WARNING] [0m async_io requires the dev libaio .so object and headers but these were not found.
[93m [WARNING] [0m sparse_attn is not compatible with ROCM
[93m [WARNING] [0m sparse_attn is not compatible with ROCM
[93m [WARNING] [0m sparse_attn is not compatible with ROCM
[93m [WARNING] [0m async_io requires the dev libaio .so object and headers but these were not found.
[93m [WARNING] [0m sparse_attn is not compatible with ROCM
[93m [WARNING] [0m sparse_attn is not compatible with ROCM
[93m [WARNING] [0m sparse_attn is not compatible with ROCM
[93m [WARNING] [0m If libaio is already installed (perhaps from source), try setting the CFLAGS and LDFLAGS environment variables to where it can be found.
[93m [WARNING] [0m Please specify the CUTLASS repo directory as environment variable $CUTLASS_PATH
[93m [WARNING] [0m If libaio is already installed (perhaps from source), try setting the CFLAGS and LDFLAGS environment variables to where it can be found.
[93m [WARNING] [0m Please specify the CUTLASS repo directory as environment variable $CUTLASS_PATH
[93m [WARNING] [0m If libaio is already installed (perhaps from source), try setting the CFLAGS and LDFLAGS environment variables to where it can be found.
[93m [WARNING] [0m If libaio is already installed (perhaps from source), try setting the CFLAGS and LDFLAGS environment variables to where it can be found.
[93m [WARNING] [0m If libaio is already installed (perhaps from source), try setting the CFLAGS and LDFLAGS environment variables to where it can be found.
[93m [WARNING] [0m If libaio is already installed (perhaps from source), try setting the CFLAGS and LDFLAGS environment variables to where it can be found.
[93m [WARNING] [0m Please specify the CUTLASS repo directory as environment variable $CUTLASS_PATH
[93m [WARNING] [0m Please specify the CUTLASS repo directory as environment variable $CUTLASS_PATH
[93m [WARNING] [0m If libaio is already installed (perhaps from source), try setting the CFLAGS and LDFLAGS environment variables to where it can be found.
[93m [WARNING] [0m Please specify the CUTLASS repo directory as environment variable $CUTLASS_PATH
[93m [WARNING] [0m Please specify the CUTLASS repo directory as environment variable $CUTLASS_PATH
[93m [WARNING] [0m Please specify the CUTLASS repo directory as environment variable $CUTLASS_PATH
[93m [WARNING] [0m If libaio is already installed (perhaps from source), try setting the CFLAGS and LDFLAGS environment variables to where it can be found.
[93m [WARNING] [0m Please specify the CUTLASS repo directory as environment variable $CUTLASS_PATH
[93m [WARNING] [0m sparse_attn is not compatible with ROCM
[93m [WARNING] [0m sparse_attn is not compatible with ROCM
[93m [WARNING] [0m If libaio is already installed (perhaps from source), try setting the CFLAGS and LDFLAGS environment variables to where it can be found.
[93m [WARNING] [0m Please specify the CUTLASS repo directory as environment variable $CUTLASS_PATH
[93m [WARNING] [0m If libaio is already installed (perhaps from source), try setting the CFLAGS and LDFLAGS environment variables to where it can be found.
[93m [WARNING] [0m If libaio is already installed (perhaps from source), try setting the CFLAGS and LDFLAGS environment variables to where it can be found.
[93m [WARNING] [0m Please specify the CUTLASS repo directory as environment variable $CUTLASS_PATH
[93m [WARNING] [0m If libaio is already installed (perhaps from source), try setting the CFLAGS and LDFLAGS environment variables to where it can be found.
[93m [WARNING] [0m If libaio is already installed (perhaps from source), try setting the CFLAGS and LDFLAGS environment variables to where it can be found.
[93m [WARNING] [0m Please specify the CUTLASS repo directory as environment variable $CUTLASS_PATH
[93m [WARNING] [0m Please specify the CUTLASS repo directory as environment variable $CUTLASS_PATH
[93m [WARNING] [0m If libaio is already installed (perhaps from source), try setting the CFLAGS and LDFLAGS environment variables to where it can be found.
[93m [WARNING] [0m If libaio is already installed (perhaps from source), try setting the CFLAGS and LDFLAGS environment variables to where it can be found.
[93m [WARNING] [0m Please specify the CUTLASS repo directory as environment variable $CUTLASS_PATH
[93m [WARNING] [0m Please specify the CUTLASS repo directory as environment variable $CUTLASS_PATH
[93m [WARNING] [0m Please specify the CUTLASS repo directory as environment variable $CUTLASS_PATH
[93m [WARNING] [0m If libaio is already installed (perhaps from source), try setting the CFLAGS and LDFLAGS environment variables to where it can be found.
[93m [WARNING] [0m Please specify the CUTLASS repo directory as environment variable $CUTLASS_PATH
[93m [WARNING] [0m async_io requires the dev libaio .so object and headers but these were not found.
[93m [WARNING] [0m If libaio is already installed (perhaps from source), try setting the CFLAGS and LDFLAGS environment variables to where it can be found.
[93m [WARNING] [0m Please specify the CUTLASS repo directory as environment variable $CUTLASS_PATH
[93m [WARNING] [0m async_io requires the dev libaio .so object and headers but these were not found.
[93m [WARNING] [0m If libaio is already installed (perhaps from source), try setting the CFLAGS and LDFLAGS environment variables to where it can be found.
[93m [WARNING] [0m Please specify the CUTLASS repo directory as environment variable $CUTLASS_PATH
[93m [WARNING] [0m async_io requires the dev libaio .so object and headers but these were not found.
[93m [WARNING] [0m If libaio is already installed (perhaps from source), try setting the CFLAGS and LDFLAGS environment variables to where it can be found.
[93m [WARNING] [0m Please specify the CUTLASS repo directory as environment variable $CUTLASS_PATH
[93m [WARNING] [0m async_io requires the dev libaio .so object and headers but these were not found.
[93m [WARNING] [0m async_io requires the dev libaio .so object and headers but these were not found.
[93m [WARNING] [0m If libaio is already installed (perhaps from source), try setting the CFLAGS and LDFLAGS environment variables to where it can be found.
[93m [WARNING] [0m Please specify the CUTLASS repo directory as environment variable $CUTLASS_PATH
[93m [WARNING] [0m If libaio is already installed (perhaps from source), try setting the CFLAGS and LDFLAGS environment variables to where it can be found.
[93m [WARNING] [0m Please specify the CUTLASS repo directory as environment variable $CUTLASS_PATH
[93m [WARNING] [0m async_io requires the dev libaio .so object and headers but these were not found.
[93m [WARNING] [0m If libaio is already installed (perhaps from source), try setting the CFLAGS and LDFLAGS environment variables to where it can be found.
[93m [WARNING] [0m Please specify the CUTLASS repo directory as environment variable $CUTLASS_PATH
[93m [WARNING] [0m sparse_attn is not compatible with ROCM
[93m [WARNING] [0m sparse_attn is not compatible with ROCM
[93m [WARNING] [0m sparse_attn is not compatible with ROCM
[93m [WARNING] [0m sparse_attn is not compatible with ROCM
[93m [WARNING] [0m If libaio is already installed (perhaps from source), try setting the CFLAGS and LDFLAGS environment variables to where it can be found.
[93m [WARNING] [0m Please specify the CUTLASS repo directory as environment variable $CUTLASS_PATH
[93m [WARNING] [0m If libaio is already installed (perhaps from source), try setting the CFLAGS and LDFLAGS environment variables to where it can be found.
[93m [WARNING] [0m If libaio is already installed (perhaps from source), try setting the CFLAGS and LDFLAGS environment variables to where it can be found.
[93m [WARNING] [0m If libaio is already installed (perhaps from source), try setting the CFLAGS and LDFLAGS environment variables to where it can be found.
[93m [WARNING] [0m If libaio is already installed (perhaps from source), try setting the CFLAGS and LDFLAGS environment variables to where it can be found.
[93m [WARNING] [0m Please specify the CUTLASS repo directory as environment variable $CUTLASS_PATH
[93m [WARNING] [0m Please specify the CUTLASS repo directory as environment variable $CUTLASS_PATH
[93m [WARNING] [0m Please specify the CUTLASS repo directory as environment variable $CUTLASS_PATH
[93m [WARNING] [0m Please specify the CUTLASS repo directory as environment variable $CUTLASS_PATH
[93m [WARNING] [0m If libaio is already installed (perhaps from source), try setting the CFLAGS and LDFLAGS environment variables to where it can be found.
[93m [WARNING] [0m If libaio is already installed (perhaps from source), try setting the CFLAGS and LDFLAGS environment variables to where it can be found.
[93m [WARNING] [0m Please specify the CUTLASS repo directory as environment variable $CUTLASS_PATH
[93m [WARNING] [0m Please specify the CUTLASS repo directory as environment variable $CUTLASS_PATH
[93m [WARNING] [0m If libaio is already installed (perhaps from source), try setting the CFLAGS and LDFLAGS environment variables to where it can be found.
[93m [WARNING] [0m Please specify the CUTLASS repo directory as environment variable $CUTLASS_PATH
[93m [WARNING] [0m sparse_attn is not compatible with ROCM
[93m [WARNING] [0m sparse_attn is not compatible with ROCM
[93m [WARNING] [0m sparse_attn is not compatible with ROCM
[93m [WARNING] [0m sparse_attn is not compatible with ROCM
[93m [WARNING] [0m sparse_attn is not compatible with ROCM
[93m [WARNING] [0m sparse_attn is not compatible with ROCM
[93m [WARNING] [0m sparse_attn is not compatible with ROCM
[93m [WARNING] [0m sparse_attn is not compatible with ROCM
[93m [WARNING] [0m sparse_attn is not compatible with ROCM
[93m [WARNING] [0m sparse_attn is not compatible with ROCM
[93m [WARNING] [0m sparse_attn is not compatible with ROCM
[93m [WARNING] [0m sparse_attn is not compatible with ROCM
[93m [WARNING] [0m sparse_attn is not compatible with ROCM
[93m [WARNING] [0m sparse_attn is not compatible with ROCM
[93m [WARNING] [0m sparse_attn is not compatible with ROCM
[93m [WARNING] [0m sparse_attn is not compatible with ROCM
[93m [WARNING] [0m sparse_attn is not compatible with ROCM
[93m [WARNING] [0m async_io requires the dev libaio .so object and headers but these were not found.
[93m [WARNING] [0m async_io requires the dev libaio .so object and headers but these were not found.
[93m [WARNING] [0m async_io requires the dev libaio .so object and headers but these were not found.
[93m [WARNING] [0m async_io requires the dev libaio .so object and headers but these were not found.
[93m [WARNING] [0m async_io requires the dev libaio .so object and headers but these were not found.
[93m [WARNING] [0m async_io requires the dev libaio .so object and headers but these were not found.
[93m [WARNING] [0m async_io requires the dev libaio .so object and headers but these were not found.
[93m [WARNING] [0m async_io requires the dev libaio .so object and headers but these were not found.
[93m [WARNING] [0m sparse_attn is not compatible with ROCM
[93m [WARNING] [0m sparse_attn is not compatible with ROCM
[93m [WARNING] [0m If libaio is already installed (perhaps from source), try setting the CFLAGS and LDFLAGS environment variables to where it can be found.
[93m [WARNING] [0m Please specify the CUTLASS repo directory as environment variable $CUTLASS_PATH
[93m [WARNING] [0m If libaio is already installed (perhaps from source), try setting the CFLAGS and LDFLAGS environment variables to where it can be found.
[93m [WARNING] [0m Please specify the CUTLASS repo directory as environment variable $CUTLASS_PATH
[93m [WARNING] [0m If libaio is already installed (perhaps from source), try setting the CFLAGS and LDFLAGS environment variables to where it can be found.
[93m [WARNING] [0m If libaio is already installed (perhaps from source), try setting the CFLAGS and LDFLAGS environment variables to where it can be found.
[93m [WARNING] [0m If libaio is already installed (perhaps from source), try setting the CFLAGS and LDFLAGS environment variables to where it can be found.
[93m [WARNING] [0m Please specify the CUTLASS repo directory as environment variable $CUTLASS_PATH
[93m [WARNING] [0m If libaio is already installed (perhaps from source), try setting the CFLAGS and LDFLAGS environment variables to where it can be found.
[93m [WARNING] [0m Please specify the CUTLASS repo directory as environment variable $CUTLASS_PATH
[93m [WARNING] [0m Please specify the CUTLASS repo directory as environment variable $CUTLASS_PATH
[93m [WARNING] [0m If libaio is already installed (perhaps from source), try setting the CFLAGS and LDFLAGS environment variables to where it can be found.
[93m [WARNING] [0m Please specify the CUTLASS repo directory as environment variable $CUTLASS_PATH
[93m [WARNING] [0m Please specify the CUTLASS repo directory as environment variable $CUTLASS_PATH
[93m [WARNING] [0m If libaio is already installed (perhaps from source), try setting the CFLAGS and LDFLAGS environment variables to where it can be found.
[93m [WARNING] [0m Please specify the CUTLASS repo directory as environment variable $CUTLASS_PATH
[93m [WARNING] [0m sparse_attn is not compatible with ROCM
[93m [WARNING] [0m sparse_attn is not compatible with ROCM
[93m [WARNING] [0m sparse_attn is not compatible with ROCM
[93m [WARNING] [0m sparse_attn is not compatible with ROCM
[93m [WARNING] [0m sparse_attn is not compatible with ROCM
[93m [WARNING] [0m sparse_attn is not compatible with ROCM
[93m [WARNING] [0m sparse_attn is not compatible with ROCM
[93m [WARNING] [0m sparse_attn is not compatible with ROCM
[93m [WARNING] [0m sparse_attn is not compatible with ROCM
[93m [WARNING] [0m sparse_attn is not compatible with ROCM
[93m [WARNING] [0m sparse_attn is not compatible with ROCM
[93m [WARNING] [0m sparse_attn is not compatible with ROCM
[93m [WARNING] [0m sparse_attn is not compatible with ROCM
[93m [WARNING] [0m sparse_attn is not compatible with ROCM
[93m [WARNING] [0m sparse_attn is not compatible with ROCM
[93m [WARNING] [0m sparse_attn is not compatible with ROCM
[93m [WARNING] [0m sparse_attn is not compatible with ROCM
[93m [WARNING] [0m sparse_attn is not compatible with ROCM
[93m [WARNING] [0m sparse_attn is not compatible with ROCM
[93m [WARNING] [0m sparse_attn is not compatible with ROCM
[93m [WARNING] [0m sparse_attn is not compatible with ROCM
[93m [WARNING] [0m sparse_attn is not compatible with ROCM
[93m [WARNING] [0m sparse_attn is not compatible with ROCM
[93m [WARNING] [0m sparse_attn is not compatible with ROCM
[93m [WARNING] [0m sparse_attn is not compatible with ROCM
[93m [WARNING] [0m sparse_attn is not compatible with ROCM
[93m [WARNING] [0m sparse_attn is not compatible with ROCM
[93m [WARNING] [0m sparse_attn is not compatible with ROCM
[93m [WARNING] [0m sparse_attn is not compatible with ROCM
[93m [WARNING] [0m sparse_attn is not compatible with ROCM
[93m [WARNING] [0m sparse_attn is not compatible with ROCM
[93m [WARNING] [0m sparse_attn is not compatible with ROCM
[93m [WARNING] [0m sparse_attn is not compatible with ROCM
[93m [WARNING] [0m sparse_attn is not compatible with ROCM
[93m [WARNING] [0m sparse_attn is not compatible with ROCM
[93m [WARNING] [0m sparse_attn is not compatible with ROCM
[93m [WARNING] [0m sparse_attn is not compatible with ROCM
[93m [WARNING] [0m sparse_attn is not compatible with ROCM
[93m [WARNING] [0m sparse_attn is not compatible with ROCM
[93m [WARNING] [0m sparse_attn is not compatible with ROCM
[93m [WARNING] [0m sparse_attn is not compatible with ROCM
[93m [WARNING] [0m sparse_attn is not compatible with ROCM
[93m [WARNING] [0m sparse_attn is not compatible with ROCM
[93m [WARNING] [0m sparse_attn is not compatible with ROCM
[93m [WARNING] [0m sparse_attn is not compatible with ROCM
[93m [WARNING] [0m sparse_attn is not compatible with ROCM
[93m [WARNING] [0m sparse_attn is not compatible with ROCM
[93m [WARNING] [0m sparse_attn is not compatible with ROCM
[93m [WARNING] [0m sparse_attn is not compatible with ROCM
[93m [WARNING] [0m sparse_attn is not compatible with ROCM
[93m [WARNING] [0m sparse_attn is not compatible with ROCM
[93m [WARNING] [0m sparse_attn is not compatible with ROCM
[93m [WARNING] [0m sparse_attn is not compatible with ROCM
[93m [WARNING] [0m sparse_attn is not compatible with ROCM
[93m [WARNING] [0m sparse_attn is not compatible with ROCM
[93m [WARNING] [0m sparse_attn is not compatible with ROCM
[93m [WARNING] [0m sparse_attn is not compatible with ROCM
[93m [WARNING] [0m sparse_attn is not compatible with ROCM
[93m [WARNING] [0m sparse_attn is not compatible with ROCM
[93m [WARNING] [0m sparse_attn is not compatible with ROCM
[93m [WARNING] [0m sparse_attn is not compatible with ROCM
[93m [WARNING] [0m sparse_attn is not compatible with ROCM
[93m [WARNING] [0m sparse_attn is not compatible with ROCM
[93m [WARNING] [0m sparse_attn is not compatible with ROCM
[93m [WARNING] [0m sparse_attn is not compatible with ROCM
[93m [WARNING] [0m sparse_attn is not compatible with ROCM
[93m [WARNING] [0m sparse_attn is not compatible with ROCM
[93m [WARNING] [0m sparse_attn is not compatible with ROCM
[93m [WARNING] [0m sparse_attn is not compatible with ROCM
[93m [WARNING] [0m sparse_attn is not compatible with ROCM
[93m [WARNING] [0m sparse_attn is not compatible with ROCM
[93m [WARNING] [0m sparse_attn is not compatible with ROCM
[93m [WARNING] [0m sparse_attn is not compatible with ROCM
[93m [WARNING] [0m sparse_attn is not compatible with ROCM
[93m [WARNING] [0m sparse_attn is not compatible with ROCM
[93m [WARNING] [0m sparse_attn is not compatible with ROCM
[93m [WARNING] [0m sparse_attn is not compatible with ROCM
[93m [WARNING] [0m sparse_attn is not compatible with ROCM
[93m [WARNING] [0m sparse_attn is not compatible with ROCM
[93m [WARNING] [0m sparse_attn is not compatible with ROCM
[93m [WARNING] [0m sparse_attn is not compatible with ROCM
[93m [WARNING] [0m async_io requires the dev libaio .so object and headers but these were not found.
[93m [WARNING] [0m async_io requires the dev libaio .so object and headers but these were not found.
[93m [WARNING] [0m async_io requires the dev libaio .so object and headers but these were not found.
[93m [WARNING] [0m async_io requires the dev libaio .so object and headers but these were not found.
[93m [WARNING] [0m async_io requires the dev libaio .so object and headers but these were not found.
[93m [WARNING] [0m async_io requires the dev libaio .so object and headers but these were not found.
[93m [WARNING] [0m async_io requires the dev libaio .so object and headers but these were not found.
[93m [WARNING] [0m async_io requires the dev libaio .so object and headers but these were not found.
[93m [WARNING] [0m If libaio is already installed (perhaps from source), try setting the CFLAGS and LDFLAGS environment variables to where it can be found.
[93m [WARNING] [0m Please specify the CUTLASS repo directory as environment variable $CUTLASS_PATH
[93m [WARNING] [0m If libaio is already installed (perhaps from source), try setting the CFLAGS and LDFLAGS environment variables to where it can be found.
[93m [WARNING] [0m Please specify the CUTLASS repo directory as environment variable $CUTLASS_PATH
[93m [WARNING] [0m If libaio is already installed (perhaps from source), try setting the CFLAGS and LDFLAGS environment variables to where it can be found.
[93m [WARNING] [0m Please specify the CUTLASS repo directory as environment variable $CUTLASS_PATH
[93m [WARNING] [0m If libaio is already installed (perhaps from source), try setting the CFLAGS and LDFLAGS environment variables to where it can be found.
[93m [WARNING] [0m Please specify the CUTLASS repo directory as environment variable $CUTLASS_PATH
[93m [WARNING] [0m If libaio is already installed (perhaps from source), try setting the CFLAGS and LDFLAGS environment variables to where it can be found.
[93m [WARNING] [0m Please specify the CUTLASS repo directory as environment variable $CUTLASS_PATH
[93m [WARNING] [0m If libaio is already installed (perhaps from source), try setting the CFLAGS and LDFLAGS environment variables to where it can be found.
[93m [WARNING] [0m Please specify the CUTLASS repo directory as environment variable $CUTLASS_PATH
[93m [WARNING] [0m If libaio is already installed (perhaps from source), try setting the CFLAGS and LDFLAGS environment variables to where it can be found.
[93m [WARNING] [0m Please specify the CUTLASS repo directory as environment variable $CUTLASS_PATH
[93m [WARNING] [0m If libaio is already installed (perhaps from source), try setting the CFLAGS and LDFLAGS environment variables to where it can be found.
[93m [WARNING] [0m Please specify the CUTLASS repo directory as environment variable $CUTLASS_PATH
[93m [WARNING] [0m sparse_attn is not compatible with ROCM
[93m [WARNING] [0m sparse_attn is not compatible with ROCM
[93m [WARNING] [0m sparse_attn is not compatible with ROCM
[93m [WARNING] [0m sparse_attn is not compatible with ROCM
[93m [WARNING] [0m sparse_attn is not compatible with ROCM
[93m [WARNING] [0m sparse_attn is not compatible with ROCM
[93m [WARNING] [0m sparse_attn is not compatible with ROCM
[93m [WARNING] [0m sparse_attn is not compatible with ROCM
[W socket.cpp:601] [c10d] The client socket cannot be initialized to connect to [frontier00083.frontier.olcf.ornl.gov]:8889 (errno: 97 - Address family not supported by protocol).
[W socket.cpp:601] [c10d] The client socket cannot be initialized to connect to [frontier00083.frontier.olcf.ornl.gov]:8889 (errno: 97 - Address family not supported by protocol).
[W socket.cpp:601] [c10d] The client socket cannot be initialized to connect to [frontier00083.frontier.olcf.ornl.gov]:8889 (errno: 97 - Address family not supported by protocol).
[W socket.cpp:601] [c10d] The client socket cannot be initialized to connect to [frontier00083.frontier.olcf.ornl.gov]:8889 (errno: 97 - Address family not supported by protocol).
[W socket.cpp:601] [c10d] The client socket cannot be initialized to connect to [frontier00083.frontier.olcf.ornl.gov]:8889 (errno: 97 - Address family not supported by protocol).
[W socket.cpp:601] [c10d] The client socket cannot be initialized to connect to [frontier00083.frontier.olcf.ornl.gov]:8889 (errno: 97 - Address family not supported by protocol).
[W socket.cpp:601] [c10d] The client socket cannot be initialized to connect to [frontier00083.frontier.olcf.ornl.gov]:8889 (errno: 97 - Address family not supported by protocol).
[W socket.cpp:601] [c10d] The client socket cannot be initialized to connect to [frontier00083.frontier.olcf.ornl.gov]:8889 (errno: 97 - Address family not supported by protocol).
[W socket.cpp:601] [c10d] The client socket cannot be initialized to connect to [frontier00083.frontier.olcf.ornl.gov]:8889 (errno: 97 - Address family not supported by protocol).
[W socket.cpp:601] [c10d] The client socket cannot be initialized to connect to [frontier00083.frontier.olcf.ornl.gov]:8889 (errno: 97 - Address family not supported by protocol).
[W socket.cpp:601] [c10d] The client socket cannot be initialized to connect to [frontier00083.frontier.olcf.ornl.gov]:8889 (errno: 97 - Address family not supported by protocol).
[W socket.cpp:601] [c10d] The client socket cannot be initialized to connect to [frontier00083.frontier.olcf.ornl.gov]:8889 (errno: 97 - Address family not supported by protocol).
[W socket.cpp:601] [c10d] The client socket cannot be initialized to connect to [frontier00083.frontier.olcf.ornl.gov]:8889 (errno: 97 - Address family not supported by protocol).
[W socket.cpp:601] [c10d] The client socket cannot be initialized to connect to [frontier00083.frontier.olcf.ornl.gov]:8889 (errno: 97 - Address family not supported by protocol).
[W socket.cpp:601] [c10d] The client socket cannot be initialized to connect to [frontier00083.frontier.olcf.ornl.gov]:8889 (errno: 97 - Address family not supported by protocol).
[W socket.cpp:601] [c10d] The client socket cannot be initialized to connect to [frontier00083.frontier.olcf.ornl.gov]:8889 (errno: 97 - Address family not supported by protocol).
[W socket.cpp:601] [c10d] The client socket cannot be initialized to connect to [frontier00083.frontier.olcf.ornl.gov]:8889 (errno: 97 - Address family not supported by protocol).
[W socket.cpp:601] [c10d] The client socket cannot be initialized to connect to [frontier00083.frontier.olcf.ornl.gov]:8889 (errno: 97 - Address family not supported by protocol).
[W socket.cpp:601] [c10d] The client socket cannot be initialized to connect to [frontier00083.frontier.olcf.ornl.gov]:8889 (errno: 97 - Address family not supported by protocol).
[W socket.cpp:601] [c10d] The client socket cannot be initialized to connect to [frontier00083.frontier.olcf.ornl.gov]:8889 (errno: 97 - Address family not supported by protocol).
[W socket.cpp:601] [c10d] The client socket cannot be initialized to connect to [frontier00083.frontier.olcf.ornl.gov]:8889 (errno: 97 - Address family not supported by protocol).
[W socket.cpp:601] [c10d] The client socket cannot be initialized to connect to [frontier00083.frontier.olcf.ornl.gov]:8889 (errno: 97 - Address family not supported by protocol).
[W socket.cpp:601] [c10d] The client socket cannot be initialized to connect to [frontier00083.frontier.olcf.ornl.gov]:8889 (errno: 97 - Address family not supported by protocol).
[W socket.cpp:601] [c10d] The client socket cannot be initialized to connect to [frontier00083.frontier.olcf.ornl.gov]:8889 (errno: 97 - Address family not supported by protocol).
[W socket.cpp:601] [c10d] The client socket cannot be initialized to connect to [frontier00083.frontier.olcf.ornl.gov]:8889 (errno: 97 - Address family not supported by protocol).
[W socket.cpp:601] [c10d] The client socket cannot be initialized to connect to [frontier00083.frontier.olcf.ornl.gov]:8889 (errno: 97 - Address family not supported by protocol).
[W socket.cpp:601] [c10d] The client socket cannot be initialized to connect to [frontier00083.frontier.olcf.ornl.gov]:8889 (errno: 97 - Address family not supported by protocol).
[W socket.cpp:601] [c10d] The client socket cannot be initialized to connect to [frontier00083.frontier.olcf.ornl.gov]:8889 (errno: 97 - Address family not supported by protocol).
[W socket.cpp:601] [c10d] The client socket cannot be initialized to connect to [frontier00083.frontier.olcf.ornl.gov]:8889 (errno: 97 - Address family not supported by protocol).
[W socket.cpp:601] [c10d] The client socket cannot be initialized to connect to [frontier00083.frontier.olcf.ornl.gov]:8889 (errno: 97 - Address family not supported by protocol).
[W socket.cpp:601] [c10d] The client socket cannot be initialized to connect to [frontier00083.frontier.olcf.ornl.gov]:8889 (errno: 97 - Address family not supported by protocol).
[W socket.cpp:601] [c10d] The client socket cannot be initialized to connect to [frontier00083.frontier.olcf.ornl.gov]:8889 (errno: 97 - Address family not supported by protocol).
[W socket.cpp:601] [c10d] The client socket cannot be initialized to connect to [frontier00083.frontier.olcf.ornl.gov]:8889 (errno: 97 - Address family not supported by protocol).
[W socket.cpp:601] [c10d] The client socket cannot be initialized to connect to [frontier00083.frontier.olcf.ornl.gov]:8889 (errno: 97 - Address family not supported by protocol).
[W socket.cpp:601] [c10d] The client socket cannot be initialized to connect to [frontier00083.frontier.olcf.ornl.gov]:8889 (errno: 97 - Address family not supported by protocol).
[W socket.cpp:601] [c10d] The client socket cannot be initialized to connect to [frontier00083.frontier.olcf.ornl.gov]:8889 (errno: 97 - Address family not supported by protocol).
[W socket.cpp:601] [c10d] The client socket cannot be initialized to connect to [frontier00083.frontier.olcf.ornl.gov]:8889 (errno: 97 - Address family not supported by protocol).
[W socket.cpp:601] [c10d] The client socket cannot be initialized to connect to [frontier00083.frontier.olcf.ornl.gov]:8889 (errno: 97 - Address family not supported by protocol).
[W socket.cpp:601] [c10d] The client socket cannot be initialized to connect to [frontier00083.frontier.olcf.ornl.gov]:8889 (errno: 97 - Address family not supported by protocol).
[W socket.cpp:601] [c10d] The client socket cannot be initialized to connect to [frontier00083.frontier.olcf.ornl.gov]:8889 (errno: 97 - Address family not supported by protocol).
[W socket.cpp:601] [c10d] The client socket cannot be initialized to connect to [frontier00083.frontier.olcf.ornl.gov]:8889 (errno: 97 - Address family not supported by protocol).
[W socket.cpp:601] [c10d] The client socket cannot be initialized to connect to [frontier00083.frontier.olcf.ornl.gov]:8889 (errno: 97 - Address family not supported by protocol).
[W socket.cpp:601] [c10d] The client socket cannot be initialized to connect to [frontier00083.frontier.olcf.ornl.gov]:8889 (errno: 97 - Address family not supported by protocol).
[W socket.cpp:601] [c10d] The client socket cannot be initialized to connect to [frontier00083.frontier.olcf.ornl.gov]:8889 (errno: 97 - Address family not supported by protocol).
[W socket.cpp:601] [c10d] The client socket cannot be initialized to connect to [frontier00083.frontier.olcf.ornl.gov]:8889 (errno: 97 - Address family not supported by protocol).
[W socket.cpp:601] [c10d] The client socket cannot be initialized to connect to [frontier00083.frontier.olcf.ornl.gov]:8889 (errno: 97 - Address family not supported by protocol).
[W socket.cpp:601] [c10d] The client socket cannot be initialized to connect to [frontier00083.frontier.olcf.ornl.gov]:8889 (errno: 97 - Address family not supported by protocol).
[W socket.cpp:601] [c10d] The client socket cannot be initialized to connect to [frontier00083.frontier.olcf.ornl.gov]:8889 (errno: 97 - Address family not supported by protocol).
[W socket.cpp:601] [c10d] The client socket cannot be initialized to connect to [frontier00083.frontier.olcf.ornl.gov]:8889 (errno: 97 - Address family not supported by protocol).
[W socket.cpp:601] [c10d] The client socket cannot be initialized to connect to [frontier00083.frontier.olcf.ornl.gov]:8889 (errno: 97 - Address family not supported by protocol).
[W socket.cpp:601] [c10d] The client socket cannot be initialized to connect to [frontier00083.frontier.olcf.ornl.gov]:8889 (errno: 97 - Address family not supported by protocol).
[W socket.cpp:601] [c10d] The client socket cannot be initialized to connect to [frontier00083.frontier.olcf.ornl.gov]:8889 (errno: 97 - Address family not supported by protocol).
[W socket.cpp:601] [c10d] The client socket cannot be initialized to connect to [frontier00083.frontier.olcf.ornl.gov]:8889 (errno: 97 - Address family not supported by protocol).
[W socket.cpp:601] [c10d] The client socket cannot be initialized to connect to [frontier00083.frontier.olcf.ornl.gov]:8889 (errno: 97 - Address family not supported by protocol).
[W socket.cpp:601] [c10d] The client socket cannot be initialized to connect to [frontier00083.frontier.olcf.ornl.gov]:8889 (errno: 97 - Address family not supported by protocol).
[W socket.cpp:601] [c10d] The client socket cannot be initialized to connect to [frontier00083.frontier.olcf.ornl.gov]:8889 (errno: 97 - Address family not supported by protocol).
[W socket.cpp:601] [c10d] The client socket cannot be initialized to connect to [frontier00083.frontier.olcf.ornl.gov]:8889 (errno: 97 - Address family not supported by protocol).
[W socket.cpp:601] [c10d] The client socket cannot be initialized to connect to [frontier00083.frontier.olcf.ornl.gov]:8889 (errno: 97 - Address family not supported by protocol).
[W socket.cpp:601] [c10d] The client socket cannot be initialized to connect to [frontier00083.frontier.olcf.ornl.gov]:8889 (errno: 97 - Address family not supported by protocol).
[W socket.cpp:601] [c10d] The client socket cannot be initialized to connect to [frontier00083.frontier.olcf.ornl.gov]:8889 (errno: 97 - Address family not supported by protocol).
[W socket.cpp:601] [c10d] The client socket cannot be initialized to connect to [frontier00083.frontier.olcf.ornl.gov]:8889 (errno: 97 - Address family not supported by protocol).
[W socket.cpp:601] [c10d] The client socket cannot be initialized to connect to [frontier00083.frontier.olcf.ornl.gov]:8889 (errno: 97 - Address family not supported by protocol).
[W socket.cpp:601] [c10d] The client socket cannot be initialized to connect to [frontier00083.frontier.olcf.ornl.gov]:8889 (errno: 97 - Address family not supported by protocol).
[W socket.cpp:601] [c10d] The client socket cannot be initialized to connect to [frontier00083.frontier.olcf.ornl.gov]:8889 (errno: 97 - Address family not supported by protocol).
Distributed data parallel: nccl master at frontier00083:8889
[W socket.cpp:426] [c10d] The server socket cannot be initialized on [::]:8889 (errno: 97 - Address family not supported by protocol).
[W socket.cpp:601] [c10d] The client socket cannot be initialized to connect to [frontier00083.frontier.olcf.ornl.gov]:8889 (errno: 97 - Address family not supported by protocol).
[W socket.cpp:601] [c10d] The client socket cannot be initialized to connect to [frontier00083.frontier.olcf.ornl.gov]:8889 (errno: 97 - Address family not supported by protocol).
[W socket.cpp:601] [c10d] The client socket cannot be initialized to connect to [frontier00083.frontier.olcf.ornl.gov]:8889 (errno: 97 - Address family not supported by protocol).
[W socket.cpp:601] [c10d] The client socket cannot be initialized to connect to [frontier00083.frontier.olcf.ornl.gov]:8889 (errno: 97 - Address family not supported by protocol).
[W socket.cpp:601] [c10d] The client socket cannot be initialized to connect to [frontier00083.frontier.olcf.ornl.gov]:8889 (errno: 97 - Address family not supported by protocol).
[W socket.cpp:601] [c10d] The client socket cannot be initialized to connect to [frontier00083.frontier.olcf.ornl.gov]:8889 (errno: 97 - Address family not supported by protocol).
[W socket.cpp:601] [c10d] The client socket cannot be initialized to connect to [frontier00083.frontier.olcf.ornl.gov]:8889 (errno: 97 - Address family not supported by protocol).
[W socket.cpp:601] [c10d] The client socket cannot be initialized to connect to [frontier00083.frontier.olcf.ornl.gov]:8889 (errno: 97 - Address family not supported by protocol).
[W socket.cpp:601] [c10d] The client socket cannot be initialized to connect to [frontier00083.frontier.olcf.ornl.gov]:8889 (errno: 97 - Address family not supported by protocol).
[W socket.cpp:601] [c10d] The client socket cannot be initialized to connect to [frontier00083.frontier.olcf.ornl.gov]:8889 (errno: 97 - Address family not supported by protocol).
[W socket.cpp:601] [c10d] The client socket cannot be initialized to connect to [frontier00083.frontier.olcf.ornl.gov]:8889 (errno: 97 - Address family not supported by protocol).
[W socket.cpp:601] [c10d] The client socket cannot be initialized to connect to [frontier00083.frontier.olcf.ornl.gov]:8889 (errno: 97 - Address family not supported by protocol).
[W socket.cpp:601] [c10d] The client socket cannot be initialized to connect to [frontier00083.frontier.olcf.ornl.gov]:8889 (errno: 97 - Address family not supported by protocol).
[W socket.cpp:601] [c10d] The client socket cannot be initialized to connect to [frontier00083.frontier.olcf.ornl.gov]:8889 (errno: 97 - Address family not supported by protocol).
[W socket.cpp:601] [c10d] The client socket cannot be initialized to connect to [frontier00083.frontier.olcf.ornl.gov]:8889 (errno: 97 - Address family not supported by protocol).
[W socket.cpp:601] [c10d] The client socket cannot be initialized to connect to [frontier00083.frontier.olcf.ornl.gov]:8889 (errno: 97 - Address family not supported by protocol).
[W socket.cpp:601] [c10d] The client socket cannot be initialized to connect to [frontier00083.frontier.olcf.ornl.gov]:8889 (errno: 97 - Address family not supported by protocol).
[W socket.cpp:601] [c10d] The client socket cannot be initialized to connect to [frontier00083.frontier.olcf.ornl.gov]:8889 (errno: 97 - Address family not supported by protocol).
[W socket.cpp:601] [c10d] The client socket cannot be initialized to connect to [frontier00083.frontier.olcf.ornl.gov]:8889 (errno: 97 - Address family not supported by protocol).
[W socket.cpp:601] [c10d] The client socket cannot be initialized to connect to [frontier00083.frontier.olcf.ornl.gov]:8889 (errno: 97 - Address family not supported by protocol).
[W socket.cpp:601] [c10d] The client socket cannot be initialized to connect to [frontier00083.frontier.olcf.ornl.gov]:8889 (errno: 97 - Address family not supported by protocol).
[W socket.cpp:601] [c10d] The client socket cannot be initialized to connect to [frontier00083.frontier.olcf.ornl.gov]:8889 (errno: 97 - Address family not supported by protocol).
[W socket.cpp:601] [c10d] The client socket cannot be initialized to connect to [frontier00083.frontier.olcf.ornl.gov]:8889 (errno: 97 - Address family not supported by protocol).
[W socket.cpp:601] [c10d] The client socket cannot be initialized to connect to [frontier00083.frontier.olcf.ornl.gov]:8889 (errno: 97 - Address family not supported by protocol).
[W socket.cpp:601] [c10d] The client socket cannot be initialized to connect to [frontier00083.frontier.olcf.ornl.gov]:8889 (errno: 97 - Address family not supported by protocol).
[W socket.cpp:601] [c10d] The client socket cannot be initialized to connect to [frontier00083.frontier.olcf.ornl.gov]:8889 (errno: 97 - Address family not supported by protocol).
[W socket.cpp:601] [c10d] The client socket cannot be initialized to connect to [frontier00083.frontier.olcf.ornl.gov]:8889 (errno: 97 - Address family not supported by protocol).
[W socket.cpp:601] [c10d] The client socket cannot be initialized to connect to [frontier00083.frontier.olcf.ornl.gov]:8889 (errno: 97 - Address family not supported by protocol).
[W socket.cpp:601] [c10d] The client socket cannot be initialized to connect to [frontier00083.frontier.olcf.ornl.gov]:8889 (errno: 97 - Address family not supported by protocol).
[W socket.cpp:601] [c10d] The client socket cannot be initialized to connect to [frontier00083.frontier.olcf.ornl.gov]:8889 (errno: 97 - Address family not supported by protocol).
[W socket.cpp:601] [c10d] The client socket cannot be initialized to connect to [frontier00083.frontier.olcf.ornl.gov]:8889 (errno: 97 - Address family not supported by protocol).
[W socket.cpp:601] [c10d] The client socket cannot be initialized to connect to [frontier00083.frontier.olcf.ornl.gov]:8889 (errno: 97 - Address family not supported by protocol).
[W socket.cpp:601] [c10d] The client socket cannot be initialized to connect to [frontier00083.frontier.olcf.ornl.gov]:8889 (errno: 97 - Address family not supported by protocol).
[W socket.cpp:601] [c10d] The client socket cannot be initialized to connect to [frontier00083.frontier.olcf.ornl.gov]:8889 (errno: 97 - Address family not supported by protocol).
[W socket.cpp:601] [c10d] The client socket cannot be initialized to connect to [frontier00083.frontier.olcf.ornl.gov]:8889 (errno: 97 - Address family not supported by protocol).
[W socket.cpp:601] [c10d] The client socket cannot be initialized to connect to [frontier00083.frontier.olcf.ornl.gov]:8889 (errno: 97 - Address family not supported by protocol).
[W socket.cpp:601] [c10d] The client socket cannot be initialized to connect to [frontier00083.frontier.olcf.ornl.gov]:8889 (errno: 97 - Address family not supported by protocol).
[W socket.cpp:601] [c10d] The client socket cannot be initialized to connect to [frontier00083.frontier.olcf.ornl.gov]:8889 (errno: 97 - Address family not supported by protocol).
[W socket.cpp:601] [c10d] The client socket cannot be initialized to connect to [frontier00083.frontier.olcf.ornl.gov]:8889 (errno: 97 - Address family not supported by protocol).
[W socket.cpp:601] [c10d] The client socket cannot be initialized to connect to [frontier00083.frontier.olcf.ornl.gov]:8889 (errno: 97 - Address family not supported by protocol).
[W socket.cpp:601] [c10d] The client socket cannot be initialized to connect to [frontier00083.frontier.olcf.ornl.gov]:8889 (errno: 97 - Address family not supported by protocol).
[W socket.cpp:601] [c10d] The client socket cannot be initialized to connect to [frontier00083.frontier.olcf.ornl.gov]:8889 (errno: 97 - Address family not supported by protocol).
[W socket.cpp:601] [c10d] The client socket cannot be initialized to connect to [frontier00083.frontier.olcf.ornl.gov]:8889 (errno: 97 - Address family not supported by protocol).
[W socket.cpp:601] [c10d] The client socket cannot be initialized to connect to [frontier00083.frontier.olcf.ornl.gov]:8889 (errno: 97 - Address family not supported by protocol).
[W socket.cpp:601] [c10d] The client socket cannot be initialized to connect to [frontier00083.frontier.olcf.ornl.gov]:8889 (errno: 97 - Address family not supported by protocol).
[W socket.cpp:601] [c10d] The client socket cannot be initialized to connect to [frontier00083.frontier.olcf.ornl.gov]:8889 (errno: 97 - Address family not supported by protocol).
[W socket.cpp:601] [c10d] The client socket cannot be initialized to connect to [frontier00083.frontier.olcf.ornl.gov]:8889 (errno: 97 - Address family not supported by protocol).
[W socket.cpp:601] [c10d] The client socket cannot be initialized to connect to [frontier00083.frontier.olcf.ornl.gov]:8889 (errno: 97 - Address family not supported by protocol).
[W socket.cpp:601] [c10d] The client socket cannot be initialized to connect to [frontier00083.frontier.olcf.ornl.gov]:8889 (errno: 97 - Address family not supported by protocol).
[W socket.cpp:601] [c10d] The client socket cannot be initialized to connect to [frontier00083.frontier.olcf.ornl.gov]:8889 (errno: 97 - Address family not supported by protocol).
[W socket.cpp:601] [c10d] The client socket cannot be initialized to connect to [frontier00083.frontier.olcf.ornl.gov]:8889 (errno: 97 - Address family not supported by protocol).
[W socket.cpp:601] [c10d] The client socket cannot be initialized to connect to [frontier00083.frontier.olcf.ornl.gov]:8889 (errno: 97 - Address family not supported by protocol).
[W socket.cpp:601] [c10d] The client socket cannot be initialized to connect to [frontier00083.frontier.olcf.ornl.gov]:8889 (errno: 97 - Address family not supported by protocol).
[W socket.cpp:601] [c10d] The client socket cannot be initialized to connect to [frontier00083.frontier.olcf.ornl.gov]:8889 (errno: 97 - Address family not supported by protocol).
[W socket.cpp:601] [c10d] The client socket cannot be initialized to connect to [frontier00083.frontier.olcf.ornl.gov]:8889 (errno: 97 - Address family not supported by protocol).
[W socket.cpp:601] [c10d] The client socket cannot be initialized to connect to [frontier00083.frontier.olcf.ornl.gov]:8889 (errno: 97 - Address family not supported by protocol).
[W socket.cpp:601] [c10d] The client socket cannot be initialized to connect to [frontier00083.frontier.olcf.ornl.gov]:8889 (errno: 97 - Address family not supported by protocol).
[W socket.cpp:601] [c10d] The client socket cannot be initialized to connect to [frontier00083.frontier.olcf.ornl.gov]:8889 (errno: 97 - Address family not supported by protocol).
[W socket.cpp:601] [c10d] The client socket cannot be initialized to connect to [frontier00083.frontier.olcf.ornl.gov]:8889 (errno: 97 - Address family not supported by protocol).
[W socket.cpp:601] [c10d] The client socket cannot be initialized to connect to [frontier00083.frontier.olcf.ornl.gov]:8889 (errno: 97 - Address family not supported by protocol).
[W socket.cpp:601] [c10d] The client socket cannot be initialized to connect to [frontier00083.frontier.olcf.ornl.gov]:8889 (errno: 97 - Address family not supported by protocol).
[W socket.cpp:601] [c10d] The client socket cannot be initialized to connect to [frontier00083.frontier.olcf.ornl.gov]:8889 (errno: 97 - Address family not supported by protocol).
[W socket.cpp:601] [c10d] The client socket cannot be initialized to connect to [frontier00083.frontier.olcf.ornl.gov]:8889 (errno: 97 - Address family not supported by protocol).
[W socket.cpp:601] [c10d] The client socket cannot be initialized to connect to [frontier00083.frontier.olcf.ornl.gov]:8889 (errno: 97 - Address family not supported by protocol).
[W socket.cpp:601] [c10d] The client socket cannot be initialized to connect to [frontier00083.frontier.olcf.ornl.gov]:8889 (errno: 97 - Address family not supported by protocol).
[W socket.cpp:601] [c10d] The client socket cannot be initialized to connect to [frontier00083.frontier.olcf.ornl.gov]:8889 (errno: 97 - Address family not supported by protocol).
[W socket.cpp:601] [c10d] The client socket cannot be initialized to connect to [frontier00083.frontier.olcf.ornl.gov]:8889 (errno: 97 - Address family not supported by protocol).
[W socket.cpp:601] [c10d] The client socket cannot be initialized to connect to [frontier00083.frontier.olcf.ornl.gov]:8889 (errno: 97 - Address family not supported by protocol).
[W socket.cpp:601] [c10d] The client socket cannot be initialized to connect to [frontier00083.frontier.olcf.ornl.gov]:8889 (errno: 97 - Address family not supported by protocol).
[W socket.cpp:601] [c10d] The client socket cannot be initialized to connect to [frontier00083.frontier.olcf.ornl.gov]:8889 (errno: 97 - Address family not supported by protocol).
[W socket.cpp:601] [c10d] The client socket cannot be initialized to connect to [frontier00083.frontier.olcf.ornl.gov]:8889 (errno: 97 - Address family not supported by protocol).
[W socket.cpp:601] [c10d] The client socket cannot be initialized to connect to [frontier00083.frontier.olcf.ornl.gov]:8889 (errno: 97 - Address family not supported by protocol).
[W socket.cpp:601] [c10d] The client socket cannot be initialized to connect to [frontier00083.frontier.olcf.ornl.gov]:8889 (errno: 97 - Address family not supported by protocol).
[W socket.cpp:601] [c10d] The client socket cannot be initialized to connect to [frontier00083.frontier.olcf.ornl.gov]:8889 (errno: 97 - Address family not supported by protocol).
[W socket.cpp:601] [c10d] The client socket cannot be initialized to connect to [frontier00083.frontier.olcf.ornl.gov]:8889 (errno: 97 - Address family not supported by protocol).
[W socket.cpp:601] [c10d] The client socket cannot be initialized to connect to [frontier00083.frontier.olcf.ornl.gov]:8889 (errno: 97 - Address family not supported by protocol).
[W socket.cpp:601] [c10d] The client socket cannot be initialized to connect to [frontier00083.frontier.olcf.ornl.gov]:8889 (errno: 97 - Address family not supported by protocol).
[W socket.cpp:601] [c10d] The client socket cannot be initialized to connect to [frontier00083.frontier.olcf.ornl.gov]:8889 (errno: 97 - Address family not supported by protocol).
[W socket.cpp:601] [c10d] The client socket cannot be initialized to connect to [frontier00083.frontier.olcf.ornl.gov]:8889 (errno: 97 - Address family not supported by protocol).
[W socket.cpp:601] [c10d] The client socket cannot be initialized to connect to [frontier00083.frontier.olcf.ornl.gov]:8889 (errno: 97 - Address family not supported by protocol).
[W socket.cpp:601] [c10d] The client socket cannot be initialized to connect to [frontier00083.frontier.olcf.ornl.gov]:8889 (errno: 97 - Address family not supported by protocol).
[W socket.cpp:601] [c10d] The client socket cannot be initialized to connect to [frontier00083.frontier.olcf.ornl.gov]:8889 (errno: 97 - Address family not supported by protocol).
[W socket.cpp:601] [c10d] The client socket cannot be initialized to connect to [frontier00083.frontier.olcf.ornl.gov]:8889 (errno: 97 - Address family not supported by protocol).
[W socket.cpp:601] [c10d] The client socket cannot be initialized to connect to [frontier00083.frontier.olcf.ornl.gov]:8889 (errno: 97 - Address family not supported by protocol).
[W socket.cpp:601] [c10d] The client socket cannot be initialized to connect to [frontier00083.frontier.olcf.ornl.gov]:8889 (errno: 97 - Address family not supported by protocol).
[W socket.cpp:601] [c10d] The client socket cannot be initialized to connect to [frontier00083.frontier.olcf.ornl.gov]:8889 (errno: 97 - Address family not supported by protocol).
[W socket.cpp:601] [c10d] The client socket cannot be initialized to connect to [frontier00083.frontier.olcf.ornl.gov]:8889 (errno: 97 - Address family not supported by protocol).
[W socket.cpp:601] [c10d] The client socket cannot be initialized to connect to [frontier00083.frontier.olcf.ornl.gov]:8889 (errno: 97 - Address family not supported by protocol).
[W socket.cpp:601] [c10d] The client socket cannot be initialized to connect to [frontier00083.frontier.olcf.ornl.gov]:8889 (errno: 97 - Address family not supported by protocol).
[W socket.cpp:601] [c10d] The client socket cannot be initialized to connect to [frontier00083.frontier.olcf.ornl.gov]:8889 (errno: 97 - Address family not supported by protocol).
[W socket.cpp:601] [c10d] The client socket cannot be initialized to connect to [frontier00083.frontier.olcf.ornl.gov]:8889 (errno: 97 - Address family not supported by protocol).
[W socket.cpp:601] [c10d] The client socket cannot be initialized to connect to [frontier00083.frontier.olcf.ornl.gov]:8889 (errno: 97 - Address family not supported by protocol).
[W socket.cpp:601] [c10d] The client socket cannot be initialized to connect to [frontier00083.frontier.olcf.ornl.gov]:8889 (errno: 97 - Address family not supported by protocol).
[W socket.cpp:601] [c10d] The client socket cannot be initialized to connect to [frontier00083.frontier.olcf.ornl.gov]:8889 (errno: 97 - Address family not supported by protocol).
[W socket.cpp:601] [c10d] The client socket cannot be initialized to connect to [frontier00083.frontier.olcf.ornl.gov]:8889 (errno: 97 - Address family not supported by protocol).
[W socket.cpp:601] [c10d] The client socket cannot be initialized to connect to [frontier00083.frontier.olcf.ornl.gov]:8889 (errno: 97 - Address family not supported by protocol).
[W socket.cpp:601] [c10d] The client socket cannot be initialized to connect to [frontier00083.frontier.olcf.ornl.gov]:8889 (errno: 97 - Address family not supported by protocol).
[W socket.cpp:601] [c10d] The client socket cannot be initialized to connect to [frontier00083.frontier.olcf.ornl.gov]:8889 (errno: 97 - Address family not supported by protocol).
[W socket.cpp:601] [c10d] The client socket cannot be initialized to connect to [frontier00083.frontier.olcf.ornl.gov]:8889 (errno: 97 - Address family not supported by protocol).
[W socket.cpp:601] [c10d] The client socket cannot be initialized to connect to [frontier00083.frontier.olcf.ornl.gov]:8889 (errno: 97 - Address family not supported by protocol).
[W socket.cpp:601] [c10d] The client socket cannot be initialized to connect to [frontier00083.frontier.olcf.ornl.gov]:8889 (errno: 97 - Address family not supported by protocol).
[W socket.cpp:601] [c10d] The client socket cannot be initialized to connect to [frontier00083.frontier.olcf.ornl.gov]:8889 (errno: 97 - Address family not supported by protocol).
[W socket.cpp:601] [c10d] The client socket cannot be initialized to connect to [frontier00083.frontier.olcf.ornl.gov]:8889 (errno: 97 - Address family not supported by protocol).
[W socket.cpp:601] [c10d] The client socket cannot be initialized to connect to [frontier00083.frontier.olcf.ornl.gov]:8889 (errno: 97 - Address family not supported by protocol).
[W socket.cpp:601] [c10d] The client socket cannot be initialized to connect to [frontier00083.frontier.olcf.ornl.gov]:8889 (errno: 97 - Address family not supported by protocol).
[W socket.cpp:601] [c10d] The client socket cannot be initialized to connect to [frontier00083.frontier.olcf.ornl.gov]:8889 (errno: 97 - Address family not supported by protocol).
[W socket.cpp:601] [c10d] The client socket cannot be initialized to connect to [frontier00083.frontier.olcf.ornl.gov]:8889 (errno: 97 - Address family not supported by protocol).
[W socket.cpp:601] [c10d] The client socket cannot be initialized to connect to [frontier00083.frontier.olcf.ornl.gov]:8889 (errno: 97 - Address family not supported by protocol).
[W socket.cpp:601] [c10d] The client socket cannot be initialized to connect to [frontier00083.frontier.olcf.ornl.gov]:8889 (errno: 97 - Address family not supported by protocol).
[W socket.cpp:601] [c10d] The client socket cannot be initialized to connect to [frontier00083.frontier.olcf.ornl.gov]:8889 (errno: 97 - Address family not supported by protocol).
[W socket.cpp:601] [c10d] The client socket cannot be initialized to connect to [frontier00083.frontier.olcf.ornl.gov]:8889 (errno: 97 - Address family not supported by protocol).
[W socket.cpp:601] [c10d] The client socket cannot be initialized to connect to [frontier00083.frontier.olcf.ornl.gov]:8889 (errno: 97 - Address family not supported by protocol).
[W socket.cpp:601] [c10d] The client socket cannot be initialized to connect to [frontier00083.frontier.olcf.ornl.gov]:8889 (errno: 97 - Address family not supported by protocol).
[W socket.cpp:601] [c10d] The client socket cannot be initialized to connect to [frontier00083.frontier.olcf.ornl.gov]:8889 (errno: 97 - Address family not supported by protocol).
[W socket.cpp:601] [c10d] The client socket cannot be initialized to connect to [frontier00083.frontier.olcf.ornl.gov]:8889 (errno: 97 - Address family not supported by protocol).
[W socket.cpp:601] [c10d] The client socket cannot be initialized to connect to [frontier00083.frontier.olcf.ornl.gov]:8889 (errno: 97 - Address family not supported by protocol).
[W socket.cpp:601] [c10d] The client socket cannot be initialized to connect to [frontier00083.frontier.olcf.ornl.gov]:8889 (errno: 97 - Address family not supported by protocol).
[W socket.cpp:601] [c10d] The client socket cannot be initialized to connect to [frontier00083.frontier.olcf.ornl.gov]:8889 (errno: 97 - Address family not supported by protocol).
[W socket.cpp:601] [c10d] The client socket cannot be initialized to connect to [frontier00083.frontier.olcf.ornl.gov]:8889 (errno: 97 - Address family not supported by protocol).
[W socket.cpp:601] [c10d] The client socket cannot be initialized to connect to [frontier00083.frontier.olcf.ornl.gov]:8889 (errno: 97 - Address family not supported by protocol).
[W socket.cpp:601] [c10d] The client socket cannot be initialized to connect to [frontier00083.frontier.olcf.ornl.gov]:8889 (errno: 97 - Address family not supported by protocol).
[W socket.cpp:601] [c10d] The client socket cannot be initialized to connect to [frontier00083.frontier.olcf.ornl.gov]:8889 (errno: 97 - Address family not supported by protocol).
[W socket.cpp:601] [c10d] The client socket cannot be initialized to connect to [frontier00083.frontier.olcf.ornl.gov]:8889 (errno: 97 - Address family not supported by protocol).
[W socket.cpp:601] [c10d] The client socket cannot be initialized to connect to [frontier00083.frontier.olcf.ornl.gov]:8889 (errno: 97 - Address family not supported by protocol).
[W socket.cpp:601] [c10d] The client socket cannot be initialized to connect to [frontier00083.frontier.olcf.ornl.gov]:8889 (errno: 97 - Address family not supported by protocol).
[W socket.cpp:601] [c10d] The client socket cannot be initialized to connect to [frontier00083.frontier.olcf.ornl.gov]:8889 (errno: 97 - Address family not supported by protocol).
[W socket.cpp:601] [c10d] The client socket cannot be initialized to connect to [frontier00083.frontier.olcf.ornl.gov]:8889 (errno: 97 - Address family not supported by protocol).
[W socket.cpp:601] [c10d] The client socket cannot be initialized to connect to [frontier00083.frontier.olcf.ornl.gov]:8889 (errno: 97 - Address family not supported by protocol).
[W socket.cpp:601] [c10d] The client socket cannot be initialized to connect to [frontier00083.frontier.olcf.ornl.gov]:8889 (errno: 97 - Address family not supported by protocol).
[W socket.cpp:601] [c10d] The client socket cannot be initialized to connect to [frontier00083.frontier.olcf.ornl.gov]:8889 (errno: 97 - Address family not supported by protocol).
[W socket.cpp:601] [c10d] The client socket cannot be initialized to connect to [frontier00083.frontier.olcf.ornl.gov]:8889 (errno: 97 - Address family not supported by protocol).
[W socket.cpp:601] [c10d] The client socket cannot be initialized to connect to [frontier00083.frontier.olcf.ornl.gov]:8889 (errno: 97 - Address family not supported by protocol).
[W socket.cpp:601] [c10d] The client socket cannot be initialized to connect to [frontier00083.frontier.olcf.ornl.gov]:8889 (errno: 97 - Address family not supported by protocol).
[W socket.cpp:601] [c10d] The client socket cannot be initialized to connect to [frontier00083.frontier.olcf.ornl.gov]:8889 (errno: 97 - Address family not supported by protocol).
[W socket.cpp:601] [c10d] The client socket cannot be initialized to connect to [frontier00083.frontier.olcf.ornl.gov]:8889 (errno: 97 - Address family not supported by protocol).
[W socket.cpp:601] [c10d] The client socket cannot be initialized to connect to [frontier00083.frontier.olcf.ornl.gov]:8889 (errno: 97 - Address family not supported by protocol).
[W socket.cpp:601] [c10d] The client socket cannot be initialized to connect to [frontier00083.frontier.olcf.ornl.gov]:8889 (errno: 97 - Address family not supported by protocol).
[W socket.cpp:601] [c10d] The client socket cannot be initialized to connect to [frontier00083.frontier.olcf.ornl.gov]:8889 (errno: 97 - Address family not supported by protocol).
[W socket.cpp:601] [c10d] The client socket cannot be initialized to connect to [frontier00083.frontier.olcf.ornl.gov]:8889 (errno: 97 - Address family not supported by protocol).
[W socket.cpp:601] [c10d] The client socket cannot be initialized to connect to [frontier00083.frontier.olcf.ornl.gov]:8889 (errno: 97 - Address family not supported by protocol).
[W socket.cpp:601] [c10d] The client socket cannot be initialized to connect to [frontier00083.frontier.olcf.ornl.gov]:8889 (errno: 97 - Address family not supported by protocol).
[W socket.cpp:601] [c10d] The client socket cannot be initialized to connect to [frontier00083.frontier.olcf.ornl.gov]:8889 (errno: 97 - Address family not supported by protocol).
[W socket.cpp:601] [c10d] The client socket cannot be initialized to connect to [frontier00083.frontier.olcf.ornl.gov]:8889 (errno: 97 - Address family not supported by protocol).
[W socket.cpp:601] [c10d] The client socket cannot be initialized to connect to [frontier00083.frontier.olcf.ornl.gov]:8889 (errno: 97 - Address family not supported by protocol).
[W socket.cpp:601] [c10d] The client socket cannot be initialized to connect to [frontier00083.frontier.olcf.ornl.gov]:8889 (errno: 97 - Address family not supported by protocol).
[W socket.cpp:601] [c10d] The client socket cannot be initialized to connect to [frontier00083.frontier.olcf.ornl.gov]:8889 (errno: 97 - Address family not supported by protocol).
[W socket.cpp:601] [c10d] The client socket cannot be initialized to connect to [frontier00083.frontier.olcf.ornl.gov]:8889 (errno: 97 - Address family not supported by protocol).
[W socket.cpp:601] [c10d] The client socket cannot be initialized to connect to [frontier00083.frontier.olcf.ornl.gov]:8889 (errno: 97 - Address family not supported by protocol).
[W socket.cpp:601] [c10d] The client socket cannot be initialized to connect to [frontier00083.frontier.olcf.ornl.gov]:8889 (errno: 97 - Address family not supported by protocol).
[W socket.cpp:601] [c10d] The client socket cannot be initialized to connect to [frontier00083.frontier.olcf.ornl.gov]:8889 (errno: 97 - Address family not supported by protocol).
[W socket.cpp:601] [c10d] The client socket cannot be initialized to connect to [frontier00083.frontier.olcf.ornl.gov]:8889 (errno: 97 - Address family not supported by protocol).
[W socket.cpp:601] [c10d] The client socket cannot be initialized to connect to [frontier00083.frontier.olcf.ornl.gov]:8889 (errno: 97 - Address family not supported by protocol).
[W socket.cpp:601] [c10d] The client socket cannot be initialized to connect to [frontier00083.frontier.olcf.ornl.gov]:8889 (errno: 97 - Address family not supported by protocol).
[W socket.cpp:601] [c10d] The client socket cannot be initialized to connect to [frontier00083.frontier.olcf.ornl.gov]:8889 (errno: 97 - Address family not supported by protocol).
[W socket.cpp:601] [c10d] The client socket cannot be initialized to connect to [frontier00083.frontier.olcf.ornl.gov]:8889 (errno: 97 - Address family not supported by protocol).
[W socket.cpp:601] [c10d] The client socket cannot be initialized to connect to [frontier00083.frontier.olcf.ornl.gov]:8889 (errno: 97 - Address family not supported by protocol).
[W socket.cpp:601] [c10d] The client socket cannot be initialized to connect to [frontier00083.frontier.olcf.ornl.gov]:8889 (errno: 97 - Address family not supported by protocol).
[W socket.cpp:601] [c10d] The client socket cannot be initialized to connect to [frontier00083.frontier.olcf.ornl.gov]:8889 (errno: 97 - Address family not supported by protocol).
[W socket.cpp:601] [c10d] The client socket cannot be initialized to connect to [frontier00083.frontier.olcf.ornl.gov]:8889 (errno: 97 - Address family not supported by protocol).
[W socket.cpp:601] [c10d] The client socket cannot be initialized to connect to [frontier00083.frontier.olcf.ornl.gov]:8889 (errno: 97 - Address family not supported by protocol).
[W socket.cpp:601] [c10d] The client socket cannot be initialized to connect to [frontier00083.frontier.olcf.ornl.gov]:8889 (errno: 97 - Address family not supported by protocol).
[W socket.cpp:601] [c10d] The client socket cannot be initialized to connect to [frontier00083.frontier.olcf.ornl.gov]:8889 (errno: 97 - Address family not supported by protocol).
[W socket.cpp:601] [c10d] The client socket cannot be initialized to connect to [frontier00083.frontier.olcf.ornl.gov]:8889 (errno: 97 - Address family not supported by protocol).
[W socket.cpp:601] [c10d] The client socket cannot be initialized to connect to [frontier00083.frontier.olcf.ornl.gov]:8889 (errno: 97 - Address family not supported by protocol).
[W socket.cpp:601] [c10d] The client socket cannot be initialized to connect to [frontier00083.frontier.olcf.ornl.gov]:8889 (errno: 97 - Address family not supported by protocol).
[W socket.cpp:601] [c10d] The client socket cannot be initialized to connect to [frontier00083.frontier.olcf.ornl.gov]:8889 (errno: 97 - Address family not supported by protocol).
[W socket.cpp:601] [c10d] The client socket cannot be initialized to connect to [frontier00083.frontier.olcf.ornl.gov]:8889 (errno: 97 - Address family not supported by protocol).
[W socket.cpp:601] [c10d] The client socket cannot be initialized to connect to [frontier00083.frontier.olcf.ornl.gov]:8889 (errno: 97 - Address family not supported by protocol).
[W socket.cpp:601] [c10d] The client socket cannot be initialized to connect to [frontier00083.frontier.olcf.ornl.gov]:8889 (errno: 97 - Address family not supported by protocol).
[W socket.cpp:601] [c10d] The client socket cannot be initialized to connect to [frontier00083.frontier.olcf.ornl.gov]:8889 (errno: 97 - Address family not supported by protocol).
[W socket.cpp:601] [c10d] The client socket cannot be initialized to connect to [frontier00083.frontier.olcf.ornl.gov]:8889 (errno: 97 - Address family not supported by protocol).
[W socket.cpp:601] [c10d] The client socket cannot be initialized to connect to [frontier00083.frontier.olcf.ornl.gov]:8889 (errno: 97 - Address family not supported by protocol).
[W socket.cpp:601] [c10d] The client socket cannot be initialized to connect to [frontier00083.frontier.olcf.ornl.gov]:8889 (errno: 97 - Address family not supported by protocol).
[W socket.cpp:601] [c10d] The client socket cannot be initialized to connect to [frontier00083.frontier.olcf.ornl.gov]:8889 (errno: 97 - Address family not supported by protocol).
[W socket.cpp:601] [c10d] The client socket cannot be initialized to connect to [frontier00083.frontier.olcf.ornl.gov]:8889 (errno: 97 - Address family not supported by protocol).
[W socket.cpp:601] [c10d] The client socket cannot be initialized to connect to [frontier00083.frontier.olcf.ornl.gov]:8889 (errno: 97 - Address family not supported by protocol).
[W socket.cpp:601] [c10d] The client socket cannot be initialized to connect to [frontier00083.frontier.olcf.ornl.gov]:8889 (errno: 97 - Address family not supported by protocol).
[W socket.cpp:601] [c10d] The client socket cannot be initialized to connect to [frontier00083.frontier.olcf.ornl.gov]:8889 (errno: 97 - Address family not supported by protocol).
[W socket.cpp:601] [c10d] The client socket cannot be initialized to connect to [frontier00083.frontier.olcf.ornl.gov]:8889 (errno: 97 - Address family not supported by protocol).
[W socket.cpp:601] [c10d] The client socket cannot be initialized to connect to [frontier00083.frontier.olcf.ornl.gov]:8889 (errno: 97 - Address family not supported by protocol).
[W socket.cpp:601] [c10d] The client socket cannot be initialized to connect to [frontier00083.frontier.olcf.ornl.gov]:8889 (errno: 97 - Address family not supported by protocol).
[W socket.cpp:601] [c10d] The client socket cannot be initialized to connect to [frontier00083.frontier.olcf.ornl.gov]:8889 (errno: 97 - Address family not supported by protocol).
[W socket.cpp:601] [c10d] The client socket cannot be initialized to connect to [frontier00083.frontier.olcf.ornl.gov]:8889 (errno: 97 - Address family not supported by protocol).
[W socket.cpp:601] [c10d] The client socket cannot be initialized to connect to [frontier00083.frontier.olcf.ornl.gov]:8889 (errno: 97 - Address family not supported by protocol).
[W socket.cpp:601] [c10d] The client socket cannot be initialized to connect to [frontier00083.frontier.olcf.ornl.gov]:8889 (errno: 97 - Address family not supported by protocol).
[W socket.cpp:601] [c10d] The client socket cannot be initialized to connect to [frontier00083.frontier.olcf.ornl.gov]:8889 (errno: 97 - Address family not supported by protocol).
[W socket.cpp:601] [c10d] The client socket cannot be initialized to connect to [frontier00083.frontier.olcf.ornl.gov]:8889 (errno: 97 - Address family not supported by protocol).
[W socket.cpp:601] [c10d] The client socket cannot be initialized to connect to [frontier00083.frontier.olcf.ornl.gov]:8889 (errno: 97 - Address family not supported by protocol).
[W socket.cpp:601] [c10d] The client socket cannot be initialized to connect to [frontier00083.frontier.olcf.ornl.gov]:8889 (errno: 97 - Address family not supported by protocol).
[W socket.cpp:601] [c10d] The client socket cannot be initialized to connect to [frontier00083.frontier.olcf.ornl.gov]:8889 (errno: 97 - Address family not supported by protocol).
[W socket.cpp:601] [c10d] The client socket cannot be initialized to connect to [frontier00083.frontier.olcf.ornl.gov]:8889 (errno: 97 - Address family not supported by protocol).
[W socket.cpp:601] [c10d] The client socket cannot be initialized to connect to [frontier00083.frontier.olcf.ornl.gov]:8889 (errno: 97 - Address family not supported by protocol).
0: Command: ./examples/multidataset/train.py --multi_model_list=OC2020 --multi --num_epoch=1 --everyone --ddstore --log=exp-strongfull-SMALL-2124935-NN16 --inputfile=SMALL_MTL.json

0: Adios reading: ./examples/multidataset/./dataset/OC2020.bp
0: Read attr time (sec):  0.09391212463378906
0: read and bcast: trainset/x/variable_count 49.4282329082489
0: read and bcast: trainset/x/variable_offset 56.15246057510376
0: read and bcast: trainset/x/variable_dim 56.152827978134155
0: read and bcast: trainset/edge_index/variable_count 79.0830328464508
0: read and bcast: trainset/edge_index/variable_offset 84.58206486701965
0: read and bcast: trainset/edge_index/variable_dim 84.85906887054443
0: read and bcast: trainset/edge_attr/variable_count 115.19137954711914
0: read and bcast: trainset/edge_attr/variable_offset 124.5518217086792
0: read and bcast: trainset/edge_attr/variable_dim 124.84256839752197
0: read and bcast: trainset/pos/variable_count 154.6426248550415
0: read and bcast: trainset/pos/variable_offset 171.0149121284485
0: read and bcast: trainset/pos/variable_dim 171.29515266418457
0: read and bcast: trainset/y/variable_count 176.82598161697388
0: read and bcast: trainset/y/variable_offset 182.49262523651123
0: read and bcast: trainset/y/variable_dim 182.77416348457336
0: Overall time (sec):  182.86827945709229
0: DDStore adding time (sec):  0.0
0: Data loading time (sec):  182.96435451507568
0: Adios reading: ./examples/multidataset/./dataset/OC2020.bp
0: Read attr time (sec):  0.07422947883605957
0: read and bcast: valset/x/variable_count 100.73855543136597
0: read and bcast: valset/x/variable_offset 105.9010534286499
0: read and bcast: valset/x/variable_dim 105.9239706993103
0: read and bcast: valset/edge_index/variable_count 203.6682484149933
0: read and bcast: valset/edge_index/variable_offset 209.00484824180603
0: read and bcast: valset/edge_index/variable_dim 209.02767539024353
0: read and bcast: valset/edge_attr/variable_count 308.2399477958679
0: read and bcast: valset/edge_attr/variable_offset 310.188595533371
0: read and bcast: valset/edge_attr/variable_dim 310.2119333744049
0: read and bcast: valset/pos/variable_count 399.25281715393066
0: read and bcast: valset/pos/variable_offset 402.2677252292633
0: read and bcast: valset/pos/variable_dim 402.29088258743286
0: read and bcast: valset/y/variable_count 404.9952747821808
0: read and bcast: valset/y/variable_offset 406.5813012123108
0: read and bcast: valset/y/variable_dim 406.5816638469696
0: Overall time (sec):  406.6560528278351
0: DDStore adding time (sec):  0.0
0: Data loading time (sec):  406.747771024704
0: Adios reading: ./examples/multidataset/./dataset/OC2020.bp
0: Read attr time (sec):  0.0734720230102539
0: read and bcast: testset/x/variable_count 6.036172151565552
0: read and bcast: testset/x/variable_offset 6.102419853210449
0: read and bcast: testset/x/variable_dim 6.102647066116333
0: read and bcast: testset/edge_index/variable_count 12.132973432540894
0: read and bcast: testset/edge_index/variable_offset 12.241382598876953
0: read and bcast: testset/edge_index/variable_dim 12.241556882858276
0: read and bcast: testset/edge_attr/variable_count 18.154638290405273
0: read and bcast: testset/edge_attr/variable_offset 18.24374747276306
0: read and bcast: testset/edge_attr/variable_dim 18.243953943252563
0: read and bcast: testset/pos/variable_count 23.716861486434937
0: read and bcast: testset/pos/variable_offset 23.831066370010376
0: read and bcast: testset/pos/variable_dim 23.83129072189331
0: read and bcast: testset/y/variable_count 23.926593780517578
0: read and bcast: testset/y/variable_offset 24.017181158065796
0: read and bcast: testset/y/variable_dim 24.017377614974976
0: Overall time (sec):  24.09101176261902
0: DDStore adding time (sec):  0.0
0: Data loading time (sec):  24.138338088989258
0: Adios preloading: ./examples/multidataset/./dataset/OC2020.bp
0: Adios reading time (sec):  65.25895380973816
0: Adios preloading: ./examples/multidataset/./dataset/OC2020.bp
0: Adios reading time (sec):  11.968410968780518
0: Adios preloading: ./examples/multidataset/./dataset/OC2020.bp
0: Adios reading time (sec):  1.2064800262451172
Loading:   0%|          | 0/941724 [00:00<?, ?it/s]Loading:   0%|          | 1/941724 [00:00<40:37:20,  6.44it/s]Loading:   0%|          | 369/941724 [00:00<08:52, 1766.27it/s]Loading:   0%|          | 721/941724 [00:00<06:19, 2476.34it/s]Loading:   0%|          | 1103/941724 [00:00<05:16, 2968.58it/s]Loading:   0%|          | 1465/941724 [00:00<04:54, 3189.76it/s]Loading:   0%|          | 1820/941724 [00:00<04:44, 3308.01it/s]Loading:   0%|          | 2162/941724 [00:00<06:56, 2254.93it/s]Loading:   0%|          | 2522/941724 [00:01<06:05, 2571.46it/s]Loading:   0%|          | 2884/941724 [00:01<05:31, 2834.04it/s]Loading:   0%|          | 3245/941724 [00:01<05:08, 3038.25it/s]Loading:   0%|          | 3601/941724 [00:01<04:55, 3179.44it/s]Loading:   0%|          | 3963/941724 [00:01<04:44, 3301.16it/s]Loading:   0%|          | 4321/941724 [00:01<04:37, 3380.02it/s]Loading:   0%|          | 4682/941724 [00:01<04:32, 3444.87it/s]Loading:   1%|          | 5043/941724 [00:01<04:28, 3492.99it/s]Loading:   1%|          | 5403/941724 [00:01<04:25, 3522.18it/s]Loading:   1%|          | 5761/941724 [00:01<04:24, 3536.65it/s]Loading:   1%|          | 6122/941724 [00:02<04:23, 3557.29it/s]Loading:   1%|          | 6483/941724 [00:02<04:21, 3572.77it/s]Loading:   1%|          | 6843/941724 [00:02<04:21, 3580.50it/s]Loading:   1%|          | 7203/941724 [00:02<04:20, 3585.97it/s]Loading:   1%|          | 7563/941724 [00:02<10:06, 1539.09it/s]Loading:   1%|          | 7891/941724 [00:02<08:36, 1808.03it/s]Loading:   1%|          | 8248/941724 [00:03<07:18, 2126.86it/s]Loading:   1%|          | 8608/941724 [00:03<06:24, 2429.22it/s]Loading:   1%|          | 8964/941724 [00:03<05:47, 2685.32it/s]Loading:   1%|          | 9321/941724 [00:03<05:21, 2900.98it/s]Loading:   1%|          | 9681/941724 [00:03<05:02, 3080.96it/s]Loading:   1%|          | 10039/941724 [00:03<04:49, 3214.44it/s]Loading:   1%|          | 10399/941724 [00:03<04:40, 3321.18it/s]Loading:   1%|          | 10761/941724 [00:03<04:33, 3406.12it/s]Loading:   1%|          | 11122/941724 [00:03<04:28, 3464.46it/s]Loading:   1%|          | 11486/941724 [00:03<04:24, 3513.26it/s]Loading:   1%|▏         | 11847/941724 [00:04<04:22, 3539.42it/s]Loading:   1%|▏         | 12207/941724 [00:04<04:23, 3533.18it/s]Loading:   1%|▏         | 12567/941724 [00:04<04:21, 3551.81it/s]Loading:   1%|▏         | 12925/941724 [00:04<04:21, 3545.92it/s]Loading:   1%|▏         | 13283/941724 [00:04<04:21, 3555.53it/s]Loading:   1%|▏         | 13640/941724 [00:04<07:24, 2087.14it/s]Loading:   1%|▏         | 13922/941724 [00:05<09:24, 1642.38it/s]Loading:   2%|▏         | 14279/941724 [00:05<07:49, 1976.05it/s]Loading:   2%|▏         | 14639/941724 [00:05<06:43, 2297.10it/s]Loading:   2%|▏         | 14933/941724 [00:05<08:56, 1726.57it/s]Loading:   2%|▏         | 15229/941724 [00:05<07:54, 1950.55it/s]Loading:   2%|▏         | 15584/941724 [00:05<06:46, 2279.93it/s]Loading:   2%|▏         | 15942/941724 [00:05<05:59, 2576.14it/s]Loading:   2%|▏         | 16298/941724 [00:05<05:28, 2817.07it/s]Loading:   2%|▏         | 16620/941724 [00:06<08:10, 1886.09it/s]Loading:   2%|▏         | 16945/941724 [00:06<07:10, 2149.05it/s]Loading:   2%|▏         | 17299/941724 [00:06<06:17, 2449.77it/s]Loading:   2%|▏         | 17663/941724 [00:06<05:38, 2730.65it/s]Loading:   2%|▏         | 18023/941724 [00:06<05:13, 2949.66it/s]Loading:   2%|▏         | 18355/941724 [00:06<07:27, 2061.43it/s]Loading:   2%|▏         | 18680/941724 [00:07<06:40, 2302.57it/s]Loading:   2%|▏         | 19019/941724 [00:07<06:02, 2546.42it/s]Loading:   2%|▏         | 19379/941724 [00:07<05:29, 2802.63it/s]Loading:   2%|▏         | 19738/941724 [00:07<05:06, 3003.74it/s]Loading:   2%|▏         | 20069/941724 [00:07<07:46, 1974.47it/s]Loading:   2%|▏         | 20393/941724 [00:07<06:54, 2223.30it/s]Loading:   2%|▏         | 20751/941724 [00:07<06:05, 2520.52it/s]Loading:   2%|▏         | 21112/941724 [00:07<05:31, 2780.79it/s]Loading:   2%|▏         | 21471/941724 [00:08<05:08, 2984.99it/s]Loading:   2%|▏         | 21804/941724 [00:08<07:47, 1969.35it/s]Loading:   2%|▏         | 22127/941724 [00:08<06:55, 2215.61it/s]Loading:   2%|▏         | 22488/941724 [00:08<06:04, 2519.03it/s]Loading:   2%|▏         | 22846/941724 [00:08<05:31, 2770.52it/s]Loading:   2%|▏         | 23207/941724 [00:08<05:07, 2982.61it/s]Loading:   2%|▏         | 23540/941724 [00:09<07:33, 2023.45it/s]Loading:   3%|▎         | 23847/941724 [00:09<06:51, 2232.70it/s]Loading:   3%|▎         | 24204/941724 [00:09<06:02, 2529.17it/s]Loading:   3%|▎         | 24551/941724 [00:09<05:32, 2754.77it/s]Loading:   3%|▎         | 24867/941724 [00:09<08:04, 1890.56it/s]Loading:   3%|▎         | 25165/941724 [00:09<07:16, 2101.51it/s]Loading:   3%|▎         | 25519/941724 [00:09<06:19, 2414.29it/s]Loading:   3%|▎         | 25876/941724 [00:09<05:40, 2687.08it/s]Loading:   3%|▎         | 26211/941724 [00:10<05:20, 2853.54it/s]Loading:   3%|▎         | 26549/941724 [00:10<05:05, 2991.58it/s]Loading:   3%|▎         | 26874/941724 [00:10<07:55, 1922.05it/s]Loading:   3%|▎         | 27189/941724 [00:10<07:02, 2163.64it/s]Loading:   3%|▎         | 27546/941724 [00:10<06:09, 2472.61it/s]Loading:   3%|▎         | 27903/941724 [00:10<05:34, 2733.76it/s]Loading:   3%|▎         | 28262/941724 [00:10<05:09, 2950.51it/s]Loading:   3%|▎         | 28591/941724 [00:11<10:26, 1457.71it/s]Loading:   3%|▎         | 28905/941724 [00:11<08:51, 1717.32it/s]Loading:   3%|▎         | 29263/941724 [00:11<07:24, 2052.95it/s]Loading:   3%|▎         | 29624/941724 [00:11<06:24, 2371.43it/s]Loading:   3%|▎         | 29939/941724 [00:12<08:40, 1750.46it/s]Loading:   3%|▎         | 30239/941724 [00:12<07:41, 1976.92it/s]Loading:   3%|▎         | 30591/941724 [00:12<06:37, 2294.50it/s]Loading:   3%|▎         | 30948/941724 [00:12<05:52, 2582.50it/s]Loading:   3%|▎         | 31302/941724 [00:12<05:23, 2815.82it/s]Loading:   3%|▎         | 31626/941724 [00:12<11:49, 1282.43it/s]Loading:   3%|▎         | 31943/941724 [00:13<09:48, 1545.99it/s]Loading:   3%|▎         | 32303/941724 [00:13<08:01, 1887.04it/s]Loading:   3%|▎         | 32655/941724 [00:13<06:53, 2200.37it/s]Loading:   4%|▎         | 33016/941724 [00:13<06:03, 2502.42it/s]Loading:   4%|▎         | 33372/941724 [00:13<05:30, 2750.82it/s]Loading:   4%|▎         | 33729/941724 [00:13<05:07, 2956.43it/s]Loading:   4%|▎         | 34087/941724 [00:13<04:50, 3120.90it/s]Loading:   4%|▎         | 34449/941724 [00:13<04:38, 3255.39it/s]Loading:   4%|▎         | 34810/941724 [00:13<04:30, 3353.58it/s]Loading:   4%|▎         | 35174/941724 [00:13<04:24, 3432.85it/s]Loading:   4%|▍         | 35531/941724 [00:14<04:20, 3472.16it/s]Loading:   4%|▍         | 35893/941724 [00:14<04:17, 3513.67it/s]Loading:   4%|▍         | 36252/941724 [00:14<04:16, 3534.30it/s]Loading:   4%|▍         | 36615/941724 [00:14<04:14, 3561.57it/s]Loading:   4%|▍         | 36975/941724 [00:14<04:16, 3522.75it/s]Loading:   4%|▍         | 37333/941724 [00:14<06:33, 2300.69it/s]Loading:   4%|▍         | 37645/941724 [00:14<06:05, 2476.60it/s]Loading:   4%|▍         | 38006/941724 [00:14<05:29, 2741.51it/s]Loading:   4%|▍         | 38365/941724 [00:15<05:05, 2954.68it/s]Loading:   4%|▍         | 38725/941724 [00:15<04:49, 3123.59it/s]Loading:   4%|▍         | 39062/941724 [00:15<08:12, 1832.76it/s]Loading:   4%|▍         | 39368/941724 [00:15<07:18, 2057.00it/s]Loading:   4%|▍         | 39722/941724 [00:15<06:21, 2364.51it/s]Loading:   4%|▍         | 40079/941724 [00:15<05:41, 2639.39it/s]Loading:   4%|▍         | 40434/941724 [00:15<05:14, 2862.96it/s]Loading:   4%|▍         | 40762/941724 [00:16<07:49, 1920.45it/s]Loading:   4%|▍         | 41062/941724 [00:16<07:03, 2128.40it/s]Loading:   4%|▍         | 41416/941724 [00:16<06:10, 2432.94it/s]Loading:   4%|▍         | 41768/941724 [00:16<05:34, 2688.08it/s]Loading:   4%|▍         | 42082/941724 [00:16<09:04, 1651.35it/s]Loading:   5%|▍         | 42380/941724 [00:17<07:57, 1883.14it/s]Loading:   5%|▍         | 42716/941724 [00:17<06:52, 2177.70it/s]Loading:   5%|▍         | 43071/941724 [00:17<06:02, 2482.16it/s]Loading:   5%|▍         | 43430/941724 [00:17<05:26, 2748.12it/s]Loading:   5%|▍         | 43751/941724 [00:17<07:55, 1888.30it/s]Loading:   5%|▍         | 44050/941724 [00:17<07:07, 2101.63it/s]Loading:   5%|▍         | 44412/941724 [00:17<06:09, 2430.02it/s]Loading:   5%|▍         | 44761/941724 [00:17<05:34, 2680.13it/s]Loading:   5%|▍         | 45074/941724 [00:18<08:43, 1711.47it/s]Loading:   5%|▍         | 45376/941724 [00:18<07:40, 1947.61it/s]Loading:   5%|▍         | 45733/941724 [00:18<06:32, 2279.92it/s]Loading:   5%|▍         | 46095/941724 [00:18<05:46, 2582.49it/s]Loading:   5%|▍         | 46456/941724 [00:18<05:16, 2832.73it/s]Loading:   5%|▍         | 46783/941724 [00:19<11:00, 1354.58it/s]Loading:   5%|▌         | 47109/941724 [00:19<09:08, 1631.24it/s]Loading:   5%|▌         | 47457/941724 [00:19<07:38, 1948.40it/s]Loading:   5%|▌         | 47751/941724 [00:19<10:20, 1439.60it/s]Loading:   5%|▌         | 48049/941724 [00:19<08:50, 1683.87it/s]Loading:   5%|▌         | 48372/941724 [00:20<07:33, 1969.52it/s]Loading:   5%|▌         | 48718/941724 [00:20<06:31, 2280.06it/s]Loading:   5%|▌         | 49072/941724 [00:20<05:47, 2569.39it/s]Loading:   5%|▌         | 49385/941724 [00:20<08:00, 1857.30it/s]Loading:   5%|▌         | 49683/941724 [00:20<07:09, 2075.89it/s]Loading:   5%|▌         | 50031/941724 [00:20<06:14, 2380.42it/s]Loading:   5%|▌         | 50384/941724 [00:20<05:36, 2652.30it/s]Loading:   5%|▌         | 50738/941724 [00:20<05:09, 2876.71it/s]Loading:   5%|▌         | 51081/941724 [00:20<04:54, 3023.30it/s]Loading:   5%|▌         | 51410/941724 [00:21<07:04, 2099.77it/s]Loading:   5%|▌         | 51732/941724 [00:21<06:21, 2334.54it/s]Loading:   6%|▌         | 52087/941724 [00:21<05:40, 2614.16it/s]Loading:   6%|▌         | 52392/941724 [00:21<07:54, 1875.09it/s]Loading:   6%|▌         | 52691/941724 [00:21<07:04, 2093.23it/s]Loading:   6%|▌         | 53047/941724 [00:21<06:08, 2414.06it/s]Loading:   6%|▌         | 53401/941724 [00:22<05:31, 2680.45it/s]Loading:   6%|▌         | 53757/941724 [00:22<05:05, 2901.95it/s]Loading:   6%|▌         | 54114/941724 [00:22<04:48, 3076.72it/s]Loading:   6%|▌         | 54447/941724 [00:22<12:15, 1206.71it/s]Loading:   6%|▌         | 54762/941724 [00:23<10:07, 1460.77it/s]Loading:   6%|▌         | 55103/941724 [00:23<08:21, 1767.93it/s]Loading:   6%|▌         | 55461/941724 [00:23<07:02, 2100.00it/s]Loading:   6%|▌         | 55822/941724 [00:23<06:07, 2412.53it/s]Loading:   6%|▌         | 56180/941724 [00:23<05:30, 2679.63it/s]Loading:   6%|▌         | 56538/941724 [00:23<05:05, 2899.84it/s]Loading:   6%|▌         | 56896/941724 [00:23<04:47, 3075.46it/s]Loading:   6%|▌         | 57256/941724 [00:23<04:34, 3216.88it/s]Loading:   6%|▌         | 57613/941724 [00:23<04:26, 3313.10it/s]Loading:   6%|▌         | 57972/941724 [00:23<04:20, 3390.41it/s]Loading:   6%|▌         | 58328/941724 [00:24<04:16, 3438.41it/s]Loading:   6%|▌         | 58685/941724 [00:24<04:14, 3474.61it/s]Loading:   6%|▋         | 59045/941724 [00:24<04:11, 3509.52it/s]Loading:   6%|▋         | 59402/941724 [00:24<04:10, 3522.73it/s]Loading:   6%|▋         | 59759/941724 [00:24<04:11, 3501.42it/s]Loading:   6%|▋         | 60112/941724 [00:24<04:12, 3492.63it/s]Loading:   6%|▋         | 60469/941724 [00:24<04:10, 3513.64it/s]Loading:   6%|▋         | 60825/941724 [00:24<04:09, 3525.87it/s]Loading:   6%|▋         | 61179/941724 [00:24<04:10, 3518.91it/s]Loading:   7%|▋         | 61532/941724 [00:25<06:38, 2207.28it/s]Loading:   7%|▋         | 61856/941724 [00:25<06:03, 2423.61it/s]Loading:   7%|▋         | 62210/941724 [00:25<05:27, 2681.53it/s]Loading:   7%|▋         | 62569/941724 [00:25<05:02, 2905.50it/s]Loading:   7%|▋         | 62919/941724 [00:25<06:57, 2104.43it/s]Loading:   7%|▋         | 63221/941724 [00:25<06:23, 2290.93it/s]Loading:   7%|▋         | 63573/941724 [00:25<05:41, 2567.90it/s]Loading:   7%|▋         | 63935/941724 [00:26<05:10, 2823.92it/s]Loading:   7%|▋         | 64294/941724 [00:26<04:50, 3021.82it/s]Loading:   7%|▋         | 64625/941724 [00:26<07:13, 2023.79it/s]Loading:   7%|▋         | 64951/941724 [00:26<06:25, 2272.12it/s]Loading:   7%|▋         | 65308/941724 [00:26<05:42, 2561.07it/s]Loading:   7%|▋         | 65666/941724 [00:26<05:12, 2806.80it/s]Loading:   7%|▋         | 66023/941724 [00:26<04:51, 3000.83it/s]Loading:   7%|▋         | 66355/941724 [00:27<06:49, 2135.36it/s]Loading:   7%|▋         | 66670/941724 [00:27<06:12, 2347.74it/s]Loading:   7%|▋         | 67029/941724 [00:27<05:32, 2632.19it/s]Loading:   7%|▋         | 67371/941724 [00:27<05:09, 2826.65it/s]Loading:   7%|▋         | 67729/941724 [00:27<04:49, 3021.87it/s]Loading:   7%|▋         | 68058/941724 [00:27<08:16, 1759.82it/s]Loading:   7%|▋         | 68363/941724 [00:27<07:18, 1992.32it/s]Loading:   7%|▋         | 68723/941724 [00:28<06:15, 2321.91it/s]Loading:   7%|▋         | 69052/941724 [00:28<08:50, 1645.64it/s]Loading:   7%|▋         | 69351/941724 [00:28<07:44, 1878.19it/s]Loading:   7%|▋         | 69607/941724 [00:28<11:47, 1231.85it/s]Loading:   7%|▋         | 69894/941724 [00:29<11:59, 1211.78it/s]Loading:   7%|▋         | 70194/941724 [00:29<09:50, 1476.05it/s]Loading:   7%|▋         | 70550/941724 [00:29<07:53, 1839.51it/s]Loading:   8%|▊         | 70910/941724 [00:29<06:37, 2189.55it/s]Loading:   8%|▊         | 71267/941724 [00:29<05:48, 2495.14it/s]Loading:   8%|▊         | 71575/941724 [00:29<07:50, 1849.90it/s]Loading:   8%|▊         | 71880/941724 [00:29<06:57, 2082.43it/s]Loading:   8%|▊         | 72232/941724 [00:30<06:03, 2394.02it/s]Loading:   8%|▊         | 72587/941724 [00:30<05:25, 2666.08it/s]Loading:   8%|▊         | 72898/941724 [00:30<07:46, 1860.75it/s]Loading:   8%|▊         | 73212/941724 [00:30<06:51, 2109.76it/s]Loading:   8%|▊         | 73568/941724 [00:30<05:58, 2424.36it/s]Loading:   8%|▊         | 73922/941724 [00:30<05:22, 2687.47it/s]Loading:   8%|▊         | 74235/941724 [00:31<07:26, 1943.42it/s]Loading:   8%|▊         | 74550/941724 [00:31<06:37, 2184.21it/s]Loading:   8%|▊         | 74902/941724 [00:31<05:49, 2480.33it/s]Loading:   8%|▊         | 75198/941724 [00:31<09:32, 1512.54it/s]Loading:   8%|▊         | 75499/941724 [00:31<08:11, 1762.44it/s]Loading:   8%|▊         | 75844/941724 [00:31<06:54, 2087.62it/s]Loading:   8%|▊         | 76204/941724 [00:31<05:58, 2413.17it/s]Loading:   8%|▊         | 76565/941724 [00:32<05:21, 2694.03it/s]Loading:   8%|▊         | 76920/941724 [00:32<04:57, 2909.15it/s]Loading:   8%|▊         | 77251/941724 [00:32<06:55, 2082.73it/s]Loading:   8%|▊         | 77555/941724 [00:32<06:18, 2280.28it/s]Loading:   8%|▊         | 77906/941724 [00:32<05:37, 2559.71it/s]Loading:   8%|▊         | 78207/941724 [00:32<07:47, 1845.21it/s]Loading:   8%|▊         | 78524/941724 [00:32<06:50, 2102.79it/s]Loading:   8%|▊         | 78884/941724 [00:33<05:55, 2428.10it/s]Loading:   8%|▊         | 79245/941724 [00:33<05:18, 2707.98it/s]Loading:   8%|▊         | 79606/941724 [00:33<04:53, 2935.92it/s]Loading:   8%|▊         | 79934/941724 [00:33<06:43, 2135.47it/s]Loading:   9%|▊         | 80243/941724 [00:33<06:08, 2336.57it/s]Loading:   9%|▊         | 80603/941724 [00:33<05:27, 2628.15it/s]Loading:   9%|▊         | 80962/941724 [00:33<05:00, 2866.38it/s]Loading:   9%|▊         | 81283/941724 [00:34<07:17, 1965.58it/s]Loading:   9%|▊         | 81613/941724 [00:34<06:25, 2230.63it/s]Loading:   9%|▊         | 81973/941724 [00:34<05:39, 2533.81it/s]Loading:   9%|▊         | 82328/941724 [00:34<05:09, 2777.66it/s]Loading:   9%|▉         | 82685/941724 [00:34<04:48, 2978.80it/s]Loading:   9%|▉         | 83015/941724 [00:34<06:53, 2076.93it/s]Loading:   9%|▉         | 83342/941724 [00:34<06:09, 2321.63it/s]Loading:   9%|▉         | 83699/941724 [00:34<05:29, 2604.55it/s]Loading:   9%|▉         | 84056/941724 [00:35<05:02, 2839.49it/s]Loading:   9%|▉         | 84414/941724 [00:35<04:42, 3030.98it/s]Loading:   9%|▉         | 84747/941724 [00:35<07:16, 1961.85it/s]Loading:   9%|▉         | 85044/941724 [00:35<06:36, 2158.48it/s]Loading:   9%|▉         | 85386/941724 [00:35<05:51, 2433.53it/s]Loading:   9%|▉         | 85745/941724 [00:35<05:16, 2707.42it/s]Loading:   9%|▉         | 86059/941724 [00:36<07:33, 1888.77it/s]Loading:   9%|▉         | 86380/941724 [00:36<06:38, 2146.40it/s]Loading:   9%|▉         | 86740/941724 [00:36<05:47, 2463.04it/s]Loading:   9%|▉         | 87039/941724 [00:36<07:39, 1862.04it/s]Loading:   9%|▉         | 87364/941724 [00:36<06:40, 2133.99it/s]Loading:   9%|▉         | 87723/941724 [00:36<05:48, 2451.34it/s]Loading:   9%|▉         | 88035/941724 [00:36<05:38, 2519.60it/s]Loading:   9%|▉         | 88323/941724 [00:37<07:57, 1788.93it/s]Loading:   9%|▉         | 88654/941724 [00:37<06:49, 2084.43it/s]Loading:   9%|▉         | 89011/941724 [00:37<05:54, 2407.32it/s]Loading:   9%|▉         | 89371/941724 [00:37<05:16, 2688.85it/s]Loading:  10%|▉         | 89682/941724 [00:37<07:11, 1974.26it/s]Loading:  10%|▉         | 89993/941724 [00:37<06:26, 2204.65it/s]Loading:  10%|▉         | 90349/941724 [00:37<05:39, 2508.12it/s]Loading:  10%|▉         | 90701/941724 [00:38<05:09, 2752.93it/s]Loading:  10%|▉         | 91059/941724 [00:38<04:46, 2964.94it/s]Loading:  10%|▉         | 91385/941724 [00:38<06:42, 2111.20it/s]Loading:  10%|▉         | 91709/941724 [00:38<06:02, 2347.64it/s]Loading:  10%|▉         | 91992/941724 [00:38<08:05, 1749.92it/s]Loading:  10%|▉         | 92292/941724 [00:38<07:07, 1987.04it/s]Loading:  10%|▉         | 92650/941724 [00:38<06:04, 2327.28it/s]Loading:  10%|▉         | 93006/941724 [00:39<05:24, 2614.94it/s]Loading:  10%|▉         | 93365/941724 [00:39<04:56, 2858.26it/s]Loading:  10%|▉         | 93722/941724 [00:39<04:38, 3044.98it/s]Loading:  10%|▉         | 94054/941724 [00:39<06:42, 2103.44it/s]Loading:  10%|█         | 94388/941724 [00:39<05:58, 2360.99it/s]Loading:  10%|█         | 94744/941724 [00:39<05:21, 2635.57it/s]Loading:  10%|█         | 95106/941724 [00:39<04:54, 2876.66it/s]Loading:  10%|█         | 95463/941724 [00:39<04:36, 3055.45it/s]Loading:  10%|█         | 95804/941724 [00:40<04:28, 3151.31it/s]Loading:  10%|█         | 96155/941724 [00:40<04:20, 3250.81it/s]Loading:  10%|█         | 96496/941724 [00:40<06:59, 2015.25it/s]Loading:  10%|█         | 96807/941724 [00:40<06:18, 2233.39it/s]Loading:  10%|█         | 97165/941724 [00:40<05:33, 2530.34it/s]Loading:  10%|█         | 97519/941724 [00:40<05:04, 2771.96it/s]Loading:  10%|█         | 97873/941724 [00:40<04:44, 2967.59it/s]Loading:  10%|█         | 98203/941724 [00:41<11:58, 1173.90it/s]Loading:  10%|█         | 98448/941724 [00:41<12:27, 1128.32it/s]Loading:  10%|█         | 98773/941724 [00:41<09:57, 1411.53it/s]Loading:  11%|█         | 99132/941724 [00:42<07:58, 1759.95it/s]Loading:  11%|█         | 99494/941724 [00:42<06:39, 2105.75it/s]Loading:  11%|█         | 99840/941724 [00:42<05:52, 2390.25it/s]Loading:  11%|█         | 100155/941724 [00:42<07:42, 1820.85it/s]Loading:  11%|█         | 100468/941724 [00:42<06:46, 2068.80it/s]Loading:  11%|█         | 100819/941724 [00:42<05:53, 2375.91it/s]Loading:  11%|█         | 101115/941724 [00:42<07:29, 1870.17it/s]Loading:  11%|█         | 101445/941724 [00:43<06:30, 2153.83it/s]Loading:  11%|█         | 101803/941724 [00:43<05:40, 2468.53it/s]Loading:  11%|█         | 102162/941724 [00:43<05:06, 2736.10it/s]Loading:  11%|█         | 102523/941724 [00:43<04:43, 2957.40it/s]Loading:  11%|█         | 102851/941724 [00:43<07:18, 1914.09it/s]Loading:  11%|█         | 103146/941724 [00:43<06:36, 2114.18it/s]Loading:  11%|█         | 103496/941724 [00:43<05:47, 2413.71it/s]Loading:  11%|█         | 103841/941724 [00:43<05:15, 2657.91it/s]Loading:  11%|█         | 104151/941724 [00:44<07:00, 1990.06it/s]Loading:  11%|█         | 104470/941724 [00:44<06:14, 2236.83it/s]Loading:  11%|█         | 104820/941724 [00:44<05:31, 2522.23it/s]Loading:  11%|█         | 105170/941724 [00:44<05:02, 2761.36it/s]Loading:  11%|█         | 105482/941724 [00:44<07:05, 1965.72it/s]Loading:  11%|█         | 105789/941724 [00:44<06:21, 2189.94it/s]Loading:  11%|█▏        | 106146/941724 [00:45<05:34, 2499.10it/s]Loading:  11%|█▏        | 106508/941724 [00:45<05:01, 2770.32it/s]Loading:  11%|█▏        | 106865/941724 [00:45<04:40, 2974.55it/s]Loading:  11%|█▏        | 107193/941724 [00:45<06:43, 2068.54it/s]Loading:  11%|█▏        | 107517/941724 [00:45<06:01, 2309.66it/s]Loading:  11%|█▏        | 107875/941724 [00:45<05:21, 2597.36it/s]Loading:  11%|█▏        | 108180/941724 [00:46<08:07, 1711.16it/s]Loading:  12%|█▏        | 108478/941724 [00:46<07:09, 1940.74it/s]Loading:  12%|█▏        | 108814/941724 [00:46<06:13, 2232.44it/s]Loading:  12%|█▏        | 109175/941724 [00:46<05:27, 2544.38it/s]Loading:  12%|█▏        | 109480/941724 [00:46<07:18, 1899.55it/s]Loading:  12%|█▏        | 109784/941724 [00:46<06:31, 2125.99it/s]Loading:  12%|█▏        | 110143/941724 [00:46<05:39, 2449.78it/s]Loading:  12%|█▏        | 110503/941724 [00:46<05:04, 2725.97it/s]Loading:  12%|█▏        | 110816/941724 [00:47<07:09, 1935.95it/s]Loading:  12%|█▏        | 111123/941724 [00:47<06:24, 2162.01it/s]Loading:  12%|█▏        | 111457/941724 [00:47<05:42, 2422.70it/s]Loading:  12%|█▏        | 111821/941724 [00:47<05:05, 2715.04it/s]Loading:  12%|█▏        | 112146/941724 [00:47<06:49, 2025.93it/s]Loading:  12%|█▏        | 112439/941724 [00:47<06:15, 2211.24it/s]Loading:  12%|█▏        | 112797/941724 [00:47<05:28, 2521.57it/s]Loading:  12%|█▏        | 113159/941724 [00:48<04:56, 2790.62it/s]Loading:  12%|█▏        | 113474/941724 [00:48<06:40, 2066.92it/s]Loading:  12%|█▏        | 113792/941724 [00:48<05:59, 2299.94it/s]Loading:  12%|█▏        | 114146/941724 [00:48<05:20, 2584.55it/s]Loading:  12%|█▏        | 114498/941724 [00:48<04:53, 2815.70it/s]Loading:  12%|█▏        | 114813/941724 [00:49<08:52, 1554.20it/s]Loading:  12%|█▏        | 115113/941724 [00:49<07:40, 1794.20it/s]Loading:  12%|█▏        | 115468/941724 [00:49<06:27, 2131.40it/s]Loading:  12%|█▏        | 115827/941724 [00:49<05:37, 2444.65it/s]Loading:  12%|█▏        | 116137/941724 [00:49<07:16, 1889.28it/s]Loading:  12%|█▏        | 116437/941724 [00:49<06:31, 2106.86it/s]Loading:  12%|█▏        | 116799/941724 [00:49<05:38, 2437.70it/s]Loading:  12%|█▏        | 117160/941724 [00:49<05:03, 2715.57it/s]Loading:  12%|█▏        | 117520/941724 [00:49<04:40, 2938.02it/s]Loading:  13%|█▎        | 117848/941724 [00:50<09:51, 1393.22it/s]Loading:  13%|█▎        | 118153/941724 [00:50<08:22, 1639.04it/s]Loading:  13%|█▎        | 118506/941724 [00:50<06:57, 1970.11it/s]Loading:  13%|█▎        | 118867/941724 [00:50<05:58, 2297.18it/s]Loading:  13%|█▎        | 119179/941724 [00:51<09:05, 1507.70it/s]Loading:  13%|█▎        | 119477/941724 [00:51<07:51, 1745.15it/s]Loading:  13%|█▎        | 119788/941724 [00:51<06:50, 2001.29it/s]Loading:  13%|█▎        | 120104/941724 [00:51<06:05, 2245.73it/s]Loading:  13%|█▎        | 120422/941724 [00:51<05:33, 2461.14it/s]Loading:  13%|█▎        | 120737/941724 [00:51<05:11, 2632.27it/s]Loading:  13%|█▎        | 121053/941724 [00:51<04:56, 2768.46it/s]Loading:  13%|█▎        | 121367/941724 [00:51<04:45, 2868.62it/s]Loading:  13%|█▎        | 121683/941724 [00:52<04:38, 2948.82it/s]Loading:  13%|█▎        | 121995/941724 [00:52<04:33, 2997.16it/s]Loading:  13%|█▎        | 122314/941724 [00:52<04:28, 3050.34it/s]Loading:  13%|█▎        | 122627/941724 [00:52<04:26, 3069.30it/s]Loading:  13%|█▎        | 122945/941724 [00:52<04:24, 3099.87it/s]Loading:  13%|█▎        | 123262/941724 [00:52<04:22, 3118.58it/s]Loading:  13%|█▎        | 123582/941724 [00:52<04:20, 3140.12it/s]Loading:  13%|█▎        | 123902/941724 [00:52<04:19, 3156.98it/s]Loading:  13%|█▎        | 124220/941724 [00:52<04:18, 3159.40it/s]Loading:  13%|█▎        | 124538/941724 [00:52<04:18, 3163.21it/s]Loading:  13%|█▎        | 124856/941724 [00:53<04:18, 3159.76it/s]Loading:  13%|█▎        | 125176/941724 [00:53<04:17, 3170.18it/s]Loading:  13%|█▎        | 125494/941724 [00:53<04:18, 3161.02it/s]Loading:  13%|█▎        | 125813/941724 [00:53<04:17, 3167.92it/s]Loading:  13%|█▎        | 126130/941724 [00:53<04:17, 3163.91it/s]Loading:  13%|█▎        | 126450/941724 [00:53<04:16, 3174.61it/s]Loading:  13%|█▎        | 126768/941724 [00:53<04:17, 3169.69it/s]Loading:  13%|█▎        | 127087/941724 [00:53<04:16, 3175.44it/s]Loading:  14%|█▎        | 127407/941724 [00:53<04:15, 3181.30it/s]Loading:  14%|█▎        | 127756/941724 [00:53<04:08, 3272.19it/s]Loading:  14%|█▎        | 128113/941724 [00:54<04:02, 3359.91it/s]Loading:  14%|█▎        | 128466/941724 [00:54<03:58, 3408.73it/s]Loading:  14%|█▎        | 128822/941724 [00:54<03:55, 3453.83it/s]Loading:  14%|█▎        | 129180/941724 [00:54<03:52, 3491.58it/s]Loading:  14%|█▍        | 129539/941724 [00:54<03:50, 3519.32it/s]Loading:  14%|█▍        | 129897/941724 [00:54<03:49, 3535.97it/s]Loading:  14%|█▍        | 130255/941724 [00:54<03:48, 3549.11it/s]Loading:  14%|█▍        | 130614/941724 [00:54<03:47, 3560.53it/s]Loading:  14%|█▍        | 130971/941724 [00:54<03:49, 3532.63it/s]Loading:  14%|█▍        | 131330/941724 [00:54<03:48, 3549.39it/s]Loading:  14%|█▍        | 131690/941724 [00:55<03:47, 3561.84it/s]Loading:  14%|█▍        | 132049/941724 [00:55<03:46, 3567.62it/s]Loading:  14%|█▍        | 132409/941724 [00:55<03:46, 3576.70it/s]Loading:  14%|█▍        | 132767/941724 [00:55<03:46, 3570.70it/s]Loading:  14%|█▍        | 133125/941724 [00:55<03:46, 3570.42it/s]Loading:  14%|█▍        | 133485/941724 [00:55<03:45, 3576.31it/s]Loading:  14%|█▍        | 133843/941724 [00:56<09:17, 1448.45it/s]Loading:  14%|█▍        | 134204/941724 [00:56<07:37, 1766.88it/s]Loading:  14%|█▍        | 134545/941724 [00:56<06:33, 2051.88it/s]Loading:  14%|█▍        | 134899/941724 [00:56<05:43, 2347.45it/s]Loading:  14%|█▍        | 135253/941724 [00:56<05:08, 2611.27it/s]Loading:  14%|█▍        | 135610/941724 [00:56<04:43, 2840.98it/s]Loading:  14%|█▍        | 135971/941724 [00:56<04:25, 3035.91it/s]Loading:  14%|█▍        | 136329/941724 [00:56<04:13, 3180.93it/s]Loading:  15%|█▍        | 136689/941724 [00:56<04:04, 3295.18it/s]Loading:  15%|█▍        | 137050/941724 [00:57<03:57, 3383.48it/s]Loading:  15%|█▍        | 137409/941724 [00:57<03:53, 3440.52it/s]Loading:  15%|█▍        | 137770/941724 [00:57<03:50, 3487.61it/s]Loading:  15%|█▍        | 138128/941724 [00:57<03:50, 3492.82it/s]Loading:  15%|█▍        | 138486/941724 [00:57<03:48, 3515.77it/s]Loading:  15%|█▍        | 138844/941724 [00:57<03:47, 3532.10it/s]Loading:  15%|█▍        | 139202/941724 [00:57<03:46, 3544.86it/s]Loading:  15%|█▍        | 139563/941724 [00:57<03:45, 3561.97it/s]Loading:  15%|█▍        | 139921/941724 [00:57<03:45, 3563.41it/s]Loading:  15%|█▍        | 140282/941724 [00:57<03:44, 3575.21it/s]Loading:  15%|█▍        | 140643/941724 [00:58<03:43, 3583.53it/s]Loading:  15%|█▍        | 141002/941724 [00:58<03:43, 3585.38it/s]Loading:  15%|█▌        | 141364/941724 [00:58<03:42, 3594.31it/s]Loading:  15%|█▌        | 141724/941724 [00:58<03:43, 3584.04it/s]Loading:  15%|█▌        | 142083/941724 [00:58<03:43, 3583.74it/s]Loading:  15%|█▌        | 142442/941724 [00:58<03:43, 3582.71it/s]Loading:  15%|█▌        | 142801/941724 [00:58<03:43, 3576.41it/s]Loading:  15%|█▌        | 143161/941724 [00:58<03:42, 3581.04it/s]Loading:  15%|█▌        | 143520/941724 [00:58<03:42, 3582.15it/s]Loading:  15%|█▌        | 143881/941724 [00:58<03:42, 3590.38it/s]Loading:  15%|█▌        | 144241/941724 [00:59<03:42, 3584.73it/s]Loading:  15%|█▌        | 144602/941724 [00:59<03:41, 3591.51it/s]Loading:  15%|█▌        | 144962/941724 [00:59<03:41, 3589.67it/s]Loading:  15%|█▌        | 145321/941724 [00:59<03:44, 3553.20it/s]Loading:  15%|█▌        | 145679/941724 [00:59<03:43, 3558.89it/s]Loading:  16%|█▌        | 146035/941724 [00:59<03:44, 3551.07it/s]Loading:  16%|█▌        | 146394/941724 [00:59<03:43, 3562.14it/s]Loading:  16%|█▌        | 146753/941724 [00:59<03:42, 3568.86it/s]Loading:  16%|█▌        | 147112/941724 [00:59<03:42, 3574.98it/s]Loading:  16%|█▌        | 147470/941724 [00:59<03:42, 3576.10it/s]Loading:  16%|█▌        | 147828/941724 [01:00<03:41, 3576.12it/s]Loading:  16%|█▌        | 148186/941724 [01:00<03:42, 3564.79it/s]Loading:  16%|█▌        | 148545/941724 [01:00<03:42, 3571.88it/s]Loading:  16%|█▌        | 148905/941724 [01:00<03:41, 3579.88it/s]Loading:  16%|█▌        | 149264/941724 [01:00<03:41, 3579.70it/s]Loading:  16%|█▌        | 149623/941724 [01:00<03:41, 3581.51it/s]Loading:  16%|█▌        | 149982/941724 [01:00<03:41, 3579.72it/s]Loading:  16%|█▌        | 150340/941724 [01:00<03:41, 3577.67it/s]Loading:  16%|█▌        | 150700/941724 [01:00<03:40, 3583.48it/s]Loading:  16%|█▌        | 151061/941724 [01:00<03:40, 3589.25it/s]Loading:  16%|█▌        | 151420/941724 [01:01<03:40, 3582.45it/s]Loading:  16%|█▌        | 151782/941724 [01:01<03:39, 3591.47it/s]Loading:  16%|█▌        | 152142/941724 [01:01<03:40, 3579.66it/s]Loading:  16%|█▌        | 152505/941724 [01:01<03:39, 3592.78it/s]Loading:  16%|█▌        | 152865/941724 [01:01<03:39, 3588.34it/s]Loading:  16%|█▋        | 153224/941724 [01:01<03:40, 3580.62it/s]Loading:  16%|█▋        | 153583/941724 [01:01<03:39, 3582.61it/s]Loading:  16%|█▋        | 153942/941724 [01:01<03:40, 3579.76it/s]Loading:  16%|█▋        | 154304/941724 [01:01<03:39, 3591.44it/s]Loading:  16%|█▋        | 154664/941724 [01:01<03:39, 3589.02it/s]Loading:  16%|█▋        | 155027/941724 [01:02<03:38, 3598.48it/s]Loading:  17%|█▋        | 155387/941724 [01:02<03:38, 3593.63it/s]Loading:  17%|█▋        | 155747/941724 [01:02<03:38, 3595.34it/s]Loading:  17%|█▋        | 156107/941724 [01:02<03:38, 3595.91it/s]Loading:  17%|█▋        | 156467/941724 [01:02<03:38, 3590.73it/s]Loading:  17%|█▋        | 156828/941724 [01:02<03:38, 3593.25it/s]Loading:  17%|█▋        | 157188/941724 [01:02<03:38, 3588.87it/s]Loading:  17%|█▋        | 157547/941724 [01:02<03:38, 3584.52it/s]Loading:  17%|█▋        | 157907/941724 [01:02<03:38, 3587.29it/s]Loading:  17%|█▋        | 158266/941724 [01:02<03:38, 3585.62it/s]Loading:  17%|█▋        | 158627/941724 [01:03<03:37, 3592.62it/s]Loading:  17%|█▋        | 158987/941724 [01:03<03:38, 3584.26it/s]Loading:  17%|█▋        | 159348/941724 [01:03<03:37, 3588.95it/s]Loading:  17%|█▋        | 159707/941724 [01:03<03:38, 3579.19it/s]Loading:  17%|█▋        | 160067/941724 [01:03<03:38, 3584.92it/s]Loading:  17%|█▋        | 160426/941724 [01:03<03:38, 3579.37it/s]Loading:  17%|█▋        | 160786/941724 [01:03<03:37, 3585.11it/s]Loading:  17%|█▋        | 161145/941724 [01:03<03:37, 3581.27it/s]Loading:  17%|█▋        | 161506/941724 [01:03<03:37, 3589.04it/s]Loading:  17%|█▋        | 161865/941724 [01:03<03:37, 3587.59it/s]Loading:  17%|█▋        | 162226/941724 [01:04<03:37, 3592.10it/s]Loading:  17%|█▋        | 162586/941724 [01:04<03:36, 3593.32it/s]Loading:  17%|█▋        | 162950/941724 [01:04<03:35, 3605.54it/s]Loading:  17%|█▋        | 163311/941724 [01:04<03:36, 3589.58it/s]Loading:  17%|█▋        | 163671/941724 [01:04<03:36, 3590.76it/s]Loading:  17%|█▋        | 164031/941724 [01:04<03:36, 3588.80it/s]Loading:  17%|█▋        | 164391/941724 [01:04<03:36, 3591.99it/s]Loading:  17%|█▋        | 164751/941724 [01:04<03:36, 3593.84it/s]Loading:  18%|█▊        | 165111/941724 [01:04<03:36, 3585.92it/s]Loading:  18%|█▊        | 165473/941724 [01:04<03:35, 3595.93it/s]Loading:  18%|█▊        | 165833/941724 [01:05<03:36, 3588.78it/s]Loading:  18%|█▊        | 166192/941724 [01:05<03:36, 3587.15it/s]Loading:  18%|█▊        | 166551/941724 [01:05<03:36, 3580.50it/s]Loading:  18%|█▊        | 166911/941724 [01:05<03:36, 3584.82it/s]Loading:  18%|█▊        | 167271/941724 [01:05<03:35, 3588.97it/s]Loading:  18%|█▊        | 167630/941724 [01:05<03:36, 3578.00it/s]Loading:  18%|█▊        | 167990/941724 [01:05<03:35, 3582.15it/s]Loading:  18%|█▊        | 168349/941724 [01:05<03:35, 3582.94it/s]Loading:  18%|█▊        | 168708/941724 [01:05<03:36, 3575.05it/s]Loading:  18%|█▊        | 169070/941724 [01:05<03:35, 3585.41it/s]Loading:  18%|█▊        | 169429/941724 [01:06<03:35, 3575.56it/s]Loading:  18%|█▊        | 169790/941724 [01:06<03:35, 3583.13it/s]Loading:  18%|█▊        | 170149/941724 [01:06<03:35, 3584.90it/s]Loading:  18%|█▊        | 170508/941724 [01:06<03:35, 3586.33it/s]Loading:  18%|█▊        | 170867/941724 [01:06<03:35, 3577.76it/s]Loading:  18%|█▊        | 171226/941724 [01:06<03:35, 3580.99it/s]Loading:  18%|█▊        | 171585/941724 [01:06<03:34, 3582.59it/s]Loading:  18%|█▊        | 171947/941724 [01:06<03:34, 3591.60it/s]Loading:  18%|█▊        | 172307/941724 [01:06<03:34, 3590.98it/s]Loading:  18%|█▊        | 172667/941724 [01:06<03:34, 3588.74it/s]Loading:  18%|█▊        | 173026/941724 [01:07<03:34, 3584.43it/s]Loading:  18%|█▊        | 173385/941724 [01:07<03:34, 3586.03it/s]Loading:  18%|█▊        | 173744/941724 [01:07<03:34, 3582.94it/s]Loading:  18%|█▊        | 174103/941724 [01:07<03:34, 3583.19it/s]Loading:  19%|█▊        | 174464/941724 [01:07<03:33, 3588.59it/s]Loading:  19%|█▊        | 174824/941724 [01:07<03:33, 3590.46it/s]Loading:  19%|█▊        | 175187/941724 [01:07<03:32, 3600.89it/s]Loading:  19%|█▊        | 175549/941724 [01:07<03:32, 3603.81it/s]Loading:  19%|█▊        | 175910/941724 [01:07<03:32, 3599.17it/s]Loading:  19%|█▊        | 176270/941724 [01:07<03:32, 3598.06it/s]Loading:  19%|█▉        | 176631/941724 [01:08<03:32, 3600.23it/s]Loading:  19%|█▉        | 176992/941724 [01:08<03:32, 3597.49it/s]Loading:  19%|█▉        | 177355/941724 [01:08<03:32, 3604.37it/s]Loading:  19%|█▉        | 177716/941724 [01:08<03:32, 3600.26it/s]Loading:  19%|█▉        | 178077/941724 [01:08<03:32, 3598.98it/s]Loading:  19%|█▉        | 178437/941724 [01:09<09:56, 1279.57it/s]Loading:  19%|█▉        | 178798/941724 [01:09<08:00, 1586.82it/s]Loading:  19%|█▉        | 179159/941724 [01:09<06:39, 1906.74it/s]Loading:  19%|█▉        | 179518/941724 [01:09<05:43, 2216.68it/s]Loading:  19%|█▉        | 179877/941724 [01:09<05:04, 2502.55it/s]Loading:  19%|█▉        | 180237/941724 [01:09<04:36, 2754.14it/s]Loading:  19%|█▉        | 180597/941724 [01:09<04:16, 2962.27it/s]Loading:  19%|█▉        | 180958/941724 [01:09<04:03, 3129.94it/s]Loading:  19%|█▉        | 181315/941724 [01:09<03:54, 3247.39it/s]Loading:  19%|█▉        | 181677/941724 [01:10<03:46, 3348.35it/s]Loading:  19%|█▉        | 182034/941724 [01:10<03:42, 3410.81it/s]Loading:  19%|█▉        | 182394/941724 [01:10<03:39, 3464.10it/s]Loading:  19%|█▉        | 182755/941724 [01:10<03:36, 3505.31it/s]Loading:  19%|█▉        | 183114/941724 [01:10<03:34, 3529.94it/s]Loading:  19%|█▉        | 183476/941724 [01:10<03:33, 3556.47it/s]Loading:  20%|█▉        | 183837/941724 [01:10<03:32, 3572.30it/s]Loading:  20%|█▉        | 184197/941724 [01:10<03:31, 3578.06it/s]Loading:  20%|█▉        | 184558/941724 [01:10<03:31, 3586.24it/s]Loading:  20%|█▉        | 184918/941724 [01:10<03:31, 3579.75it/s]Loading:  20%|█▉        | 185277/941724 [01:11<03:31, 3582.58it/s]Loading:  20%|█▉        | 185636/941724 [01:11<03:30, 3584.40it/s]Loading:  20%|█▉        | 185995/941724 [01:11<03:31, 3579.55it/s]Loading:  20%|█▉        | 186355/941724 [01:11<03:30, 3581.48it/s]Loading:  20%|█▉        | 186714/941724 [01:11<03:30, 3579.93it/s]Loading:  20%|█▉        | 187074/941724 [01:11<03:30, 3584.21it/s]Loading:  20%|█▉        | 187433/941724 [01:11<03:31, 3574.35it/s]Loading:  20%|█▉        | 187794/941724 [01:11<03:30, 3584.51it/s]Loading:  20%|█▉        | 188154/941724 [01:11<03:30, 3586.18it/s]Loading:  20%|██        | 188514/941724 [01:11<03:29, 3588.10it/s]Loading:  20%|██        | 188874/941724 [01:12<03:29, 3591.33it/s]Loading:  20%|██        | 189234/941724 [01:12<03:30, 3578.98it/s]Loading:  20%|██        | 189595/941724 [01:12<03:29, 3586.66it/s]Loading:  20%|██        | 189954/941724 [01:12<03:29, 3583.92it/s]Loading:  20%|██        | 190313/941724 [01:12<03:29, 3580.10it/s]Loading:  20%|██        | 190674/941724 [01:12<03:29, 3587.26it/s]Loading:  20%|██        | 191033/941724 [01:12<03:29, 3583.39it/s]Loading:  20%|██        | 191395/941724 [01:12<03:28, 3593.25it/s]Loading:  20%|██        | 191755/941724 [01:12<03:28, 3592.54it/s]Loading:  20%|██        | 192115/941724 [01:12<03:28, 3594.37it/s]Loading:  20%|██        | 192475/941724 [01:13<03:28, 3596.02it/s]Loading:  20%|██        | 192835/941724 [01:13<03:28, 3595.35it/s]Loading:  21%|██        | 193196/941724 [01:13<03:28, 3598.35it/s]Loading:  21%|██        | 193556/941724 [01:13<03:28, 3595.07it/s]Loading:  21%|██        | 193916/941724 [01:13<03:31, 3535.57it/s]Loading:  21%|██        | 194276/941724 [01:13<03:30, 3551.99it/s]Loading:  21%|██        | 194634/941724 [01:13<03:29, 3557.91it/s]Loading:  21%|██        | 194994/941724 [01:13<03:29, 3569.70it/s]Loading:  21%|██        | 195354/941724 [01:13<03:28, 3577.40it/s]Loading:  21%|██        | 195712/941724 [01:13<03:28, 3576.67it/s]Loading:  21%|██        | 196072/941724 [01:14<03:28, 3582.75it/s]Loading:  21%|██        | 196431/941724 [01:14<03:28, 3577.70it/s]Loading:  21%|██        | 196791/941724 [01:14<03:27, 3584.22it/s]Loading:  21%|██        | 197150/941724 [01:14<03:27, 3582.11it/s]Loading:  21%|██        | 197511/941724 [01:14<03:27, 3590.38it/s]Loading:  21%|██        | 197871/941724 [01:14<03:27, 3581.77it/s]Loading:  21%|██        | 198233/941724 [01:14<03:27, 3590.74it/s]Loading:  21%|██        | 198593/941724 [01:14<03:26, 3592.68it/s]Loading:  21%|██        | 198955/941724 [01:14<03:26, 3598.61it/s]Loading:  21%|██        | 199315/941724 [01:14<03:26, 3596.79it/s]Loading:  21%|██        | 199676/941724 [01:15<03:26, 3599.70it/s]Loading:  21%|██        | 200037/941724 [01:15<03:25, 3602.01it/s]Loading:  21%|██▏       | 200398/941724 [01:15<03:26, 3596.81it/s]Loading:  21%|██▏       | 200758/941724 [01:15<03:26, 3588.06it/s]Loading:  21%|██▏       | 201120/941724 [01:15<03:26, 3595.04it/s]Loading:  21%|██▏       | 201480/941724 [01:15<03:25, 3594.03it/s]Loading:  21%|██▏       | 201843/941724 [01:15<03:25, 3603.34it/s]Loading:  21%|██▏       | 202204/941724 [01:15<03:26, 3587.92it/s]Loading:  22%|██▏       | 202566/941724 [01:15<03:25, 3597.03it/s]Loading:  22%|██▏       | 202927/941724 [01:15<03:25, 3598.84it/s]Loading:  22%|██▏       | 203287/941724 [01:16<03:25, 3595.30it/s]Loading:  22%|██▏       | 203647/941724 [01:16<03:25, 3595.91it/s]Loading:  22%|██▏       | 204007/941724 [01:16<03:28, 3535.66it/s]Loading:  22%|██▏       | 204367/941724 [01:16<03:27, 3553.31it/s]Loading:  22%|██▏       | 204727/941724 [01:16<03:26, 3564.57it/s]Loading:  22%|██▏       | 205085/941724 [01:16<03:26, 3568.14it/s]Loading:  22%|██▏       | 205446/941724 [01:16<03:25, 3578.27it/s]Loading:  22%|██▏       | 205805/941724 [01:16<03:25, 3580.46it/s]Loading:  22%|██▏       | 206165/941724 [01:16<03:25, 3584.15it/s]Loading:  22%|██▏       | 206525/941724 [01:16<03:24, 3588.03it/s]Loading:  22%|██▏       | 206884/941724 [01:17<03:24, 3585.04it/s]Loading:  22%|██▏       | 207245/941724 [01:17<03:24, 3589.98it/s]Loading:  22%|██▏       | 207605/941724 [01:17<03:24, 3585.55it/s]Loading:  22%|██▏       | 207967/941724 [01:17<03:24, 3595.19it/s]Loading:  22%|██▏       | 208327/941724 [01:17<03:24, 3594.50it/s]Loading:  22%|██▏       | 208688/941724 [01:17<03:23, 3598.53it/s]Loading:  22%|██▏       | 209049/941724 [01:17<03:23, 3600.33it/s]Loading:  22%|██▏       | 209411/941724 [01:17<03:23, 3604.14it/s]Loading:  22%|██▏       | 209772/941724 [01:17<03:23, 3604.17it/s]Loading:  22%|██▏       | 210134/941724 [01:17<03:22, 3607.04it/s]Loading:  22%|██▏       | 210495/941724 [01:18<03:23, 3601.68it/s]Loading:  22%|██▏       | 210856/941724 [01:18<03:22, 3602.19it/s]Loading:  22%|██▏       | 211217/941724 [01:18<03:22, 3600.29it/s]Loading:  22%|██▏       | 211578/941724 [01:18<03:22, 3596.97it/s]Loading:  23%|██▎       | 211941/941724 [01:18<03:22, 3604.32it/s]Loading:  23%|██▎       | 212303/941724 [01:18<03:22, 3608.40it/s]Loading:  23%|██▎       | 212664/941724 [01:18<03:22, 3602.86it/s]Loading:  23%|██▎       | 213026/941724 [01:18<03:21, 3607.73it/s]Loading:  23%|██▎       | 213387/941724 [01:18<03:22, 3603.57it/s]Loading:  23%|██▎       | 213749/941724 [01:18<03:21, 3606.01it/s]Loading:  23%|██▎       | 214110/941724 [01:19<03:22, 3596.52it/s]Loading:  23%|██▎       | 214470/941724 [01:19<03:22, 3592.44it/s]Loading:  23%|██▎       | 214830/941724 [01:19<03:22, 3592.41it/s]Loading:  23%|██▎       | 215190/941724 [01:19<03:22, 3588.33it/s]Loading:  23%|██▎       | 215549/941724 [01:19<03:22, 3585.55it/s]Loading:  23%|██▎       | 215908/941724 [01:19<03:22, 3586.86it/s]Loading:  23%|██▎       | 216270/941724 [01:19<03:21, 3594.04it/s]Loading:  23%|██▎       | 216630/941724 [01:19<03:22, 3586.97it/s]Loading:  23%|██▎       | 216991/941724 [01:19<03:21, 3591.05it/s]Loading:  23%|██▎       | 217351/941724 [01:20<03:21, 3588.51it/s]Loading:  23%|██▎       | 217710/941724 [01:20<03:21, 3587.61it/s]Loading:  23%|██▎       | 218069/941724 [01:20<03:21, 3585.37it/s]Loading:  23%|██▎       | 218430/941724 [01:20<03:21, 3592.36it/s]Loading:  23%|██▎       | 218790/941724 [01:20<03:22, 3578.57it/s]Loading:  23%|██▎       | 219154/941724 [01:20<03:21, 3594.23it/s]Loading:  23%|██▎       | 219514/941724 [01:20<03:21, 3592.00it/s]Loading:  23%|██▎       | 219876/941724 [01:20<03:20, 3598.62it/s]Loading:  23%|██▎       | 220236/941724 [01:20<03:20, 3595.05it/s]Loading:  23%|██▎       | 220596/941724 [01:20<03:20, 3593.54it/s]Loading:  23%|██▎       | 220957/941724 [01:21<03:20, 3595.77it/s]Loading:  24%|██▎       | 221317/941724 [01:21<03:20, 3595.42it/s]Loading:  24%|██▎       | 221677/941724 [01:21<03:20, 3591.98it/s]Loading:  24%|██▎       | 222037/941724 [01:21<03:20, 3584.92it/s]Loading:  24%|██▎       | 222396/941724 [01:21<03:23, 3537.11it/s]Loading:  24%|██▎       | 222753/941724 [01:21<03:22, 3545.43it/s]Loading:  24%|██▎       | 223108/941724 [01:21<03:22, 3544.05it/s]Loading:  24%|██▎       | 223471/941724 [01:21<03:21, 3568.64it/s]Loading:  24%|██▍       | 223831/941724 [01:21<03:20, 3575.94it/s]Loading:  24%|██▍       | 224191/941724 [01:21<03:20, 3582.14it/s]Loading:  24%|██▍       | 224550/941724 [01:22<03:20, 3579.59it/s]Loading:  24%|██▍       | 224908/941724 [01:22<03:20, 3578.46it/s]Loading:  24%|██▍       | 225266/941724 [01:22<03:20, 3575.69it/s]Loading:  24%|██▍       | 225624/941724 [01:22<03:20, 3576.55it/s]Loading:  24%|██▍       | 225983/941724 [01:22<03:20, 3577.59it/s]Loading:  24%|██▍       | 226341/941724 [01:22<03:20, 3576.02it/s]Loading:  24%|██▍       | 226705/941724 [01:22<03:19, 3592.77it/s]Loading:  24%|██▍       | 227066/941724 [01:22<03:18, 3597.03it/s]Loading:  24%|██▍       | 227426/941724 [01:22<03:18, 3596.82it/s]Loading:  24%|██▍       | 227788/941724 [01:22<03:18, 3601.35it/s]Loading:  24%|██▍       | 228151/941724 [01:23<03:17, 3607.89it/s]Loading:  24%|██▍       | 228512/941724 [01:23<03:18, 3598.82it/s]Loading:  24%|██▍       | 228874/941724 [01:23<03:17, 3602.79it/s]Loading:  24%|██▍       | 229235/941724 [01:23<03:17, 3600.95it/s]Loading:  24%|██▍       | 229596/941724 [01:23<03:17, 3601.38it/s]Loading:  24%|██▍       | 229957/941724 [01:23<03:17, 3595.21it/s]Loading:  24%|██▍       | 230317/941724 [01:23<03:17, 3594.37it/s]Loading:  24%|██▍       | 230677/941724 [01:23<03:18, 3589.35it/s]Loading:  25%|██▍       | 231039/941724 [01:23<03:17, 3596.85it/s]Loading:  25%|██▍       | 231399/941724 [01:23<03:17, 3594.93it/s]Loading:  25%|██▍       | 231761/941724 [01:24<03:17, 3600.54it/s]Loading:  25%|██▍       | 232122/941724 [01:24<03:17, 3600.62it/s]Loading:  25%|██▍       | 232483/941724 [01:24<03:16, 3600.39it/s]Loading:  25%|██▍       | 232844/941724 [01:24<03:17, 3598.36it/s]Loading:  25%|██▍       | 233204/941724 [01:24<03:17, 3596.41it/s]Loading:  25%|██▍       | 233564/941724 [01:24<03:16, 3595.66it/s]Loading:  25%|██▍       | 233925/941724 [01:24<03:16, 3599.44it/s]Loading:  25%|██▍       | 234285/941724 [01:25<10:32, 1118.31it/s]Loading:  25%|██▍       | 234645/941724 [01:25<08:21, 1409.46it/s]Loading:  25%|██▍       | 235001/941724 [01:25<06:51, 1717.62it/s]Loading:  25%|██▍       | 235364/941724 [01:25<05:45, 2042.53it/s]Loading:  25%|██▌       | 235723/941724 [01:25<05:01, 2343.87it/s]Loading:  25%|██▌       | 236082/941724 [01:25<04:29, 2615.43it/s]Loading:  25%|██▌       | 236441/941724 [01:26<04:07, 2846.61it/s]Loading:  25%|██▌       | 236802/941724 [01:26<03:52, 3038.05it/s]Loading:  25%|██▌       | 237162/941724 [01:26<03:41, 3185.06it/s]Loading:  25%|██▌       | 237521/941724 [01:26<03:33, 3292.68it/s]Loading:  25%|██▌       | 237878/941724 [01:26<03:28, 3368.64it/s]Loading:  25%|██▌       | 238234/941724 [01:26<03:27, 3396.55it/s]Loading:  25%|██▌       | 238590/941724 [01:26<03:24, 3441.38it/s]Loading:  25%|██▌       | 238944/941724 [01:27<07:15, 1613.72it/s]Loading:  25%|██▌       | 239223/941724 [01:27<06:29, 1804.23it/s]Loading:  25%|██▌       | 239539/941724 [01:27<05:41, 2058.86it/s]Loading:  25%|██▌       | 239853/941724 [01:27<05:06, 2287.84it/s]Loading:  26%|██▌       | 240169/941724 [01:27<04:41, 2490.30it/s]Loading:  26%|██▌       | 240482/941724 [01:27<04:24, 2648.22it/s]Loading:  26%|██▌       | 240802/941724 [01:27<04:11, 2791.59it/s]Loading:  26%|██▌       | 241116/941724 [01:27<04:02, 2886.03it/s]Loading:  26%|██▌       | 241434/941724 [01:27<03:56, 2966.46it/s]Loading:  26%|██▌       | 241747/941724 [01:28<03:52, 3010.09it/s]Loading:  26%|██▌       | 242063/941724 [01:28<03:49, 3053.24it/s]Loading:  26%|██▌       | 242380/941724 [01:28<03:46, 3086.95it/s]Loading:  26%|██▌       | 242695/941724 [01:28<03:45, 3100.50it/s]Loading:  26%|██▌       | 243012/941724 [01:28<03:43, 3119.41it/s]Loading:  26%|██▌       | 243328/941724 [01:28<03:43, 3129.72it/s]Loading:  26%|██▌       | 243648/941724 [01:28<03:41, 3150.19it/s]Loading:  26%|██▌       | 243965/941724 [01:28<03:41, 3145.75it/s]Loading:  26%|██▌       | 244285/941724 [01:28<03:40, 3159.75it/s]Loading:  26%|██▌       | 244602/941724 [01:28<03:41, 3150.59it/s]Loading:  26%|██▌       | 244922/941724 [01:29<03:40, 3162.77it/s]Loading:  26%|██▌       | 245239/941724 [01:29<03:40, 3152.92it/s]Loading:  26%|██▌       | 245557/941724 [01:29<03:40, 3158.65it/s]Loading:  26%|██▌       | 245874/941724 [01:29<03:40, 3155.85it/s]Loading:  26%|██▌       | 246191/941724 [01:29<03:40, 3158.48it/s]Loading:  26%|██▌       | 246509/941724 [01:29<03:39, 3164.00it/s]Loading:  26%|██▌       | 246826/941724 [01:29<03:39, 3164.67it/s]Loading:  26%|██▌       | 247145/941724 [01:29<03:39, 3169.60it/s]Loading:  26%|██▋       | 247463/941724 [01:29<03:38, 3171.61it/s]Loading:  26%|██▋       | 247811/941724 [01:29<03:32, 3261.82it/s]Loading:  26%|██▋       | 248168/941724 [01:30<03:26, 3352.21it/s]Loading:  26%|██▋       | 248517/941724 [01:30<03:24, 3392.78it/s]Loading:  26%|██▋       | 248876/941724 [01:30<03:20, 3449.65it/s]Loading:  26%|██▋       | 249234/941724 [01:30<03:18, 3488.19it/s]Loading:  27%|██▋       | 249591/941724 [01:30<03:17, 3511.53it/s]Loading:  27%|██▋       | 249949/941724 [01:30<03:16, 3529.38it/s]Loading:  27%|██▋       | 250309/941724 [01:30<03:14, 3548.29it/s]Loading:  27%|██▋       | 250669/941724 [01:30<03:14, 3561.65it/s]Loading:  27%|██▋       | 251030/941724 [01:30<03:13, 3573.61it/s]Loading:  27%|██▋       | 251392/941724 [01:30<03:12, 3584.30it/s]Loading:  27%|██▋       | 251751/941724 [01:31<03:12, 3580.69it/s]Loading:  27%|██▋       | 252114/941724 [01:31<03:11, 3593.40it/s]Loading:  27%|██▋       | 252474/941724 [01:31<03:13, 3563.27it/s]Loading:  27%|██▋       | 252832/941724 [01:31<03:13, 3566.58it/s]Loading:  27%|██▋       | 253192/941724 [01:31<03:12, 3575.35it/s]Loading:  27%|██▋       | 253551/941724 [01:31<03:12, 3577.89it/s]Loading:  27%|██▋       | 253911/941724 [01:31<03:12, 3581.65it/s]Loading:  27%|██▋       | 254271/941724 [01:31<03:11, 3585.67it/s]Loading:  27%|██▋       | 254632/941724 [01:31<03:11, 3590.50it/s]Loading:  27%|██▋       | 254994/941724 [01:31<03:10, 3598.30it/s]Loading:  27%|██▋       | 255355/941724 [01:32<03:10, 3600.12it/s]Loading:  27%|██▋       | 255716/941724 [01:32<03:10, 3599.20it/s]Loading:  27%|██▋       | 256077/941724 [01:32<03:10, 3602.36it/s]Loading:  27%|██▋       | 256438/941724 [01:32<03:10, 3592.22it/s]Loading:  27%|██▋       | 256799/941724 [01:32<03:10, 3595.79it/s]Loading:  27%|██▋       | 257160/941724 [01:32<03:10, 3599.67it/s]Loading:  27%|██▋       | 257520/941724 [01:32<03:10, 3589.66it/s]Loading:  27%|██▋       | 257879/941724 [01:32<03:10, 3588.61it/s]Loading:  27%|██▋       | 258239/941724 [01:32<03:10, 3590.44it/s]Loading:  27%|██▋       | 258599/941724 [01:32<03:10, 3583.07it/s]Loading:  27%|██▋       | 258960/941724 [01:33<03:10, 3590.25it/s]Loading:  28%|██▊       | 259320/941724 [01:33<03:10, 3587.42it/s]Loading:  28%|██▊       | 259681/941724 [01:33<03:09, 3593.25it/s]Loading:  28%|██▊       | 260041/941724 [01:33<03:09, 3590.00it/s]Loading:  28%|██▊       | 260401/941724 [01:33<03:09, 3592.57it/s]Loading:  28%|██▊       | 260761/941724 [01:33<03:09, 3593.71it/s]Loading:  28%|██▊       | 261121/941724 [01:33<03:09, 3588.35it/s]Loading:  28%|██▊       | 261481/941724 [01:33<03:09, 3588.91it/s]Loading:  28%|██▊       | 261842/941724 [01:33<03:09, 3594.15it/s]Loading:  28%|██▊       | 262203/941724 [01:33<03:08, 3597.07it/s]Loading:  28%|██▊       | 262563/941724 [01:34<03:08, 3596.05it/s]Loading:  28%|██▊       | 262923/941724 [01:34<03:09, 3589.97it/s]Loading:  28%|██▊       | 263283/941724 [01:34<03:09, 3582.93it/s]Loading:  28%|██▊       | 263645/941724 [01:34<03:08, 3591.90it/s]Loading:  28%|██▊       | 264005/941724 [01:34<03:09, 3583.75it/s]Loading:  28%|██▊       | 264366/941724 [01:34<03:08, 3590.20it/s]Loading:  28%|██▊       | 264726/941724 [01:34<03:08, 3583.64it/s]Loading:  28%|██▊       | 265088/941724 [01:34<03:08, 3594.11it/s]Loading:  28%|██▊       | 265448/941724 [01:34<03:08, 3591.42it/s]Loading:  28%|██▊       | 265810/941724 [01:34<03:07, 3599.12it/s]Loading:  28%|██▊       | 266170/941724 [01:35<03:08, 3584.63it/s]Loading:  28%|██▊       | 266531/941724 [01:35<03:07, 3592.05it/s]Loading:  28%|██▊       | 266891/941724 [01:35<03:07, 3591.42it/s]Loading:  28%|██▊       | 267251/941724 [01:35<03:07, 3593.29it/s]Loading:  28%|██▊       | 267611/941724 [01:35<03:07, 3592.06it/s]Loading:  28%|██▊       | 267972/941724 [01:35<03:07, 3597.32it/s]Loading:  28%|██▊       | 268332/941724 [01:35<03:07, 3597.14it/s]Loading:  29%|██▊       | 268693/941724 [01:35<03:06, 3599.31it/s]Loading:  29%|██▊       | 269053/941724 [01:35<03:07, 3587.24it/s]Loading:  29%|██▊       | 269414/941724 [01:35<03:07, 3591.86it/s]Loading:  29%|██▊       | 269774/941724 [01:36<03:07, 3581.91it/s]Loading:  29%|██▊       | 270135/941724 [01:36<03:07, 3590.13it/s]Loading:  29%|██▊       | 270495/941724 [01:36<03:07, 3583.14it/s]Loading:  29%|██▉       | 270857/941724 [01:36<03:06, 3593.92it/s]Loading:  29%|██▉       | 271217/941724 [01:36<03:07, 3570.16it/s]Loading:  29%|██▉       | 271578/941724 [01:36<03:07, 3579.53it/s]Loading:  29%|██▉       | 271936/941724 [01:36<03:07, 3568.71it/s]Loading:  29%|██▉       | 272296/941724 [01:36<03:07, 3576.44it/s]Loading:  29%|██▉       | 272657/941724 [01:36<03:06, 3584.13it/s]Loading:  29%|██▉       | 273016/941724 [01:36<03:06, 3580.60it/s]Loading:  29%|██▉       | 273376/941724 [01:37<03:06, 3584.48it/s]Loading:  29%|██▉       | 273735/941724 [01:37<03:06, 3583.84it/s]Loading:  29%|██▉       | 274095/941724 [01:37<03:06, 3587.86it/s]Loading:  29%|██▉       | 274457/941724 [01:37<03:05, 3594.53it/s]Loading:  29%|██▉       | 274818/941724 [01:37<03:05, 3598.56it/s]Loading:  29%|██▉       | 275178/941724 [01:37<03:05, 3596.83it/s]Loading:  29%|██▉       | 275541/941724 [01:37<03:04, 3604.13it/s]Loading:  29%|██▉       | 275902/941724 [01:37<03:05, 3581.18it/s]Loading:  29%|██▉       | 276264/941724 [01:37<03:05, 3590.25it/s]Loading:  29%|██▉       | 276624/941724 [01:38<03:05, 3586.15it/s]Loading:  29%|██▉       | 276988/941724 [01:38<03:04, 3599.49it/s]Loading:  29%|██▉       | 277349/941724 [01:38<03:04, 3599.66it/s]Loading:  29%|██▉       | 277710/941724 [01:38<03:04, 3601.84it/s]Loading:  30%|██▉       | 278071/941724 [01:38<03:04, 3598.31it/s]Loading:  30%|██▉       | 278433/941724 [01:38<03:04, 3603.01it/s]Loading:  30%|██▉       | 278794/941724 [01:38<03:03, 3603.35it/s]Loading:  30%|██▉       | 279155/941724 [01:38<03:03, 3604.35it/s]Loading:  30%|██▉       | 279516/941724 [01:38<03:04, 3593.33it/s]Loading:  30%|██▉       | 279877/941724 [01:38<03:04, 3595.64it/s]Loading:  30%|██▉       | 280237/941724 [01:39<03:04, 3591.41it/s]Loading:  30%|██▉       | 280599/941724 [01:39<03:03, 3598.43it/s]Loading:  30%|██▉       | 280959/941724 [01:39<03:03, 3595.54it/s]Loading:  30%|██▉       | 281323/941724 [01:39<03:03, 3606.09it/s]Loading:  30%|██▉       | 281684/941724 [01:39<03:03, 3606.09it/s]Loading:  30%|██▉       | 282045/941724 [01:39<03:03, 3599.94it/s]Loading:  30%|██▉       | 282405/941724 [01:39<03:03, 3592.84it/s]Loading:  30%|███       | 282765/941724 [01:39<03:03, 3590.46it/s]Loading:  30%|███       | 283126/941724 [01:39<03:03, 3593.82it/s]Loading:  30%|███       | 283487/941724 [01:39<03:02, 3597.24it/s]Loading:  30%|███       | 283848/941724 [01:40<03:02, 3599.99it/s]Loading:  30%|███       | 284209/941724 [01:40<03:03, 3579.54it/s]Loading:  30%|███       | 284570/941724 [01:40<03:03, 3586.38it/s]Loading:  30%|███       | 284929/941724 [01:40<03:03, 3586.38it/s]Loading:  30%|███       | 285289/941724 [01:40<03:02, 3587.93it/s]Loading:  30%|███       | 285650/941724 [01:40<03:02, 3592.78it/s]Loading:  30%|███       | 286010/941724 [01:40<03:02, 3590.16it/s]Loading:  30%|███       | 286372/941724 [01:40<03:02, 3596.46it/s]Loading:  30%|███       | 286734/941724 [01:40<03:01, 3601.68it/s]Loading:  30%|███       | 287095/941724 [01:40<03:02, 3595.64it/s]Loading:  31%|███       | 287458/941724 [01:41<03:01, 3603.19it/s]Loading:  31%|███       | 287819/941724 [01:41<03:01, 3601.30it/s]Loading:  31%|███       | 288181/941724 [01:41<03:01, 3603.95it/s]Loading:  31%|███       | 288542/941724 [01:41<03:01, 3593.70it/s]Loading:  31%|███       | 288904/941724 [01:41<03:01, 3600.34it/s]Loading:  31%|███       | 289265/941724 [01:41<03:01, 3598.71it/s]Loading:  31%|███       | 289625/941724 [01:41<03:02, 3565.51it/s]Loading:  31%|███       | 289985/941724 [01:41<03:02, 3575.10it/s]Loading:  31%|███       | 290346/941724 [01:41<03:01, 3584.22it/s]Loading:  31%|███       | 290705/941724 [01:41<03:01, 3583.57it/s]Loading:  31%|███       | 291067/941724 [01:42<03:01, 3594.37it/s]Loading:  31%|███       | 291427/941724 [01:42<03:00, 3593.68it/s]Loading:  31%|███       | 291789/941724 [01:42<03:00, 3601.10it/s]Loading:  31%|███       | 292150/941724 [01:42<03:00, 3591.07it/s]Loading:  31%|███       | 292510/941724 [01:42<03:00, 3593.65it/s]Loading:  31%|███       | 292872/941724 [01:42<03:00, 3599.60it/s]Loading:  31%|███       | 293232/941724 [01:42<03:00, 3589.14it/s]Loading:  31%|███       | 293594/941724 [01:42<03:00, 3598.31it/s]Loading:  31%|███       | 293955/941724 [01:42<02:59, 3599.38it/s]Loading:  31%|███▏      | 294315/941724 [01:42<03:00, 3596.65it/s]Loading:  31%|███▏      | 294675/941724 [01:43<03:01, 3569.33it/s]Loading:  31%|███▏      | 295034/941724 [01:43<03:00, 3574.58it/s]Loading:  31%|███▏      | 295394/941724 [01:43<03:00, 3580.01it/s]Loading:  31%|███▏      | 295755/941724 [01:43<03:00, 3588.34it/s]Loading:  31%|███▏      | 296115/941724 [01:43<02:59, 3591.26it/s]Loading:  31%|███▏      | 296475/941724 [01:43<02:59, 3592.47it/s]Loading:  32%|███▏      | 296835/941724 [01:43<02:59, 3590.64it/s]Loading:  32%|███▏      | 297196/941724 [01:43<02:59, 3594.47it/s]Loading:  32%|███▏      | 297556/941724 [01:43<03:00, 3573.49it/s]Loading:  32%|███▏      | 297919/941724 [01:43<02:59, 3588.64it/s]Loading:  32%|███▏      | 298278/941724 [01:44<02:59, 3588.03it/s]Loading:  32%|███▏      | 298640/941724 [01:44<02:58, 3596.84it/s]Loading:  32%|███▏      | 299001/941724 [01:44<02:58, 3598.45it/s]Loading:  32%|███▏      | 299363/941724 [01:44<02:58, 3602.22it/s]Loading:  32%|███▏      | 299724/941724 [01:44<02:58, 3600.00it/s]Loading:  32%|███▏      | 300085/941724 [01:44<02:58, 3590.12it/s]Loading:  32%|███▏      | 300446/941724 [01:44<02:58, 3594.68it/s]Loading:  32%|███▏      | 300806/941724 [01:44<02:58, 3582.91it/s]Loading:  32%|███▏      | 301166/941724 [01:44<02:58, 3587.49it/s]Loading:  32%|███▏      | 301528/941724 [01:44<02:58, 3594.83it/s]Loading:  32%|███▏      | 301888/941724 [01:45<02:58, 3587.70it/s]Loading:  32%|███▏      | 302248/941724 [01:45<02:58, 3590.72it/s]Loading:  32%|███▏      | 302608/941724 [01:45<02:57, 3592.09it/s]Loading:  32%|███▏      | 302968/941724 [01:45<02:57, 3592.28it/s]Loading:  32%|███▏      | 303330/941724 [01:45<02:57, 3598.89it/s]Loading:  32%|███▏      | 303690/941724 [01:45<02:57, 3590.76it/s]Loading:  32%|███▏      | 304050/941724 [01:46<10:59, 966.43it/s] Loading:  32%|███▏      | 304408/941724 [01:46<08:35, 1235.60it/s]Loading:  32%|███▏      | 304759/941724 [01:46<06:57, 1526.95it/s]Loading:  32%|███▏      | 305114/941724 [01:46<05:45, 1840.10it/s]Loading:  32%|███▏      | 305474/941724 [01:46<04:54, 2158.75it/s]Loading:  32%|███▏      | 305835/941724 [01:47<04:18, 2456.26it/s]Loading:  33%|███▎      | 306198/941724 [01:47<03:53, 2721.06it/s]Loading:  33%|███▎      | 306557/941724 [01:47<03:36, 2931.84it/s]Loading:  33%|███▎      | 306918/941724 [01:47<03:24, 3106.92it/s]Loading:  33%|███▎      | 307280/941724 [01:47<03:15, 3243.69it/s]Loading:  33%|███▎      | 307641/941724 [01:47<03:09, 3343.48it/s]Loading:  33%|███▎      | 308000/941724 [01:47<03:05, 3411.32it/s]Loading:  33%|███▎      | 308358/941724 [01:47<03:04, 3429.92it/s]Loading:  33%|███▎      | 308718/941724 [01:47<03:02, 3477.43it/s]Loading:  33%|███▎      | 309080/941724 [01:47<02:59, 3518.03it/s]Loading:  33%|███▎      | 309438/941724 [01:48<02:58, 3534.13it/s]Loading:  33%|███▎      | 309801/941724 [01:48<02:57, 3561.47it/s]Loading:  33%|███▎      | 310161/941724 [01:48<02:56, 3572.21it/s]Loading:  33%|███▎      | 310526/941724 [01:48<02:55, 3592.83it/s]Loading:  33%|███▎      | 310887/941724 [01:48<02:55, 3590.07it/s]Loading:  33%|███▎      | 311249/941724 [01:48<02:55, 3596.40it/s]Loading:  33%|███▎      | 311610/941724 [01:48<02:55, 3597.48it/s]Loading:  33%|███▎      | 311973/941724 [01:48<02:54, 3604.83it/s]Loading:  33%|███▎      | 312334/941724 [01:48<02:54, 3597.02it/s]Loading:  33%|███▎      | 312696/941724 [01:48<02:54, 3602.26it/s]Loading:  33%|███▎      | 313057/941724 [01:49<02:54, 3595.69it/s]Loading:  33%|███▎      | 313422/941724 [01:49<02:54, 3609.48it/s]Loading:  33%|███▎      | 313784/941724 [01:49<02:54, 3589.27it/s]Loading:  33%|███▎      | 314144/941724 [01:49<02:54, 3586.39it/s]Loading:  33%|███▎      | 314503/941724 [01:49<02:55, 3583.43it/s]Loading:  33%|███▎      | 314862/941724 [01:49<02:55, 3581.24it/s]Loading:  33%|███▎      | 315223/941724 [01:49<02:54, 3588.54it/s]Loading:  34%|███▎      | 315583/941724 [01:49<02:54, 3589.59it/s]Loading:  34%|███▎      | 315945/941724 [01:49<02:54, 3596.09it/s]Loading:  34%|███▎      | 316305/941724 [01:49<02:54, 3592.78it/s]Loading:  34%|███▎      | 316665/941724 [01:50<02:54, 3592.03it/s]Loading:  34%|███▎      | 317025/941724 [01:50<02:54, 3574.84it/s]Loading:  34%|███▎      | 317386/941724 [01:50<02:54, 3583.81it/s]Loading:  34%|███▎      | 317746/941724 [01:50<02:53, 3588.20it/s]Loading:  34%|███▍      | 318105/941724 [01:50<02:53, 3585.54it/s]Loading:  34%|███▍      | 318464/941724 [01:50<02:53, 3585.90it/s]Loading:  34%|███▍      | 318825/941724 [01:50<02:53, 3591.32it/s]Loading:  34%|███▍      | 319185/941724 [01:50<02:53, 3592.47it/s]Loading:  34%|███▍      | 319545/941724 [01:50<02:53, 3592.63it/s]Loading:  34%|███▍      | 319905/941724 [01:50<02:53, 3585.64it/s]Loading:  34%|███▍      | 320267/941724 [01:51<02:52, 3593.31it/s]Loading:  34%|███▍      | 320627/941724 [01:51<02:52, 3593.80it/s]Loading:  34%|███▍      | 320987/941724 [01:51<02:52, 3589.91it/s]Loading:  34%|███▍      | 321346/941724 [01:51<02:52, 3587.95it/s]Loading:  34%|███▍      | 321707/941724 [01:51<02:52, 3591.94it/s]Loading:  34%|███▍      | 322067/941724 [01:51<02:52, 3592.08it/s]Loading:  34%|███▍      | 322428/941724 [01:51<02:52, 3595.93it/s]Loading:  34%|███▍      | 322788/941724 [01:51<02:52, 3592.30it/s]Loading:  34%|███▍      | 323148/941724 [01:51<02:54, 3554.99it/s]Loading:  34%|███▍      | 323506/941724 [01:51<02:53, 3561.78it/s]Loading:  34%|███▍      | 323868/941724 [01:52<02:52, 3577.71it/s]Loading:  34%|███▍      | 324226/941724 [01:52<02:52, 3571.97it/s]Loading:  34%|███▍      | 324587/941724 [01:52<02:52, 3581.21it/s]Loading:  35%|███▍      | 324948/941724 [01:52<02:51, 3586.67it/s]Loading:  35%|███▍      | 325307/941724 [01:52<02:51, 3585.33it/s]Loading:  35%|███▍      | 325669/941724 [01:52<02:51, 3592.65it/s]Loading:  35%|███▍      | 326029/941724 [01:52<02:51, 3590.12it/s]Loading:  35%|███▍      | 326394/941724 [01:52<02:50, 3605.14it/s]Loading:  35%|███▍      | 326755/941724 [01:52<02:50, 3603.43it/s]Loading:  35%|███▍      | 327117/941724 [01:52<02:50, 3605.97it/s]Loading:  35%|███▍      | 327478/941724 [01:53<02:50, 3596.54it/s]Loading:  35%|███▍      | 327838/941724 [01:53<02:50, 3592.69it/s]Loading:  35%|███▍      | 328199/941724 [01:53<02:50, 3595.26it/s]Loading:  35%|███▍      | 328559/941724 [01:53<02:50, 3591.99it/s]Loading:  35%|███▍      | 328919/941724 [01:53<02:50, 3592.43it/s]Loading:  35%|███▍      | 329281/941724 [01:53<02:50, 3597.87it/s]Loading:  35%|███▌      | 329641/941724 [01:53<02:50, 3596.56it/s]Loading:  35%|███▌      | 330002/941724 [01:53<02:49, 3599.18it/s]Loading:  35%|███▌      | 330362/941724 [01:53<02:50, 3593.03it/s]Loading:  35%|███▌      | 330722/941724 [01:53<02:50, 3586.70it/s]Loading:  35%|███▌      | 331083/941724 [01:54<02:50, 3591.81it/s]Loading:  35%|███▌      | 331445/941724 [01:54<02:49, 3598.11it/s]Loading:  35%|███▌      | 331805/941724 [01:54<02:49, 3595.01it/s]Loading:  35%|███▌      | 332165/941724 [01:54<02:49, 3594.81it/s]Loading:  35%|███▌      | 332525/941724 [01:54<02:49, 3596.02it/s]Loading:  35%|███▌      | 332886/941724 [01:54<02:49, 3599.95it/s]Loading:  35%|███▌      | 333246/941724 [01:54<02:49, 3598.33it/s]Loading:  35%|███▌      | 333608/941724 [01:54<02:48, 3602.91it/s]Loading:  35%|███▌      | 333969/941724 [01:54<02:48, 3601.55it/s]Loading:  36%|███▌      | 334330/941724 [01:54<02:49, 3590.56it/s]Loading:  36%|███▌      | 334690/941724 [01:55<02:48, 3592.81it/s]Loading:  36%|███▌      | 335050/941724 [01:55<02:49, 3582.56it/s]Loading:  36%|███▌      | 335412/941724 [01:55<02:48, 3593.22it/s]Loading:  36%|███▌      | 335772/941724 [01:55<02:48, 3589.77it/s]Loading:  36%|███▌      | 336133/941724 [01:55<02:48, 3592.79it/s]Loading:  36%|███▌      | 336493/941724 [01:55<02:48, 3591.11it/s]Loading:  36%|███▌      | 336853/941724 [01:55<02:48, 3589.99it/s]Loading:  36%|███▌      | 337213/941724 [01:55<02:48, 3587.63it/s]Loading:  36%|███▌      | 337574/941724 [01:55<02:48, 3594.26it/s]Loading:  36%|███▌      | 337934/941724 [01:55<02:48, 3583.48it/s]Loading:  36%|███▌      | 338294/941724 [01:56<02:48, 3585.99it/s]Loading:  36%|███▌      | 338653/941724 [01:56<02:48, 3580.36it/s]Loading:  36%|███▌      | 339012/941724 [01:56<02:48, 3582.94it/s]Loading:  36%|███▌      | 339371/941724 [01:56<02:48, 3576.55it/s]Loading:  36%|███▌      | 339732/941724 [01:56<02:47, 3586.13it/s]Loading:  36%|███▌      | 340094/941724 [01:56<02:47, 3595.61it/s]Loading:  36%|███▌      | 340456/941724 [01:56<02:46, 3600.71it/s]Loading:  36%|███▌      | 340817/941724 [01:56<02:46, 3598.37it/s]Loading:  36%|███▌      | 341179/941724 [01:56<02:46, 3603.74it/s]Loading:  36%|███▋      | 341540/941724 [01:56<02:47, 3590.20it/s]Loading:  36%|███▋      | 341901/941724 [01:57<02:46, 3595.79it/s]Loading:  36%|███▋      | 342261/941724 [01:57<02:47, 3586.56it/s]Loading:  36%|███▋      | 342621/941724 [01:57<02:46, 3589.19it/s]Loading:  36%|███▋      | 342980/941724 [01:57<02:47, 3582.65it/s]Loading:  36%|███▋      | 343340/941724 [01:57<02:46, 3587.10it/s]Loading:  36%|███▋      | 343699/941724 [01:57<02:46, 3587.33it/s]Loading:  37%|███▋      | 344058/941724 [01:57<02:46, 3582.22it/s]Loading:  37%|███▋      | 344420/941724 [01:57<02:46, 3591.91it/s]Loading:  37%|███▋      | 344780/941724 [01:57<02:46, 3588.74it/s]Loading:  37%|███▋      | 345139/941724 [01:57<02:46, 3588.32it/s]Loading:  37%|███▋      | 345498/941724 [01:58<02:46, 3585.68it/s]Loading:  37%|███▋      | 345859/941724 [01:58<02:45, 3591.10it/s]Loading:  37%|███▋      | 346219/941724 [01:58<02:45, 3588.15it/s]Loading:  37%|███▋      | 346581/941724 [01:58<02:45, 3596.54it/s]Loading:  37%|███▋      | 346942/941724 [01:58<02:45, 3597.38it/s]Loading:  37%|███▋      | 347303/941724 [01:58<02:45, 3600.35it/s]Loading:  37%|███▋      | 347664/941724 [01:58<02:45, 3593.58it/s]Loading:  37%|███▋      | 348025/941724 [01:58<02:44, 3598.18it/s]Loading:  37%|███▋      | 348385/941724 [01:58<02:45, 3587.08it/s]Loading:  37%|███▋      | 348748/941724 [01:58<02:44, 3597.23it/s]Loading:  37%|███▋      | 349108/941724 [01:59<02:45, 3588.63it/s]Loading:  37%|███▋      | 349470/941724 [01:59<02:44, 3595.51it/s]Loading:  37%|███▋      | 349830/941724 [01:59<02:44, 3589.09it/s]Loading:  37%|███▋      | 350189/941724 [01:59<02:44, 3588.31it/s]Loading:  37%|███▋      | 350548/941724 [01:59<02:44, 3588.24it/s]Loading:  37%|███▋      | 350910/941724 [01:59<02:44, 3595.30it/s]Loading:  37%|███▋      | 351270/941724 [01:59<02:44, 3588.87it/s]Loading:  37%|███▋      | 351629/941724 [01:59<02:46, 3554.56it/s]Loading:  37%|███▋      | 351988/941724 [01:59<02:45, 3563.72it/s]Loading:  37%|███▋      | 352349/941724 [01:59<02:44, 3576.50it/s]Loading:  37%|███▋      | 352707/941724 [02:00<02:45, 3569.09it/s]Loading:  37%|███▋      | 353070/941724 [02:00<02:44, 3584.36it/s]Loading:  38%|███▊      | 353429/941724 [02:00<02:44, 3578.33it/s]Loading:  38%|███▊      | 353788/941724 [02:00<02:44, 3579.92it/s]Loading:  38%|███▊      | 354147/941724 [02:00<02:44, 3580.19it/s]Loading:  38%|███▊      | 354506/941724 [02:00<02:44, 3579.79it/s]Loading:  38%|███▊      | 354869/941724 [02:00<02:43, 3593.30it/s]Loading:  38%|███▊      | 355229/941724 [02:00<02:43, 3589.51it/s]Loading:  38%|███▊      | 355589/941724 [02:00<02:43, 3590.70it/s]Loading:  38%|███▊      | 355949/941724 [02:01<02:43, 3581.85it/s]Loading:  38%|███▊      | 356310/941724 [02:01<02:43, 3589.60it/s]Loading:  38%|███▊      | 356669/941724 [02:01<02:43, 3588.48it/s]Loading:  38%|███▊      | 357028/941724 [02:01<02:43, 3585.49it/s]Loading:  38%|███▊      | 357387/941724 [02:01<02:43, 3578.51it/s]Loading:  38%|███▊      | 357747/941724 [02:01<02:42, 3583.84it/s]Loading:  38%|███▊      | 358106/941724 [02:01<02:43, 3577.21it/s]Loading:  38%|███▊      | 358467/941724 [02:01<02:42, 3585.75it/s]Loading:  38%|███▊      | 358826/941724 [02:01<02:42, 3581.99it/s]Loading:  38%|███▊      | 359186/941724 [02:01<02:42, 3587.34it/s]Loading:  38%|███▊      | 359547/941724 [02:02<02:42, 3591.67it/s]Loading:  38%|███▊      | 359907/941724 [02:02<02:43, 3552.49it/s]Loading:  38%|███▊      | 360266/941724 [02:02<02:43, 3563.02it/s]Loading:  38%|███▊      | 360623/941724 [02:02<02:43, 3560.87it/s]Loading:  38%|███▊      | 360982/941724 [02:02<02:42, 3567.01it/s]Loading:  38%|███▊      | 361342/941724 [02:02<02:42, 3575.43it/s]Loading:  38%|███▊      | 361702/941724 [02:02<02:41, 3581.73it/s]Loading:  38%|███▊      | 362064/941724 [02:02<02:41, 3591.50it/s]Loading:  38%|███▊      | 362425/941724 [02:02<02:41, 3595.67it/s]Loading:  39%|███▊      | 362786/941724 [02:02<02:40, 3597.75it/s]Loading:  39%|███▊      | 363147/941724 [02:03<02:40, 3599.92it/s]Loading:  39%|███▊      | 363508/941724 [02:03<02:40, 3602.14it/s]Loading:  39%|███▊      | 363869/941724 [02:03<02:40, 3596.51it/s]Loading:  39%|███▊      | 364231/941724 [02:03<02:40, 3601.93it/s]Loading:  39%|███▊      | 364592/941724 [02:03<02:40, 3593.29it/s]Loading:  39%|███▉      | 364952/941724 [02:03<02:40, 3588.87it/s]Loading:  39%|███▉      | 365314/941724 [02:03<02:40, 3596.57it/s]Loading:  39%|███▉      | 365674/941724 [02:03<02:40, 3592.34it/s]Loading:  39%|███▉      | 366036/941724 [02:03<02:39, 3598.82it/s]Loading:  39%|███▉      | 366396/941724 [02:03<02:40, 3594.91it/s]Loading:  39%|███▉      | 366761/941724 [02:04<02:39, 3608.55it/s]Loading:  39%|███▉      | 367122/941724 [02:04<02:39, 3605.59it/s]Loading:  39%|███▉      | 367483/941724 [02:04<02:39, 3598.20it/s]Loading:  39%|███▉      | 367843/941724 [02:04<02:39, 3598.53it/s]Loading:  39%|███▉      | 368203/941724 [02:04<02:39, 3596.55it/s]Loading:  39%|███▉      | 368563/941724 [02:04<02:39, 3593.03it/s]Loading:  39%|███▉      | 368923/941724 [02:04<02:39, 3591.92it/s]Loading:  39%|███▉      | 369283/941724 [02:04<02:39, 3590.85it/s]Loading:  39%|███▉      | 369644/941724 [02:04<02:39, 3594.83it/s]Loading:  39%|███▉      | 370005/941724 [02:04<02:38, 3597.24it/s]Loading:  39%|███▉      | 370368/941724 [02:05<02:38, 3606.08it/s]Loading:  39%|███▉      | 370729/941724 [02:05<02:38, 3604.00it/s]Loading:  39%|███▉      | 371090/941724 [02:05<02:38, 3598.87it/s]Loading:  39%|███▉      | 371451/941724 [02:05<02:38, 3599.55it/s]Loading:  39%|███▉      | 371811/941724 [02:05<02:38, 3593.19it/s]Loading:  40%|███▉      | 372171/941724 [02:05<02:38, 3592.10it/s]Loading:  40%|███▉      | 372531/941724 [02:05<02:38, 3593.37it/s]Loading:  40%|███▉      | 372891/941724 [02:05<02:38, 3595.25it/s]Loading:  40%|███▉      | 373253/941724 [02:05<02:37, 3601.73it/s]Loading:  40%|███▉      | 373614/941724 [02:05<02:38, 3593.59it/s]Loading:  40%|███▉      | 373977/941724 [02:06<02:37, 3601.70it/s]Loading:  40%|███▉      | 374338/941724 [02:06<02:37, 3596.02it/s]Loading:  40%|███▉      | 374698/941724 [02:06<02:37, 3589.23it/s]Loading:  40%|███▉      | 375061/941724 [02:06<02:37, 3599.10it/s]Loading:  40%|███▉      | 375421/941724 [02:06<02:37, 3590.63it/s]Loading:  40%|███▉      | 375784/941724 [02:06<02:37, 3601.48it/s]Loading:  40%|███▉      | 376145/941724 [02:06<02:37, 3594.17it/s]Loading:  40%|███▉      | 376508/941724 [02:06<02:36, 3602.14it/s]Loading:  40%|████      | 376870/941724 [02:06<02:36, 3605.37it/s]Loading:  40%|████      | 377232/941724 [02:06<02:36, 3606.76it/s]Loading:  40%|████      | 377594/941724 [02:07<02:36, 3610.26it/s]Loading:  40%|████      | 377956/941724 [02:07<02:36, 3607.73it/s]Loading:  40%|████      | 378317/941724 [02:07<02:38, 3551.81it/s]Loading:  40%|████      | 378675/941724 [02:07<02:38, 3559.70it/s]Loading:  40%|████      | 379032/941724 [02:07<04:35, 2044.08it/s]Loading:  40%|████      | 379354/941724 [02:07<04:07, 2273.31it/s]Loading:  40%|████      | 379695/941724 [02:07<03:42, 2521.24it/s]Loading:  40%|████      | 380050/941724 [02:07<03:23, 2765.46it/s]Loading:  40%|████      | 380411/941724 [02:08<03:08, 2977.72it/s]Loading:  40%|████      | 380774/941724 [02:08<02:58, 3149.58it/s]Loading:  40%|████      | 381135/941724 [02:08<02:51, 3273.48it/s]Loading:  41%|████      | 381483/941724 [02:08<04:15, 2193.75it/s]Loading:  41%|████      | 381787/941724 [02:08<03:56, 2369.94it/s]Loading:  41%|████      | 382149/941724 [02:08<03:30, 2656.76it/s]Loading:  41%|████      | 382509/941724 [02:08<03:13, 2888.48it/s]Loading:  41%|████      | 382870/941724 [02:08<03:01, 3076.67it/s]Loading:  41%|████      | 383231/941724 [02:09<02:53, 3220.05it/s]Loading:  41%|████      | 383574/941724 [02:09<03:07, 2974.56it/s]Loading:  41%|████      | 383899/941724 [02:09<03:03, 3046.96it/s]Loading:  41%|████      | 384252/941724 [02:09<02:55, 3178.53it/s]Loading:  41%|████      | 384611/941724 [02:09<02:49, 3292.90it/s]Loading:  41%|████      | 384974/941724 [02:09<02:44, 3387.99it/s]Loading:  41%|████      | 385335/941724 [02:09<02:41, 3450.13it/s]Loading:  41%|████      | 385696/941724 [02:09<02:39, 3495.31it/s]Loading:  41%|████      | 386058/941724 [02:09<02:37, 3530.49it/s]Loading:  41%|████      | 386420/941724 [02:10<02:36, 3554.39it/s]Loading:  41%|████      | 386778/941724 [02:10<02:37, 3523.50it/s]Loading:  41%|████      | 387141/941724 [02:10<02:36, 3552.49it/s]Loading:  41%|████      | 387498/941724 [02:10<02:36, 3538.84it/s]Loading:  41%|████      | 387853/941724 [02:10<02:36, 3538.97it/s]Loading:  41%|████      | 388208/941724 [02:10<02:36, 3540.07it/s]Loading:  41%|████▏     | 388567/941724 [02:10<02:35, 3554.38it/s]Loading:  41%|████▏     | 388927/941724 [02:10<02:34, 3566.45it/s]Loading:  41%|████▏     | 389284/941724 [02:10<02:36, 3521.63it/s]Loading:  41%|████▏     | 389637/941724 [02:10<02:39, 3460.20it/s]Loading:  41%|████▏     | 389984/941724 [02:11<02:41, 3426.77it/s]Loading:  41%|████▏     | 390327/941724 [02:11<02:42, 3400.57it/s]Loading:  41%|████▏     | 390668/941724 [02:11<02:42, 3400.59it/s]Loading:  42%|████▏     | 391009/941724 [02:12<11:42, 784.44it/s] Loading:  42%|████▏     | 391372/941724 [02:12<08:50, 1036.46it/s]Loading:  42%|████▏     | 391729/941724 [02:12<06:56, 1320.95it/s]Loading:  42%|████▏     | 392091/941724 [02:12<05:35, 1638.57it/s]Loading:  42%|████▏     | 392447/941724 [02:12<04:41, 1954.66it/s]Loading:  42%|████▏     | 392809/941724 [02:12<04:01, 2271.87it/s]Loading:  42%|████▏     | 393164/941724 [02:13<03:35, 2545.37it/s]Loading:  42%|████▏     | 393523/941724 [02:13<03:16, 2789.69it/s]Loading:  42%|████▏     | 393885/941724 [02:13<03:02, 2997.45it/s]Loading:  42%|████▏     | 394243/941724 [02:13<02:53, 3150.60it/s]Loading:  42%|████▏     | 394605/941724 [02:13<02:46, 3277.03it/s]Loading:  42%|████▏     | 394962/941724 [02:13<02:44, 3332.82it/s]Loading:  42%|████▏     | 395316/941724 [02:13<02:41, 3381.16it/s]Loading:  42%|████▏     | 395678/941724 [02:13<02:38, 3447.70it/s]Loading:  42%|████▏     | 396034/941724 [02:13<02:36, 3476.96it/s]Loading:  42%|████▏     | 396393/941724 [02:13<02:35, 3509.74it/s]Loading:  42%|████▏     | 396751/941724 [02:14<02:34, 3528.67it/s]Loading:  42%|████▏     | 397109/941724 [02:14<02:33, 3542.95it/s]Loading:  42%|████▏     | 397469/941724 [02:14<02:32, 3558.68it/s]Loading:  42%|████▏     | 397829/941724 [02:14<02:32, 3568.89it/s]Loading:  42%|████▏     | 398189/941724 [02:14<02:31, 3576.29it/s]Loading:  42%|████▏     | 398550/941724 [02:14<02:31, 3584.67it/s]Loading:  42%|████▏     | 398910/941724 [02:14<02:31, 3586.54it/s]Loading:  42%|████▏     | 399270/941724 [02:14<02:31, 3582.80it/s]Loading:  42%|████▏     | 399629/941724 [02:14<02:31, 3583.28it/s]Loading:  42%|████▏     | 399989/941724 [02:14<02:31, 3584.19it/s]Loading:  43%|████▎     | 400351/941724 [02:15<02:30, 3593.51it/s]Loading:  43%|████▎     | 400712/941724 [02:15<02:30, 3596.69it/s]Loading:  43%|████▎     | 401074/941724 [02:15<02:30, 3602.11it/s]Loading:  43%|████▎     | 401435/941724 [02:15<02:30, 3596.96it/s]Loading:  43%|████▎     | 401797/941724 [02:15<02:29, 3603.04it/s]Loading:  43%|████▎     | 402158/941724 [02:15<02:30, 3592.95it/s]Loading:  43%|████▎     | 402519/941724 [02:15<02:29, 3595.44it/s]Loading:  43%|████▎     | 402879/941724 [02:15<02:30, 3585.36it/s]Loading:  43%|████▎     | 403240/941724 [02:15<02:29, 3592.51it/s]Loading:  43%|████▎     | 403600/941724 [02:15<02:29, 3593.40it/s]Loading:  43%|████▎     | 403961/941724 [02:16<02:29, 3596.22it/s]Loading:  43%|████▎     | 404322/941724 [02:16<02:29, 3598.16it/s]Loading:  43%|████▎     | 404682/941724 [02:16<02:29, 3594.05it/s]Loading:  43%|████▎     | 405042/941724 [02:16<02:29, 3591.11it/s]Loading:  43%|████▎     | 405402/941724 [02:16<02:29, 3580.83it/s]Loading:  43%|████▎     | 405761/941724 [02:16<02:29, 3579.31it/s]Loading:  43%|████▎     | 406119/941724 [02:16<02:29, 3576.57it/s]Loading:  43%|████▎     | 406477/941724 [02:16<02:29, 3575.75it/s]Loading:  43%|████▎     | 406835/941724 [02:16<02:29, 3575.36it/s]Loading:  43%|████▎     | 407194/941724 [02:16<02:29, 3577.66it/s]Loading:  43%|████▎     | 407552/941724 [02:17<02:29, 3577.67it/s]Loading:  43%|████▎     | 407910/941724 [02:17<02:29, 3570.56it/s]Loading:  43%|████▎     | 408268/941724 [02:17<02:29, 3569.58it/s]Loading:  43%|████▎     | 408627/941724 [02:17<02:29, 3573.20it/s]Loading:  43%|████▎     | 408985/941724 [02:17<02:29, 3571.41it/s]Loading:  43%|████▎     | 409343/941724 [02:17<02:29, 3569.68it/s]Loading:  44%|████▎     | 409700/941724 [02:17<02:29, 3559.37it/s]Loading:  44%|████▎     | 410057/941724 [02:17<02:29, 3561.30it/s]Loading:  44%|████▎     | 410414/941724 [02:17<02:29, 3561.83it/s]Loading:  44%|████▎     | 410771/941724 [02:17<02:29, 3556.30it/s]Loading:  44%|████▎     | 411128/941724 [02:18<02:29, 3557.92it/s]Loading:  44%|████▎     | 411484/941724 [02:18<02:29, 3553.93it/s]Loading:  44%|████▎     | 411840/941724 [02:18<02:29, 3554.08it/s]Loading:  44%|████▍     | 412196/941724 [02:18<03:55, 2248.98it/s]Loading:  44%|████▍     | 412488/941724 [02:18<03:41, 2391.23it/s]Loading:  44%|████▍     | 412823/941724 [02:18<03:22, 2614.24it/s]Loading:  44%|████▍     | 413173/941724 [02:18<03:06, 2835.21it/s]Loading:  44%|████▍     | 413528/941724 [02:18<02:54, 3022.75it/s]Loading:  44%|████▍     | 413881/941724 [02:19<02:47, 3159.59it/s]Loading:  44%|████▍     | 414238/941724 [02:19<02:41, 3274.50it/s]Loading:  44%|████▍     | 414594/941724 [02:19<02:37, 3353.74it/s]Loading:  44%|████▍     | 414951/941724 [02:19<02:34, 3413.86it/s]Loading:  44%|████▍     | 415300/941724 [02:19<03:02, 2887.55it/s]Loading:  44%|████▍     | 415615/941724 [02:19<02:58, 2955.30it/s]Loading:  44%|████▍     | 415967/941724 [02:19<02:49, 3107.47it/s]Loading:  44%|████▍     | 416290/941724 [02:19<03:29, 2507.11it/s]Loading:  44%|████▍     | 416567/941724 [02:20<03:51, 2273.33it/s]Loading:  44%|████▍     | 416815/941724 [02:20<04:47, 1826.10it/s]Loading:  44%|████▍     | 417023/941724 [02:20<08:07, 1075.58it/s]Loading:  44%|████▍     | 417182/941724 [02:20<07:54, 1105.28it/s]Loading:  44%|████▍     | 417479/941724 [02:20<06:10, 1414.68it/s]Loading:  44%|████▍     | 417672/941724 [02:22<22:47, 383.33it/s] Loading:  44%|████▍     | 417852/941724 [02:22<18:24, 474.27it/s]Loading:  44%|████▍     | 418087/941724 [02:22<14:11, 614.82it/s]Loading:  44%|████▍     | 418302/941724 [02:23<13:56, 625.97it/s]Loading:  44%|████▍     | 418432/941724 [02:23<17:33, 496.53it/s]Loading:  44%|████▍     | 418722/941724 [02:23<11:52, 734.06it/s]Loading:  44%|██srun: error: frontier00847: tasks 51-53: Killed
srun: Terminating StepId=2124935.0
██▍     | 418945/941724 [02:24<11:27, 760.90it/s]Loading:  45%|████▍     | 419121/941724 [02:24<11:39, 747.56it/s]Loading:  45%|████▍     | 419237/941724 [02:25<25:45, 338.00it/s]Loading:  45%|████▍     | 419531/941724 [02:25<16:23, 530.78it/s]Loading:  45%|████▍     | 419871/941724 [02:25<10:48, 805.25it/s]Loading:  45%|████▍     | 419871/941724 [02:40<10:48, 805.25it/s]Loading:  45%|████▍     | 419922/941724 [02:40<3:38:06, 39.87it/s]Loading:  45%|████▍     | 419923/941724 [02:42<4:03:15, 35.75it/s]slurmstepd: error: *** STEP 2124935.0 ON frontier00083 CANCELLED AT 2024-07-23T20:04:03 ***
srun: error: frontier00847: tasks 49-50: Killed
srun: error: frontier00847: tasks 54-55: Killed
srun: error: frontier00847: task 48: Killed
srun: error: frontier02137: tasks 105,107-110: Terminated
srun: error: frontier00342: tasks 16,18-23: Terminated
srun: error: frontier00083: tasks 3-7: Terminated
srun: error: frontier02382: tasks 121-127: Terminated
srun: error: frontier02229: tasks 112,114-115,117-118: Terminated
srun: error: frontier00469: tasks 24-26,28-31: Terminated
srun: error: frontier00342: task 17: Terminated
srun: error: frontier00216: tasks 8,10-12,15: Terminated
srun: error: frontier01503: tasks 80-81,83-85,87: Terminated
srun: error: frontier00972: tasks 57-62: Terminated
srun: error: frontier00469: task 27: Terminated
srun: error: frontier00729: tasks 40-42,44-46: Terminated
srun: error: frontier01372: tasks 72-78: Terminated
srun: error: frontier01103: tasks 64-69: Terminated
srun: error: frontier01760: tasks 89-90,92-95: Terminated
srun: error: frontier00602: tasks 32-36,38-39: Terminated
srun: error: frontier01996: tasks 96,98,100,102-103: Terminated
srun: error: frontier00602: task 37: Terminated
srun: error: frontier02137: tasks 104,106,111: Terminated
srun: error: frontier02382: task 120: Terminated
srun: error: frontier01372: task 79: Terminated
srun: error: frontier00083: tasks 0-2: Terminated
srun: error: frontier02229: tasks 113,116,119: Terminated
srun: error: frontier01503: tasks 82,86: Terminated
srun: error: frontier00216: tasks 9,13-14: Terminated
srun: error: frontier00972: tasks 56,63: Terminated
srun: error: frontier00729: tasks 43,47: Terminated
srun: error: frontier01760: tasks 88,91: Terminated
srun: error: frontier01996: tasks 97,99,101: Terminated
srun: error: frontier01103: tasks 70-71: Terminated
srun: Force Terminated StepId=2124935.0
+ sleep 5
+ echo Done.
Done.
