PE_PRODUCT_LIST=CRAYPE:CRAY_PMI:CRAYPE_X86_TRENTO:PERFTOOLS:CRAYPAT:CRAY_ROCM:CRAY_ACCEL
ROCM_PATH=/opt/rocm-5.4.3
CRAY_ROCM_POST_LINK_OPTS= -L/opt/rocm-5.4.3/lib -L/opt/rocm-5.4.3/lib/rocprofiler -L/opt/rocm-5.4.3/lib/roctracer -lamdhip64
CRAY_ROCM_PREFIX=/opt/rocm-5.4.3
CRAY_ROCM_DIR=/opt/rocm-5.4.3
CRAY_ROCM_VERSION=5.4.3
CRAY_ROCM_INCLUDE_OPTS=-I/opt/rocm-5.4.3/include -I/opt/rocm-5.4.3/include/rocprofiler -I/opt/rocm-5.4.3/include/roctracer -I/opt/rocm-5.4.3/include/hip -D__HIP_PLATFORM_AMD__
__LMOD_REF_COUNT_PE_PRODUCT_LIST=CRAYPE:1;CRAY_PMI:1;CRAYPE_X86_TRENTO:1;PERFTOOLS:1;CRAYPAT:1;CRAY_ROCM:1;CRAY_ACCEL:1
MINICOM=-c on
MIOPEN_DISABLE_CACHE=1
MPICH_ENV_DISPLAY=0
MPICH_OFI_NIC_POLICY=NUMA
MPICH_VERSION_DISPLAY=0
MPICH_DIR=/opt/cray/pe/mpich/8.1.28/ofi/gnu/12.3
HYDRA_LAUNCHER_EXTRA_ARGS=--external-launcher
HYDRAGNN_VALTEST=1
HYDRAGNN_AGGR_BACKEND=mpi
HYDRAGNN_NUM_WORKERS=0
HYDRA_BOOTSTRAP=slurm
HYDRAGNN_USE_VARIABLE_GRAPH_SIZE=1
NCCL_P2P_LEVEL=NVL
NCCL_PROTO=Simple
NCCL_P2P_DISABLE=1
Running "module reset". Resetting modules to system default. The following $MODULEPATH directories have been removed: None
-------------------------------------------------------------------------------
There are messages associated with the following module(s):
-------------------------------------------------------------------------------

DefApps:
   The software stack on Frontier had updates on July 9th & 16th, 2024.
   Retired modules: https://docs.olcf.ornl.gov/software/software-news.html#frontier-user-environment-changes-july-9-2024
   New defaults: https://docs.olcf.ornl.gov/software/software-news.html#frontier-system-software-update-july-16-2024

-------------------------------------------------------------------------------


Due to MODULEPATH changes, the following have been reloaded:
  1) cray-libsci/23.12.5     2) cray-mpich/8.1.28     3) darshan-runtime/3.4.0-mpi


Lmod is automatically replacing "cce/17.0.0" with "gcc-native/12.3".


Lmod is automatically replacing "PrgEnv-cray/8.5.0" with "PrgEnv-gnu/8.5.0".


Due to MODULEPATH changes, the following have been reloaded:
  1) cray-libsci/23.12.5     2) cray-mpich/8.1.28     3) darshan-runtime/3.4.0-mpi


Lmod is automatically replacing "gcc-native/12.3" with "amd-mixed/5.4.3".

Lmod has detected the following error: The following module(s) are unknown:
"darshan-runtime" "amd-mixed/5.4.3"

Please check the spelling or version number. Also try "module spider ..."
It is also possible your cache file is out-of-date; it may help to try:
  $ module --ignore_cache load "darshan-runtime" "amd-mixed/5.4.3"

Also make sure that all modulefiles written in TCL start with the string
#%Module



Lmod has detected the following error: The following module(s) are unknown:
"cray-mpich/8.1.26"

Please check the spelling or version number. Also try "module spider ..."
It is also possible your cache file is out-of-date; it may help to try:
  $ module --ignore_cache load "cray-mpich/8.1.26"

Also make sure that all modulefiles written in TCL start with the string
#%Module



+ export HYDRAGNN_TRACE_LEVEL=2
+ HYDRAGNN_TRACE_LEVEL=2
+ for MS in SMALL
+ for NN in 16
+ srun -N16 -n128 -c7 --gpus-per-task=1 --gpu-bind=closest python -u ./examples/multidataset/train_deepspeed.py --multi_model_list=OC2022 --multi --num_epoch=3 --everyone --ddstore --log=exp-strongfull-SMALL-2130394-NN16-None-Deepspeed --inputfile=SMALL_MTL.json
[2024-07-25 11:36:37,807] [INFO] [real_accelerator.py:203:get_accelerator] Setting ds_accelerator to cuda (auto detect)
[2024-07-25 11:36:37,807] [INFO] [real_accelerator.py:203:get_accelerator] Setting ds_accelerator to cuda (auto detect)
[2024-07-25 11:36:37,807] [INFO] [real_accelerator.py:203:get_accelerator] Setting ds_accelerator to cuda (auto detect)
[2024-07-25 11:36:37,807] [INFO] [real_accelerator.py:203:get_accelerator] Setting ds_accelerator to cuda (auto detect)
[2024-07-25 11:36:37,807] [INFO] [real_accelerator.py:203:get_accelerator] Setting ds_accelerator to cuda (auto detect)
[2024-07-25 11:36:37,807] [INFO] [real_accelerator.py:203:get_accelerator] Setting ds_accelerator to cuda (auto detect)
[2024-07-25 11:36:37,807] [INFO] [real_accelerator.py:203:get_accelerator] Setting ds_accelerator to cuda (auto detect)
[2024-07-25 11:36:37,807] [INFO] [real_accelerator.py:203:get_accelerator] Setting ds_accelerator to cuda (auto detect)
[2024-07-25 11:36:37,879] [INFO] [real_accelerator.py:203:get_accelerator] Setting ds_accelerator to cuda (auto detect)
[2024-07-25 11:36:37,879] [INFO] [real_accelerator.py:203:get_accelerator] Setting ds_accelerator to cuda (auto detect)
[2024-07-25 11:36:37,879] [INFO] [real_accelerator.py:203:get_accelerator] Setting ds_accelerator to cuda (auto detect)
[2024-07-25 11:36:37,879] [INFO] [real_accelerator.py:203:get_accelerator] Setting ds_accelerator to cuda (auto detect)
[2024-07-25 11:36:37,879] [INFO] [real_accelerator.py:203:get_accelerator] Setting ds_accelerator to cuda (auto detect)
[2024-07-25 11:36:37,879] [INFO] [real_accelerator.py:203:get_accelerator] Setting ds_accelerator to cuda (auto detect)
[2024-07-25 11:36:37,879] [INFO] [real_accelerator.py:203:get_accelerator] Setting ds_accelerator to cuda (auto detect)
[2024-07-25 11:36:37,880] [INFO] [real_accelerator.py:203:get_accelerator] Setting ds_accelerator to cuda (auto detect)
[2024-07-25 11:36:37,888] [INFO] [real_accelerator.py:203:get_accelerator] Setting ds_accelerator to cuda (auto detect)
[2024-07-25 11:36:37,888] [INFO] [real_accelerator.py:203:get_accelerator] Setting ds_accelerator to cuda (auto detect)
[2024-07-25 11:36:37,888] [INFO] [real_accelerator.py:203:get_accelerator] Setting ds_accelerator to cuda (auto detect)
[2024-07-25 11:36:37,888] [INFO] [real_accelerator.py:203:get_accelerator] Setting ds_accelerator to cuda (auto detect)
[2024-07-25 11:36:37,888] [INFO] [real_accelerator.py:203:get_accelerator] Setting ds_accelerator to cuda (auto detect)
[2024-07-25 11:36:37,888] [INFO] [real_accelerator.py:203:get_accelerator] Setting ds_accelerator to cuda (auto detect)
[2024-07-25 11:36:37,888] [INFO] [real_accelerator.py:203:get_accelerator] Setting ds_accelerator to cuda (auto detect)
[2024-07-25 11:36:37,888] [INFO] [real_accelerator.py:203:get_accelerator] Setting ds_accelerator to cuda (auto detect)
[2024-07-25 11:36:38,047] [INFO] [real_accelerator.py:203:get_accelerator] Setting ds_accelerator to cuda (auto detect)
[2024-07-25 11:36:38,047] [INFO] [real_accelerator.py:203:get_accelerator] Setting ds_accelerator to cuda (auto detect)
[2024-07-25 11:36:38,047] [INFO] [real_accelerator.py:203:get_accelerator] Setting ds_accelerator to cuda (auto detect)
[2024-07-25 11:36:38,047] [INFO] [real_accelerator.py:203:get_accelerator] Setting ds_accelerator to cuda (auto detect)
[2024-07-25 11:36:38,047] [INFO] [real_accelerator.py:203:get_accelerator] Setting ds_accelerator to cuda (auto detect)
[2024-07-25 11:36:38,047] [INFO] [real_accelerator.py:203:get_accelerator] Setting ds_accelerator to cuda (auto detect)
[2024-07-25 11:36:38,047] [INFO] [real_accelerator.py:203:get_accelerator] Setting ds_accelerator to cuda (auto detect)
[2024-07-25 11:36:38,047] [INFO] [real_accelerator.py:203:get_accelerator] Setting ds_accelerator to cuda (auto detect)
[2024-07-25 11:36:38,054] [INFO] [real_accelerator.py:203:get_accelerator] Setting ds_accelerator to cuda (auto detect)
[2024-07-25 11:36:38,054] [INFO] [real_accelerator.py:203:get_accelerator] Setting ds_accelerator to cuda (auto detect)
[2024-07-25 11:36:38,054] [INFO] [real_accelerator.py:203:get_accelerator] Setting ds_accelerator to cuda (auto detect)
[2024-07-25 11:36:38,054] [INFO] [real_accelerator.py:203:get_accelerator] Setting ds_accelerator to cuda (auto detect)
[2024-07-25 11:36:38,054] [INFO] [real_accelerator.py:203:get_accelerator] Setting ds_accelerator to cuda (auto detect)
[2024-07-25 11:36:38,054] [INFO] [real_accelerator.py:203:get_accelerator] Setting ds_accelerator to cuda (auto detect)
[2024-07-25 11:36:38,054] [INFO] [real_accelerator.py:203:get_accelerator] Setting ds_accelerator to cuda (auto detect)
[2024-07-25 11:36:38,054] [INFO] [real_accelerator.py:203:get_accelerator] Setting ds_accelerator to cuda (auto detect)
[2024-07-25 11:36:38,056] [INFO] [real_accelerator.py:203:get_accelerator] Setting ds_accelerator to cuda (auto detect)
[2024-07-25 11:36:38,056] [INFO] [real_accelerator.py:203:get_accelerator] Setting ds_accelerator to cuda (auto detect)
[2024-07-25 11:36:38,056] [INFO] [real_accelerator.py:203:get_accelerator] Setting ds_accelerator to cuda (auto detect)
[2024-07-25 11:36:38,056] [INFO] [real_accelerator.py:203:get_accelerator] Setting ds_accelerator to cuda (auto detect)
[2024-07-25 11:36:38,056] [INFO] [real_accelerator.py:203:get_accelerator] Setting ds_accelerator to cuda (auto detect)
[2024-07-25 11:36:38,056] [INFO] [real_accelerator.py:203:get_accelerator] Setting ds_accelerator to cuda (auto detect)
[2024-07-25 11:36:38,056] [INFO] [real_accelerator.py:203:get_accelerator] Setting ds_accelerator to cuda (auto detect)
[2024-07-25 11:36:38,056] [INFO] [real_accelerator.py:203:get_accelerator] Setting ds_accelerator to cuda (auto detect)
[2024-07-25 11:36:38,172] [INFO] [real_accelerator.py:203:get_accelerator] Setting ds_accelerator to cuda (auto detect)
[2024-07-25 11:36:38,172] [INFO] [real_accelerator.py:203:get_accelerator] Setting ds_accelerator to cuda (auto detect)
[2024-07-25 11:36:38,172] [INFO] [real_accelerator.py:203:get_accelerator] Setting ds_accelerator to cuda (auto detect)
[2024-07-25 11:36:38,172] [INFO] [real_accelerator.py:203:get_accelerator] Setting ds_accelerator to cuda (auto detect)
[2024-07-25 11:36:38,172] [INFO] [real_accelerator.py:203:get_accelerator] Setting ds_accelerator to cuda (auto detect)
[2024-07-25 11:36:38,172] [INFO] [real_accelerator.py:203:get_accelerator] Setting ds_accelerator to cuda (auto detect)
[2024-07-25 11:36:38,172] [INFO] [real_accelerator.py:203:get_accelerator] Setting ds_accelerator to cuda (auto detect)
[2024-07-25 11:36:38,172] [INFO] [real_accelerator.py:203:get_accelerator] Setting ds_accelerator to cuda (auto detect)
[2024-07-25 11:36:38,250] [INFO] [real_accelerator.py:203:get_accelerator] Setting ds_accelerator to cuda (auto detect)
[2024-07-25 11:36:38,250] [INFO] [real_accelerator.py:203:get_accelerator] Setting ds_accelerator to cuda (auto detect)
[2024-07-25 11:36:38,250] [INFO] [real_accelerator.py:203:get_accelerator] Setting ds_accelerator to cuda (auto detect)
[2024-07-25 11:36:38,250] [INFO] [real_accelerator.py:203:get_accelerator] Setting ds_accelerator to cuda (auto detect)
[2024-07-25 11:36:38,250] [INFO] [real_accelerator.py:203:get_accelerator] Setting ds_accelerator to cuda (auto detect)
[2024-07-25 11:36:38,250] [INFO] [real_accelerator.py:203:get_accelerator] Setting ds_accelerator to cuda (auto detect)
[2024-07-25 11:36:38,250] [INFO] [real_accelerator.py:203:get_accelerator] Setting ds_accelerator to cuda (auto detect)
[2024-07-25 11:36:38,250] [INFO] [real_accelerator.py:203:get_accelerator] Setting ds_accelerator to cuda (auto detect)
[2024-07-25 11:36:38,350] [INFO] [real_accelerator.py:203:get_accelerator] Setting ds_accelerator to cuda (auto detect)
[2024-07-25 11:36:38,350] [INFO] [real_accelerator.py:203:get_accelerator] Setting ds_accelerator to cuda (auto detect)
[2024-07-25 11:36:38,350] [INFO] [real_accelerator.py:203:get_accelerator] Setting ds_accelerator to cuda (auto detect)
[2024-07-25 11:36:38,350] [INFO] [real_accelerator.py:203:get_accelerator] Setting ds_accelerator to cuda (auto detect)
[2024-07-25 11:36:38,350] [INFO] [real_accelerator.py:203:get_accelerator] Setting ds_accelerator to cuda (auto detect)
[2024-07-25 11:36:38,350] [INFO] [real_accelerator.py:203:get_accelerator] Setting ds_accelerator to cuda (auto detect)
[2024-07-25 11:36:38,350] [INFO] [real_accelerator.py:203:get_accelerator] Setting ds_accelerator to cuda (auto detect)
[2024-07-25 11:36:38,350] [INFO] [real_accelerator.py:203:get_accelerator] Setting ds_accelerator to cuda (auto detect)
[2024-07-25 11:36:38,560] [INFO] [real_accelerator.py:203:get_accelerator] Setting ds_accelerator to cuda (auto detect)
[2024-07-25 11:36:38,560] [INFO] [real_accelerator.py:203:get_accelerator] Setting ds_accelerator to cuda (auto detect)
[2024-07-25 11:36:38,560] [INFO] [real_accelerator.py:203:get_accelerator] Setting ds_accelerator to cuda (auto detect)
[2024-07-25 11:36:38,560] [INFO] [real_accelerator.py:203:get_accelerator] Setting ds_accelerator to cuda (auto detect)
[2024-07-25 11:36:38,560] [INFO] [real_accelerator.py:203:get_accelerator] Setting ds_accelerator to cuda (auto detect)
[2024-07-25 11:36:38,560] [INFO] [real_accelerator.py:203:get_accelerator] Setting ds_accelerator to cuda (auto detect)
[2024-07-25 11:36:38,560] [INFO] [real_accelerator.py:203:get_accelerator] Setting ds_accelerator to cuda (auto detect)
[2024-07-25 11:36:38,560] [INFO] [real_accelerator.py:203:get_accelerator] Setting ds_accelerator to cuda (auto detect)
[2024-07-25 11:36:38,726] [INFO] [real_accelerator.py:203:get_accelerator] Setting ds_accelerator to cuda (auto detect)
[2024-07-25 11:36:38,726] [INFO] [real_accelerator.py:203:get_accelerator] Setting ds_accelerator to cuda (auto detect)
[2024-07-25 11:36:38,726] [INFO] [real_accelerator.py:203:get_accelerator] Setting ds_accelerator to cuda (auto detect)
[2024-07-25 11:36:38,726] [INFO] [real_accelerator.py:203:get_accelerator] Setting ds_accelerator to cuda (auto detect)
[2024-07-25 11:36:38,726] [INFO] [real_accelerator.py:203:get_accelerator] Setting ds_accelerator to cuda (auto detect)
[2024-07-25 11:36:38,726] [INFO] [real_accelerator.py:203:get_accelerator] Setting ds_accelerator to cuda (auto detect)
[2024-07-25 11:36:38,726] [INFO] [real_accelerator.py:203:get_accelerator] Setting ds_accelerator to cuda (auto detect)
[2024-07-25 11:36:38,726] [INFO] [real_accelerator.py:203:get_accelerator] Setting ds_accelerator to cuda (auto detect)
[2024-07-25 11:36:38,780] [INFO] [real_accelerator.py:203:get_accelerator] Setting ds_accelerator to cuda (auto detect)
[2024-07-25 11:36:38,780] [INFO] [real_accelerator.py:203:get_accelerator] Setting ds_accelerator to cuda (auto detect)
[2024-07-25 11:36:38,779] [INFO] [real_accelerator.py:203:get_accelerator] Setting ds_accelerator to cuda (auto detect)
[2024-07-25 11:36:38,779] [INFO] [real_accelerator.py:203:get_accelerator] Setting ds_accelerator to cuda (auto detect)
[2024-07-25 11:36:38,779] [INFO] [real_accelerator.py:203:get_accelerator] Setting ds_accelerator to cuda (auto detect)
[2024-07-25 11:36:38,780] [INFO] [real_accelerator.py:203:get_accelerator] Setting ds_accelerator to cuda (auto detect)
[2024-07-25 11:36:38,780] [INFO] [real_accelerator.py:203:get_accelerator] Setting ds_accelerator to cuda (auto detect)
[2024-07-25 11:36:38,780] [INFO] [real_accelerator.py:203:get_accelerator] Setting ds_accelerator to cuda (auto detect)
[2024-07-25 11:36:38,798] [INFO] [real_accelerator.py:203:get_accelerator] Setting ds_accelerator to cuda (auto detect)
[2024-07-25 11:36:38,798] [INFO] [real_accelerator.py:203:get_accelerator] Setting ds_accelerator to cuda (auto detect)
[2024-07-25 11:36:38,798] [INFO] [real_accelerator.py:203:get_accelerator] Setting ds_accelerator to cuda (auto detect)
[2024-07-25 11:36:38,798] [INFO] [real_accelerator.py:203:get_accelerator] Setting ds_accelerator to cuda (auto detect)
[2024-07-25 11:36:38,798] [INFO] [real_accelerator.py:203:get_accelerator] Setting ds_accelerator to cuda (auto detect)
[2024-07-25 11:36:38,798] [INFO] [real_accelerator.py:203:get_accelerator] Setting ds_accelerator to cuda (auto detect)
[2024-07-25 11:36:38,798] [INFO] [real_accelerator.py:203:get_accelerator] Setting ds_accelerator to cuda (auto detect)
[2024-07-25 11:36:38,800] [INFO] [real_accelerator.py:203:get_accelerator] Setting ds_accelerator to cuda (auto detect)
[2024-07-25 11:36:38,843] [INFO] [real_accelerator.py:203:get_accelerator] Setting ds_accelerator to cuda (auto detect)
[2024-07-25 11:36:38,843] [INFO] [real_accelerator.py:203:get_accelerator] Setting ds_accelerator to cuda (auto detect)
[2024-07-25 11:36:38,843] [INFO] [real_accelerator.py:203:get_accelerator] Setting ds_accelerator to cuda (auto detect)
[2024-07-25 11:36:38,843] [INFO] [real_accelerator.py:203:get_accelerator] Setting ds_accelerator to cuda (auto detect)
[2024-07-25 11:36:38,843] [INFO] [real_accelerator.py:203:get_accelerator] Setting ds_accelerator to cuda (auto detect)
[2024-07-25 11:36:38,843] [INFO] [real_accelerator.py:203:get_accelerator] Setting ds_accelerator to cuda (auto detect)
[2024-07-25 11:36:38,843] [INFO] [real_accelerator.py:203:get_accelerator] Setting ds_accelerator to cuda (auto detect)
[2024-07-25 11:36:38,844] [INFO] [real_accelerator.py:203:get_accelerator] Setting ds_accelerator to cuda (auto detect)
[2024-07-25 11:36:39,272] [INFO] [real_accelerator.py:203:get_accelerator] Setting ds_accelerator to cuda (auto detect)
[2024-07-25 11:36:39,272] [INFO] [real_accelerator.py:203:get_accelerator] Setting ds_accelerator to cuda (auto detect)
[2024-07-25 11:36:39,272] [INFO] [real_accelerator.py:203:get_accelerator] Setting ds_accelerator to cuda (auto detect)
[2024-07-25 11:36:39,272] [INFO] [real_accelerator.py:203:get_accelerator] Setting ds_accelerator to cuda (auto detect)
[2024-07-25 11:36:39,272] [INFO] [real_accelerator.py:203:get_accelerator] Setting ds_accelerator to cuda (auto detect)
[2024-07-25 11:36:39,272] [INFO] [real_accelerator.py:203:get_accelerator] Setting ds_accelerator to cuda (auto detect)
[2024-07-25 11:36:39,272] [INFO] [real_accelerator.py:203:get_accelerator] Setting ds_accelerator to cuda (auto detect)
[2024-07-25 11:36:39,272] [INFO] [real_accelerator.py:203:get_accelerator] Setting ds_accelerator to cuda (auto detect)
[93m [WARNING] [0m async_io requires the dev libaio .so object and headers but these were not found.
[93m [WARNING] [0m async_io requires the dev libaio .so object and headers but these were not found.
[93m [WARNING] [0m async_io requires the dev libaio .so object and headers but these were not found.
[93m [WARNING] [0m async_io requires the dev libaio .so object and headers but these were not found.
[93m [WARNING] [0m async_io requires the dev libaio .so object and headers but these were not found.
[93m [WARNING] [0m async_io requires the dev libaio .so object and headers but these were not found.
[93m [WARNING] [0m async_io requires the dev libaio .so object and headers but these were not found.
[93m [WARNING] [0m async_io requires the dev libaio .so object and headers but these were not found.
[93m [WARNING] [0m If libaio is already installed (perhaps from source), try setting the CFLAGS and LDFLAGS environment variables to where it can be found.
[93m [WARNING] [0m Please specify the CUTLASS repo directory as environment variable $CUTLASS_PATH
[93m [WARNING] [0m If libaio is already installed (perhaps from source), try setting the CFLAGS and LDFLAGS environment variables to where it can be found.
[93m [WARNING] [0m Please specify the CUTLASS repo directory as environment variable $CUTLASS_PATH
[93m [WARNING] [0m If libaio is already installed (perhaps from source), try setting the CFLAGS and LDFLAGS environment variables to where it can be found.
[93m [WARNING] [0m If libaio is already installed (perhaps from source), try setting the CFLAGS and LDFLAGS environment variables to where it can be found.
[93m [WARNING] [0m If libaio is already installed (perhaps from source), try setting the CFLAGS and LDFLAGS environment variables to where it can be found.
[93m [WARNING] [0m If libaio is already installed (perhaps from source), try setting the CFLAGS and LDFLAGS environment variables to where it can be found.
[93m [WARNING] [0m Please specify the CUTLASS repo directory as environment variable $CUTLASS_PATH
[93m [WARNING] [0m Please specify the CUTLASS repo directory as environment variable $CUTLASS_PATH
[93m [WARNING] [0m If libaio is already installed (perhaps from source), try setting the CFLAGS and LDFLAGS environment variables to where it can be found.
[93m [WARNING] [0m Please specify the CUTLASS repo directory as environment variable $CUTLASS_PATH
[93m [WARNING] [0m Please specify the CUTLASS repo directory as environment variable $CUTLASS_PATH
[93m [WARNING] [0m Please specify the CUTLASS repo directory as environment variable $CUTLASS_PATH
[93m [WARNING] [0m If libaio is already installed (perhaps from source), try setting the CFLAGS and LDFLAGS environment variables to where it can be found.
[93m [WARNING] [0m Please specify the CUTLASS repo directory as environment variable $CUTLASS_PATH
[93m [WARNING] [0m async_io requires the dev libaio .so object and headers but these were not found.
[93m [WARNING] [0m async_io requires the dev libaio .so object and headers but these were not found.
[93m [WARNING] [0m async_io requires the dev libaio .so object and headers but these were not found.
[93m [WARNING] [0m async_io requires the dev libaio .so object and headers but these were not found.
[93m [WARNING] [0m async_io requires the dev libaio .so object and headers but these were not found.
[93m [WARNING] [0m async_io requires the dev libaio .so object and headers but these were not found.
[93m [WARNING] [0m async_io requires the dev libaio .so object and headers but these were not found.
[93m [WARNING] [0m async_io requires the dev libaio .so object and headers but these were not found.
[2024-07-25 11:36:39,652] [INFO] [real_accelerator.py:203:get_accelerator] Setting ds_accelerator to cuda (auto detect)
[2024-07-25 11:36:39,652] [INFO] [real_accelerator.py:203:get_accelerator] Setting ds_accelerator to cuda (auto detect)
[2024-07-25 11:36:39,652] [INFO] [real_accelerator.py:203:get_accelerator] Setting ds_accelerator to cuda (auto detect)
[2024-07-25 11:36:39,652] [INFO] [real_accelerator.py:203:get_accelerator] Setting ds_accelerator to cuda (auto detect)
[2024-07-25 11:36:39,652] [INFO] [real_accelerator.py:203:get_accelerator] Setting ds_accelerator to cuda (auto detect)
[2024-07-25 11:36:39,652] [INFO] [real_accelerator.py:203:get_accelerator] Setting ds_accelerator to cuda (auto detect)
[2024-07-25 11:36:39,653] [INFO] [real_accelerator.py:203:get_accelerator] Setting ds_accelerator to cuda (auto detect)
[2024-07-25 11:36:39,653] [INFO] [real_accelerator.py:203:get_accelerator] Setting ds_accelerator to cuda (auto detect)
[93m [WARNING] [0m If libaio is already installed (perhaps from source), try setting the CFLAGS and LDFLAGS environment variables to where it can be found.
[93m [WARNING] [0m Please specify the CUTLASS repo directory as environment variable $CUTLASS_PATH
[93m [WARNING] [0m If libaio is already installed (perhaps from source), try setting the CFLAGS and LDFLAGS environment variables to where it can be found.
[93m [WARNING] [0m Please specify the CUTLASS repo directory as environment variable $CUTLASS_PATH
[93m [WARNING] [0m If libaio is already installed (perhaps from source), try setting the CFLAGS and LDFLAGS environment variables to where it can be found.
[93m [WARNING] [0m If libaio is already installed (perhaps from source), try setting the CFLAGS and LDFLAGS environment variables to where it can be found.
[93m [WARNING] [0m If libaio is already installed (perhaps from source), try setting the CFLAGS and LDFLAGS environment variables to where it can be found.
[93m [WARNING] [0m If libaio is already installed (perhaps from source), try setting the CFLAGS and LDFLAGS environment variables to where it can be found.
[93m [WARNING] [0m Please specify the CUTLASS repo directory as environment variable $CUTLASS_PATH
[93m [WARNING] [0m If libaio is already installed (perhaps from source), try setting the CFLAGS and LDFLAGS environment variables to where it can be found.
[93m [WARNING] [0m Please specify the CUTLASS repo directory as environment variable $CUTLASS_PATH
[93m [WARNING] [0m Please specify the CUTLASS repo directory as environment variable $CUTLASS_PATH
[93m [WARNING] [0m Please specify the CUTLASS repo directory as environment variable $CUTLASS_PATH
[93m [WARNING] [0m Please specify the CUTLASS repo directory as environment variable $CUTLASS_PATH
[93m [WARNING] [0m If libaio is already installed (perhaps from source), try setting the CFLAGS and LDFLAGS environment variables to where it can be found.
[93m [WARNING] [0m Please specify the CUTLASS repo directory as environment variable $CUTLASS_PATH
[93m [WARNING] [0m async_io requires the dev libaio .so object and headers but these were not found.
[93m [WARNING] [0m async_io requires the dev libaio .so object and headers but these were not found.
[93m [WARNING] [0m async_io requires the dev libaio .so object and headers but these were not found.
[93m [WARNING] [0m async_io requires the dev libaio .so object and headers but these were not found.
[93m [WARNING] [0m async_io requires the dev libaio .so object and headers but these were not found.
[93m [WARNING] [0m async_io requires the dev libaio .so object and headers but these were not found.
[93m [WARNING] [0m async_io requires the dev libaio .so object and headers but these were not found.
[93m [WARNING] [0m async_io requires the dev libaio .so object and headers but these were not found.
[93m [WARNING] [0m If libaio is already installed (perhaps from source), try setting the CFLAGS and LDFLAGS environment variables to where it can be found.
[93m [WARNING] [0m Please specify the CUTLASS repo directory as environment variable $CUTLASS_PATH
[93m [WARNING] [0m If libaio is already installed (perhaps from source), try setting the CFLAGS and LDFLAGS environment variables to where it can be found.
[93m [WARNING] [0m If libaio is already installed (perhaps from source), try setting the CFLAGS and LDFLAGS environment variables to where it can be found.
[93m [WARNING] [0m If libaio is already installed (perhaps from source), try setting the CFLAGS and LDFLAGS environment variables to where it can be found.
[93m [WARNING] [0m If libaio is already installed (perhaps from source), try setting the CFLAGS and LDFLAGS environment variables to where it can be found.
[93m [WARNING] [0m If libaio is already installed (perhaps from source), try setting the CFLAGS and LDFLAGS environment variables to where it can be found.
[93m [WARNING] [0m Please specify the CUTLASS repo directory as environment variable $CUTLASS_PATH
[93m [WARNING] [0m Please specify the CUTLASS repo directory as environment variable $CUTLASS_PATH
[93m [WARNING] [0m Please specify the CUTLASS repo directory as environment variable $CUTLASS_PATH
[93m [WARNING] [0m If libaio is already installed (perhaps from source), try setting the CFLAGS and LDFLAGS environment variables to where it can be found.
[93m [WARNING] [0m Please specify the CUTLASS repo directory as environment variable $CUTLASS_PATH
[93m [WARNING] [0m Please specify the CUTLASS repo directory as environment variable $CUTLASS_PATH
[93m [WARNING] [0m Please specify the CUTLASS repo directory as environment variable $CUTLASS_PATH
[93m [WARNING] [0m If libaio is already installed (perhaps from source), try setting the CFLAGS and LDFLAGS environment variables to where it can be found.
[93m [WARNING] [0m Please specify the CUTLASS repo directory as environment variable $CUTLASS_PATH
[93m [WARNING] [0m async_io requires the dev libaio .so object and headers but these were not found.
[93m [WARNING] [0m async_io requires the dev libaio .so object and headers but these were not found.
[93m [WARNING] [0m async_io requires the dev libaio .so object and headers but these were not found.
[93m [WARNING] [0m async_io requires the dev libaio .so object and headers but these were not found.
[93m [WARNING] [0m async_io requires the dev libaio .so object and headers but these were not found.
[93m [WARNING] [0m async_io requires the dev libaio .so object and headers but these were not found.
[93m [WARNING] [0m async_io requires the dev libaio .so object and headers but these were not found.
[93m [WARNING] [0m async_io requires the dev libaio .so object and headers but these were not found.
[93m [WARNING] [0m async_io requires the dev libaio .so object and headers but these were not found.
[93m [WARNING] [0m async_io requires the dev libaio .so object and headers but these were not found.
[93m [WARNING] [0m async_io requires the dev libaio .so object and headers but these were not found.
[93m [WARNING] [0m async_io requires the dev libaio .so object and headers but these were not found.
[93m [WARNING] [0m async_io requires the dev libaio .so object and headers but these were not found.
[93m [WARNING] [0m async_io requires the dev libaio .so object and headers but these were not found.
[93m [WARNING] [0m async_io requires the dev libaio .so object and headers but these were not found.
[93m [WARNING] [0m async_io requires the dev libaio .so object and headers but these were not found.
[93m [WARNING] [0m If libaio is already installed (perhaps from source), try setting the CFLAGS and LDFLAGS environment variables to where it can be found.
[93m [WARNING] [0m Please specify the CUTLASS repo directory as environment variable $CUTLASS_PATH
[93m [WARNING] [0m If libaio is already installed (perhaps from source), try setting the CFLAGS and LDFLAGS environment variables to where it can be found.
[93m [WARNING] [0m Please specify the CUTLASS repo directory as environment variable $CUTLASS_PATH
[93m [WARNING] [0m If libaio is already installed (perhaps from source), try setting the CFLAGS and LDFLAGS environment variables to where it can be found.
[93m [WARNING] [0m If libaio is already installed (perhaps from source), try setting the CFLAGS and LDFLAGS environment variables to where it can be found.
[93m [WARNING] [0m Please specify the CUTLASS repo directory as environment variable $CUTLASS_PATH
[93m [WARNING] [0m Please specify the CUTLASS repo directory as environment variable $CUTLASS_PATH
[93m [WARNING] [0m If libaio is already installed (perhaps from source), try setting the CFLAGS and LDFLAGS environment variables to where it can be found.
[93m [WARNING] [0m If libaio is already installed (perhaps from source), try setting the CFLAGS and LDFLAGS environment variables to where it can be found.
[93m [WARNING] [0m If libaio is already installed (perhaps from source), try setting the CFLAGS and LDFLAGS environment variables to where it can be found.
[93m [WARNING] [0m Please specify the CUTLASS repo directory as environment variable $CUTLASS_PATH
[93m [WARNING] [0m Please specify the CUTLASS repo directory as environment variable $CUTLASS_PATH
[93m [WARNING] [0m Please specify the CUTLASS repo directory as environment variable $CUTLASS_PATH
[93m [WARNING] [0m If libaio is already installed (perhaps from source), try setting the CFLAGS and LDFLAGS environment variables to where it can be found.
[93m [WARNING] [0m Please specify the CUTLASS repo directory as environment variable $CUTLASS_PATH
[93m [WARNING] [0m async_io requires the dev libaio .so object and headers but these were not found.
[93m [WARNING] [0m async_io requires the dev libaio .so object and headers but these were not found.
[93m [WARNING] [0m async_io requires the dev libaio .so object and headers but these were not found.
[93m [WARNING] [0m async_io requires the dev libaio .so object and headers but these were not found.
[93m [WARNING] [0m async_io requires the dev libaio .so object and headers but these were not found.
[93m [WARNING] [0m async_io requires the dev libaio .so object and headers but these were not found.
[93m [WARNING] [0m async_io requires the dev libaio .so object and headers but these were not found.
[93m [WARNING] [0m async_io requires the dev libaio .so object and headers but these were not found.
[93m [WARNING] [0m If libaio is already installed (perhaps from source), try setting the CFLAGS and LDFLAGS environment variables to where it can be found.
[93m [WARNING] [0m Please specify the CUTLASS repo directory as environment variable $CUTLASS_PATH
[93m [WARNING] [0m If libaio is already installed (perhaps from source), try setting the CFLAGS and LDFLAGS environment variables to where it can be found.
[93m [WARNING] [0m Please specify the CUTLASS repo directory as environment variable $CUTLASS_PATH
[93m [WARNING] [0m If libaio is already installed (perhaps from source), try setting the CFLAGS and LDFLAGS environment variables to where it can be found.
[93m [WARNING] [0m If libaio is already installed (perhaps from source), try setting the CFLAGS and LDFLAGS environment variables to where it can be found.
[93m [WARNING] [0m Please specify the CUTLASS repo directory as environment variable $CUTLASS_PATH
[93m [WARNING] [0m If libaio is already installed (perhaps from source), try setting the CFLAGS and LDFLAGS environment variables to where it can be found.
[93m [WARNING] [0m If libaio is already installed (perhaps from source), try setting the CFLAGS and LDFLAGS environment variables to where it can be found.
[93m [WARNING] [0m If libaio is already installed (perhaps from source), try setting the CFLAGS and LDFLAGS environment variables to where it can be found.
[93m [WARNING] [0m Please specify the CUTLASS repo directory as environment variable $CUTLASS_PATH
[93m [WARNING] [0m Please specify the CUTLASS repo directory as environment variable $CUTLASS_PATH
[93m [WARNING] [0m Please specify the CUTLASS repo directory as environment variable $CUTLASS_PATH
[93m [WARNING] [0m Please specify the CUTLASS repo directory as environment variable $CUTLASS_PATH
[93m [WARNING] [0m If libaio is already installed (perhaps from source), try setting the CFLAGS and LDFLAGS environment variables to where it can be found.
[93m [WARNING] [0m Please specify the CUTLASS repo directory as environment variable $CUTLASS_PATH
[93m [WARNING] [0m async_io requires the dev libaio .so object and headers but these were not found.
[93m [WARNING] [0m async_io requires the dev libaio .so object and headers but these were not found.
[93m [WARNING] [0m async_io requires the dev libaio .so object and headers but these were not found.
[93m [WARNING] [0m async_io requires the dev libaio .so object and headers but these were not found.
[93m [WARNING] [0m async_io requires the dev libaio .so object and headers but these were not found.
[93m [WARNING] [0m async_io requires the dev libaio .so object and headers but these were not found.
[93m [WARNING] [0m async_io requires the dev libaio .so object and headers but these were not found.
[93m [WARNING] [0m async_io requires the dev libaio .so object and headers but these were not found.
[93m [WARNING] [0m If libaio is already installed (perhaps from source), try setting the CFLAGS and LDFLAGS environment variables to where it can be found.
[93m [WARNING] [0m Please specify the CUTLASS repo directory as environment variable $CUTLASS_PATH
[93m [WARNING] [0m If libaio is already installed (perhaps from source), try setting the CFLAGS and LDFLAGS environment variables to where it can be found.
[93m [WARNING] [0m If libaio is already installed (perhaps from source), try setting the CFLAGS and LDFLAGS environment variables to where it can be found.
[93m [WARNING] [0m Please specify the CUTLASS repo directory as environment variable $CUTLASS_PATH
[93m [WARNING] [0m Please specify the CUTLASS repo directory as environment variable $CUTLASS_PATH
[93m [WARNING] [0m If libaio is already installed (perhaps from source), try setting the CFLAGS and LDFLAGS environment variables to where it can be found.
[93m [WARNING] [0m If libaio is already installed (perhaps from source), try setting the CFLAGS and LDFLAGS environment variables to where it can be found.
[93m [WARNING] [0m If libaio is already installed (perhaps from source), try setting the CFLAGS and LDFLAGS environment variables to where it can be found.
[93m [WARNING] [0m If libaio is already installed (perhaps from source), try setting the CFLAGS and LDFLAGS environment variables to where it can be found.
[93m [WARNING] [0m Please specify the CUTLASS repo directory as environment variable $CUTLASS_PATH
[93m [WARNING] [0m Please specify the CUTLASS repo directory as environment variable $CUTLASS_PATH
[93m [WARNING] [0m Please specify the CUTLASS repo directory as environment variable $CUTLASS_PATH
[93m [WARNING] [0m If libaio is already installed (perhaps from source), try setting the CFLAGS and LDFLAGS environment variables to where it can be found.
[93m [WARNING] [0m Please specify the CUTLASS repo directory as environment variable $CUTLASS_PATH
[93m [WARNING] [0m Please specify the CUTLASS repo directory as environment variable $CUTLASS_PATH
[93m [WARNING] [0m If libaio is already installed (perhaps from source), try setting the CFLAGS and LDFLAGS environment variables to where it can be found.
[93m [WARNING] [0m Please specify the CUTLASS repo directory as environment variable $CUTLASS_PATH
[93m [WARNING] [0m If libaio is already installed (perhaps from source), try setting the CFLAGS and LDFLAGS environment variables to where it can be found.
[93m [WARNING] [0m Please specify the CUTLASS repo directory as environment variable $CUTLASS_PATH
[93m [WARNING] [0m If libaio is already installed (perhaps from source), try setting the CFLAGS and LDFLAGS environment variables to where it can be found.
[93m [WARNING] [0m If libaio is already installed (perhaps from source), try setting the CFLAGS and LDFLAGS environment variables to where it can be found.
[93m [WARNING] [0m If libaio is already installed (perhaps from source), try setting the CFLAGS and LDFLAGS environment variables to where it can be found.
[93m [WARNING] [0m If libaio is already installed (perhaps from source), try setting the CFLAGS and LDFLAGS environment variables to where it can be found.
[93m [WARNING] [0m If libaio is already installed (perhaps from source), try setting the CFLAGS and LDFLAGS environment variables to where it can be found.
[93m [WARNING] [0m Please specify the CUTLASS repo directory as environment variable $CUTLASS_PATH
[93m [WARNING] [0m Please specify the CUTLASS repo directory as environment variable $CUTLASS_PATH
[93m [WARNING] [0m Please specify the CUTLASS repo directory as environment variable $CUTLASS_PATH
[93m [WARNING] [0m Please specify the CUTLASS repo directory as environment variable $CUTLASS_PATH
[93m [WARNING] [0m Please specify the CUTLASS repo directory as environment variable $CUTLASS_PATH
[93m [WARNING] [0m If libaio is already installed (perhaps from source), try setting the CFLAGS and LDFLAGS environment variables to where it can be found.
[93m [WARNING] [0m Please specify the CUTLASS repo directory as environment variable $CUTLASS_PATH
[93m [WARNING] [0m async_io requires the dev libaio .so object and headers but these were not found.
[93m [WARNING] [0m async_io requires the dev libaio .so object and headers but these were not found.
[93m [WARNING] [0m async_io requires the dev libaio .so object and headers but these were not found.
[93m [WARNING] [0m async_io requires the dev libaio .so object and headers but these were not found.
[93m [WARNING] [0m async_io requires the dev libaio .so object and headers but these were not found.
[93m [WARNING] [0m async_io requires the dev libaio .so object and headers but these were not found.
[93m [WARNING] [0m async_io requires the dev libaio .so object and headers but these were not found.
[93m [WARNING] [0m async_io requires the dev libaio .so object and headers but these were not found.
[93m [WARNING] [0m If libaio is already installed (perhaps from source), try setting the CFLAGS and LDFLAGS environment variables to where it can be found.
[93m [WARNING] [0m Please specify the CUTLASS repo directory as environment variable $CUTLASS_PATH
[93m [WARNING] [0m If libaio is already installed (perhaps from source), try setting the CFLAGS and LDFLAGS environment variables to where it can be found.
[93m [WARNING] [0m If libaio is already installed (perhaps from source), try setting the CFLAGS and LDFLAGS environment variables to where it can be found.
[93m [WARNING] [0m Please specify the CUTLASS repo directory as environment variable $CUTLASS_PATH
[93m [WARNING] [0m Please specify the CUTLASS repo directory as environment variable $CUTLASS_PATH
[93m [WARNING] [0m If libaio is already installed (perhaps from source), try setting the CFLAGS and LDFLAGS environment variables to where it can be found.
[93m [WARNING] [0m If libaio is already installed (perhaps from source), try setting the CFLAGS and LDFLAGS environment variables to where it can be found.
[93m [WARNING] [0m If libaio is already installed (perhaps from source), try setting the CFLAGS and LDFLAGS environment variables to where it can be found.
[93m [WARNING] [0m If libaio is already installed (perhaps from source), try setting the CFLAGS and LDFLAGS environment variables to where it can be found.
[93m [WARNING] [0m Please specify the CUTLASS repo directory as environment variable $CUTLASS_PATH
[93m [WARNING] [0m Please specify the CUTLASS repo directory as environment variable $CUTLASS_PATH
[93m [WARNING] [0m Please specify the CUTLASS repo directory as environment variable $CUTLASS_PATH
[93m [WARNING] [0m Please specify the CUTLASS repo directory as environment variable $CUTLASS_PATH
[93m [WARNING] [0m If libaio is already installed (perhaps from source), try setting the CFLAGS and LDFLAGS environment variables to where it can be found.
[93m [WARNING] [0m Please specify the CUTLASS repo directory as environment variable $CUTLASS_PATH
[93m [WARNING] [0m sparse_attn is not compatible with ROCM
[93m [WARNING] [0m sparse_attn is not compatible with ROCM
[93m [WARNING] [0m sparse_attn is not compatible with ROCM
[93m [WARNING] [0m sparse_attn is not compatible with ROCM
[93m [WARNING] [0m sparse_attn is not compatible with ROCM
[93m [WARNING] [0m sparse_attn is not compatible with ROCM
[93m [WARNING] [0m sparse_attn is not compatible with ROCM
[93m [WARNING] [0m sparse_attn is not compatible with ROCM
[93m [WARNING] [0m sparse_attn is not compatible with ROCM
[93m [WARNING] [0m async_io requires the dev libaio .so object and headers but these were not found.
[93m [WARNING] [0m async_io requires the dev libaio .so object and headers but these were not found.
[93m [WARNING] [0m async_io requires the dev libaio .so object and headers but these were not found.
[93m [WARNING] [0m async_io requires the dev libaio .so object and headers but these were not found.
[93m [WARNING] [0m async_io requires the dev libaio .so object and headers but these were not found.
[93m [WARNING] [0m async_io requires the dev libaio .so object and headers but these were not found.
[93m [WARNING] [0m async_io requires the dev libaio .so object and headers but these were not found.
[93m [WARNING] [0m async_io requires the dev libaio .so object and headers but these were not found.
[93m [WARNING] [0m sparse_attn is not compatible with ROCM
[93m [WARNING] [0m If libaio is already installed (perhaps from source), try setting the CFLAGS and LDFLAGS environment variables to where it can be found.
[93m [WARNING] [0m Please specify the CUTLASS repo directory as environment variable $CUTLASS_PATH
[93m [WARNING] [0m If libaio is already installed (perhaps from source), try setting the CFLAGS and LDFLAGS environment variables to where it can be found.
[93m [WARNING] [0m If libaio is already installed (perhaps from source), try setting the CFLAGS and LDFLAGS environment variables to where it can be found.
[93m [WARNING] [0m Please specify the CUTLASS repo directory as environment variable $CUTLASS_PATH
[93m [WARNING] [0m Please specify the CUTLASS repo directory as environment variable $CUTLASS_PATH
[93m [WARNING] [0m If libaio is already installed (perhaps from source), try setting the CFLAGS and LDFLAGS environment variables to where it can be found.
[93m [WARNING] [0m If libaio is already installed (perhaps from source), try setting the CFLAGS and LDFLAGS environment variables to where it can be found.
[93m [WARNING] [0m If libaio is already installed (perhaps from source), try setting the CFLAGS and LDFLAGS environment variables to where it can be found.
[93m [WARNING] [0m If libaio is already installed (perhaps from source), try setting the CFLAGS and LDFLAGS environment variables to where it can be found.
[93m [WARNING] [0m Please specify the CUTLASS repo directory as environment variable $CUTLASS_PATH
[93m [WARNING] [0m Please specify the CUTLASS repo directory as environment variable $CUTLASS_PATH
[93m [WARNING] [0m Please specify the CUTLASS repo directory as environment variable $CUTLASS_PATH
[93m [WARNING] [0m Please specify the CUTLASS repo directory as environment variable $CUTLASS_PATH
[93m [WARNING] [0m If libaio is already installed (perhaps from source), try setting the CFLAGS and LDFLAGS environment variables to where it can be found.
[93m [WARNING] [0m Please specify the CUTLASS repo directory as environment variable $CUTLASS_PATH
[93m [WARNING] [0m sparse_attn is not compatible with ROCM
[93m [WARNING] [0m async_io requires the dev libaio .so object and headers but these were not found.
[93m [WARNING] [0m async_io requires the dev libaio .so object and headers but these were not found.
[93m [WARNING] [0m async_io requires the dev libaio .so object and headers but these were not found.
[93m [WARNING] [0m async_io requires the dev libaio .so object and headers but these were not found.
[93m [WARNING] [0m async_io requires the dev libaio .so object and headers but these were not found.
[93m [WARNING] [0m async_io requires the dev libaio .so object and headers but these were not found.
[93m [WARNING] [0m async_io requires the dev libaio .so object and headers but these were not found.
[93m [WARNING] [0m async_io requires the dev libaio .so object and headers but these were not found.
[93m [WARNING] [0m async_io requires the dev libaio .so object and headers but these were not found.
[93m [WARNING] [0m async_io requires the dev libaio .so object and headers but these were not found.
[93m [WARNING] [0m async_io requires the dev libaio .so object and headers but these were not found.
[93m [WARNING] [0m async_io requires the dev libaio .so object and headers but these were not found.
[93m [WARNING] [0m async_io requires the dev libaio .so object and headers but these were not found.
[93m [WARNING] [0m async_io requires the dev libaio .so object and headers but these were not found.
[93m [WARNING] [0m async_io requires the dev libaio .so object and headers but these were not found.
[93m [WARNING] [0m async_io requires the dev libaio .so object and headers but these were not found.
[93m [WARNING] [0m If libaio is already installed (perhaps from source), try setting the CFLAGS and LDFLAGS environment variables to where it can be found.
[93m [WARNING] [0m Please specify the CUTLASS repo directory as environment variable $CUTLASS_PATH
[93m [WARNING] [0m If libaio is already installed (perhaps from source), try setting the CFLAGS and LDFLAGS environment variables to where it can be found.
[93m [WARNING] [0m Please specify the CUTLASS repo directory as environment variable $CUTLASS_PATH
[93m [WARNING] [0m If libaio is already installed (perhaps from source), try setting the CFLAGS and LDFLAGS environment variables to where it can be found.
[93m [WARNING] [0m If libaio is already installed (perhaps from source), try setting the CFLAGS and LDFLAGS environment variables to where it can be found.
[93m [WARNING] [0m If libaio is already installed (perhaps from source), try setting the CFLAGS and LDFLAGS environment variables to where it can be found.
[93m [WARNING] [0m If libaio is already installed (perhaps from source), try setting the CFLAGS and LDFLAGS environment variables to where it can be found.
[93m [WARNING] [0m Please specify the CUTLASS repo directory as environment variable $CUTLASS_PATH
[93m [WARNING] [0m Please specify the CUTLASS repo directory as environment variable $CUTLASS_PATH
[93m [WARNING] [0m If libaio is already installed (perhaps from source), try setting the CFLAGS and LDFLAGS environment variables to where it can be found.
[93m [WARNING] [0m Please specify the CUTLASS repo directory as environment variable $CUTLASS_PATH
[93m [WARNING] [0m Please specify the CUTLASS repo directory as environment variable $CUTLASS_PATH
[93m [WARNING] [0m Please specify the CUTLASS repo directory as environment variable $CUTLASS_PATH
[93m [WARNING] [0m If libaio is already installed (perhaps from source), try setting the CFLAGS and LDFLAGS environment variables to where it can be found.
[93m [WARNING] [0m Please specify the CUTLASS repo directory as environment variable $CUTLASS_PATH
[93m [WARNING] [0m sparse_attn is not compatible with ROCM
[93m [WARNING] [0m If libaio is already installed (perhaps from source), try setting the CFLAGS and LDFLAGS environment variables to where it can be found.
[93m [WARNING] [0m Please specify the CUTLASS repo directory as environment variable $CUTLASS_PATH
[93m [WARNING] [0m If libaio is already installed (perhaps from source), try setting the CFLAGS and LDFLAGS environment variables to where it can be found.
[93m [WARNING] [0m If libaio is already installed (perhaps from source), try setting the CFLAGS and LDFLAGS environment variables to where it can be found.
[93m [WARNING] [0m If libaio is already installed (perhaps from source), try setting the CFLAGS and LDFLAGS environment variables to where it can be found.
[93m [WARNING] [0m Please specify the CUTLASS repo directory as environment variable $CUTLASS_PATH
[93m [WARNING] [0m If libaio is already installed (perhaps from source), try setting the CFLAGS and LDFLAGS environment variables to where it can be found.
[93m [WARNING] [0m Please specify the CUTLASS repo directory as environment variable $CUTLASS_PATH
[93m [WARNING] [0m If libaio is already installed (perhaps from source), try setting the CFLAGS and LDFLAGS environment variables to where it can be found.
[93m [WARNING] [0m Please specify the CUTLASS repo directory as environment variable $CUTLASS_PATH
[93m [WARNING] [0m If libaio is already installed (perhaps from source), try setting the CFLAGS and LDFLAGS environment variables to where it can be found.
[93m [WARNING] [0m Please specify the CUTLASS repo directory as environment variable $CUTLASS_PATH
[93m [WARNING] [0m Please specify the CUTLASS repo directory as environment variable $CUTLASS_PATH
[93m [WARNING] [0m Please specify the CUTLASS repo directory as environment variable $CUTLASS_PATH
[93m [WARNING] [0m If libaio is already installed (perhaps from source), try setting the CFLAGS and LDFLAGS environment variables to where it can be found.
[93m [WARNING] [0m Please specify the CUTLASS repo directory as environment variable $CUTLASS_PATH
[93m [WARNING] [0m sparse_attn is not compatible with ROCM
[93m [WARNING] [0m sparse_attn is not compatible with ROCM
[93m [WARNING] [0m async_io requires the dev libaio .so object and headers but these were not found.
[93m [WARNING] [0m async_io requires the dev libaio .so object and headers but these were not found.
[93m [WARNING] [0m async_io requires the dev libaio .so object and headers but these were not found.
[93m [WARNING] [0m async_io requires the dev libaio .so object and headers but these were not found.
[93m [WARNING] [0m async_io requires the dev libaio .so object and headers but these were not found.
[93m [WARNING] [0m async_io requires the dev libaio .so object and headers but these were not found.
[93m [WARNING] [0m async_io requires the dev libaio .so object and headers but these were not found.
[93m [WARNING] [0m async_io requires the dev libaio .so object and headers but these were not found.
[93m [WARNING] [0m async_io requires the dev libaio .so object and headers but these were not found.
[93m [WARNING] [0m async_io requires the dev libaio .so object and headers but these were not found.
[93m [WARNING] [0m async_io requires the dev libaio .so object and headers but these were not found.
[93m [WARNING] [0m async_io requires the dev libaio .so object and headers but these were not found.
[93m [WARNING] [0m async_io requires the dev libaio .so object and headers but these were not found.
[93m [WARNING] [0m async_io requires the dev libaio .so object and headers but these were not found.
[93m [WARNING] [0m async_io requires the dev libaio .so object and headers but these were not found.
[93m [WARNING] [0m async_io requires the dev libaio .so object and headers but these were not found.
[93m [WARNING] [0m sparse_attn is not compatible with ROCM
[93m [WARNING] [0m sparse_attn is not compatible with ROCM
[93m [WARNING] [0m sparse_attn is not compatible with ROCM
[93m [WARNING] [0m sparse_attn is not compatible with ROCM
[93m [WARNING] [0m sparse_attn is not compatible with ROCM
[93m [WARNING] [0m sparse_attn is not compatible with ROCM
[93m [WARNING] [0m sparse_attn is not compatible with ROCM
[93m [WARNING] [0m sparse_attn is not compatible with ROCM
[93m [WARNING] [0m sparse_attn is not compatible with ROCM
[93m [WARNING] [0m If libaio is already installed (perhaps from source), try setting the CFLAGS and LDFLAGS environment variables to where it can be found.
[93m [WARNING] [0m Please specify the CUTLASS repo directory as environment variable $CUTLASS_PATH
[93m [WARNING] [0m If libaio is already installed (perhaps from source), try setting the CFLAGS and LDFLAGS environment variables to where it can be found.
[93m [WARNING] [0m If libaio is already installed (perhaps from source), try setting the CFLAGS and LDFLAGS environment variables to where it can be found.
[93m [WARNING] [0m Please specify the CUTLASS repo directory as environment variable $CUTLASS_PATH
[93m [WARNING] [0m Please specify the CUTLASS repo directory as environment variable $CUTLASS_PATH
[93m [WARNING] [0m If libaio is already installed (perhaps from source), try setting the CFLAGS and LDFLAGS environment variables to where it can be found.
[93m [WARNING] [0m If libaio is already installed (perhaps from source), try setting the CFLAGS and LDFLAGS environment variables to where it can be found.
[93m [WARNING] [0m If libaio is already installed (perhaps from source), try setting the CFLAGS and LDFLAGS environment variables to where it can be found.
[93m [WARNING] [0m Please specify the CUTLASS repo directory as environment variable $CUTLASS_PATH
[93m [WARNING] [0m If libaio is already installed (perhaps from source), try setting the CFLAGS and LDFLAGS environment variables to where it can be found.
[93m [WARNING] [0m Please specify the CUTLASS repo directory as environment variable $CUTLASS_PATH
[93m [WARNING] [0m Please specify the CUTLASS repo directory as environment variable $CUTLASS_PATH
[93m [WARNING] [0m Please specify the CUTLASS repo directory as environment variable $CUTLASS_PATH
[93m [WARNING] [0m If libaio is already installed (perhaps from source), try setting the CFLAGS and LDFLAGS environment variables to where it can be found.
[93m [WARNING] [0m Please specify the CUTLASS repo directory as environment variable $CUTLASS_PATH
[93m [WARNING] [0m sparse_attn is not compatible with ROCM
[93m [WARNING] [0m sparse_attn is not compatible with ROCM
[93m [WARNING] [0m If libaio is already installed (perhaps from source), try setting the CFLAGS and LDFLAGS environment variables to where it can be found.
[93m [WARNING] [0m Please specify the CUTLASS repo directory as environment variable $CUTLASS_PATH
[93m [WARNING] [0m If libaio is already installed (perhaps from source), try setting the CFLAGS and LDFLAGS environment variables to where it can be found.
[93m [WARNING] [0m Please specify the CUTLASS repo directory as environment variable $CUTLASS_PATH
[93m [WARNING] [0m If libaio is already installed (perhaps from source), try setting the CFLAGS and LDFLAGS environment variables to where it can be found.
[93m [WARNING] [0m If libaio is already installed (perhaps from source), try setting the CFLAGS and LDFLAGS environment variables to where it can be found.
[93m [WARNING] [0m If libaio is already installed (perhaps from source), try setting the CFLAGS and LDFLAGS environment variables to where it can be found.
[93m [WARNING] [0m If libaio is already installed (perhaps from source), try setting the CFLAGS and LDFLAGS environment variables to where it can be found.
[93m [WARNING] [0m If libaio is already installed (perhaps from source), try setting the CFLAGS and LDFLAGS environment variables to where it can be found.
[93m [WARNING] [0m Please specify the CUTLASS repo directory as environment variable $CUTLASS_PATH
[93m [WARNING] [0m Please specify the CUTLASS repo directory as environment variable $CUTLASS_PATH
[93m [WARNING] [0m Please specify the CUTLASS repo directory as environment variable $CUTLASS_PATH
[93m [WARNING] [0m Please specify the CUTLASS repo directory as environment variable $CUTLASS_PATH
[93m [WARNING] [0m Please specify the CUTLASS repo directory as environment variable $CUTLASS_PATH
[93m [WARNING] [0m If libaio is already installed (perhaps from source), try setting the CFLAGS and LDFLAGS environment variables to where it can be found.
[93m [WARNING] [0m Please specify the CUTLASS repo directory as environment variable $CUTLASS_PATH
[93m [WARNING] [0m sparse_attn is not compatible with ROCM
[93m [WARNING] [0m sparse_attn is not compatible with ROCM
[93m [WARNING] [0m sparse_attn is not compatible with ROCM
[93m [WARNING] [0m sparse_attn is not compatible with ROCM
[93m [WARNING] [0m sparse_attn is not compatible with ROCM
[93m [WARNING] [0m sparse_attn is not compatible with ROCM
[93m [WARNING] [0m sparse_attn is not compatible with ROCM
[93m [WARNING] [0m sparse_attn is not compatible with ROCM
[93m [WARNING] [0m sparse_attn is not compatible with ROCM
[93m [WARNING] [0m sparse_attn is not compatible with ROCM
[93m [WARNING] [0m async_io requires the dev libaio .so object and headers but these were not found.
[93m [WARNING] [0m async_io requires the dev libaio .so object and headers but these were not found.
[93m [WARNING] [0m async_io requires the dev libaio .so object and headers but these were not found.
[93m [WARNING] [0m async_io requires the dev libaio .so object and headers but these were not found.
[93m [WARNING] [0m async_io requires the dev libaio .so object and headers but these were not found.
[93m [WARNING] [0m async_io requires the dev libaio .so object and headers but these were not found.
[93m [WARNING] [0m async_io requires the dev libaio .so object and headers but these were not found.
[93m [WARNING] [0m async_io requires the dev libaio .so object and headers but these were not found.
[93m [WARNING] [0m sparse_attn is not compatible with ROCM
[93m [WARNING] [0m sparse_attn is not compatible with ROCM
[93m [WARNING] [0m sparse_attn is not compatible with ROCM
[93m [WARNING] [0m sparse_attn is not compatible with ROCM
[93m [WARNING] [0m If libaio is already installed (perhaps from source), try setting the CFLAGS and LDFLAGS environment variables to where it can be found.
[93m [WARNING] [0m Please specify the CUTLASS repo directory as environment variable $CUTLASS_PATH
[93m [WARNING] [0m If libaio is already installed (perhaps from source), try setting the CFLAGS and LDFLAGS environment variables to where it can be found.
[93m [WARNING] [0m If libaio is already installed (perhaps from source), try setting the CFLAGS and LDFLAGS environment variables to where it can be found.
[93m [WARNING] [0m Please specify the CUTLASS repo directory as environment variable $CUTLASS_PATH
[93m [WARNING] [0m Please specify the CUTLASS repo directory as environment variable $CUTLASS_PATH
[93m [WARNING] [0m If libaio is already installed (perhaps from source), try setting the CFLAGS and LDFLAGS environment variables to where it can be found.
[93m [WARNING] [0m If libaio is already installed (perhaps from source), try setting the CFLAGS and LDFLAGS environment variables to where it can be found.
[93m [WARNING] [0m If libaio is already installed (perhaps from source), try setting the CFLAGS and LDFLAGS environment variables to where it can be found.
[93m [WARNING] [0m If libaio is already installed (perhaps from source), try setting the CFLAGS and LDFLAGS environment variables to where it can be found.
[93m [WARNING] [0m Please specify the CUTLASS repo directory as environment variable $CUTLASS_PATH
[93m [WARNING] [0m Please specify the CUTLASS repo directory as environment variable $CUTLASS_PATH
[93m [WARNING] [0m Please specify the CUTLASS repo directory as environment variable $CUTLASS_PATH
[93m [WARNING] [0m Please specify the CUTLASS repo directory as environment variable $CUTLASS_PATH
[93m [WARNING] [0m If libaio is already installed (perhaps from source), try setting the CFLAGS and LDFLAGS environment variables to where it can be found.
[93m [WARNING] [0m Please specify the CUTLASS repo directory as environment variable $CUTLASS_PATH
[93m [WARNING] [0m sparse_attn is not compatible with ROCM
[93m [WARNING] [0m sparse_attn is not compatible with ROCM
[93m [WARNING] [0m sparse_attn is not compatible with ROCM
[93m [WARNING] [0m sparse_attn is not compatible with ROCM
[93m [WARNING] [0m sparse_attn is not compatible with ROCM
[93m [WARNING] [0m sparse_attn is not compatible with ROCM
[93m [WARNING] [0m sparse_attn is not compatible with ROCM
[93m [WARNING] [0m sparse_attn is not compatible with ROCM
[93m [WARNING] [0m sparse_attn is not compatible with ROCM
[93m [WARNING] [0m sparse_attn is not compatible with ROCM
[93m [WARNING] [0m sparse_attn is not compatible with ROCM
[93m [WARNING] [0m sparse_attn is not compatible with ROCM
[93m [WARNING] [0m sparse_attn is not compatible with ROCM
[93m [WARNING] [0m sparse_attn is not compatible with ROCM
[93m [WARNING] [0m sparse_attn is not compatible with ROCM
[93m [WARNING] [0m sparse_attn is not compatible with ROCM
[93m [WARNING] [0m sparse_attn is not compatible with ROCM
[93m [WARNING] [0m sparse_attn is not compatible with ROCM
[93m [WARNING] [0m sparse_attn is not compatible with ROCM
[93m [WARNING] [0m async_io requires the dev libaio .so object and headers but these were not found.
[93m [WARNING] [0m async_io requires the dev libaio .so object and headers but these were not found.
[93m [WARNING] [0m async_io requires the dev libaio .so object and headers but these were not found.
[93m [WARNING] [0m async_io requires the dev libaio .so object and headers but these were not found.
[93m [WARNING] [0m async_io requires the dev libaio .so object and headers but these were not found.
[93m [WARNING] [0m async_io requires the dev libaio .so object and headers but these were not found.
[93m [WARNING] [0m async_io requires the dev libaio .so object and headers but these were not found.
[93m [WARNING] [0m async_io requires the dev libaio .so object and headers but these were not found.
[93m [WARNING] [0m sparse_attn is not compatible with ROCM
[93m [WARNING] [0m sparse_attn is not compatible with ROCM
[93m [WARNING] [0m sparse_attn is not compatible with ROCM
[93m [WARNING] [0m sparse_attn is not compatible with ROCM
[93m [WARNING] [0m sparse_attn is not compatible with ROCM
[93m [WARNING] [0m sparse_attn is not compatible with ROCM
[93m [WARNING] [0m If libaio is already installed (perhaps from source), try setting the CFLAGS and LDFLAGS environment variables to where it can be found.
[93m [WARNING] [0m Please specify the CUTLASS repo directory as environment variable $CUTLASS_PATH
[93m [WARNING] [0m If libaio is already installed (perhaps from source), try setting the CFLAGS and LDFLAGS environment variables to where it can be found.
[93m [WARNING] [0m If libaio is already installed (perhaps from source), try setting the CFLAGS and LDFLAGS environment variables to where it can be found.
[93m [WARNING] [0m Please specify the CUTLASS repo directory as environment variable $CUTLASS_PATH
[93m [WARNING] [0m If libaio is already installed (perhaps from source), try setting the CFLAGS and LDFLAGS environment variables to where it can be found.
[93m [WARNING] [0m If libaio is already installed (perhaps from source), try setting the CFLAGS and LDFLAGS environment variables to where it can be found.
[93m [WARNING] [0m Please specify the CUTLASS repo directory as environment variable $CUTLASS_PATH
[93m [WARNING] [0m Please specify the CUTLASS repo directory as environment variable $CUTLASS_PATH
[93m [WARNING] [0m Please specify the CUTLASS repo directory as environment variable $CUTLASS_PATH
[93m [WARNING] [0m If libaio is already installed (perhaps from source), try setting the CFLAGS and LDFLAGS environment variables to where it can be found.
[93m [WARNING] [0m If libaio is already installed (perhaps from source), try setting the CFLAGS and LDFLAGS environment variables to where it can be found.
[93m [WARNING] [0m Please specify the CUTLASS repo directory as environment variable $CUTLASS_PATH
[93m [WARNING] [0m Please specify the CUTLASS repo directory as environment variable $CUTLASS_PATH
[93m [WARNING] [0m If libaio is already installed (perhaps from source), try setting the CFLAGS and LDFLAGS environment variables to where it can be found.
[93m [WARNING] [0m Please specify the CUTLASS repo directory as environment variable $CUTLASS_PATH
[93m [WARNING] [0m sparse_attn is not compatible with ROCM
[93m [WARNING] [0m sparse_attn is not compatible with ROCM
[93m [WARNING] [0m sparse_attn is not compatible with ROCM
[93m [WARNING] [0m async_io requires the dev libaio .so object and headers but these were not found.
[93m [WARNING] [0m async_io requires the dev libaio .so object and headers but these were not found.
[93m [WARNING] [0m async_io requires the dev libaio .so object and headers but these were not found.
[93m [WARNING] [0m async_io requires the dev libaio .so object and headers but these were not found.
[93m [WARNING] [0m async_io requires the dev libaio .so object and headers but these were not found.
[93m [WARNING] [0m async_io requires the dev libaio .so object and headers but these were not found.
[93m [WARNING] [0m async_io requires the dev libaio .so object and headers but these were not found.
[93m [WARNING] [0m async_io requires the dev libaio .so object and headers but these were not found.
[93m [WARNING] [0m sparse_attn is not compatible with ROCM
[93m [WARNING] [0m sparse_attn is not compatible with ROCM
[93m [WARNING] [0m If libaio is already installed (perhaps from source), try setting the CFLAGS and LDFLAGS environment variables to where it can be found.
[93m [WARNING] [0m Please specify the CUTLASS repo directory as environment variable $CUTLASS_PATH
[93m [WARNING] [0m If libaio is already installed (perhaps from source), try setting the CFLAGS and LDFLAGS environment variables to where it can be found.
[93m [WARNING] [0m Please specify the CUTLASS repo directory as environment variable $CUTLASS_PATH
[93m [WARNING] [0m If libaio is already installed (perhaps from source), try setting the CFLAGS and LDFLAGS environment variables to where it can be found.
[93m [WARNING] [0m If libaio is already installed (perhaps from source), try setting the CFLAGS and LDFLAGS environment variables to where it can be found.
[93m [WARNING] [0m If libaio is already installed (perhaps from source), try setting the CFLAGS and LDFLAGS environment variables to where it can be found.
[93m [WARNING] [0m Please specify the CUTLASS repo directory as environment variable $CUTLASS_PATH
[93m [WARNING] [0m If libaio is already installed (perhaps from source), try setting the CFLAGS and LDFLAGS environment variables to where it can be found.
[93m [WARNING] [0m Please specify the CUTLASS repo directory as environment variable $CUTLASS_PATH
[93m [WARNING] [0m Please specify the CUTLASS repo directory as environment variable $CUTLASS_PATH
[93m [WARNING] [0m If libaio is already installed (perhaps from source), try setting the CFLAGS and LDFLAGS environment variables to where it can be found.
[93m [WARNING] [0m Please specify the CUTLASS repo directory as environment variable $CUTLASS_PATH
[93m [WARNING] [0m Please specify the CUTLASS repo directory as environment variable $CUTLASS_PATH
[93m [WARNING] [0m If libaio is already installed (perhaps from source), try setting the CFLAGS and LDFLAGS environment variables to where it can be found.
[93m [WARNING] [0m Please specify the CUTLASS repo directory as environment variable $CUTLASS_PATH
[93m [WARNING] [0m sparse_attn is not compatible with ROCM
[93m [WARNING] [0m sparse_attn is not compatible with ROCM
[93m [WARNING] [0m sparse_attn is not compatible with ROCM
[93m [WARNING] [0m sparse_attn is not compatible with ROCM
[93m [WARNING] [0m sparse_attn is not compatible with ROCM
[93m [WARNING] [0m sparse_attn is not compatible with ROCM
[93m [WARNING] [0m sparse_attn is not compatible with ROCM
[93m [WARNING] [0m sparse_attn is not compatible with ROCM
[93m [WARNING] [0m sparse_attn is not compatible with ROCM
[93m [WARNING] [0m sparse_attn is not compatible with ROCM
[93m [WARNING] [0m sparse_attn is not compatible with ROCM
[93m [WARNING] [0m sparse_attn is not compatible with ROCM
[93m [WARNING] [0m sparse_attn is not compatible with ROCM
[93m [WARNING] [0m sparse_attn is not compatible with ROCM
[93m [WARNING] [0m sparse_attn is not compatible with ROCM
[93m [WARNING] [0m sparse_attn is not compatible with ROCM
[93m [WARNING] [0m sparse_attn is not compatible with ROCM
[93m [WARNING] [0m sparse_attn is not compatible with ROCM
[93m [WARNING] [0m sparse_attn is not compatible with ROCM
[93m [WARNING] [0m sparse_attn is not compatible with ROCM
[93m [WARNING] [0m sparse_attn is not compatible with ROCM
[93m [WARNING] [0m sparse_attn is not compatible with ROCM
[93m [WARNING] [0m sparse_attn is not compatible with ROCM
[93m [WARNING] [0m sparse_attn is not compatible with ROCM
[93m [WARNING] [0m sparse_attn is not compatible with ROCM
[93m [WARNING] [0m sparse_attn is not compatible with ROCM
[93m [WARNING] [0m sparse_attn is not compatible with ROCM
[93m [WARNING] [0m sparse_attn is not compatible with ROCM
[93m [WARNING] [0m sparse_attn is not compatible with ROCM
[93m [WARNING] [0m sparse_attn is not compatible with ROCM
[93m [WARNING] [0m sparse_attn is not compatible with ROCM
[93m [WARNING] [0m sparse_attn is not compatible with ROCM
[93m [WARNING] [0m sparse_attn is not compatible with ROCM
[93m [WARNING] [0m sparse_attn is not compatible with ROCM
[93m [WARNING] [0m sparse_attn is not compatible with ROCM
[93m [WARNING] [0m sparse_attn is not compatible with ROCM
[93m [WARNING] [0m sparse_attn is not compatible with ROCM
[93m [WARNING] [0m sparse_attn is not compatible with ROCM
[93m [WARNING] [0m sparse_attn is not compatible with ROCM
[93m [WARNING] [0m sparse_attn is not compatible with ROCM
[93m [WARNING] [0m sparse_attn is not compatible with ROCM
[93m [WARNING] [0m sparse_attn is not compatible with ROCM
[93m [WARNING] [0m sparse_attn is not compatible with ROCM
[93m [WARNING] [0m sparse_attn is not compatible with ROCM
[93m [WARNING] [0m sparse_attn is not compatible with ROCM
[93m [WARNING] [0m sparse_attn is not compatible with ROCM
[93m [WARNING] [0m sparse_attn is not compatible with ROCM
[93m [WARNING] [0m sparse_attn is not compatible with ROCM
[93m [WARNING] [0m sparse_attn is not compatible with ROCM
[93m [WARNING] [0m sparse_attn is not compatible with ROCM
[93m [WARNING] [0m sparse_attn is not compatible with ROCM
[93m [WARNING] [0m sparse_attn is not compatible with ROCM
[93m [WARNING] [0m sparse_attn is not compatible with ROCM
[93m [WARNING] [0m sparse_attn is not compatible with ROCM
[93m [WARNING] [0m sparse_attn is not compatible with ROCM
[93m [WARNING] [0m sparse_attn is not compatible with ROCM
[93m [WARNING] [0m sparse_attn is not compatible with ROCM
[93m [WARNING] [0m sparse_attn is not compatible with ROCM
[93m [WARNING] [0m sparse_attn is not compatible with ROCM
[W socket.cpp:601] [c10d] The client socket cannot be initialized to connect to [frontier04105.frontier.olcf.ornl.gov]:8889 (errno: 97 - Address family not supported by protocol).
[W socket.cpp:601] [c10d] The client socket cannot be initialized to connect to [frontier04105.frontier.olcf.ornl.gov]:8889 (errno: 97 - Address family not supported by protocol).
[W socket.cpp:601] [c10d] The client socket cannot be initialized to connect to [frontier04105.frontier.olcf.ornl.gov]:8889 (errno: 97 - Address family not supported by protocol).
[W socket.cpp:601] [c10d] The client socket cannot be initialized to connect to [frontier04105.frontier.olcf.ornl.gov]:8889 (errno: 97 - Address family not supported by protocol).
[W socket.cpp:601] [c10d] The client socket cannot be initialized to connect to [frontier04105.frontier.olcf.ornl.gov]:8889 (errno: 97 - Address family not supported by protocol).
[W socket.cpp:601] [c10d] The client socket cannot be initialized to connect to [frontier04105.frontier.olcf.ornl.gov]:8889 (errno: 97 - Address family not supported by protocol).
[W socket.cpp:601] [c10d] The client socket cannot be initialized to connect to [frontier04105.frontier.olcf.ornl.gov]:8889 (errno: 97 - Address family not supported by protocol).
[W socket.cpp:601] [c10d] The client socket cannot be initialized to connect to [frontier04105.frontier.olcf.ornl.gov]:8889 (errno: 97 - Address family not supported by protocol).
[W socket.cpp:601] [c10d] The client socket cannot be initialized to connect to [frontier04105.frontier.olcf.ornl.gov]:8889 (errno: 97 - Address family not supported by protocol).
[W socket.cpp:601] [c10d] The client socket cannot be initialized to connect to [frontier04105.frontier.olcf.ornl.gov]:8889 (errno: 97 - Address family not supported by protocol).
[W socket.cpp:601] [c10d] The client socket cannot be initialized to connect to [frontier04105.frontier.olcf.ornl.gov]:8889 (errno: 97 - Address family not supported by protocol).
[W socket.cpp:601] [c10d] The client socket cannot be initialized to connect to [frontier04105.frontier.olcf.ornl.gov]:8889 (errno: 97 - Address family not supported by protocol).
[W socket.cpp:601] [c10d] The client socket cannot be initialized to connect to [frontier04105.frontier.olcf.ornl.gov]:8889 (errno: 97 - Address family not supported by protocol).
[W socket.cpp:601] [c10d] The client socket cannot be initialized to connect to [frontier04105.frontier.olcf.ornl.gov]:8889 (errno: 97 - Address family not supported by protocol).
[W socket.cpp:601] [c10d] The client socket cannot be initialized to connect to [frontier04105.frontier.olcf.ornl.gov]:8889 (errno: 97 - Address family not supported by protocol).
[W socket.cpp:601] [c10d] The client socket cannot be initialized to connect to [frontier04105.frontier.olcf.ornl.gov]:8889 (errno: 97 - Address family not supported by protocol).
[W socket.cpp:601] [c10d] The client socket cannot be initialized to connect to [frontier04105.frontier.olcf.ornl.gov]:8889 (errno: 97 - Address family not supported by protocol).
[W socket.cpp:601] [c10d] The client socket cannot be initialized to connect to [frontier04105.frontier.olcf.ornl.gov]:8889 (errno: 97 - Address family not supported by protocol).
[W socket.cpp:601] [c10d] The client socket cannot be initialized to connect to [frontier04105.frontier.olcf.ornl.gov]:8889 (errno: 97 - Address family not supported by protocol).
[W socket.cpp:601] [c10d] The client socket cannot be initialized to connect to [frontier04105.frontier.olcf.ornl.gov]:8889 (errno: 97 - Address family not supported by protocol).
[W socket.cpp:601] [c10d] The client socket cannot be initialized to connect to [frontier04105.frontier.olcf.ornl.gov]:8889 (errno: 97 - Address family not supported by protocol).
[W socket.cpp:601] [c10d] The client socket cannot be initialized to connect to [frontier04105.frontier.olcf.ornl.gov]:8889 (errno: 97 - Address family not supported by protocol).
[W socket.cpp:601] [c10d] The client socket cannot be initialized to connect to [frontier04105.frontier.olcf.ornl.gov]:8889 (errno: 97 - Address family not supported by protocol).
[W socket.cpp:601] [c10d] The client socket cannot be initialized to connect to [frontier04105.frontier.olcf.ornl.gov]:8889 (errno: 97 - Address family not supported by protocol).
[W socket.cpp:601] [c10d] The client socket cannot be initialized to connect to [frontier04105.frontier.olcf.ornl.gov]:8889 (errno: 97 - Address family not supported by protocol).
[W socket.cpp:601] [c10d] The client socket cannot be initialized to connect to [frontier04105.frontier.olcf.ornl.gov]:8889 (errno: 97 - Address family not supported by protocol).
[W socket.cpp:601] [c10d] The client socket cannot be initialized to connect to [frontier04105.frontier.olcf.ornl.gov]:8889 (errno: 97 - Address family not supported by protocol).
[W socket.cpp:601] [c10d] The client socket cannot be initialized to connect to [frontier04105.frontier.olcf.ornl.gov]:8889 (errno: 97 - Address family not supported by protocol).
[W socket.cpp:601] [c10d] The client socket cannot be initialized to connect to [frontier04105.frontier.olcf.ornl.gov]:8889 (errno: 97 - Address family not supported by protocol).
[W socket.cpp:601] [c10d] The client socket cannot be initialized to connect to [frontier04105.frontier.olcf.ornl.gov]:8889 (errno: 97 - Address family not supported by protocol).
[W socket.cpp:601] [c10d] The client socket cannot be initialized to connect to [frontier04105.frontier.olcf.ornl.gov]:8889 (errno: 97 - Address family not supported by protocol).
[W socket.cpp:601] [c10d] The client socket cannot be initialized to connect to [frontier04105.frontier.olcf.ornl.gov]:8889 (errno: 97 - Address family not supported by protocol).
[W socket.cpp:601] [c10d] The client socket cannot be initialized to connect to [frontier04105.frontier.olcf.ornl.gov]:8889 (errno: 97 - Address family not supported by protocol).
[W socket.cpp:601] [c10d] The client socket cannot be initialized to connect to [frontier04105.frontier.olcf.ornl.gov]:8889 (errno: 97 - Address family not supported by protocol).
[W socket.cpp:601] [c10d] The client socket cannot be initialized to connect to [frontier04105.frontier.olcf.ornl.gov]:8889 (errno: 97 - Address family not supported by protocol).
[W socket.cpp:601] [c10d] The client socket cannot be initialized to connect to [frontier04105.frontier.olcf.ornl.gov]:8889 (errno: 97 - Address family not supported by protocol).
[W socket.cpp:601] [c10d] The client socket cannot be initialized to connect to [frontier04105.frontier.olcf.ornl.gov]:8889 (errno: 97 - Address family not supported by protocol).
Distributed data parallel: nccl master at frontier04105:8889
[W socket.cpp:601] [c10d] The client socket cannot be initialized to connect to [frontier04105.frontier.olcf.ornl.gov]:8889 (errno: 97 - Address family not supported by protocol).
[W socket.cpp:601] [c10d] The client socket cannot be initialized to connect to [frontier04105.frontier.olcf.ornl.gov]:8889 (errno: 97 - Address family not supported by protocol).
[W socket.cpp:426] [c10d] The server socket cannot be initialized on [::]:8889 (errno: 97 - Address family not supported by protocol).
[W socket.cpp:601] [c10d] The client socket cannot be initialized to connect to [frontier04105.frontier.olcf.ornl.gov]:8889 (errno: 97 - Address family not supported by protocol).
[W socket.cpp:601] [c10d] The client socket cannot be initialized to connect to [frontier04105.frontier.olcf.ornl.gov]:8889 (errno: 97 - Address family not supported by protocol).
[W socket.cpp:601] [c10d] The client socket cannot be initialized to connect to [frontier04105.frontier.olcf.ornl.gov]:8889 (errno: 97 - Address family not supported by protocol).
[W socket.cpp:601] [c10d] The client socket cannot be initialized to connect to [frontier04105.frontier.olcf.ornl.gov]:8889 (errno: 97 - Address family not supported by protocol).
[W socket.cpp:601] [c10d] The client socket cannot be initialized to connect to [frontier04105.frontier.olcf.ornl.gov]:8889 (errno: 97 - Address family not supported by protocol).
[W socket.cpp:601] [c10d] The client socket cannot be initialized to connect to [frontier04105.frontier.olcf.ornl.gov]:8889 (errno: 97 - Address family not supported by protocol).
[W socket.cpp:601] [c10d] The client socket cannot be initialized to connect to [frontier04105.frontier.olcf.ornl.gov]:8889 (errno: 97 - Address family not supported by protocol).
[W socket.cpp:601] [c10d] The client socket cannot be initialized to connect to [frontier04105.frontier.olcf.ornl.gov]:8889 (errno: 97 - Address family not supported by protocol).
[W socket.cpp:601] [c10d] The client socket cannot be initialized to connect to [frontier04105.frontier.olcf.ornl.gov]:8889 (errno: 97 - Address family not supported by protocol).
[W socket.cpp:601] [c10d] The client socket cannot be initialized to connect to [frontier04105.frontier.olcf.ornl.gov]:8889 (errno: 97 - Address family not supported by protocol).
[W socket.cpp:601] [c10d] The client socket cannot be initialized to connect to [frontier04105.frontier.olcf.ornl.gov]:8889 (errno: 97 - Address family not supported by protocol).
[W socket.cpp:601] [c10d] The client socket cannot be initialized to connect to [frontier04105.frontier.olcf.ornl.gov]:8889 (errno: 97 - Address family not supported by protocol).
[W socket.cpp:601] [c10d] The client socket cannot be initialized to connect to [frontier04105.frontier.olcf.ornl.gov]:8889 (errno: 97 - Address family not supported by protocol).
[W socket.cpp:601] [c10d] The client socket cannot be initialized to connect to [frontier04105.frontier.olcf.ornl.gov]:8889 (errno: 97 - Address family not supported by protocol).
[W socket.cpp:601] [c10d] The client socket cannot be initialized to connect to [frontier04105.frontier.olcf.ornl.gov]:8889 (errno: 97 - Address family not supported by protocol).
[W socket.cpp:601] [c10d] The client socket cannot be initialized to connect to [frontier04105.frontier.olcf.ornl.gov]:8889 (errno: 97 - Address family not supported by protocol).
[W socket.cpp:601] [c10d] The client socket cannot be initialized to connect to [frontier04105.frontier.olcf.ornl.gov]:8889 (errno: 97 - Address family not supported by protocol).
[W socket.cpp:601] [c10d] The client socket cannot be initialized to connect to [frontier04105.frontier.olcf.ornl.gov]:8889 (errno: 97 - Address family not supported by protocol).
[W socket.cpp:601] [c10d] The client socket cannot be initialized to connect to [frontier04105.frontier.olcf.ornl.gov]:8889 (errno: 97 - Address family not supported by protocol).
[W socket.cpp:601] [c10d] The client socket cannot be initialized to connect to [frontier04105.frontier.olcf.ornl.gov]:8889 (errno: 97 - Address family not supported by protocol).
[W socket.cpp:601] [c10d] The client socket cannot be initialized to connect to [frontier04105.frontier.olcf.ornl.gov]:8889 (errno: 97 - Address family not supported by protocol).
[W socket.cpp:601] [c10d] The client socket cannot be initialized to connect to [frontier04105.frontier.olcf.ornl.gov]:8889 (errno: 97 - Address family not supported by protocol).
[W socket.cpp:601] [c10d] The client socket cannot be initialized to connect to [frontier04105.frontier.olcf.ornl.gov]:8889 (errno: 97 - Address family not supported by protocol).
[W socket.cpp:601] [c10d] The client socket cannot be initialized to connect to [frontier04105.frontier.olcf.ornl.gov]:8889 (errno: 97 - Address family not supported by protocol).
[W socket.cpp:601] [c10d] The client socket cannot be initialized to connect to [frontier04105.frontier.olcf.ornl.gov]:8889 (errno: 97 - Address family not supported by protocol).
[W socket.cpp:601] [c10d] The client socket cannot be initialized to connect to [frontier04105.frontier.olcf.ornl.gov]:8889 (errno: 97 - Address family not supported by protocol).
[W socket.cpp:601] [c10d] The client socket cannot be initialized to connect to [frontier04105.frontier.olcf.ornl.gov]:8889 (errno: 97 - Address family not supported by protocol).
[W socket.cpp:601] [c10d] The client socket cannot be initialized to connect to [frontier04105.frontier.olcf.ornl.gov]:8889 (errno: 97 - Address family not supported by protocol).
[W socket.cpp:601] [c10d] The client socket cannot be initialized to connect to [frontier04105.frontier.olcf.ornl.gov]:8889 (errno: 97 - Address family not supported by protocol).
[W socket.cpp:601] [c10d] The client socket cannot be initialized to connect to [frontier04105.frontier.olcf.ornl.gov]:8889 (errno: 97 - Address family not supported by protocol).
[W socket.cpp:601] [c10d] The client socket cannot be initialized to connect to [frontier04105.frontier.olcf.ornl.gov]:8889 (errno: 97 - Address family not supported by protocol).
[W socket.cpp:601] [c10d] The client socket cannot be initialized to connect to [frontier04105.frontier.olcf.ornl.gov]:8889 (errno: 97 - Address family not supported by protocol).
[W socket.cpp:601] [c10d] The client socket cannot be initialized to connect to [frontier04105.frontier.olcf.ornl.gov]:8889 (errno: 97 - Address family not supported by protocol).
[W socket.cpp:601] [c10d] The client socket cannot be initialized to connect to [frontier04105.frontier.olcf.ornl.gov]:8889 (errno: 97 - Address family not supported by protocol).
[W socket.cpp:601] [c10d] The client socket cannot be initialized to connect to [frontier04105.frontier.olcf.ornl.gov]:8889 (errno: 97 - Address family not supported by protocol).
[W socket.cpp:601] [c10d] The client socket cannot be initialized to connect to [frontier04105.frontier.olcf.ornl.gov]:8889 (errno: 97 - Address family not supported by protocol).
[W socket.cpp:601] [c10d] The client socket cannot be initialized to connect to [frontier04105.frontier.olcf.ornl.gov]:8889 (errno: 97 - Address family not supported by protocol).
[W socket.cpp:601] [c10d] The client socket cannot be initialized to connect to [frontier04105.frontier.olcf.ornl.gov]:8889 (errno: 97 - Address family not supported by protocol).
[W socket.cpp:601] [c10d] The client socket cannot be initialized to connect to [frontier04105.frontier.olcf.ornl.gov]:8889 (errno: 97 - Address family not supported by protocol).
[W socket.cpp:601] [c10d] The client socket cannot be initialized to connect to [frontier04105.frontier.olcf.ornl.gov]:8889 (errno: 97 - Address family not supported by protocol).
[W socket.cpp:601] [c10d] The client socket cannot be initialized to connect to [frontier04105.frontier.olcf.ornl.gov]:8889 (errno: 97 - Address family not supported by protocol).
[W socket.cpp:601] [c10d] The client socket cannot be initialized to connect to [frontier04105.frontier.olcf.ornl.gov]:8889 (errno: 97 - Address family not supported by protocol).
[W socket.cpp:601] [c10d] The client socket cannot be initialized to connect to [frontier04105.frontier.olcf.ornl.gov]:8889 (errno: 97 - Address family not supported by protocol).
[W socket.cpp:601] [c10d] The client socket cannot be initialized to connect to [frontier04105.frontier.olcf.ornl.gov]:8889 (errno: 97 - Address family not supported by protocol).
[W socket.cpp:601] [c10d] The client socket cannot be initialized to connect to [frontier04105.frontier.olcf.ornl.gov]:8889 (errno: 97 - Address family not supported by protocol).
[W socket.cpp:601] [c10d] The client socket cannot be initialized to connect to [frontier04105.frontier.olcf.ornl.gov]:8889 (errno: 97 - Address family not supported by protocol).
[W socket.cpp:601] [c10d] The client socket cannot be initialized to connect to [frontier04105.frontier.olcf.ornl.gov]:8889 (errno: 97 - Address family not supported by protocol).
[W socket.cpp:601] [c10d] The client socket cannot be initialized to connect to [frontier04105.frontier.olcf.ornl.gov]:8889 (errno: 97 - Address family not supported by protocol).
[W socket.cpp:601] [c10d] The client socket cannot be initialized to connect to [frontier04105.frontier.olcf.ornl.gov]:8889 (errno: 97 - Address family not supported by protocol).
[W socket.cpp:601] [c10d] The client socket cannot be initialized to connect to [frontier04105.frontier.olcf.ornl.gov]:8889 (errno: 97 - Address family not supported by protocol).
[W socket.cpp:601] [c10d] The client socket cannot be initialized to connect to [frontier04105.frontier.olcf.ornl.gov]:8889 (errno: 97 - Address family not supported by protocol).
[W socket.cpp:601] [c10d] The client socket cannot be initialized to connect to [frontier04105.frontier.olcf.ornl.gov]:8889 (errno: 97 - Address family not supported by protocol).
[W socket.cpp:601] [c10d] The client socket cannot be initialized to connect to [frontier04105.frontier.olcf.ornl.gov]:8889 (errno: 97 - Address family not supported by protocol).
[W socket.cpp:601] [c10d] The client socket cannot be initialized to connect to [frontier04105.frontier.olcf.ornl.gov]:8889 (errno: 97 - Address family not supported by protocol).
[W socket.cpp:601] [c10d] The client socket cannot be initialized to connect to [frontier04105.frontier.olcf.ornl.gov]:8889 (errno: 97 - Address family not supported by protocol).
[W socket.cpp:601] [c10d] The client socket cannot be initialized to connect to [frontier04105.frontier.olcf.ornl.gov]:8889 (errno: 97 - Address family not supported by protocol).
[W socket.cpp:601] [c10d] The client socket cannot be initialized to connect to [frontier04105.frontier.olcf.ornl.gov]:8889 (errno: 97 - Address family not supported by protocol).
[W socket.cpp:601] [c10d] The client socket cannot be initialized to connect to [frontier04105.frontier.olcf.ornl.gov]:8889 (errno: 97 - Address family not supported by protocol).
[W socket.cpp:601] [c10d] The client socket cannot be initialized to connect to [frontier04105.frontier.olcf.ornl.gov]:8889 (errno: 97 - Address family not supported by protocol).
[W socket.cpp:601] [c10d] The client socket cannot be initialized to connect to [frontier04105.frontier.olcf.ornl.gov]:8889 (errno: 97 - Address family not supported by protocol).
[W socket.cpp:601] [c10d] The client socket cannot be initialized to connect to [frontier04105.frontier.olcf.ornl.gov]:8889 (errno: 97 - Address family not supported by protocol).
[W socket.cpp:601] [c10d] The client socket cannot be initialized to connect to [frontier04105.frontier.olcf.ornl.gov]:8889 (errno: 97 - Address family not supported by protocol).
[W socket.cpp:601] [c10d] The client socket cannot be initialized to connect to [frontier04105.frontier.olcf.ornl.gov]:8889 (errno: 97 - Address family not supported by protocol).
[W socket.cpp:601] [c10d] The client socket cannot be initialized to connect to [frontier04105.frontier.olcf.ornl.gov]:8889 (errno: 97 - Address family not supported by protocol).
[W socket.cpp:601] [c10d] The client socket cannot be initialized to connect to [frontier04105.frontier.olcf.ornl.gov]:8889 (errno: 97 - Address family not supported by protocol).
[W socket.cpp:601] [c10d] The client socket cannot be initialized to connect to [frontier04105.frontier.olcf.ornl.gov]:8889 (errno: 97 - Address family not supported by protocol).
[W socket.cpp:601] [c10d] The client socket cannot be initialized to connect to [frontier04105.frontier.olcf.ornl.gov]:8889 (errno: 97 - Address family not supported by protocol).
[W socket.cpp:601] [c10d] The client socket cannot be initialized to connect to [frontier04105.frontier.olcf.ornl.gov]:8889 (errno: 97 - Address family not supported by protocol).
[W socket.cpp:601] [c10d] The client socket cannot be initialized to connect to [frontier04105.frontier.olcf.ornl.gov]:8889 (errno: 97 - Address family not supported by protocol).
[W socket.cpp:601] [c10d] The client socket cannot be initialized to connect to [frontier04105.frontier.olcf.ornl.gov]:8889 (errno: 97 - Address family not supported by protocol).
[W socket.cpp:601] [c10d] The client socket cannot be initialized to connect to [frontier04105.frontier.olcf.ornl.gov]:8889 (errno: 97 - Address family not supported by protocol).
[W socket.cpp:601] [c10d] The client socket cannot be initialized to connect to [frontier04105.frontier.olcf.ornl.gov]:8889 (errno: 97 - Address family not supported by protocol).
[W socket.cpp:601] [c10d] The client socket cannot be initialized to connect to [frontier04105.frontier.olcf.ornl.gov]:8889 (errno: 97 - Address family not supported by protocol).
[W socket.cpp:601] [c10d] The client socket cannot be initialized to connect to [frontier04105.frontier.olcf.ornl.gov]:8889 (errno: 97 - Address family not supported by protocol).
[W socket.cpp:601] [c10d] The client socket cannot be initialized to connect to [frontier04105.frontier.olcf.ornl.gov]:8889 (errno: 97 - Address family not supported by protocol).
[W socket.cpp:601] [c10d] The client socket cannot be initialized to connect to [frontier04105.frontier.olcf.ornl.gov]:8889 (errno: 97 - Address family not supported by protocol).
[W socket.cpp:601] [c10d] The client socket cannot be initialized to connect to [frontier04105.frontier.olcf.ornl.gov]:8889 (errno: 97 - Address family not supported by protocol).
[W socket.cpp:601] [c10d] The client socket cannot be initialized to connect to [frontier04105.frontier.olcf.ornl.gov]:8889 (errno: 97 - Address family not supported by protocol).
[W socket.cpp:601] [c10d] The client socket cannot be initialized to connect to [frontier04105.frontier.olcf.ornl.gov]:8889 (errno: 97 - Address family not supported by protocol).
[W socket.cpp:601] [c10d] The client socket cannot be initialized to connect to [frontier04105.frontier.olcf.ornl.gov]:8889 (errno: 97 - Address family not supported by protocol).
[W socket.cpp:601] [c10d] The client socket cannot be initialized to connect to [frontier04105.frontier.olcf.ornl.gov]:8889 (errno: 97 - Address family not supported by protocol).
[W socket.cpp:601] [c10d] The client socket cannot be initialized to connect to [frontier04105.frontier.olcf.ornl.gov]:8889 (errno: 97 - Address family not supported by protocol).
[W socket.cpp:601] [c10d] The client socket cannot be initialized to connect to [frontier04105.frontier.olcf.ornl.gov]:8889 (errno: 97 - Address family not supported by protocol).
[W socket.cpp:601] [c10d] The client socket cannot be initialized to connect to [frontier04105.frontier.olcf.ornl.gov]:8889 (errno: 97 - Address family not supported by protocol).
[W socket.cpp:601] [c10d] The client socket cannot be initialized to connect to [frontier04105.frontier.olcf.ornl.gov]:8889 (errno: 97 - Address family not supported by protocol).
[W socket.cpp:601] [c10d] The client socket cannot be initialized to connect to [frontier04105.frontier.olcf.ornl.gov]:8889 (errno: 97 - Address family not supported by protocol).
[W socket.cpp:601] [c10d] The client socket cannot be initialized to connect to [frontier04105.frontier.olcf.ornl.gov]:8889 (errno: 97 - Address family not supported by protocol).
[W socket.cpp:601] [c10d] The client socket cannot be initialized to connect to [frontier04105.frontier.olcf.ornl.gov]:8889 (errno: 97 - Address family not supported by protocol).
[W socket.cpp:601] [c10d] The client socket cannot be initialized to connect to [frontier04105.frontier.olcf.ornl.gov]:8889 (errno: 97 - Address family not supported by protocol).
[W socket.cpp:601] [c10d] The client socket cannot be initialized to connect to [frontier04105.frontier.olcf.ornl.gov]:8889 (errno: 97 - Address family not supported by protocol).
[W socket.cpp:601] [c10d] The client socket cannot be initialized to connect to [frontier04105.frontier.olcf.ornl.gov]:8889 (errno: 97 - Address family not supported by protocol).
[W socket.cpp:601] [c10d] The client socket cannot be initialized to connect to [frontier04105.frontier.olcf.ornl.gov]:8889 (errno: 97 - Address family not supported by protocol).
[W socket.cpp:601] [c10d] The client socket cannot be initialized to connect to [frontier04105.frontier.olcf.ornl.gov]:8889 (errno: 97 - Address family not supported by protocol).
[W socket.cpp:601] [c10d] The client socket cannot be initialized to connect to [frontier04105.frontier.olcf.ornl.gov]:8889 (errno: 97 - Address family not supported by protocol).
[W socket.cpp:601] [c10d] The client socket cannot be initialized to connect to [frontier04105.frontier.olcf.ornl.gov]:8889 (errno: 97 - Address family not supported by protocol).
[W socket.cpp:601] [c10d] The client socket cannot be initialized to connect to [frontier04105.frontier.olcf.ornl.gov]:8889 (errno: 97 - Address family not supported by protocol).
[W socket.cpp:601] [c10d] The client socket cannot be initialized to connect to [frontier04105.frontier.olcf.ornl.gov]:8889 (errno: 97 - Address family not supported by protocol).
[W socket.cpp:601] [c10d] The client socket cannot be initialized to connect to [frontier04105.frontier.olcf.ornl.gov]:8889 (errno: 97 - Address family not supported by protocol).
[W socket.cpp:601] [c10d] The client socket cannot be initialized to connect to [frontier04105.frontier.olcf.ornl.gov]:8889 (errno: 97 - Address family not supported by protocol).
[W socket.cpp:601] [c10d] The client socket cannot be initialized to connect to [frontier04105.frontier.olcf.ornl.gov]:8889 (errno: 97 - Address family not supported by protocol).
[W socket.cpp:601] [c10d] The client socket cannot be initialized to connect to [frontier04105.frontier.olcf.ornl.gov]:8889 (errno: 97 - Address family not supported by protocol).
[W socket.cpp:601] [c10d] The client socket cannot be initialized to connect to [frontier04105.frontier.olcf.ornl.gov]:8889 (errno: 97 - Address family not supported by protocol).
[W socket.cpp:601] [c10d] The client socket cannot be initialized to connect to [frontier04105.frontier.olcf.ornl.gov]:8889 (errno: 97 - Address family not supported by protocol).
[W socket.cpp:601] [c10d] The client socket cannot be initialized to connect to [frontier04105.frontier.olcf.ornl.gov]:8889 (errno: 97 - Address family not supported by protocol).
[W socket.cpp:601] [c10d] The client socket cannot be initialized to connect to [frontier04105.frontier.olcf.ornl.gov]:8889 (errno: 97 - Address family not supported by protocol).
[W socket.cpp:601] [c10d] The client socket cannot be initialized to connect to [frontier04105.frontier.olcf.ornl.gov]:8889 (errno: 97 - Address family not supported by protocol).
[W socket.cpp:601] [c10d] The client socket cannot be initialized to connect to [frontier04105.frontier.olcf.ornl.gov]:8889 (errno: 97 - Address family not supported by protocol).
[W socket.cpp:601] [c10d] The client socket cannot be initialized to connect to [frontier04105.frontier.olcf.ornl.gov]:8889 (errno: 97 - Address family not supported by protocol).
[W socket.cpp:601] [c10d] The client socket cannot be initialized to connect to [frontier04105.frontier.olcf.ornl.gov]:8889 (errno: 97 - Address family not supported by protocol).
[W socket.cpp:601] [c10d] The client socket cannot be initialized to connect to [frontier04105.frontier.olcf.ornl.gov]:8889 (errno: 97 - Address family not supported by protocol).
[W socket.cpp:601] [c10d] The client socket cannot be initialized to connect to [frontier04105.frontier.olcf.ornl.gov]:8889 (errno: 97 - Address family not supported by protocol).
[W socket.cpp:601] [c10d] The client socket cannot be initialized to connect to [frontier04105.frontier.olcf.ornl.gov]:8889 (errno: 97 - Address family not supported by protocol).
[W socket.cpp:601] [c10d] The client socket cannot be initialized to connect to [frontier04105.frontier.olcf.ornl.gov]:8889 (errno: 97 - Address family not supported by protocol).
[W socket.cpp:601] [c10d] The client socket cannot be initialized to connect to [frontier04105.frontier.olcf.ornl.gov]:8889 (errno: 97 - Address family not supported by protocol).
[W socket.cpp:601] [c10d] The client socket cannot be initialized to connect to [frontier04105.frontier.olcf.ornl.gov]:8889 (errno: 97 - Address family not supported by protocol).
[W socket.cpp:601] [c10d] The client socket cannot be initialized to connect to [frontier04105.frontier.olcf.ornl.gov]:8889 (errno: 97 - Address family not supported by protocol).
[W socket.cpp:601] [c10d] The client socket cannot be initialized to connect to [frontier04105.frontier.olcf.ornl.gov]:8889 (errno: 97 - Address family not supported by protocol).
[W socket.cpp:601] [c10d] The client socket cannot be initialized to connect to [frontier04105.frontier.olcf.ornl.gov]:8889 (errno: 97 - Address family not supported by protocol).
[W socket.cpp:601] [c10d] The client socket cannot be initialized to connect to [frontier04105.frontier.olcf.ornl.gov]:8889 (errno: 97 - Address family not supported by protocol).
[W socket.cpp:601] [c10d] The client socket cannot be initialized to connect to [frontier04105.frontier.olcf.ornl.gov]:8889 (errno: 97 - Address family not supported by protocol).
[W socket.cpp:601] [c10d] The client socket cannot be initialized to connect to [frontier04105.frontier.olcf.ornl.gov]:8889 (errno: 97 - Address family not supported by protocol).
[W socket.cpp:601] [c10d] The client socket cannot be initialized to connect to [frontier04105.frontier.olcf.ornl.gov]:8889 (errno: 97 - Address family not supported by protocol).
[W socket.cpp:601] [c10d] The client socket cannot be initialized to connect to [frontier04105.frontier.olcf.ornl.gov]:8889 (errno: 97 - Address family not supported by protocol).
[W socket.cpp:601] [c10d] The client socket cannot be initialized to connect to [frontier04105.frontier.olcf.ornl.gov]:8889 (errno: 97 - Address family not supported by protocol).
[W socket.cpp:601] [c10d] The client socket cannot be initialized to connect to [frontier04105.frontier.olcf.ornl.gov]:8889 (errno: 97 - Address family not supported by protocol).
[W socket.cpp:601] [c10d] The client socket cannot be initialized to connect to [frontier04105.frontier.olcf.ornl.gov]:8889 (errno: 97 - Address family not supported by protocol).
[W socket.cpp:601] [c10d] The client socket cannot be initialized to connect to [frontier04105.frontier.olcf.ornl.gov]:8889 (errno: 97 - Address family not supported by protocol).
[W socket.cpp:601] [c10d] The client socket cannot be initialized to connect to [frontier04105.frontier.olcf.ornl.gov]:8889 (errno: 97 - Address family not supported by protocol).
[W socket.cpp:601] [c10d] The client socket cannot be initialized to connect to [frontier04105.frontier.olcf.ornl.gov]:8889 (errno: 97 - Address family not supported by protocol).
[W socket.cpp:601] [c10d] The client socket cannot be initialized to connect to [frontier04105.frontier.olcf.ornl.gov]:8889 (errno: 97 - Address family not supported by protocol).
[W socket.cpp:601] [c10d] The client socket cannot be initialized to connect to [frontier04105.frontier.olcf.ornl.gov]:8889 (errno: 97 - Address family not supported by protocol).
[W socket.cpp:601] [c10d] The client socket cannot be initialized to connect to [frontier04105.frontier.olcf.ornl.gov]:8889 (errno: 97 - Address family not supported by protocol).
[W socket.cpp:601] [c10d] The client socket cannot be initialized to connect to [frontier04105.frontier.olcf.ornl.gov]:8889 (errno: 97 - Address family not supported by protocol).
[W socket.cpp:601] [c10d] The client socket cannot be initialized to connect to [frontier04105.frontier.olcf.ornl.gov]:8889 (errno: 97 - Address family not supported by protocol).
[W socket.cpp:601] [c10d] The client socket cannot be initialized to connect to [frontier04105.frontier.olcf.ornl.gov]:8889 (errno: 97 - Address family not supported by protocol).
[W socket.cpp:601] [c10d] The client socket cannot be initialized to connect to [frontier04105.frontier.olcf.ornl.gov]:8889 (errno: 97 - Address family not supported by protocol).
[W socket.cpp:601] [c10d] The client socket cannot be initialized to connect to [frontier04105.frontier.olcf.ornl.gov]:8889 (errno: 97 - Address family not supported by protocol).
[W socket.cpp:601] [c10d] The client socket cannot be initialized to connect to [frontier04105.frontier.olcf.ornl.gov]:8889 (errno: 97 - Address family not supported by protocol).
[W socket.cpp:601] [c10d] The client socket cannot be initialized to connect to [frontier04105.frontier.olcf.ornl.gov]:8889 (errno: 97 - Address family not supported by protocol).
[W socket.cpp:601] [c10d] The client socket cannot be initialized to connect to [frontier04105.frontier.olcf.ornl.gov]:8889 (errno: 97 - Address family not supported by protocol).
[W socket.cpp:601] [c10d] The client socket cannot be initialized to connect to [frontier04105.frontier.olcf.ornl.gov]:8889 (errno: 97 - Address family not supported by protocol).
[W socket.cpp:601] [c10d] The client socket cannot be initialized to connect to [frontier04105.frontier.olcf.ornl.gov]:8889 (errno: 97 - Address family not supported by protocol).
[W socket.cpp:601] [c10d] The client socket cannot be initialized to connect to [frontier04105.frontier.olcf.ornl.gov]:8889 (errno: 97 - Address family not supported by protocol).
[W socket.cpp:601] [c10d] The client socket cannot be initialized to connect to [frontier04105.frontier.olcf.ornl.gov]:8889 (errno: 97 - Address family not supported by protocol).
[W socket.cpp:601] [c10d] The client socket cannot be initialized to connect to [frontier04105.frontier.olcf.ornl.gov]:8889 (errno: 97 - Address family not supported by protocol).
[W socket.cpp:601] [c10d] The client socket cannot be initialized to connect to [frontier04105.frontier.olcf.ornl.gov]:8889 (errno: 97 - Address family not supported by protocol).
[W socket.cpp:601] [c10d] The client socket cannot be initialized to connect to [frontier04105.frontier.olcf.ornl.gov]:8889 (errno: 97 - Address family not supported by protocol).
[W socket.cpp:601] [c10d] The client socket cannot be initialized to connect to [frontier04105.frontier.olcf.ornl.gov]:8889 (errno: 97 - Address family not supported by protocol).
[W socket.cpp:601] [c10d] The client socket cannot be initialized to connect to [frontier04105.frontier.olcf.ornl.gov]:8889 (errno: 97 - Address family not supported by protocol).
[W socket.cpp:601] [c10d] The client socket cannot be initialized to connect to [frontier04105.frontier.olcf.ornl.gov]:8889 (errno: 97 - Address family not supported by protocol).
[W socket.cpp:601] [c10d] The client socket cannot be initialized to connect to [frontier04105.frontier.olcf.ornl.gov]:8889 (errno: 97 - Address family not supported by protocol).
[W socket.cpp:601] [c10d] The client socket cannot be initialized to connect to [frontier04105.frontier.olcf.ornl.gov]:8889 (errno: 97 - Address family not supported by protocol).
[W socket.cpp:601] [c10d] The client socket cannot be initialized to connect to [frontier04105.frontier.olcf.ornl.gov]:8889 (errno: 97 - Address family not supported by protocol).
[W socket.cpp:601] [c10d] The client socket cannot be initialized to connect to [frontier04105.frontier.olcf.ornl.gov]:8889 (errno: 97 - Address family not supported by protocol).
[W socket.cpp:601] [c10d] The client socket cannot be initialized to connect to [frontier04105.frontier.olcf.ornl.gov]:8889 (errno: 97 - Address family not supported by protocol).
[W socket.cpp:601] [c10d] The client socket cannot be initialized to connect to [frontier04105.frontier.olcf.ornl.gov]:8889 (errno: 97 - Address family not supported by protocol).
[W socket.cpp:601] [c10d] The client socket cannot be initialized to connect to [frontier04105.frontier.olcf.ornl.gov]:8889 (errno: 97 - Address family not supported by protocol).
[W socket.cpp:601] [c10d] The client socket cannot be initialized to connect to [frontier04105.frontier.olcf.ornl.gov]:8889 (errno: 97 - Address family not supported by protocol).
[W socket.cpp:601] [c10d] The client socket cannot be initialized to connect to [frontier04105.frontier.olcf.ornl.gov]:8889 (errno: 97 - Address family not supported by protocol).
[W socket.cpp:601] [c10d] The client socket cannot be initialized to connect to [frontier04105.frontier.olcf.ornl.gov]:8889 (errno: 97 - Address family not supported by protocol).
[W socket.cpp:601] [c10d] The client socket cannot be initialized to connect to [frontier04105.frontier.olcf.ornl.gov]:8889 (errno: 97 - Address family not supported by protocol).
[W socket.cpp:601] [c10d] The client socket cannot be initialized to connect to [frontier04105.frontier.olcf.ornl.gov]:8889 (errno: 97 - Address family not supported by protocol).
[W socket.cpp:601] [c10d] The client socket cannot be initialized to connect to [frontier04105.frontier.olcf.ornl.gov]:8889 (errno: 97 - Address family not supported by protocol).
[W socket.cpp:601] [c10d] The client socket cannot be initialized to connect to [frontier04105.frontier.olcf.ornl.gov]:8889 (errno: 97 - Address family not supported by protocol).
[W socket.cpp:601] [c10d] The client socket cannot be initialized to connect to [frontier04105.frontier.olcf.ornl.gov]:8889 (errno: 97 - Address family not supported by protocol).
[W socket.cpp:601] [c10d] The client socket cannot be initialized to connect to [frontier04105.frontier.olcf.ornl.gov]:8889 (errno: 97 - Address family not supported by protocol).
[W socket.cpp:601] [c10d] The client socket cannot be initialized to connect to [frontier04105.frontier.olcf.ornl.gov]:8889 (errno: 97 - Address family not supported by protocol).
[W socket.cpp:601] [c10d] The client socket cannot be initialized to connect to [frontier04105.frontier.olcf.ornl.gov]:8889 (errno: 97 - Address family not supported by protocol).
[W socket.cpp:601] [c10d] The client socket cannot be initialized to connect to [frontier04105.frontier.olcf.ornl.gov]:8889 (errno: 97 - Address family not supported by protocol).
[W socket.cpp:601] [c10d] The client socket cannot be initialized to connect to [frontier04105.frontier.olcf.ornl.gov]:8889 (errno: 97 - Address family not supported by protocol).
[W socket.cpp:601] [c10d] The client socket cannot be initialized to connect to [frontier04105.frontier.olcf.ornl.gov]:8889 (errno: 97 - Address family not supported by protocol).
[W socket.cpp:601] [c10d] The client socket cannot be initialized to connect to [frontier04105.frontier.olcf.ornl.gov]:8889 (errno: 97 - Address family not supported by protocol).
[W socket.cpp:601] [c10d] The client socket cannot be initialized to connect to [frontier04105.frontier.olcf.ornl.gov]:8889 (errno: 97 - Address family not supported by protocol).
[W socket.cpp:601] [c10d] The client socket cannot be initialized to connect to [frontier04105.frontier.olcf.ornl.gov]:8889 (errno: 97 - Address family not supported by protocol).
[W socket.cpp:601] [c10d] The client socket cannot be initialized to connect to [frontier04105.frontier.olcf.ornl.gov]:8889 (errno: 97 - Address family not supported by protocol).
[W socket.cpp:601] [c10d] The client socket cannot be initialized to connect to [frontier04105.frontier.olcf.ornl.gov]:8889 (errno: 97 - Address family not supported by protocol).
[W socket.cpp:601] [c10d] The client socket cannot be initialized to connect to [frontier04105.frontier.olcf.ornl.gov]:8889 (errno: 97 - Address family not supported by protocol).
[W socket.cpp:601] [c10d] The client socket cannot be initialized to connect to [frontier04105.frontier.olcf.ornl.gov]:8889 (errno: 97 - Address family not supported by protocol).
[W socket.cpp:601] [c10d] The client socket cannot be initialized to connect to [frontier04105.frontier.olcf.ornl.gov]:8889 (errno: 97 - Address family not supported by protocol).
[W socket.cpp:601] [c10d] The client socket cannot be initialized to connect to [frontier04105.frontier.olcf.ornl.gov]:8889 (errno: 97 - Address family not supported by protocol).
[W socket.cpp:601] [c10d] The client socket cannot be initialized to connect to [frontier04105.frontier.olcf.ornl.gov]:8889 (errno: 97 - Address family not supported by protocol).
[W socket.cpp:601] [c10d] The client socket cannot be initialized to connect to [frontier04105.frontier.olcf.ornl.gov]:8889 (errno: 97 - Address family not supported by protocol).
[W socket.cpp:601] [c10d] The client socket cannot be initialized to connect to [frontier04105.frontier.olcf.ornl.gov]:8889 (errno: 97 - Address family not supported by protocol).
[W socket.cpp:601] [c10d] The client socket cannot be initialized to connect to [frontier04105.frontier.olcf.ornl.gov]:8889 (errno: 97 - Address family not supported by protocol).
[W socket.cpp:601] [c10d] The client socket cannot be initialized to connect to [frontier04105.frontier.olcf.ornl.gov]:8889 (errno: 97 - Address family not supported by protocol).
[W socket.cpp:601] [c10d] The client socket cannot be initialized to connect to [frontier04105.frontier.olcf.ornl.gov]:8889 (errno: 97 - Address family not supported by protocol).
[W socket.cpp:601] [c10d] The client socket cannot be initialized to connect to [frontier04105.frontier.olcf.ornl.gov]:8889 (errno: 97 - Address family not supported by protocol).
[W socket.cpp:601] [c10d] The client socket cannot be initialized to connect to [frontier04105.frontier.olcf.ornl.gov]:8889 (errno: 97 - Address family not supported by protocol).
[W socket.cpp:601] [c10d] The client socket cannot be initialized to connect to [frontier04105.frontier.olcf.ornl.gov]:8889 (errno: 97 - Address family not supported by protocol).
[W socket.cpp:601] [c10d] The client socket cannot be initialized to connect to [frontier04105.frontier.olcf.ornl.gov]:8889 (errno: 97 - Address family not supported by protocol).
[W socket.cpp:601] [c10d] The client socket cannot be initialized to connect to [frontier04105.frontier.olcf.ornl.gov]:8889 (errno: 97 - Address family not supported by protocol).
[W socket.cpp:601] [c10d] The client socket cannot be initialized to connect to [frontier04105.frontier.olcf.ornl.gov]:8889 (errno: 97 - Address family not supported by protocol).
[W socket.cpp:601] [c10d] The client socket cannot be initialized to connect to [frontier04105.frontier.olcf.ornl.gov]:8889 (errno: 97 - Address family not supported by protocol).
[W socket.cpp:601] [c10d] The client socket cannot be initialized to connect to [frontier04105.frontier.olcf.ornl.gov]:8889 (errno: 97 - Address family not supported by protocol).
[W socket.cpp:601] [c10d] The client socket cannot be initialized to connect to [frontier04105.frontier.olcf.ornl.gov]:8889 (errno: 97 - Address family not supported by protocol).
[W socket.cpp:601] [c10d] The client socket cannot be initialized to connect to [frontier04105.frontier.olcf.ornl.gov]:8889 (errno: 97 - Address family not supported by protocol).
[W socket.cpp:601] [c10d] The client socket cannot be initialized to connect to [frontier04105.frontier.olcf.ornl.gov]:8889 (errno: 97 - Address family not supported by protocol).
[W socket.cpp:601] [c10d] The client socket cannot be initialized to connect to [frontier04105.frontier.olcf.ornl.gov]:8889 (errno: 97 - Address family not supported by protocol).
[W socket.cpp:601] [c10d] The client socket cannot be initialized to connect to [frontier04105.frontier.olcf.ornl.gov]:8889 (errno: 97 - Address family not supported by protocol).
[W socket.cpp:601] [c10d] The client socket cannot be initialized to connect to [frontier04105.frontier.olcf.ornl.gov]:8889 (errno: 97 - Address family not supported by protocol).
[W socket.cpp:601] [c10d] The client socket cannot be initialized to connect to [frontier04105.frontier.olcf.ornl.gov]:8889 (errno: 97 - Address family not supported by protocol).
[W socket.cpp:601] [c10d] The client socket cannot be initialized to connect to [frontier04105.frontier.olcf.ornl.gov]:8889 (errno: 97 - Address family not supported by protocol).
[W socket.cpp:601] [c10d] The client socket cannot be initialized to connect to [frontier04105.frontier.olcf.ornl.gov]:8889 (errno: 97 - Address family not supported by protocol).
[W socket.cpp:601] [c10d] The client socket cannot be initialized to connect to [frontier04105.frontier.olcf.ornl.gov]:8889 (errno: 97 - Address family not supported by protocol).
[W socket.cpp:601] [c10d] The client socket cannot be initialized to connect to [frontier04105.frontier.olcf.ornl.gov]:8889 (errno: 97 - Address family not supported by protocol).
[W socket.cpp:601] [c10d] The client socket cannot be initialized to connect to [frontier04105.frontier.olcf.ornl.gov]:8889 (errno: 97 - Address family not supported by protocol).
[W socket.cpp:601] [c10d] The client socket cannot be initialized to connect to [frontier04105.frontier.olcf.ornl.gov]:8889 (errno: 97 - Address family not supported by protocol).
[W socket.cpp:601] [c10d] The client socket cannot be initialized to connect to [frontier04105.frontier.olcf.ornl.gov]:8889 (errno: 97 - Address family not supported by protocol).
[W socket.cpp:601] [c10d] The client socket cannot be initialized to connect to [frontier04105.frontier.olcf.ornl.gov]:8889 (errno: 97 - Address family not supported by protocol).
[W socket.cpp:601] [c10d] The client socket cannot be initialized to connect to [frontier04105.frontier.olcf.ornl.gov]:8889 (errno: 97 - Address family not supported by protocol).
[W socket.cpp:601] [c10d] The client socket cannot be initialized to connect to [frontier04105.frontier.olcf.ornl.gov]:8889 (errno: 97 - Address family not supported by protocol).
[W socket.cpp:601] [c10d] The client socket cannot be initialized to connect to [frontier04105.frontier.olcf.ornl.gov]:8889 (errno: 97 - Address family not supported by protocol).
[W socket.cpp:601] [c10d] The client socket cannot be initialized to connect to [frontier04105.frontier.olcf.ornl.gov]:8889 (errno: 97 - Address family not supported by protocol).
[W socket.cpp:601] [c10d] The client socket cannot be initialized to connect to [frontier04105.frontier.olcf.ornl.gov]:8889 (errno: 97 - Address family not supported by protocol).
[W socket.cpp:601] [c10d] The client socket cannot be initialized to connect to [frontier04105.frontier.olcf.ornl.gov]:8889 (errno: 97 - Address family not supported by protocol).
[W socket.cpp:601] [c10d] The client socket cannot be initialized to connect to [frontier04105.frontier.olcf.ornl.gov]:8889 (errno: 97 - Address family not supported by protocol).
[W socket.cpp:601] [c10d] The client socket cannot be initialized to connect to [frontier04105.frontier.olcf.ornl.gov]:8889 (errno: 97 - Address family not supported by protocol).
0: Command: ./examples/multidataset/train_deepspeed.py --multi_model_list=OC2022 --multi --num_epoch=3 --everyone --ddstore --log=exp-strongfull-SMALL-2130394-NN16-None-Deepspeed --inputfile=SMALL_MTL.json

0: Adios reading: ./examples/multidataset/./dataset/OC2022.bp
0: Read attr time (sec):  0.01419687271118164
0: read and bcast: trainset/x/variable_count 1.6365375518798828
0: read and bcast: trainset/x/variable_offset 2.1032445430755615
0: read and bcast: trainset/x/variable_dim 2.1035420894622803
0: read and bcast: trainset/edge_index/variable_count 4.754711627960205
0: read and bcast: trainset/edge_index/variable_offset 5.48593807220459
0: read and bcast: trainset/edge_index/variable_dim 5.504749536514282
0: read and bcast: trainset/edge_attr/variable_count 7.46867036819458
0: read and bcast: trainset/edge_attr/variable_offset 8.186170816421509
0: read and bcast: trainset/edge_attr/variable_dim 8.20315432548523
0: read and bcast: trainset/pos/variable_count 10.067803382873535
0: read and bcast: trainset/pos/variable_offset 11.007640600204468
0: read and bcast: trainset/pos/variable_dim 11.02542519569397
0: read and bcast: trainset/y/variable_count 11.629112720489502
0: read and bcast: trainset/y/variable_offset 12.265712976455688
0: read and bcast: trainset/y/variable_dim 12.282737255096436
0: Overall time (sec):  12.297090768814087
0: DDStore adding time (sec):  0.0
0: Data loading time (sec):  12.398436546325684
0: Adios reading: ./examples/multidataset/./dataset/OC2022.bp
0: Read attr time (sec):  0.005450248718261719
0: read and bcast: valset/x/variable_count 0.8426358699798584
0: read and bcast: valset/x/variable_offset 0.9053916931152344
0: read and bcast: valset/x/variable_dim 0.9055759906768799
0: read and bcast: valset/edge_index/variable_count 2.0690832138061523
0: read and bcast: valset/edge_index/variable_offset 2.1589996814727783
0: read and bcast: valset/edge_index/variable_dim 2.1591601371765137
0: read and bcast: valset/edge_attr/variable_count 2.9614012241363525
0: read and bcast: valset/edge_attr/variable_offset 3.048778772354126
0: read and bcast: valset/edge_attr/variable_dim 3.0489614009857178
0: read and bcast: valset/pos/variable_count 3.8640975952148438
0: read and bcast: valset/pos/variable_offset 3.961167097091675
0: read and bcast: valset/pos/variable_dim 3.9613494873046875
0: read and bcast: valset/y/variable_count 4.020361423492432
0: read and bcast: valset/y/variable_offset 4.107102155685425
0: read and bcast: valset/y/variable_dim 4.107239007949829
0: Overall time (sec):  4.112826108932495
0: DDStore adding time (sec):  0.0
0: Data loading time (sec):  4.1172614097595215
0: Adios reading: ./examples/multidataset/./dataset/OC2022.bp
0: Read attr time (sec):  0.005351543426513672
0: read and bcast: testset/x/variable_count 0.6321589946746826
0: read and bcast: testset/x/variable_offset 0.6952869892120361
0: read and bcast: testset/x/variable_dim 0.6954350471496582
0: read and bcast: testset/edge_index/variable_count 1.6258111000061035
0: read and bcast: testset/edge_index/variable_offset 1.6743018627166748
0: read and bcast: testset/edge_index/variable_dim 1.6744701862335205
0: read and bcast: testset/edge_attr/variable_count 2.263180732727051
0: read and bcast: testset/edge_attr/variable_offset 2.3407957553863525
0: read and bcast: testset/edge_attr/variable_dim 2.340968370437622
0: read and bcast: testset/pos/variable_count 2.9022557735443115
0: read and bcast: testset/pos/variable_offset 2.940976858139038
0: read and bcast: testset/pos/variable_dim 2.9411630630493164
0: read and bcast: testset/y/variable_count 3.0647408962249756
0: read and bcast: testset/y/variable_offset 3.1054909229278564
0: read and bcast: testset/y/variable_dim 3.1056644916534424
0: Overall time (sec):  3.1111602783203125
0: DDStore adding time (sec):  0.0
0: Data loading time (sec):  3.1152284145355225
0: Adios preloading: ./examples/multidataset/./dataset/OC2022.bp
0: Adios reading time (sec):  14.673609018325806
0: Adios preloading: ./examples/multidataset/./dataset/OC2022.bp
0: Adios reading time (sec):  1.7572171688079834
0: Adios preloading: ./examples/multidataset/./dataset/OC2022.bp
0: Adios reading time (sec):  0.6078619956970215
Loading:   0%|          | 0/59255 [00:00<?, ?it/s]Loading:   1%|          | 341/59255 [00:00<00:17, 3407.66it/s]Loading:   1%|          | 682/59255 [00:00<00:17, 3348.67it/s]Loading:   2%|▏         | 1029/59255 [00:00<00:17, 3399.16it/s]Loading:   2%|▏         | 1370/59255 [00:00<00:17, 3400.57it/s]Loading:   3%|▎         | 1726/59255 [00:00<00:16, 3456.44it/s]Loading:   3%|▎         | 2072/59255 [00:00<00:24, 2302.40it/s]Loading:   4%|▍         | 2425/59255 [00:00<00:21, 2601.37it/s]Loading:   5%|▍         | 2792/59255 [00:00<00:19, 2875.53it/s]Loading:   5%|▌         | 3159/59255 [00:01<00:18, 3089.05it/s]Loading:   6%|▌         | 3520/59255 [00:01<00:17, 3233.69it/s]Loading:   7%|▋         | 3887/59255 [00:01<00:16, 3357.54it/s]Loading:   7%|▋         | 4243/59255 [00:01<00:16, 3414.11it/s]Loading:   8%|▊         | 4596/59255 [00:01<00:15, 3445.19it/s]Loading:   8%|▊         | 4959/59255 [00:01<00:15, 3499.10it/s]Loading:   9%|▉         | 5315/59255 [00:01<00:15, 3506.11it/s]Loading:  10%|▉         | 5677/59255 [00:01<00:15, 3538.30it/s]Loading:  10%|█         | 6045/59255 [00:01<00:14, 3577.84it/s]Loading:  11%|█         | 6405/59255 [00:01<00:14, 3551.64it/s]Loading:  11%|█▏        | 6762/59255 [00:02<00:14, 3531.76it/s]Loading:  12%|█▏        | 7119/59255 [00:02<00:14, 3542.21it/s]Loading:  13%|█▎        | 7477/59255 [00:02<00:14, 3552.98it/s]Loading:  13%|█▎        | 7833/59255 [00:02<00:14, 3542.78it/s]Loading:  14%|█▍        | 8188/59255 [00:02<00:14, 3530.05it/s]Loading:  14%|█▍        | 8542/59255 [00:02<00:14, 3531.37it/s]Loading:  15%|█▌        | 8899/59255 [00:02<00:14, 3541.13it/s]Loading:  16%|█▌        | 9254/59255 [00:02<00:14, 3535.35it/s]Loading:  16%|█▌        | 9617/59255 [00:02<00:13, 3560.86it/s]Loading:  17%|█▋        | 9983/59255 [00:02<00:13, 3589.17it/s]Loading:  17%|█▋        | 10342/59255 [00:03<00:13, 3551.37it/s]Loading:  18%|█▊        | 10698/59255 [00:03<00:13, 3496.69it/s]Loading:  19%|█▊        | 11058/59255 [00:03<00:13, 3524.32it/s]Loading:  19%|█▉        | 11415/59255 [00:03<00:13, 3537.36it/s]Loading:  20%|█▉        | 11779/59255 [00:03<00:13, 3565.06it/s]Loading:  20%|██        | 12136/59255 [00:03<00:13, 3553.22it/s]Loading:  21%|██        | 12492/59255 [00:03<00:13, 3543.46it/s]Loading:  22%|██▏       | 12850/59255 [00:03<00:13, 3552.61it/s]Loading:  22%|██▏       | 13221/59255 [00:03<00:12, 3598.86it/s]Loading:  23%|██▎       | 13581/59255 [00:03<00:12, 3545.41it/s]slurmstepd: error: *** STEP 2130394.0 ON frontier04105 CANCELLED AT 2024-07-25T11:37:47 ***
slurmstepd: error: *** JOB 2130394 ON frontier04105 CANCELLED AT 2024-07-25T11:37:47 ***
