MINICOM=-c on
MIOPEN_DISABLE_CACHE=1
MPICH_ENV_DISPLAY=0
MPICH_OFI_NIC_POLICY=NUMA
MPICH_VERSION_DISPLAY=0
MPICH_DIR=/opt/cray/pe/mpich/8.1.28/ofi/crayclang/17.0
HYDRA_LAUNCHER_EXTRA_ARGS=--external-launcher
HYDRAGNN_VALTEST=0
HYDRAGNN_AGGR_BACKEND=mpi
HYDRAGNN_NUM_WORKERS=0
HYDRA_BOOTSTRAP=slurm
HYDRAGNN_USE_VARIABLE_GRAPH_SIZE=1
NCCL_P2P_LEVEL=NVL
NCCL_PROTO=Simple
NCCL_P2P_DISABLE=1
Running "module reset". Resetting modules to system default. The following $MODULEPATH directories have been removed: None
-------------------------------------------------------------------------------
There are messages associated with the following module(s):
-------------------------------------------------------------------------------

DefApps:
   The software stack on Frontier had updates on July 9th & 16th, 2024.
   Retired modules: https://docs.olcf.ornl.gov/software/software-news.html#frontier-user-environment-changes-july-9-2024
   New defaults: https://docs.olcf.ornl.gov/software/software-news.html#frontier-system-software-update-july-16-2024

-------------------------------------------------------------------------------


Lmod is automatically replacing "cce/17.0.0" with "gcc-native/12.3".


Lmod is automatically replacing "PrgEnv-cray/8.5.0" with "PrgEnv-gnu/8.5.0".


Due to MODULEPATH changes, the following have been reloaded:
  1) cray-libsci/23.12.5     2) cray-mpich/8.1.28     3) darshan-runtime/3.4.0-mpi


Lmod is automatically replacing "gcc-native/12.3" with "amd-mixed/5.4.3".

Lmod has detected the following error: The following module(s) are unknown:
"amd-mixed/5.4.3" "darshan-runtime"

Please check the spelling or version number. Also try "module spider ..."
It is also possible your cache file is out-of-date; it may help to try:
  $ module --ignore_cache load "amd-mixed/5.4.3" "darshan-runtime"

Also make sure that all modulefiles written in TCL start with the string
#%Module



Lmod has detected the following error: The following module(s) are unknown:
"cray-mpich/8.1.26"

Please check the spelling or version number. Also try "module spider ..."
It is also possible your cache file is out-of-date; it may help to try:
  $ module --ignore_cache load "cray-mpich/8.1.26"

Also make sure that all modulefiles written in TCL start with the string
#%Module



+ export HYDRAGNN_TRACE_LEVEL=2
+ HYDRAGNN_TRACE_LEVEL=2
+ for MS in SMALL
+ for NN in 16
+ srun -N16 -n128 -c7 --gpus-per-task=1 --gpu-bind=closest python -u ./examples/multidataset/train.py --multi_model_list=OC2020 --multi --num_epoch=1 --everyone --ddstore --log=exp-strongfull-SMALL-2124727-NN16 --inputfile=SMALL_MTL.json
[2024-07-23 14:18:27,535] [INFO] [real_accelerator.py:203:get_accelerator] Setting ds_accelerator to cuda (auto detect)
[2024-07-23 14:18:27,535] [INFO] [real_accelerator.py:203:get_accelerator] Setting ds_accelerator to cuda (auto detect)
[2024-07-23 14:18:27,537] [INFO] [real_accelerator.py:203:get_accelerator] Setting ds_accelerator to cuda (auto detect)
[2024-07-23 14:18:27,544] [INFO] [real_accelerator.py:203:get_accelerator] Setting ds_accelerator to cuda (auto detect)
[2024-07-23 14:18:27,545] [INFO] [real_accelerator.py:203:get_accelerator] Setting ds_accelerator to cuda (auto detect)
[2024-07-23 14:18:27,545] [INFO] [real_accelerator.py:203:get_accelerator] Setting ds_accelerator to cuda (auto detect)
[2024-07-23 14:18:27,545] [INFO] [real_accelerator.py:203:get_accelerator] Setting ds_accelerator to cuda (auto detect)
[2024-07-23 14:18:27,548] [INFO] [real_accelerator.py:203:get_accelerator] Setting ds_accelerator to cuda (auto detect)
[2024-07-23 14:18:27,549] [INFO] [real_accelerator.py:203:get_accelerator] Setting ds_accelerator to cuda (auto detect)
[2024-07-23 14:18:27,550] [INFO] [real_accelerator.py:203:get_accelerator] Setting ds_accelerator to cuda (auto detect)
[2024-07-23 14:18:27,550] [INFO] [real_accelerator.py:203:get_accelerator] Setting ds_accelerator to cuda (auto detect)
[2024-07-23 14:18:27,551] [INFO] [real_accelerator.py:203:get_accelerator] Setting ds_accelerator to cuda (auto detect)
[2024-07-23 14:18:27,556] [INFO] [real_accelerator.py:203:get_accelerator] Setting ds_accelerator to cuda (auto detect)
[2024-07-23 14:18:27,560] [INFO] [real_accelerator.py:203:get_accelerator] Setting ds_accelerator to cuda (auto detect)
[2024-07-23 14:18:27,563] [INFO] [real_accelerator.py:203:get_accelerator] Setting ds_accelerator to cuda (auto detect)
[2024-07-23 14:18:27,566] [INFO] [real_accelerator.py:203:get_accelerator] Setting ds_accelerator to cuda (auto detect)
[2024-07-23 14:18:27,566] [INFO] [real_accelerator.py:203:get_accelerator] Setting ds_accelerator to cuda (auto detect)
[2024-07-23 14:18:27,568] [INFO] [real_accelerator.py:203:get_accelerator] Setting ds_accelerator to cuda (auto detect)
[2024-07-23 14:18:27,574] [INFO] [real_accelerator.py:203:get_accelerator] Setting ds_accelerator to cuda (auto detect)
[2024-07-23 14:18:27,577] [INFO] [real_accelerator.py:203:get_accelerator] Setting ds_accelerator to cuda (auto detect)
[2024-07-23 14:18:27,583] [INFO] [real_accelerator.py:203:get_accelerator] Setting ds_accelerator to cuda (auto detect)
[2024-07-23 14:18:27,584] [INFO] [real_accelerator.py:203:get_accelerator] Setting ds_accelerator to cuda (auto detect)
[2024-07-23 14:18:27,586] [INFO] [real_accelerator.py:203:get_accelerator] Setting ds_accelerator to cuda (auto detect)
[2024-07-23 14:18:27,588] [INFO] [real_accelerator.py:203:get_accelerator] Setting ds_accelerator to cuda (auto detect)
[2024-07-23 14:18:27,591] [INFO] [real_accelerator.py:203:get_accelerator] Setting ds_accelerator to cuda (auto detect)
[2024-07-23 14:18:27,591] [INFO] [real_accelerator.py:203:get_accelerator] Setting ds_accelerator to cuda (auto detect)
[2024-07-23 14:18:27,597] [INFO] [real_accelerator.py:203:get_accelerator] Setting ds_accelerator to cuda (auto detect)
[2024-07-23 14:18:27,602] [INFO] [real_accelerator.py:203:get_accelerator] Setting ds_accelerator to cuda (auto detect)
[2024-07-23 14:18:27,622] [INFO] [real_accelerator.py:203:get_accelerator] Setting ds_accelerator to cuda (auto detect)
[2024-07-23 14:18:27,622] [INFO] [real_accelerator.py:203:get_accelerator] Setting ds_accelerator to cuda (auto detect)
[2024-07-23 14:18:27,623] [INFO] [real_accelerator.py:203:get_accelerator] Setting ds_accelerator to cuda (auto detect)
[2024-07-23 14:18:27,624] [INFO] [real_accelerator.py:203:get_accelerator] Setting ds_accelerator to cuda (auto detect)
[2024-07-23 14:18:27,625] [INFO] [real_accelerator.py:203:get_accelerator] Setting ds_accelerator to cuda (auto detect)
[2024-07-23 14:18:27,626] [INFO] [real_accelerator.py:203:get_accelerator] Setting ds_accelerator to cuda (auto detect)
[2024-07-23 14:18:27,631] [INFO] [real_accelerator.py:203:get_accelerator] Setting ds_accelerator to cuda (auto detect)
[2024-07-23 14:18:27,632] [INFO] [real_accelerator.py:203:get_accelerator] Setting ds_accelerator to cuda (auto detect)
[2024-07-23 14:18:27,636] [INFO] [real_accelerator.py:203:get_accelerator] Setting ds_accelerator to cuda (auto detect)
[2024-07-23 14:18:27,639] [INFO] [real_accelerator.py:203:get_accelerator] Setting ds_accelerator to cuda (auto detect)
[2024-07-23 14:18:27,640] [INFO] [real_accelerator.py:203:get_accelerator] Setting ds_accelerator to cuda (auto detect)
[2024-07-23 14:18:27,641] [INFO] [real_accelerator.py:203:get_accelerator] Setting ds_accelerator to cuda (auto detect)
[2024-07-23 14:18:27,642] [INFO] [real_accelerator.py:203:get_accelerator] Setting ds_accelerator to cuda (auto detect)
[2024-07-23 14:18:27,642] [INFO] [real_accelerator.py:203:get_accelerator] Setting ds_accelerator to cuda (auto detect)
[2024-07-23 14:18:27,642] [INFO] [real_accelerator.py:203:get_accelerator] Setting ds_accelerator to cuda (auto detect)
[2024-07-23 14:18:27,643] [INFO] [real_accelerator.py:203:get_accelerator] Setting ds_accelerator to cuda (auto detect)
[2024-07-23 14:18:27,643] [INFO] [real_accelerator.py:203:get_accelerator] Setting ds_accelerator to cuda (auto detect)
[2024-07-23 14:18:27,643] [INFO] [real_accelerator.py:203:get_accelerator] Setting ds_accelerator to cuda (auto detect)
[2024-07-23 14:18:27,643] [INFO] [real_accelerator.py:203:get_accelerator] Setting ds_accelerator to cuda (auto detect)
[2024-07-23 14:18:27,644] [INFO] [real_accelerator.py:203:get_accelerator] Setting ds_accelerator to cuda (auto detect)
[2024-07-23 14:18:27,644] [INFO] [real_accelerator.py:203:get_accelerator] Setting ds_accelerator to cuda (auto detect)
[2024-07-23 14:18:27,647] [INFO] [real_accelerator.py:203:get_accelerator] Setting ds_accelerator to cuda (auto detect)
[2024-07-23 14:18:27,648] [INFO] [real_accelerator.py:203:get_accelerator] Setting ds_accelerator to cuda (auto detect)
[2024-07-23 14:18:27,651] [INFO] [real_accelerator.py:203:get_accelerator] Setting ds_accelerator to cuda (auto detect)
[2024-07-23 14:18:27,651] [INFO] [real_accelerator.py:203:get_accelerator] Setting ds_accelerator to cuda (auto detect)
[2024-07-23 14:18:27,652] [INFO] [real_accelerator.py:203:get_accelerator] Setting ds_accelerator to cuda (auto detect)
[2024-07-23 14:18:27,652] [INFO] [real_accelerator.py:203:get_accelerator] Setting ds_accelerator to cuda (auto detect)
[2024-07-23 14:18:27,655] [INFO] [real_accelerator.py:203:get_accelerator] Setting ds_accelerator to cuda (auto detect)
[2024-07-23 14:18:27,657] [INFO] [real_accelerator.py:203:get_accelerator] Setting ds_accelerator to cuda (auto detect)
[2024-07-23 14:18:27,657] [INFO] [real_accelerator.py:203:get_accelerator] Setting ds_accelerator to cuda (auto detect)
[2024-07-23 14:18:27,657] [INFO] [real_accelerator.py:203:get_accelerator] Setting ds_accelerator to cuda (auto detect)
[2024-07-23 14:18:27,660] [INFO] [real_accelerator.py:203:get_accelerator] Setting ds_accelerator to cuda (auto detect)
[2024-07-23 14:18:27,662] [INFO] [real_accelerator.py:203:get_accelerator] Setting ds_accelerator to cuda (auto detect)
[2024-07-23 14:18:27,662] [INFO] [real_accelerator.py:203:get_accelerator] Setting ds_accelerator to cuda (auto detect)
[2024-07-23 14:18:27,664] [INFO] [real_accelerator.py:203:get_accelerator] Setting ds_accelerator to cuda (auto detect)
[2024-07-23 14:18:27,665] [INFO] [real_accelerator.py:203:get_accelerator] Setting ds_accelerator to cuda (auto detect)
[2024-07-23 14:18:27,666] [INFO] [real_accelerator.py:203:get_accelerator] Setting ds_accelerator to cuda (auto detect)
[2024-07-23 14:18:27,668] [INFO] [real_accelerator.py:203:get_accelerator] Setting ds_accelerator to cuda (auto detect)
[2024-07-23 14:18:27,668] [INFO] [real_accelerator.py:203:get_accelerator] Setting ds_accelerator to cuda (auto detect)
[2024-07-23 14:18:27,671] [INFO] [real_accelerator.py:203:get_accelerator] Setting ds_accelerator to cuda (auto detect)
[2024-07-23 14:18:27,672] [INFO] [real_accelerator.py:203:get_accelerator] Setting ds_accelerator to cuda (auto detect)
[2024-07-23 14:18:27,673] [INFO] [real_accelerator.py:203:get_accelerator] Setting ds_accelerator to cuda (auto detect)
[2024-07-23 14:18:27,673] [INFO] [real_accelerator.py:203:get_accelerator] Setting ds_accelerator to cuda (auto detect)
[2024-07-23 14:18:27,674] [INFO] [real_accelerator.py:203:get_accelerator] Setting ds_accelerator to cuda (auto detect)
[2024-07-23 14:18:27,679] [INFO] [real_accelerator.py:203:get_accelerator] Setting ds_accelerator to cuda (auto detect)
[2024-07-23 14:18:27,683] [INFO] [real_accelerator.py:203:get_accelerator] Setting ds_accelerator to cuda (auto detect)
[2024-07-23 14:18:27,684] [INFO] [real_accelerator.py:203:get_accelerator] Setting ds_accelerator to cuda (auto detect)
[2024-07-23 14:18:27,685] [INFO] [real_accelerator.py:203:get_accelerator] Setting ds_accelerator to cuda (auto detect)
[2024-07-23 14:18:27,685] [INFO] [real_accelerator.py:203:get_accelerator] Setting ds_accelerator to cuda (auto detect)
[2024-07-23 14:18:27,686] [INFO] [real_accelerator.py:203:get_accelerator] Setting ds_accelerator to cuda (auto detect)
[2024-07-23 14:18:27,687] [INFO] [real_accelerator.py:203:get_accelerator] Setting ds_accelerator to cuda (auto detect)
[2024-07-23 14:18:27,688] [INFO] [real_accelerator.py:203:get_accelerator] Setting ds_accelerator to cuda (auto detect)
[2024-07-23 14:18:27,688] [INFO] [real_accelerator.py:203:get_accelerator] Setting ds_accelerator to cuda (auto detect)
[2024-07-23 14:18:27,689] [INFO] [real_accelerator.py:203:get_accelerator] Setting ds_accelerator to cuda (auto detect)
[2024-07-23 14:18:27,691] [INFO] [real_accelerator.py:203:get_accelerator] Setting ds_accelerator to cuda (auto detect)
[2024-07-23 14:18:27,691] [INFO] [real_accelerator.py:203:get_accelerator] Setting ds_accelerator to cuda (auto detect)
[2024-07-23 14:18:27,691] [INFO] [real_accelerator.py:203:get_accelerator] Setting ds_accelerator to cuda (auto detect)
[2024-07-23 14:18:27,691] [INFO] [real_accelerator.py:203:get_accelerator] Setting ds_accelerator to cuda (auto detect)
[2024-07-23 14:18:27,692] [INFO] [real_accelerator.py:203:get_accelerator] Setting ds_accelerator to cuda (auto detect)
[2024-07-23 14:18:27,693] [INFO] [real_accelerator.py:203:get_accelerator] Setting ds_accelerator to cuda (auto detect)
[2024-07-23 14:18:27,693] [INFO] [real_accelerator.py:203:get_accelerator] Setting ds_accelerator to cuda (auto detect)
[2024-07-23 14:18:27,694] [INFO] [real_accelerator.py:203:get_accelerator] Setting ds_accelerator to cuda (auto detect)
[2024-07-23 14:18:27,695] [INFO] [real_accelerator.py:203:get_accelerator] Setting ds_accelerator to cuda (auto detect)
[2024-07-23 14:18:27,695] [INFO] [real_accelerator.py:203:get_accelerator] Setting ds_accelerator to cuda (auto detect)
[2024-07-23 14:18:27,700] [INFO] [real_accelerator.py:203:get_accelerator] Setting ds_accelerator to cuda (auto detect)
[2024-07-23 14:18:27,700] [INFO] [real_accelerator.py:203:get_accelerator] Setting ds_accelerator to cuda (auto detect)
[2024-07-23 14:18:27,700] [INFO] [real_accelerator.py:203:get_accelerator] Setting ds_accelerator to cuda (auto detect)
[2024-07-23 14:18:27,701] [INFO] [real_accelerator.py:203:get_accelerator] Setting ds_accelerator to cuda (auto detect)
[2024-07-23 14:18:27,701] [INFO] [real_accelerator.py:203:get_accelerator] Setting ds_accelerator to cuda (auto detect)
[2024-07-23 14:18:27,701] [INFO] [real_accelerator.py:203:get_accelerator] Setting ds_accelerator to cuda (auto detect)
[2024-07-23 14:18:27,728] [INFO] [real_accelerator.py:203:get_accelerator] Setting ds_accelerator to cuda (auto detect)
[2024-07-23 14:18:27,728] [INFO] [real_accelerator.py:203:get_accelerator] Setting ds_accelerator to cuda (auto detect)
[2024-07-23 14:18:27,732] [INFO] [real_accelerator.py:203:get_accelerator] Setting ds_accelerator to cuda (auto detect)
[2024-07-23 14:18:27,732] [INFO] [real_accelerator.py:203:get_accelerator] Setting ds_accelerator to cuda (auto detect)
[2024-07-23 14:18:27,739] [INFO] [real_accelerator.py:203:get_accelerator] Setting ds_accelerator to cuda (auto detect)
[2024-07-23 14:18:27,746] [INFO] [real_accelerator.py:203:get_accelerator] Setting ds_accelerator to cuda (auto detect)
[2024-07-23 14:18:27,753] [INFO] [real_accelerator.py:203:get_accelerator] Setting ds_accelerator to cuda (auto detect)
[2024-07-23 14:18:27,753] [INFO] [real_accelerator.py:203:get_accelerator] Setting ds_accelerator to cuda (auto detect)
[2024-07-23 14:18:27,753] [INFO] [real_accelerator.py:203:get_accelerator] Setting ds_accelerator to cuda (auto detect)
[2024-07-23 14:18:27,753] [INFO] [real_accelerator.py:203:get_accelerator] Setting ds_accelerator to cuda (auto detect)
[2024-07-23 14:18:27,753] [INFO] [real_accelerator.py:203:get_accelerator] Setting ds_accelerator to cuda (auto detect)
[2024-07-23 14:18:27,753] [INFO] [real_accelerator.py:203:get_accelerator] Setting ds_accelerator to cuda (auto detect)
[2024-07-23 14:18:27,753] [INFO] [real_accelerator.py:203:get_accelerator] Setting ds_accelerator to cuda (auto detect)
[2024-07-23 14:18:27,788] [INFO] [real_accelerator.py:203:get_accelerator] Setting ds_accelerator to cuda (auto detect)
[2024-07-23 14:18:27,805] [INFO] [real_accelerator.py:203:get_accelerator] Setting ds_accelerator to cuda (auto detect)
[2024-07-23 14:18:27,805] [INFO] [real_accelerator.py:203:get_accelerator] Setting ds_accelerator to cuda (auto detect)
[2024-07-23 14:18:27,805] [INFO] [real_accelerator.py:203:get_accelerator] Setting ds_accelerator to cuda (auto detect)
[2024-07-23 14:18:27,805] [INFO] [real_accelerator.py:203:get_accelerator] Setting ds_accelerator to cuda (auto detect)
[2024-07-23 14:18:27,805] [INFO] [real_accelerator.py:203:get_accelerator] Setting ds_accelerator to cuda (auto detect)
[2024-07-23 14:18:27,806] [INFO] [real_accelerator.py:203:get_accelerator] Setting ds_accelerator to cuda (auto detect)
[2024-07-23 14:18:27,818] [INFO] [real_accelerator.py:203:get_accelerator] Setting ds_accelerator to cuda (auto detect)
[2024-07-23 14:18:27,843] [INFO] [real_accelerator.py:203:get_accelerator] Setting ds_accelerator to cuda (auto detect)
[2024-07-23 14:18:28,019] [INFO] [real_accelerator.py:203:get_accelerator] Setting ds_accelerator to cuda (auto detect)
[2024-07-23 14:18:28,019] [INFO] [real_accelerator.py:203:get_accelerator] Setting ds_accelerator to cuda (auto detect)
[2024-07-23 14:18:28,019] [INFO] [real_accelerator.py:203:get_accelerator] Setting ds_accelerator to cuda (auto detect)
[2024-07-23 14:18:28,019] [INFO] [real_accelerator.py:203:get_accelerator] Setting ds_accelerator to cuda (auto detect)
[2024-07-23 14:18:28,019] [INFO] [real_accelerator.py:203:get_accelerator] Setting ds_accelerator to cuda (auto detect)
[2024-07-23 14:18:28,019] [INFO] [real_accelerator.py:203:get_accelerator] Setting ds_accelerator to cuda (auto detect)
[2024-07-23 14:18:28,019] [INFO] [real_accelerator.py:203:get_accelerator] Setting ds_accelerator to cuda (auto detect)
[2024-07-23 14:18:28,024] [INFO] [real_accelerator.py:203:get_accelerator] Setting ds_accelerator to cuda (auto detect)
[93m [WARNING] [0m async_io requires the dev libaio .so object and headers but these were not found.
[93m [WARNING] [0m async_io requires the dev libaio .so object and headers but these were not found.
[93m [WARNING] [0m async_io requires the dev libaio .so object and headers but these were not found.
[93m [WARNING] [0m async_io requires the dev libaio .so object and headers but these were not found.
[93m [WARNING] [0m async_io requires the dev libaio .so object and headers but these were not found.
[93m [WARNING] [0m async_io requires the dev libaio .so object and headers but these were not found.
[93m [WARNING] [0m async_io requires the dev libaio .so object and headers but these were not found.
[93m [WARNING] [0m async_io requires the dev libaio .so object and headers but these were not found.
[93m [WARNING] [0m If libaio is already installed (perhaps from source), try setting the CFLAGS and LDFLAGS environment variables to where it can be found.
[93m [WARNING] [0m Please specify the CUTLASS repo directory as environment variable $CUTLASS_PATH
[93m [WARNING] [0m If libaio is already installed (perhaps from source), try setting the CFLAGS and LDFLAGS environment variables to where it can be found.
[93m [WARNING] [0m If libaio is already installed (perhaps from source), try setting the CFLAGS and LDFLAGS environment variables to where it can be found.
[93m [WARNING] [0m If libaio is already installed (perhaps from source), try setting the CFLAGS and LDFLAGS environment variables to where it can be found.
[93m [WARNING] [0m Please specify the CUTLASS repo directory as environment variable $CUTLASS_PATH
[93m [WARNING] [0m Please specify the CUTLASS repo directory as environment variable $CUTLASS_PATH
[93m [WARNING] [0m If libaio is already installed (perhaps from source), try setting the CFLAGS and LDFLAGS environment variables to where it can be found.
[93m [WARNING] [0m Please specify the CUTLASS repo directory as environment variable $CUTLASS_PATH
[93m [WARNING] [0m If libaio is already installed (perhaps from source), try setting the CFLAGS and LDFLAGS environment variables to where it can be found.
[93m [WARNING] [0m If libaio is already installed (perhaps from source), try setting the CFLAGS and LDFLAGS environment variables to where it can be found.
[93m [WARNING] [0m Please specify the CUTLASS repo directory as environment variable $CUTLASS_PATH
[93m [WARNING] [0m Please specify the CUTLASS repo directory as environment variable $CUTLASS_PATH
[93m [WARNING] [0m Please specify the CUTLASS repo directory as environment variable $CUTLASS_PATH
[93m [WARNING] [0m If libaio is already installed (perhaps from source), try setting the CFLAGS and LDFLAGS environment variables to where it can be found.
[93m [WARNING] [0m Please specify the CUTLASS repo directory as environment variable $CUTLASS_PATH
[93m [WARNING] [0m async_io requires the dev libaio .so object and headers but these were not found.
[93m [WARNING] [0m async_io requires the dev libaio .so object and headers but these were not found.
[93m [WARNING] [0m If libaio is already installed (perhaps from source), try setting the CFLAGS and LDFLAGS environment variables to where it can be found.
[93m [WARNING] [0m Please specify the CUTLASS repo directory as environment variable $CUTLASS_PATH
[93m [WARNING] [0m If libaio is already installed (perhaps from source), try setting the CFLAGS and LDFLAGS environment variables to where it can be found.
[93m [WARNING] [0m Please specify the CUTLASS repo directory as environment variable $CUTLASS_PATH
[93m [WARNING] [0m async_io requires the dev libaio .so object and headers but these were not found.
[93m [WARNING] [0m If libaio is already installed (perhaps from source), try setting the CFLAGS and LDFLAGS environment variables to where it can be found.
[93m [WARNING] [0m Please specify the CUTLASS repo directory as environment variable $CUTLASS_PATH
[93m [WARNING] [0m async_io requires the dev libaio .so object and headers but these were not found.
[93m [WARNING] [0m If libaio is already installed (perhaps from source), try setting the CFLAGS and LDFLAGS environment variables to where it can be found.
[93m [WARNING] [0m Please specify the CUTLASS repo directory as environment variable $CUTLASS_PATH
[93m [WARNING] [0m async_io requires the dev libaio .so object and headers but these were not found.
[93m [WARNING] [0m If libaio is already installed (perhaps from source), try setting the CFLAGS and LDFLAGS environment variables to where it can be found.
[93m [WARNING] [0m Please specify the CUTLASS repo directory as environment variable $CUTLASS_PATH
[93m [WARNING] [0m sparse_attn is not compatible with ROCM
[93m [WARNING] [0m sparse_attn is not compatible with ROCM
[93m [WARNING] [0m sparse_attn is not compatible with ROCM
[93m [WARNING] [0m sparse_attn is not compatible with ROCM
[93m [WARNING] [0m sparse_attn is not compatible with ROCM
[93m [WARNING] [0m sparse_attn is not compatible with ROCM
[93m [WARNING] [0m sparse_attn is not compatible with ROCM
[93m [WARNING] [0m sparse_attn is not compatible with ROCM
[93m [WARNING] [0m async_io requires the dev libaio .so object and headers but these were not found.
[93m [WARNING] [0m async_io requires the dev libaio .so object and headers but these were not found.
[93m [WARNING] [0m async_io requires the dev libaio .so object and headers but these were not found.
[93m [WARNING] [0m If libaio is already installed (perhaps from source), try setting the CFLAGS and LDFLAGS environment variables to where it can be found.
[93m [WARNING] [0m Please specify the CUTLASS repo directory as environment variable $CUTLASS_PATH
[93m [WARNING] [0m If libaio is already installed (perhaps from source), try setting the CFLAGS and LDFLAGS environment variables to where it can be found.
[93m [WARNING] [0m Please specify the CUTLASS repo directory as environment variable $CUTLASS_PATH
[93m [WARNING] [0m If libaio is already installed (perhaps from source), try setting the CFLAGS and LDFLAGS environment variables to where it can be found.
[93m [WARNING] [0m Please specify the CUTLASS repo directory as environment variable $CUTLASS_PATH
[93m [WARNING] [0m async_io requires the dev libaio .so object and headers but these were not found.
[93m [WARNING] [0m async_io requires the dev libaio .so object and headers but these were not found.
[93m [WARNING] [0m async_io requires the dev libaio .so object and headers but these were not found.
[93m [WARNING] [0m async_io requires the dev libaio .so object and headers but these were not found.
[93m [WARNING] [0m async_io requires the dev libaio .so object and headers but these were not found.
[93m [WARNING] [0m async_io requires the dev libaio .so object and headers but these were not found.
[93m [WARNING] [0m async_io requires the dev libaio .so object and headers but these were not found.
[93m [WARNING] [0m async_io requires the dev libaio .so object and headers but these were not found.
[93m [WARNING] [0m async_io requires the dev libaio .so object and headers but these were not found.
[93m [WARNING] [0m async_io requires the dev libaio .so object and headers but these were not found.
[93m [WARNING] [0m async_io requires the dev libaio .so object and headers but these were not found.
[93m [WARNING] [0m async_io requires the dev libaio .so object and headers but these were not found.
[93m [WARNING] [0m async_io requires the dev libaio .so object and headers but these were not found.
[93m [WARNING] [0m async_io requires the dev libaio .so object and headers but these were not found.
[93m [WARNING] [0m async_io requires the dev libaio .so object and headers but these were not found.
[93m [WARNING] [0m async_io requires the dev libaio .so object and headers but these were not found.
[93m [WARNING] [0m async_io requires the dev libaio .so object and headers but these were not found.
[93m [WARNING] [0m async_io requires the dev libaio .so object and headers but these were not found.
[93m [WARNING] [0m async_io requires the dev libaio .so object and headers but these were not found.
[93m [WARNING] [0m async_io requires the dev libaio .so object and headers but these were not found.
[93m [WARNING] [0m async_io requires the dev libaio .so object and headers but these were not found.
[93m [WARNING] [0m async_io requires the dev libaio .so object and headers but these were not found.
[93m [WARNING] [0m async_io requires the dev libaio .so object and headers but these were not found.
[93m [WARNING] [0m async_io requires the dev libaio .so object and headers but these were not found.
[93m [WARNING] [0m async_io requires the dev libaio .so object and headers but these were not found.
[93m [WARNING] [0m async_io requires the dev libaio .so object and headers but these were not found.
[93m [WARNING] [0m async_io requires the dev libaio .so object and headers but these were not found.
[93m [WARNING] [0m async_io requires the dev libaio .so object and headers but these were not found.
[93m [WARNING] [0m async_io requires the dev libaio .so object and headers but these were not found.
[93m [WARNING] [0m If libaio is already installed (perhaps from source), try setting the CFLAGS and LDFLAGS environment variables to where it can be found.
[93m [WARNING] [0m Please specify the CUTLASS repo directory as environment variable $CUTLASS_PATH
[93m [WARNING] [0m If libaio is already installed (perhaps from source), try setting the CFLAGS and LDFLAGS environment variables to where it can be found.
[93m [WARNING] [0m Please specify the CUTLASS repo directory as environment variable $CUTLASS_PATH
[93m [WARNING] [0m If libaio is already installed (perhaps from source), try setting the CFLAGS and LDFLAGS environment variables to where it can be found.
[93m [WARNING] [0m Please specify the CUTLASS repo directory as environment variable $CUTLASS_PATH
[93m [WARNING] [0m If libaio is already installed (perhaps from source), try setting the CFLAGS and LDFLAGS environment variables to where it can be found.
[93m [WARNING] [0m Please specify the CUTLASS repo directory as environment variable $CUTLASS_PATH
[93m [WARNING] [0m If libaio is already installed (perhaps from source), try setting the CFLAGS and LDFLAGS environment variables to where it can be found.
[93m [WARNING] [0m Please specify the CUTLASS repo directory as environment variable $CUTLASS_PATH
[93m [WARNING] [0m If libaio is already installed (perhaps from source), try setting the CFLAGS and LDFLAGS environment variables to where it can be found.
[93m [WARNING] [0m Please specify the CUTLASS repo directory as environment variable $CUTLASS_PATH
[93m [WARNING] [0m If libaio is already installed (perhaps from source), try setting the CFLAGS and LDFLAGS environment variables to where it can be found.
[93m [WARNING] [0m Please specify the CUTLASS repo directory as environment variable $CUTLASS_PATH
[93m [WARNING] [0m If libaio is already installed (perhaps from source), try setting the CFLAGS and LDFLAGS environment variables to where it can be found.
[93m [WARNING] [0m Please specify the CUTLASS repo directory as environment variable $CUTLASS_PATH
[93m [WARNING] [0m If libaio is already installed (perhaps from source), try setting the CFLAGS and LDFLAGS environment variables to where it can be found.
[93m [WARNING] [0m Please specify the CUTLASS repo directory as environment variable $CUTLASS_PATH
[93m [WARNING] [0m If libaio is already installed (perhaps from source), try setting the CFLAGS and LDFLAGS environment variables to where it can be found.
[93m [WARNING] [0m Please specify the CUTLASS repo directory as environment variable $CUTLASS_PATH
[93m [WARNING] [0m If libaio is already installed (perhaps from source), try setting the CFLAGS and LDFLAGS environment variables to where it can be found.
[93m [WARNING] [0m Please specify the CUTLASS repo directory as environment variable $CUTLASS_PATH
[93m [WARNING] [0m If libaio is already installed (perhaps from source), try setting the CFLAGS and LDFLAGS environment variables to where it can be found.
[93m [WARNING] [0m Please specify the CUTLASS repo directory as environment variable $CUTLASS_PATH
[93m [WARNING] [0m If libaio is already installed (perhaps from source), try setting the CFLAGS and LDFLAGS environment variables to where it can be found.
[93m [WARNING] [0m Please specify the CUTLASS repo directory as environment variable $CUTLASS_PATH
[93m [WARNING] [0m async_io requires the dev libaio .so object and headers but these were not found.
[93m [WARNING] [0m async_io requires the dev libaio .so object and headers but these were not found.
[93m [WARNING] [0m If libaio is already installed (perhaps from source), try setting the CFLAGS and LDFLAGS environment variables to where it can be found.
[93m [WARNING] [0m Please specify the CUTLASS repo directory as environment variable $CUTLASS_PATH
[93m [WARNING] [0m If libaio is already installed (perhaps from source), try setting the CFLAGS and LDFLAGS environment variables to where it can be found.
[93m [WARNING] [0m Please specify the CUTLASS repo directory as environment variable $CUTLASS_PATH
[93m [WARNING] [0m async_io requires the dev libaio .so object and headers but these were not found.
[93m [WARNING] [0m async_io requires the dev libaio .so object and headers but these were not found.
[93m [WARNING] [0m async_io requires the dev libaio .so object and headers but these were not found.
[93m [WARNING] [0m If libaio is already installed (perhaps from source), try setting the CFLAGS and LDFLAGS environment variables to where it can be found.
[93m [WARNING] [0m Please specify the CUTLASS repo directory as environment variable $CUTLASS_PATH
[93m [WARNING] [0m async_io requires the dev libaio .so object and headers but these were not found.
[93m [WARNING] [0m async_io requires the dev libaio .so object and headers but these were not found.
[93m [WARNING] [0m async_io requires the dev libaio .so object and headers but these were not found.
[93m [WARNING] [0m async_io requires the dev libaio .so object and headers but these were not found.
[93m [WARNING] [0m async_io requires the dev libaio .so object and headers but these were not found.
[93m [WARNING] [0m If libaio is already installed (perhaps from source), try setting the CFLAGS and LDFLAGS environment variables to where it can be found.
[93m [WARNING] [0m Please specify the CUTLASS repo directory as environment variable $CUTLASS_PATH
[93m [WARNING] [0m async_io requires the dev libaio .so object and headers but these were not found.
[93m [WARNING] [0m If libaio is already installed (perhaps from source), try setting the CFLAGS and LDFLAGS environment variables to where it can be found.
[93m [WARNING] [0m Please specify the CUTLASS repo directory as environment variable $CUTLASS_PATH
[93m [WARNING] [0m If libaio is already installed (perhaps from source), try setting the CFLAGS and LDFLAGS environment variables to where it can be found.
[93m [WARNING] [0m Please specify the CUTLASS repo directory as environment variable $CUTLASS_PATH
[93m [WARNING] [0m If libaio is already installed (perhaps from source), try setting the CFLAGS and LDFLAGS environment variables to where it can be found.
[93m [WARNING] [0m Please specify the CUTLASS repo directory as environment variable $CUTLASS_PATH
[93m [WARNING] [0m If libaio is already installed (perhaps from source), try setting the CFLAGS and LDFLAGS environment variables to where it can be found.
[93m [WARNING] [0m Please specify the CUTLASS repo directory as environment variable $CUTLASS_PATH
[93m [WARNING] [0m If libaio is already installed (perhaps from source), try setting the CFLAGS and LDFLAGS environment variables to where it can be found.
[93m [WARNING] [0m Please specify the CUTLASS repo directory as environment variable $CUTLASS_PATH
[93m [WARNING] [0m If libaio is already installed (perhaps from source), try setting the CFLAGS and LDFLAGS environment variables to where it can be found.
[93m [WARNING] [0m Please specify the CUTLASS repo directory as environment variable $CUTLASS_PATH
[93m [WARNING] [0m If libaio is already installed (perhaps from source), try setting the CFLAGS and LDFLAGS environment variables to where it can be found.
[93m [WARNING] [0m If libaio is already installed (perhaps from source), try setting the CFLAGS and LDFLAGS environment variables to where it can be found.
[93m [WARNING] [0m Please specify the CUTLASS repo directory as environment variable $CUTLASS_PATH
[93m [WARNING] [0m Please specify the CUTLASS repo directory as environment variable $CUTLASS_PATH
[93m [WARNING] [0m If libaio is already installed (perhaps from source), try setting the CFLAGS and LDFLAGS environment variables to where it can be found.
[93m [WARNING] [0m Please specify the CUTLASS repo directory as environment variable $CUTLASS_PATH
[93m [WARNING] [0m If libaio is already installed (perhaps from source), try setting the CFLAGS and LDFLAGS environment variables to where it can be found.
[93m [WARNING] [0m Please specify the CUTLASS repo directory as environment variable $CUTLASS_PATH
[93m [WARNING] [0m If libaio is already installed (perhaps from source), try setting the CFLAGS and LDFLAGS environment variables to where it can be found.
[93m [WARNING] [0m Please specify the CUTLASS repo directory as environment variable $CUTLASS_PATH
[93m [WARNING] [0m If libaio is already installed (perhaps from source), try setting the CFLAGS and LDFLAGS environment variables to where it can be found.
[93m [WARNING] [0m Please specify the CUTLASS repo directory as environment variable $CUTLASS_PATH
[93m [WARNING] [0m If libaio is already installed (perhaps from source), try setting the CFLAGS and LDFLAGS environment variables to where it can be found.
[93m [WARNING] [0m Please specify the CUTLASS repo directory as environment variable $CUTLASS_PATH
[93m [WARNING] [0m If libaio is already installed (perhaps from source), try setting the CFLAGS and LDFLAGS environment variables to where it can be found.
[93m [WARNING] [0m Please specify the CUTLASS repo directory as environment variable $CUTLASS_PATH
[93m [WARNING] [0m If libaio is already installed (perhaps from source), try setting the CFLAGS and LDFLAGS environment variables to where it can be found.
[93m [WARNING] [0m Please specify the CUTLASS repo directory as environment variable $CUTLASS_PATH
[93m [WARNING] [0m async_io requires the dev libaio .so object and headers but these were not found.
[93m [WARNING] [0m async_io requires the dev libaio .so object and headers but these were not found.
[93m [WARNING] [0m async_io requires the dev libaio .so object and headers but these were not found.
[93m [WARNING] [0m async_io requires the dev libaio .so object and headers but these were not found.
[93m [WARNING] [0m async_io requires the dev libaio .so object and headers but these were not found.
[93m [WARNING] [0m async_io requires the dev libaio .so object and headers but these were not found.
[93m [WARNING] [0m async_io requires the dev libaio .so object and headers but these were not found.
[93m [WARNING] [0m async_io requires the dev libaio .so object and headers but these were not found.
[93m [WARNING] [0m async_io requires the dev libaio .so object and headers but these were not found.
[93m [WARNING] [0m async_io requires the dev libaio .so object and headers but these were not found.
[93m [WARNING] [0m async_io requires the dev libaio .so object and headers but these were not found.
[93m [WARNING] [0m async_io requires the dev libaio .so object and headers but these were not found.
[93m [WARNING] [0m async_io requires the dev libaio .so object and headers but these were not found.
[93m [WARNING] [0m async_io requires the dev libaio .so object and headers but these were not found.
[93m [WARNING] [0m async_io requires the dev libaio .so object and headers but these were not found.
[93m [WARNING] [0m async_io requires the dev libaio .so object and headers but these were not found.
[93m [WARNING] [0m async_io requires the dev libaio .so object and headers but these were not found.
[93m [WARNING] [0m async_io requires the dev libaio .so object and headers but these were not found.
[93m [WARNING] [0m async_io requires the dev libaio .so object and headers but these were not found.
[93m [WARNING] [0m async_io requires the dev libaio .so object and headers but these were not found.
[93m [WARNING] [0m async_io requires the dev libaio .so object and headers but these were not found.
[93m [WARNING] [0m async_io requires the dev libaio .so object and headers but these were not found.
[93m [WARNING] [0m async_io requires the dev libaio .so object and headers but these were not found.
[93m [WARNING] [0m async_io requires the dev libaio .so object and headers but these were not found.
[93m [WARNING] [0m If libaio is already installed (perhaps from source), try setting the CFLAGS and LDFLAGS environment variables to where it can be found.
[93m [WARNING] [0m Please specify the CUTLASS repo directory as environment variable $CUTLASS_PATH
[93m [WARNING] [0m If libaio is already installed (perhaps from source), try setting the CFLAGS and LDFLAGS environment variables to where it can be found.
[93m [WARNING] [0m Please specify the CUTLASS repo directory as environment variable $CUTLASS_PATH
[93m [WARNING] [0m async_io requires the dev libaio .so object and headers but these were not found.
[93m [WARNING] [0m async_io requires the dev libaio .so object and headers but these were not found.
[93m [WARNING] [0m async_io requires the dev libaio .so object and headers but these were not found.
[93m [WARNING] [0m async_io requires the dev libaio .so object and headers but these were not found.
[93m [WARNING] [0m async_io requires the dev libaio .so object and headers but these were not found.
[93m [WARNING] [0m async_io requires the dev libaio .so object and headers but these were not found.
[93m [WARNING] [0m If libaio is already installed (perhaps from source), try setting the CFLAGS and LDFLAGS environment variables to where it can be found.
[93m [WARNING] [0m Please specify the CUTLASS repo directory as environment variable $CUTLASS_PATH
[93m [WARNING] [0m async_io requires the dev libaio .so object and headers but these were not found.
[93m [WARNING] [0m If libaio is already installed (perhaps from source), try setting the CFLAGS and LDFLAGS environment variables to where it can be found.
[93m [WARNING] [0m Please specify the CUTLASS repo directory as environment variable $CUTLASS_PATH
[93m [WARNING] [0m If libaio is already installed (perhaps from source), try setting the CFLAGS and LDFLAGS environment variables to where it can be found.
[93m [WARNING] [0m Please specify the CUTLASS repo directory as environment variable $CUTLASS_PATH
[93m [WARNING] [0m If libaio is already installed (perhaps from source), try setting the CFLAGS and LDFLAGS environment variables to where it can be found.
[93m [WARNING] [0m Please specify the CUTLASS repo directory as environment variable $CUTLASS_PATH
[93m [WARNING] [0m If libaio is already installed (perhaps from source), try setting the CFLAGS and LDFLAGS environment variables to where it can be found.
[93m [WARNING] [0m Please specify the CUTLASS repo directory as environment variable $CUTLASS_PATH
[93m [WARNING] [0m If libaio is already installed (perhaps from source), try setting the CFLAGS and LDFLAGS environment variables to where it can be found.
[93m [WARNING] [0m If libaio is already installed (perhaps from source), try setting the CFLAGS and LDFLAGS environment variables to where it can be found.
[93m [WARNING] [0m If libaio is already installed (perhaps from source), try setting the CFLAGS and LDFLAGS environment variables to where it can be found.
[93m [WARNING] [0m If libaio is already installed (perhaps from source), try setting the CFLAGS and LDFLAGS environment variables to where it can be found.
[93m [WARNING] [0m Please specify the CUTLASS repo directory as environment variable $CUTLASS_PATH
[93m [WARNING] [0m If libaio is already installed (perhaps from source), try setting the CFLAGS and LDFLAGS environment variables to where it can be found.
[93m [WARNING] [0m Please specify the CUTLASS repo directory as environment variable $CUTLASS_PATH
[93m [WARNING] [0m Please specify the CUTLASS repo directory as environment variable $CUTLASS_PATH
[93m [WARNING] [0m Please specify the CUTLASS repo directory as environment variable $CUTLASS_PATH
[93m [WARNING] [0m Please specify the CUTLASS repo directory as environment variable $CUTLASS_PATH
[93m [WARNING] [0m If libaio is already installed (perhaps from source), try setting the CFLAGS and LDFLAGS environment variables to where it can be found.
[93m [WARNING] [0m Please specify the CUTLASS repo directory as environment variable $CUTLASS_PATH
[93m [WARNING] [0m If libaio is already installed (perhaps from source), try setting the CFLAGS and LDFLAGS environment variables to where it can be found.
[93m [WARNING] [0m Please specify the CUTLASS repo directory as environment variable $CUTLASS_PATH
[93m [WARNING] [0m If libaio is already installed (perhaps from source), try setting the CFLAGS and LDFLAGS environment variables to where it can be found.
[93m [WARNING] [0m Please specify the CUTLASS repo directory as environment variable $CUTLASS_PATH
[93m [WARNING] [0m If libaio is already installed (perhaps from source), try setting the CFLAGS and LDFLAGS environment variables to where it can be found.
[93m [WARNING] [0m Please specify the CUTLASS repo directory as environment variable $CUTLASS_PATH
[93m [WARNING] [0m If libaio is already installed (perhaps from source), try setting the CFLAGS and LDFLAGS environment variables to where it can be found.
[93m [WARNING] [0m Please specify the CUTLASS repo directory as environment variable $CUTLASS_PATH
[93m [WARNING] [0m async_io requires the dev libaio .so object and headers but these were not found.
[93m [WARNING] [0m If libaio is already installed (perhaps from source), try setting the CFLAGS and LDFLAGS environment variables to where it can be found.
[93m [WARNING] [0m Please specify the CUTLASS repo directory as environment variable $CUTLASS_PATH
[93m [WARNING] [0m If libaio is already installed (perhaps from source), try setting the CFLAGS and LDFLAGS environment variables to where it can be found.
[93m [WARNING] [0m Please specify the CUTLASS repo directory as environment variable $CUTLASS_PATH
[93m [WARNING] [0m If libaio is already installed (perhaps from source), try setting the CFLAGS and LDFLAGS environment variables to where it can be found.
[93m [WARNING] [0m Please specify the CUTLASS repo directory as environment variable $CUTLASS_PATH
[93m [WARNING] [0m If libaio is already installed (perhaps from source), try setting the CFLAGS and LDFLAGS environment variables to where it can be found.
[93m [WARNING] [0m Please specify the CUTLASS repo directory as environment variable $CUTLASS_PATH
[93m [WARNING] [0m If libaio is already installed (perhaps from source), try setting the CFLAGS and LDFLAGS environment variables to where it can be found.
[93m [WARNING] [0m Please specify the CUTLASS repo directory as environment variable $CUTLASS_PATH
[93m [WARNING] [0m If libaio is already installed (perhaps from source), try setting the CFLAGS and LDFLAGS environment variables to where it can be found.
[93m [WARNING] [0m Please specify the CUTLASS repo directory as environment variable $CUTLASS_PATH
[93m [WARNING] [0m If libaio is already installed (perhaps from source), try setting the CFLAGS and LDFLAGS environment variables to where it can be found.
[93m [WARNING] [0m Please specify the CUTLASS repo directory as environment variable $CUTLASS_PATH
[93m [WARNING] [0m If libaio is already installed (perhaps from source), try setting the CFLAGS and LDFLAGS environment variables to where it can be found.
[93m [WARNING] [0m Please specify the CUTLASS repo directory as environment variable $CUTLASS_PATH
[93m [WARNING] [0m async_io requires the dev libaio .so object and headers but these were not found.
[93m [WARNING] [0m async_io requires the dev libaio .so object and headers but these were not found.
[93m [WARNING] [0m async_io requires the dev libaio .so object and headers but these were not found.
[93m [WARNING] [0m async_io requires the dev libaio .so object and headers but these were not found.
[93m [WARNING] [0m async_io requires the dev libaio .so object and headers but these were not found.
[93m [WARNING] [0m async_io requires the dev libaio .so object and headers but these were not found.
[93m [WARNING] [0m async_io requires the dev libaio .so object and headers but these were not found.
[93m [WARNING] [0m async_io requires the dev libaio .so object and headers but these were not found.
[93m [WARNING] [0m If libaio is already installed (perhaps from source), try setting the CFLAGS and LDFLAGS environment variables to where it can be found.
[93m [WARNING] [0m Please specify the CUTLASS repo directory as environment variable $CUTLASS_PATH
[93m [WARNING] [0m If libaio is already installed (perhaps from source), try setting the CFLAGS and LDFLAGS environment variables to where it can be found.
[93m [WARNING] [0m Please specify the CUTLASS repo directory as environment variable $CUTLASS_PATH
[93m [WARNING] [0m If libaio is already installed (perhaps from source), try setting the CFLAGS and LDFLAGS environment variables to where it can be found.
[93m [WARNING] [0m Please specify the CUTLASS repo directory as environment variable $CUTLASS_PATH
[93m [WARNING] [0m If libaio is already installed (perhaps from source), try setting the CFLAGS and LDFLAGS environment variables to where it can be found.
[93m [WARNING] [0m Please specify the CUTLASS repo directory as environment variable $CUTLASS_PATH
[93m [WARNING] [0m If libaio is already installed (perhaps from source), try setting the CFLAGS and LDFLAGS environment variables to where it can be found.
[93m [WARNING] [0m Please specify the CUTLASS repo directory as environment variable $CUTLASS_PATH
[93m [WARNING] [0m If libaio is already installed (perhaps from source), try setting the CFLAGS and LDFLAGS environment variables to where it can be found.
[93m [WARNING] [0m Please specify the CUTLASS repo directory as environment variable $CUTLASS_PATH
[93m [WARNING] [0m If libaio is already installed (perhaps from source), try setting the CFLAGS and LDFLAGS environment variables to where it can be found.
[93m [WARNING] [0m Please specify the CUTLASS repo directory as environment variable $CUTLASS_PATH
[93m [WARNING] [0m If libaio is already installed (perhaps from source), try setting the CFLAGS and LDFLAGS environment variables to where it can be found.
[93m [WARNING] [0m Please specify the CUTLASS repo directory as environment variable $CUTLASS_PATH
[93m [WARNING] [0m If libaio is already installed (perhaps from source), try setting the CFLAGS and LDFLAGS environment variables to where it can be found.
[93m [WARNING] [0m Please specify the CUTLASS repo directory as environment variable $CUTLASS_PATH
[93m [WARNING] [0m If libaio is already installed (perhaps from source), try setting the CFLAGS and LDFLAGS environment variables to where it can be found.
[93m [WARNING] [0m Please specify the CUTLASS repo directory as environment variable $CUTLASS_PATH
[93m [WARNING] [0m If libaio is already installed (perhaps from source), try setting the CFLAGS and LDFLAGS environment variables to where it can be found.
[93m [WARNING] [0m Please specify the CUTLASS repo directory as environment variable $CUTLASS_PATH
[93m [WARNING] [0m If libaio is already installed (perhaps from source), try setting the CFLAGS and LDFLAGS environment variables to where it can be found.
[93m [WARNING] [0m Please specify the CUTLASS repo directory as environment variable $CUTLASS_PATH
[93m [WARNING] [0m If libaio is already installed (perhaps from source), try setting the CFLAGS and LDFLAGS environment variables to where it can be found.
[93m [WARNING] [0m Please specify the CUTLASS repo directory as environment variable $CUTLASS_PATH
[93m [WARNING] [0m If libaio is already installed (perhaps from source), try setting the CFLAGS and LDFLAGS environment variables to where it can be found.
[93m [WARNING] [0m Please specify the CUTLASS repo directory as environment variable $CUTLASS_PATH
[93m [WARNING] [0m sparse_attn is not compatible with ROCM
[93m [WARNING] [0m If libaio is already installed (perhaps from source), try setting the CFLAGS and LDFLAGS environment variables to where it can be found.
[93m [WARNING] [0m Please specify the CUTLASS repo directory as environment variable $CUTLASS_PATH
[93m [WARNING] [0m If libaio is already installed (perhaps from source), try setting the CFLAGS and LDFLAGS environment variables to where it can be found.
[93m [WARNING] [0m Please specify the CUTLASS repo directory as environment variable $CUTLASS_PATH
[93m [WARNING] [0m If libaio is already installed (perhaps from source), try setting the CFLAGS and LDFLAGS environment variables to where it can be found.
[93m [WARNING] [0m Please specify the CUTLASS repo directory as environment variable $CUTLASS_PATH
[93m [WARNING] [0m If libaio is already installed (perhaps from source), try setting the CFLAGS and LDFLAGS environment variables to where it can be found.
[93m [WARNING] [0m Please specify the CUTLASS repo directory as environment variable $CUTLASS_PATH
[93m [WARNING] [0m If libaio is already installed (perhaps from source), try setting the CFLAGS and LDFLAGS environment variables to where it can be found.
[93m [WARNING] [0m Please specify the CUTLASS repo directory as environment variable $CUTLASS_PATH
[93m [WARNING] [0m If libaio is already installed (perhaps from source), try setting the CFLAGS and LDFLAGS environment variables to where it can be found.
[93m [WARNING] [0m Please specify the CUTLASS repo directory as environment variable $CUTLASS_PATH
[93m [WARNING] [0m If libaio is already installed (perhaps from source), try setting the CFLAGS and LDFLAGS environment variables to where it can be found.
[93m [WARNING] [0m Please specify the CUTLASS repo directory as environment variable $CUTLASS_PATH
[93m [WARNING] [0m If libaio is already installed (perhaps from source), try setting the CFLAGS and LDFLAGS environment variables to where it can be found.
[93m [WARNING] [0m Please specify the CUTLASS repo directory as environment variable $CUTLASS_PATH
[93m [WARNING] [0m If libaio is already installed (perhaps from source), try setting the CFLAGS and LDFLAGS environment variables to where it can be found.
[93m [WARNING] [0m Please specify the CUTLASS repo directory as environment variable $CUTLASS_PATH
[93m [WARNING] [0m sparse_attn is not compatible with ROCM
[93m [WARNING] [0m sparse_attn is not compatible with ROCM
[93m [WARNING] [0m sparse_attn is not compatible with ROCM
[93m [WARNING] [0m async_io requires the dev libaio .so object and headers but these were not found.
[93m [WARNING] [0m async_io requires the dev libaio .so object and headers but these were not found.
[93m [WARNING] [0m async_io requires the dev libaio .so object and headers but these were not found.
[93m [WARNING] [0m async_io requires the dev libaio .so object and headers but these were not found.
[93m [WARNING] [0m async_io requires the dev libaio .so object and headers but these were not found.
[93m [WARNING] [0m async_io requires the dev libaio .so object and headers but these were not found.
[93m [WARNING] [0m async_io requires the dev libaio .so object and headers but these were not found.
[93m [WARNING] [0m async_io requires the dev libaio .so object and headers but these were not found.
[93m [WARNING] [0m sparse_attn is not compatible with ROCM
[93m [WARNING] [0m sparse_attn is not compatible with ROCM
[93m [WARNING] [0m sparse_attn is not compatible with ROCM
[93m [WARNING] [0m sparse_attn is not compatible with ROCM
[93m [WARNING] [0m If libaio is already installed (perhaps from source), try setting the CFLAGS and LDFLAGS environment variables to where it can be found.
[93m [WARNING] [0m Please specify the CUTLASS repo directory as environment variable $CUTLASS_PATH
[93m [WARNING] [0m async_io requires the dev libaio .so object and headers but these were not found.
[93m [WARNING] [0m async_io requires the dev libaio .so object and headers but these were not found.
[93m [WARNING] [0m async_io requires the dev libaio .so object and headers but these were not found.
[93m [WARNING] [0m async_io requires the dev libaio .so object and headers but these were not found.
[93m [WARNING] [0m async_io requires the dev libaio .so object and headers but these were not found.
[93m [WARNING] [0m async_io requires the dev libaio .so object and headers but these were not found.
[93m [WARNING] [0m async_io requires the dev libaio .so object and headers but these were not found.
[93m [WARNING] [0m async_io requires the dev libaio .so object and headers but these were not found.
[93m [WARNING] [0m If libaio is already installed (perhaps from source), try setting the CFLAGS and LDFLAGS environment variables to where it can be found.
[93m [WARNING] [0m Please specify the CUTLASS repo directory as environment variable $CUTLASS_PATH
[93m [WARNING] [0m If libaio is already installed (perhaps from source), try setting the CFLAGS and LDFLAGS environment variables to where it can be found.
[93m [WARNING] [0m Please specify the CUTLASS repo directory as environment variable $CUTLASS_PATH
[93m [WARNING] [0m If libaio is already installed (perhaps from source), try setting the CFLAGS and LDFLAGS environment variables to where it can be found.
[93m [WARNING] [0m Please specify the CUTLASS repo directory as environment variable $CUTLASS_PATH
[93m [WARNING] [0m If libaio is already installed (perhaps from source), try setting the CFLAGS and LDFLAGS environment variables to where it can be found.
[93m [WARNING] [0m Please specify the CUTLASS repo directory as environment variable $CUTLASS_PATH
[93m [WARNING] [0m If libaio is already installed (perhaps from source), try setting the CFLAGS and LDFLAGS environment variables to where it can be found.
[93m [WARNING] [0m Please specify the CUTLASS repo directory as environment variable $CUTLASS_PATH
[93m [WARNING] [0m If libaio is already installed (perhaps from source), try setting the CFLAGS and LDFLAGS environment variables to where it can be found.
[93m [WARNING] [0m Please specify the CUTLASS repo directory as environment variable $CUTLASS_PATH
[93m [WARNING] [0m If libaio is already installed (perhaps from source), try setting the CFLAGS and LDFLAGS environment variables to where it can be found.
[93m [WARNING] [0m Please specify the CUTLASS repo directory as environment variable $CUTLASS_PATH
[93m [WARNING] [0m If libaio is already installed (perhaps from source), try setting the CFLAGS and LDFLAGS environment variables to where it can be found.
[93m [WARNING] [0m Please specify the CUTLASS repo directory as environment variable $CUTLASS_PATH
[93m [WARNING] [0m async_io requires the dev libaio .so object and headers but these were not found.
[93m [WARNING] [0m async_io requires the dev libaio .so object and headers but these were not found.
[93m [WARNING] [0m async_io requires the dev libaio .so object and headers but these were not found.
[93m [WARNING] [0m async_io requires the dev libaio .so object and headers but these were not found.
[93m [WARNING] [0m async_io requires the dev libaio .so object and headers but these were not found.
[93m [WARNING] [0m async_io requires the dev libaio .so object and headers but these were not found.
[93m [WARNING] [0m If libaio is already installed (perhaps from source), try setting the CFLAGS and LDFLAGS environment variables to where it can be found.
[93m [WARNING] [0m Please specify the CUTLASS repo directory as environment variable $CUTLASS_PATH
[93m [WARNING] [0m async_io requires the dev libaio .so object and headers but these were not found.
[93m [WARNING] [0m async_io requires the dev libaio .so object and headers but these were not found.
[93m [WARNING] [0m If libaio is already installed (perhaps from source), try setting the CFLAGS and LDFLAGS environment variables to where it can be found.
[93m [WARNING] [0m Please specify the CUTLASS repo directory as environment variable $CUTLASS_PATH
[93m [WARNING] [0m If libaio is already installed (perhaps from source), try setting the CFLAGS and LDFLAGS environment variables to where it can be found.
[93m [WARNING] [0m Please specify the CUTLASS repo directory as environment variable $CUTLASS_PATH
[93m [WARNING] [0m If libaio is already installed (perhaps from source), try setting the CFLAGS and LDFLAGS environment variables to where it can be found.
[93m [WARNING] [0m Please specify the CUTLASS repo directory as environment variable $CUTLASS_PATH
[93m [WARNING] [0m If libaio is already installed (perhaps from source), try setting the CFLAGS and LDFLAGS environment variables to where it can be found.
[93m [WARNING] [0m Please specify the CUTLASS repo directory as environment variable $CUTLASS_PATH
[93m [WARNING] [0m If libaio is already installed (perhaps from source), try setting the CFLAGS and LDFLAGS environment variables to where it can be found.
[93m [WARNING] [0m Please specify the CUTLASS repo directory as environment variable $CUTLASS_PATH
[93m [WARNING] [0m If libaio is already installed (perhaps from source), try setting the CFLAGS and LDFLAGS environment variables to where it can be found.
[93m [WARNING] [0m Please specify the CUTLASS repo directory as environment variable $CUTLASS_PATH
[93m [WARNING] [0m If libaio is already installed (perhaps from source), try setting the CFLAGS and LDFLAGS environment variables to where it can be found.
[93m [WARNING] [0m Please specify the CUTLASS repo directory as environment variable $CUTLASS_PATH
[93m [WARNING] [0m sparse_attn is not compatible with ROCM
[93m [WARNING] [0m If libaio is already installed (perhaps from source), try setting the CFLAGS and LDFLAGS environment variables to where it can be found.
[93m [WARNING] [0m Please specify the CUTLASS repo directory as environment variable $CUTLASS_PATH
[93m [WARNING] [0m If libaio is already installed (perhaps from source), try setting the CFLAGS and LDFLAGS environment variables to where it can be found.
[93m [WARNING] [0m Please specify the CUTLASS repo directory as environment variable $CUTLASS_PATH
[93m [WARNING] [0m If libaio is already installed (perhaps from source), try setting the CFLAGS and LDFLAGS environment variables to where it can be found.
[93m [WARNING] [0m Please specify the CUTLASS repo directory as environment variable $CUTLASS_PATH
[93m [WARNING] [0m If libaio is already installed (perhaps from source), try setting the CFLAGS and LDFLAGS environment variables to where it can be found.
[93m [WARNING] [0m Please specify the CUTLASS repo directory as environment variable $CUTLASS_PATH
[93m [WARNING] [0m If libaio is already installed (perhaps from source), try setting the CFLAGS and LDFLAGS environment variables to where it can be found.
[93m [WARNING] [0m Please specify the CUTLASS repo directory as environment variable $CUTLASS_PATH
[93m [WARNING] [0m If libaio is already installed (perhaps from source), try setting the CFLAGS and LDFLAGS environment variables to where it can be found.
[93m [WARNING] [0m Please specify the CUTLASS repo directory as environment variable $CUTLASS_PATH
[93m [WARNING] [0m If libaio is already installed (perhaps from source), try setting the CFLAGS and LDFLAGS environment variables to where it can be found.
[93m [WARNING] [0m Please specify the CUTLASS repo directory as environment variable $CUTLASS_PATH
[93m [WARNING] [0m sparse_attn is not compatible with ROCM
[93m [WARNING] [0m async_io requires the dev libaio .so object and headers but these were not found.
[93m [WARNING] [0m async_io requires the dev libaio .so object and headers but these were not found.
[93m [WARNING] [0m async_io requires the dev libaio .so object and headers but these were not found.
[93m [WARNING] [0m async_io requires the dev libaio .so object and headers but these were not found.
[93m [WARNING] [0m async_io requires the dev libaio .so object and headers but these were not found.
[93m [WARNING] [0m async_io requires the dev libaio .so object and headers but these were not found.
[93m [WARNING] [0m async_io requires the dev libaio .so object and headers but these were not found.
[93m [WARNING] [0m async_io requires the dev libaio .so object and headers but these were not found.
[93m [WARNING] [0m If libaio is already installed (perhaps from source), try setting the CFLAGS and LDFLAGS environment variables to where it can be found.
[93m [WARNING] [0m Please specify the CUTLASS repo directory as environment variable $CUTLASS_PATH
[93m [WARNING] [0m If libaio is already installed (perhaps from source), try setting the CFLAGS and LDFLAGS environment variables to where it can be found.
[93m [WARNING] [0m Please specify the CUTLASS repo directory as environment variable $CUTLASS_PATH
[93m [WARNING] [0m sparse_attn is not compatible with ROCM
[93m [WARNING] [0m sparse_attn is not compatible with ROCM
[93m [WARNING] [0m If libaio is already installed (perhaps from source), try setting the CFLAGS and LDFLAGS environment variables to where it can be found.
[93m [WARNING] [0m Please specify the CUTLASS repo directory as environment variable $CUTLASS_PATH
[93m [WARNING] [0m If libaio is already installed (perhaps from source), try setting the CFLAGS and LDFLAGS environment variables to where it can be found.
[93m [WARNING] [0m Please specify the CUTLASS repo directory as environment variable $CUTLASS_PATH
[93m [WARNING] [0m If libaio is already installed (perhaps from source), try setting the CFLAGS and LDFLAGS environment variables to where it can be found.
[93m [WARNING] [0m Please specify the CUTLASS repo directory as environment variable $CUTLASS_PATH
[93m [WARNING] [0m If libaio is already installed (perhaps from source), try setting the CFLAGS and LDFLAGS environment variables to where it can be found.
[93m [WARNING] [0m Please specify the CUTLASS repo directory as environment variable $CUTLASS_PATH
[93m [WARNING] [0m sparse_attn is not compatible with ROCM
[93m [WARNING] [0m If libaio is already installed (perhaps from source), try setting the CFLAGS and LDFLAGS environment variables to where it can be found.
[93m [WARNING] [0m Please specify the CUTLASS repo directory as environment variable $CUTLASS_PATH
[93m [WARNING] [0m sparse_attn is not compatible with ROCM
[93m [WARNING] [0m If libaio is already installed (perhaps from source), try setting the CFLAGS and LDFLAGS environment variables to where it can be found.
[93m [WARNING] [0m Please specify the CUTLASS repo directory as environment variable $CUTLASS_PATH
[93m [WARNING] [0m sparse_attn is not compatible with ROCM
[93m [WARNING] [0m sparse_attn is not compatible with ROCM
[93m [WARNING] [0m sparse_attn is not compatible with ROCM
[93m [WARNING] [0m sparse_attn is not compatible with ROCM
[93m [WARNING] [0m sparse_attn is not compatible with ROCM
[93m [WARNING] [0m sparse_attn is not compatible with ROCM
[93m [WARNING] [0m sparse_attn is not compatible with ROCM
[93m [WARNING] [0m sparse_attn is not compatible with ROCM
[93m [WARNING] [0m sparse_attn is not compatible with ROCM
[93m [WARNING] [0m sparse_attn is not compatible with ROCM
[93m [WARNING] [0m sparse_attn is not compatible with ROCM
[93m [WARNING] [0m sparse_attn is not compatible with ROCM
[93m [WARNING] [0m sparse_attn is not compatible with ROCM
[93m [WARNING] [0m sparse_attn is not compatible with ROCM
[93m [WARNING] [0m sparse_attn is not compatible with ROCM
[93m [WARNING] [0m sparse_attn is not compatible with ROCM
[93m [WARNING] [0m sparse_attn is not compatible with ROCM
[93m [WARNING] [0m sparse_attn is not compatible with ROCM
[93m [WARNING] [0m sparse_attn is not compatible with ROCM
[93m [WARNING] [0m sparse_attn is not compatible with ROCM
[93m [WARNING] [0m sparse_attn is not compatible with ROCM
[93m [WARNING] [0m sparse_attn is not compatible with ROCM
[93m [WARNING] [0m sparse_attn is not compatible with ROCM
[93m [WARNING] [0m sparse_attn is not compatible with ROCM
[93m [WARNING] [0m sparse_attn is not compatible with ROCM
[93m [WARNING] [0m sparse_attn is not compatible with ROCM
[93m [WARNING] [0m sparse_attn is not compatible with ROCM
[93m [WARNING] [0m sparse_attn is not compatible with ROCM
[93m [WARNING] [0m sparse_attn is not compatible with ROCM
[93m [WARNING] [0m sparse_attn is not compatible with ROCM
[93m [WARNING] [0m sparse_attn is not compatible with ROCM
[93m [WARNING] [0m sparse_attn is not compatible with ROCM
[93m [WARNING] [0m sparse_attn is not compatible with ROCM
[93m [WARNING] [0m sparse_attn is not compatible with ROCM
[93m [WARNING] [0m sparse_attn is not compatible with ROCM
[93m [WARNING] [0m sparse_attn is not compatible with ROCM
[93m [WARNING] [0m sparse_attn is not compatible with ROCM
[93m [WARNING] [0m sparse_attn is not compatible with ROCM
[93m [WARNING] [0m sparse_attn is not compatible with ROCM
[93m [WARNING] [0m sparse_attn is not compatible with ROCM
[93m [WARNING] [0m sparse_attn is not compatible with ROCM
[93m [WARNING] [0m sparse_attn is not compatible with ROCM
[93m [WARNING] [0m sparse_attn is not compatible with ROCM
[93m [WARNING] [0m sparse_attn is not compatible with ROCM
[93m [WARNING] [0m sparse_attn is not compatible with ROCM
[93m [WARNING] [0m sparse_attn is not compatible with ROCM
[93m [WARNING] [0m sparse_attn is not compatible with ROCM
[93m [WARNING] [0m sparse_attn is not compatible with ROCM
[93m [WARNING] [0m sparse_attn is not compatible with ROCM
[93m [WARNING] [0m sparse_attn is not compatible with ROCM
[93m [WARNING] [0m sparse_attn is not compatible with ROCM
[93m [WARNING] [0m sparse_attn is not compatible with ROCM
[93m [WARNING] [0m sparse_attn is not compatible with ROCM
[93m [WARNING] [0m sparse_attn is not compatible with ROCM
[93m [WARNING] [0m sparse_attn is not compatible with ROCM
[93m [WARNING] [0m sparse_attn is not compatible with ROCM
[93m [WARNING] [0m sparse_attn is not compatible with ROCM
[93m [WARNING] [0m sparse_attn is not compatible with ROCM
[93m [WARNING] [0m sparse_attn is not compatible with ROCM
[93m [WARNING] [0m sparse_attn is not compatible with ROCM
[93m [WARNING] [0m sparse_attn is not compatible with ROCM
[93m [WARNING] [0m sparse_attn is not compatible with ROCM
[93m [WARNING] [0m sparse_attn is not compatible with ROCM
[93m [WARNING] [0m sparse_attn is not compatible with ROCM
[93m [WARNING] [0m sparse_attn is not compatible with ROCM
[93m [WARNING] [0m sparse_attn is not compatible with ROCM
[93m [WARNING] [0m sparse_attn is not compatible with ROCM
[93m [WARNING] [0m sparse_attn is not compatible with ROCM
[93m [WARNING] [0m sparse_attn is not compatible with ROCM
[93m [WARNING] [0m sparse_attn is not compatible with ROCM
[93m [WARNING] [0m sparse_attn is not compatible with ROCM
[93m [WARNING] [0m sparse_attn is not compatible with ROCM
[93m [WARNING] [0m sparse_attn is not compatible with ROCM
[93m [WARNING] [0m sparse_attn is not compatible with ROCM
[93m [WARNING] [0m sparse_attn is not compatible with ROCM
[93m [WARNING] [0m sparse_attn is not compatible with ROCM
[93m [WARNING] [0m sparse_attn is not compatible with ROCM
[93m [WARNING] [0m sparse_attn is not compatible with ROCM
[93m [WARNING] [0m sparse_attn is not compatible with ROCM
[93m [WARNING] [0m sparse_attn is not compatible with ROCM
[93m [WARNING] [0m sparse_attn is not compatible with ROCM
[93m [WARNING] [0m sparse_attn is not compatible with ROCM
[93m [WARNING] [0m sparse_attn is not compatible with ROCM
[93m [WARNING] [0m sparse_attn is not compatible with ROCM
[93m [WARNING] [0m sparse_attn is not compatible with ROCM
[93m [WARNING] [0m sparse_attn is not compatible with ROCM
[93m [WARNING] [0m sparse_attn is not compatible with ROCM
[93m [WARNING] [0m sparse_attn is not compatible with ROCM
[93m [WARNING] [0m sparse_attn is not compatible with ROCM
[93m [WARNING] [0m sparse_attn is not compatible with ROCM
[93m [WARNING] [0m sparse_attn is not compatible with ROCM
[93m [WARNING] [0m sparse_attn is not compatible with ROCM
[93m [WARNING] [0m sparse_attn is not compatible with ROCM
[93m [WARNING] [0m sparse_attn is not compatible with ROCM
[93m [WARNING] [0m sparse_attn is not compatible with ROCM
[93m [WARNING] [0m sparse_attn is not compatible with ROCM
[93m [WARNING] [0m sparse_attn is not compatible with ROCM
[93m [WARNING] [0m sparse_attn is not compatible with ROCM
[93m [WARNING] [0m sparse_attn is not compatible with ROCM
[93m [WARNING] [0m sparse_attn is not compatible with ROCM
[93m [WARNING] [0m sparse_attn is not compatible with ROCM
[93m [WARNING] [0m sparse_attn is not compatible with ROCM
[93m [WARNING] [0m sparse_attn is not compatible with ROCM
[93m [WARNING] [0m sparse_attn is not compatible with ROCM
[93m [WARNING] [0m sparse_attn is not compatible with ROCM
[93m [WARNING] [0m sparse_attn is not compatible with ROCM
Distributed data parallel: nccl master at frontier04217:8889
[W socket.cpp:426] [c10d] The server socket cannot be initialized on [::]:8889 (errno: 97 - Address family not supported by protocol).
[W socket.cpp:601] [c10d] The client socket cannot be initialized to connect to [frontier04217.frontier.olcf.ornl.gov]:8889 (errno: 97 - Address family not supported by protocol).
[W socket.cpp:601] [c10d] The client socket cannot be initialized to connect to [frontier04217.frontier.olcf.ornl.gov]:8889 (errno: 97 - Address family not supported by protocol).
[W socket.cpp:601] [c10d] The client socket cannot be initialized to connect to [frontier04217.frontier.olcf.ornl.gov]:8889 (errno: 97 - Address family not supported by protocol).
[W socket.cpp:601] [c10d] The client socket cannot be initialized to connect to [frontier04217.frontier.olcf.ornl.gov]:8889 (errno: 97 - Address family not supported by protocol).
[W socket.cpp:601] [c10d] The client socket cannot be initialized to connect to [frontier04217.frontier.olcf.ornl.gov]:8889 (errno: 97 - Address family not supported by protocol).
[W socket.cpp:601] [c10d] The client socket cannot be initialized to connect to [frontier04217.frontier.olcf.ornl.gov]:8889 (errno: 97 - Address family not supported by protocol).
[W socket.cpp:601] [c10d] The client socket cannot be initialized to connect to [frontier04217.frontier.olcf.ornl.gov]:8889 (errno: 97 - Address family not supported by protocol).
[W socket.cpp:601] [c10d] The client socket cannot be initialized to connect to [frontier04217.frontier.olcf.ornl.gov]:8889 (errno: 97 - Address family not supported by protocol).
[W socket.cpp:601] [c10d] The client socket cannot be initialized to connect to [frontier04217.frontier.olcf.ornl.gov]:8889 (errno: 97 - Address family not supported by protocol).
[W socket.cpp:601] [c10d] The client socket cannot be initialized to connect to [frontier04217.frontier.olcf.ornl.gov]:8889 (errno: 97 - Address family not supported by protocol).
[W socket.cpp:601] [c10d] The client socket cannot be initialized to connect to [frontier04217.frontier.olcf.ornl.gov]:8889 (errno: 97 - Address family not supported by protocol).
[W socket.cpp:601] [c10d] The client socket cannot be initialized to connect to [frontier04217.frontier.olcf.ornl.gov]:8889 (errno: 97 - Address family not supported by protocol).
[W socket.cpp:601] [c10d] The client socket cannot be initialized to connect to [frontier04217.frontier.olcf.ornl.gov]:8889 (errno: 97 - Address family not supported by protocol).
[W socket.cpp:601] [c10d] The client socket cannot be initialized to connect to [frontier04217.frontier.olcf.ornl.gov]:8889 (errno: 97 - Address family not supported by protocol).
[W socket.cpp:601] [c10d] The client socket cannot be initialized to connect to [frontier04217.frontier.olcf.ornl.gov]:8889 (errno: 97 - Address family not supported by protocol).
[W socket.cpp:601] [c10d] The client socket cannot be initialized to connect to [frontier04217.frontier.olcf.ornl.gov]:8889 (errno: 97 - Address family not supported by protocol).
[W socket.cpp:601] [c10d] The client socket cannot be initialized to connect to [frontier04217.frontier.olcf.ornl.gov]:8889 (errno: 97 - Address family not supported by protocol).
[W socket.cpp:601] [c10d] The client socket cannot be initialized to connect to [frontier04217.frontier.olcf.ornl.gov]:8889 (errno: 97 - Address family not supported by protocol).
[W socket.cpp:601] [c10d] The client socket cannot be initialized to connect to [frontier04217.frontier.olcf.ornl.gov]:8889 (errno: 97 - Address family not supported by protocol).
[W socket.cpp:601] [c10d] The client socket cannot be initialized to connect to [frontier04217.frontier.olcf.ornl.gov]:8889 (errno: 97 - Address family not supported by protocol).
[W socket.cpp:601] [c10d] The client socket cannot be initialized to connect to [frontier04217.frontier.olcf.ornl.gov]:8889 (errno: 97 - Address family not supported by protocol).
[W socket.cpp:601] [c10d] The client socket cannot be initialized to connect to [frontier04217.frontier.olcf.ornl.gov]:8889 (errno: 97 - Address family not supported by protocol).
[W socket.cpp:601] [c10d] The client socket cannot be initialized to connect to [frontier04217.frontier.olcf.ornl.gov]:8889 (errno: 97 - Address family not supported by protocol).
[W socket.cpp:601] [c10d] The client socket cannot be initialized to connect to [frontier04217.frontier.olcf.ornl.gov]:8889 (errno: 97 - Address family not supported by protocol).
[W socket.cpp:601] [c10d] The client socket cannot be initialized to connect to [frontier04217.frontier.olcf.ornl.gov]:8889 (errno: 97 - Address family not supported by protocol).
[W socket.cpp:601] [c10d] The client socket cannot be initialized to connect to [frontier04217.frontier.olcf.ornl.gov]:8889 (errno: 97 - Address family not supported by protocol).
[W socket.cpp:601] [c10d] The client socket cannot be initialized to connect to [frontier04217.frontier.olcf.ornl.gov]:8889 (errno: 97 - Address family not supported by protocol).
[W socket.cpp:601] [c10d] The client socket cannot be initialized to connect to [frontier04217.frontier.olcf.ornl.gov]:8889 (errno: 97 - Address family not supported by protocol).
[W socket.cpp:601] [c10d] The client socket cannot be initialized to connect to [frontier04217.frontier.olcf.ornl.gov]:8889 (errno: 97 - Address family not supported by protocol).
[W socket.cpp:601] [c10d] The client socket cannot be initialized to connect to [frontier04217.frontier.olcf.ornl.gov]:8889 (errno: 97 - Address family not supported by protocol).
[W socket.cpp:601] [c10d] The client socket cannot be initialized to connect to [frontier04217.frontier.olcf.ornl.gov]:8889 (errno: 97 - Address family not supported by protocol).
[W socket.cpp:601] [c10d] The client socket cannot be initialized to connect to [frontier04217.frontier.olcf.ornl.gov]:8889 (errno: 97 - Address family not supported by protocol).
[W socket.cpp:601] [c10d] The client socket cannot be initialized to connect to [frontier04217.frontier.olcf.ornl.gov]:8889 (errno: 97 - Address family not supported by protocol).
[W socket.cpp:601] [c10d] The client socket cannot be initialized to connect to [frontier04217.frontier.olcf.ornl.gov]:8889 (errno: 97 - Address family not supported by protocol).
[W socket.cpp:601] [c10d] The client socket cannot be initialized to connect to [frontier04217.frontier.olcf.ornl.gov]:8889 (errno: 97 - Address family not supported by protocol).
[W socket.cpp:601] [c10d] The client socket cannot be initialized to connect to [frontier04217.frontier.olcf.ornl.gov]:8889 (errno: 97 - Address family not supported by protocol).
[W socket.cpp:601] [c10d] The client socket cannot be initialized to connect to [frontier04217.frontier.olcf.ornl.gov]:8889 (errno: 97 - Address family not supported by protocol).
[W socket.cpp:601] [c10d] The client socket cannot be initialized to connect to [frontier04217.frontier.olcf.ornl.gov]:8889 (errno: 97 - Address family not supported by protocol).
[W socket.cpp:601] [c10d] The client socket cannot be initialized to connect to [frontier04217.frontier.olcf.ornl.gov]:8889 (errno: 97 - Address family not supported by protocol).
[W socket.cpp:601] [c10d] The client socket cannot be initialized to connect to [frontier04217.frontier.olcf.ornl.gov]:8889 (errno: 97 - Address family not supported by protocol).
[W socket.cpp:601] [c10d] The client socket cannot be initialized to connect to [frontier04217.frontier.olcf.ornl.gov]:8889 (errno: 97 - Address family not supported by protocol).
[W socket.cpp:601] [c10d] The client socket cannot be initialized to connect to [frontier04217.frontier.olcf.ornl.gov]:8889 (errno: 97 - Address family not supported by protocol).
[W socket.cpp:601] [c10d] The client socket cannot be initialized to connect to [frontier04217.frontier.olcf.ornl.gov]:8889 (errno: 97 - Address family not supported by protocol).
[W socket.cpp:601] [c10d] The client socket cannot be initialized to connect to [frontier04217.frontier.olcf.ornl.gov]:8889 (errno: 97 - Address family not supported by protocol).
[W socket.cpp:601] [c10d] The client socket cannot be initialized to connect to [frontier04217.frontier.olcf.ornl.gov]:8889 (errno: 97 - Address family not supported by protocol).
[W socket.cpp:601] [c10d] The client socket cannot be initialized to connect to [frontier04217.frontier.olcf.ornl.gov]:8889 (errno: 97 - Address family not supported by protocol).
[W socket.cpp:601] [c10d] The client socket cannot be initialized to connect to [frontier04217.frontier.olcf.ornl.gov]:8889 (errno: 97 - Address family not supported by protocol).
[W socket.cpp:601] [c10d] The client socket cannot be initialized to connect to [frontier04217.frontier.olcf.ornl.gov]:8889 (errno: 97 - Address family not supported by protocol).
[W socket.cpp:601] [c10d] The client socket cannot be initialized to connect to [frontier04217.frontier.olcf.ornl.gov]:8889 (errno: 97 - Address family not supported by protocol).
[W socket.cpp:601] [c10d] The client socket cannot be initialized to connect to [frontier04217.frontier.olcf.ornl.gov]:8889 (errno: 97 - Address family not supported by protocol).
[W socket.cpp:601] [c10d] The client socket cannot be initialized to connect to [frontier04217.frontier.olcf.ornl.gov]:8889 (errno: 97 - Address family not supported by protocol).
[W socket.cpp:601] [c10d] The client socket cannot be initialized to connect to [frontier04217.frontier.olcf.ornl.gov]:8889 (errno: 97 - Address family not supported by protocol).
[W socket.cpp:601] [c10d] The client socket cannot be initialized to connect to [frontier04217.frontier.olcf.ornl.gov]:8889 (errno: 97 - Address family not supported by protocol).
[W socket.cpp:601] [c10d] The client socket cannot be initialized to connect to [frontier04217.frontier.olcf.ornl.gov]:8889 (errno: 97 - Address family not supported by protocol).
[W socket.cpp:601] [c10d] The client socket cannot be initialized to connect to [frontier04217.frontier.olcf.ornl.gov]:8889 (errno: 97 - Address family not supported by protocol).
[W socket.cpp:601] [c10d] The client socket cannot be initialized to connect to [frontier04217.frontier.olcf.ornl.gov]:8889 (errno: 97 - Address family not supported by protocol).
[W socket.cpp:601] [c10d] The client socket cannot be initialized to connect to [frontier04217.frontier.olcf.ornl.gov]:8889 (errno: 97 - Address family not supported by protocol).
[W socket.cpp:601] [c10d] The client socket cannot be initialized to connect to [frontier04217.frontier.olcf.ornl.gov]:8889 (errno: 97 - Address family not supported by protocol).
[W socket.cpp:601] [c10d] The client socket cannot be initialized to connect to [frontier04217.frontier.olcf.ornl.gov]:8889 (errno: 97 - Address family not supported by protocol).
[W socket.cpp:601] [c10d] The client socket cannot be initialized to connect to [frontier04217.frontier.olcf.ornl.gov]:8889 (errno: 97 - Address family not supported by protocol).
[W socket.cpp:601] [c10d] The client socket cannot be initialized to connect to [frontier04217.frontier.olcf.ornl.gov]:8889 (errno: 97 - Address family not supported by protocol).
[W socket.cpp:601] [c10d] The client socket cannot be initialized to connect to [frontier04217.frontier.olcf.ornl.gov]:8889 (errno: 97 - Address family not supported by protocol).
[W socket.cpp:601] [c10d] The client socket cannot be initialized to connect to [frontier04217.frontier.olcf.ornl.gov]:8889 (errno: 97 - Address family not supported by protocol).
[W socket.cpp:601] [c10d] The client socket cannot be initialized to connect to [frontier04217.frontier.olcf.ornl.gov]:8889 (errno: 97 - Address family not supported by protocol).
[W socket.cpp:601] [c10d] The client socket cannot be initialized to connect to [frontier04217.frontier.olcf.ornl.gov]:8889 (errno: 97 - Address family not supported by protocol).
[W socket.cpp:601] [c10d] The client socket cannot be initialized to connect to [frontier04217.frontier.olcf.ornl.gov]:8889 (errno: 97 - Address family not supported by protocol).
[W socket.cpp:601] [c10d] The client socket cannot be initialized to connect to [frontier04217.frontier.olcf.ornl.gov]:8889 (errno: 97 - Address family not supported by protocol).
[W socket.cpp:601] [c10d] The client socket cannot be initialized to connect to [frontier04217.frontier.olcf.ornl.gov]:8889 (errno: 97 - Address family not supported by protocol).
[W socket.cpp:601] [c10d] The client socket cannot be initialized to connect to [frontier04217.frontier.olcf.ornl.gov]:8889 (errno: 97 - Address family not supported by protocol).
[W socket.cpp:601] [c10d] The client socket cannot be initialized to connect to [frontier04217.frontier.olcf.ornl.gov]:8889 (errno: 97 - Address family not supported by protocol).
[W socket.cpp:601] [c10d] The client socket cannot be initialized to connect to [frontier04217.frontier.olcf.ornl.gov]:8889 (errno: 97 - Address family not supported by protocol).
[W socket.cpp:601] [c10d] The client socket cannot be initialized to connect to [frontier04217.frontier.olcf.ornl.gov]:8889 (errno: 97 - Address family not supported by protocol).
[W socket.cpp:601] [c10d] The client socket cannot be initialized to connect to [frontier04217.frontier.olcf.ornl.gov]:8889 (errno: 97 - Address family not supported by protocol).
[W socket.cpp:601] [c10d] The client socket cannot be initialized to connect to [frontier04217.frontier.olcf.ornl.gov]:8889 (errno: 97 - Address family not supported by protocol).
[W socket.cpp:601] [c10d] The client socket cannot be initialized to connect to [frontier04217.frontier.olcf.ornl.gov]:8889 (errno: 97 - Address family not supported by protocol).
[W socket.cpp:601] [c10d] The client socket cannot be initialized to connect to [frontier04217.frontier.olcf.ornl.gov]:8889 (errno: 97 - Address family not supported by protocol).
[W socket.cpp:601] [c10d] The client socket cannot be initialized to connect to [frontier04217.frontier.olcf.ornl.gov]:8889 (errno: 97 - Address family not supported by protocol).
[W socket.cpp:601] [c10d] The client socket cannot be initialized to connect to [frontier04217.frontier.olcf.ornl.gov]:8889 (errno: 97 - Address family not supported by protocol).
[W socket.cpp:601] [c10d] The client socket cannot be initialized to connect to [frontier04217.frontier.olcf.ornl.gov]:8889 (errno: 97 - Address family not supported by protocol).
[W socket.cpp:601] [c10d] The client socket cannot be initialized to connect to [frontier04217.frontier.olcf.ornl.gov]:8889 (errno: 97 - Address family not supported by protocol).
[W socket.cpp:601] [c10d] The client socket cannot be initialized to connect to [frontier04217.frontier.olcf.ornl.gov]:8889 (errno: 97 - Address family not supported by protocol).
[W socket.cpp:601] [c10d] The client socket cannot be initialized to connect to [frontier04217.frontier.olcf.ornl.gov]:8889 (errno: 97 - Address family not supported by protocol).
[W socket.cpp:601] [c10d] The client socket cannot be initialized to connect to [frontier04217.frontier.olcf.ornl.gov]:8889 (errno: 97 - Address family not supported by protocol).
[W socket.cpp:601] [c10d] The client socket cannot be initialized to connect to [frontier04217.frontier.olcf.ornl.gov]:8889 (errno: 97 - Address family not supported by protocol).
[W socket.cpp:601] [c10d] The client socket cannot be initialized to connect to [frontier04217.frontier.olcf.ornl.gov]:8889 (errno: 97 - Address family not supported by protocol).
[W socket.cpp:601] [c10d] The client socket cannot be initialized to connect to [frontier04217.frontier.olcf.ornl.gov]:8889 (errno: 97 - Address family not supported by protocol).
[W socket.cpp:601] [c10d] The client socket cannot be initialized to connect to [frontier04217.frontier.olcf.ornl.gov]:8889 (errno: 97 - Address family not supported by protocol).
[W socket.cpp:601] [c10d] The client socket cannot be initialized to connect to [frontier04217.frontier.olcf.ornl.gov]:8889 (errno: 97 - Address family not supported by protocol).
[W socket.cpp:601] [c10d] The client socket cannot be initialized to connect to [frontier04217.frontier.olcf.ornl.gov]:8889 (errno: 97 - Address family not supported by protocol).
[W socket.cpp:601] [c10d] The client socket cannot be initialized to connect to [frontier04217.frontier.olcf.ornl.gov]:8889 (errno: 97 - Address family not supported by protocol).
[W socket.cpp:601] [c10d] The client socket cannot be initialized to connect to [frontier04217.frontier.olcf.ornl.gov]:8889 (errno: 97 - Address family not supported by protocol).
[W socket.cpp:601] [c10d] The client socket cannot be initialized to connect to [frontier04217.frontier.olcf.ornl.gov]:8889 (errno: 97 - Address family not supported by protocol).
[W socket.cpp:601] [c10d] The client socket cannot be initialized to connect to [frontier04217.frontier.olcf.ornl.gov]:8889 (errno: 97 - Address family not supported by protocol).
[W socket.cpp:601] [c10d] The client socket cannot be initialized to connect to [frontier04217.frontier.olcf.ornl.gov]:8889 (errno: 97 - Address family not supported by protocol).
[W socket.cpp:601] [c10d] The client socket cannot be initialized to connect to [frontier04217.frontier.olcf.ornl.gov]:8889 (errno: 97 - Address family not supported by protocol).
[W socket.cpp:601] [c10d] The client socket cannot be initialized to connect to [frontier04217.frontier.olcf.ornl.gov]:8889 (errno: 97 - Address family not supported by protocol).
[W socket.cpp:601] [c10d] The client socket cannot be initialized to connect to [frontier04217.frontier.olcf.ornl.gov]:8889 (errno: 97 - Address family not supported by protocol).
[W socket.cpp:601] [c10d] The client socket cannot be initialized to connect to [frontier04217.frontier.olcf.ornl.gov]:8889 (errno: 97 - Address family not supported by protocol).
[W socket.cpp:601] [c10d] The client socket cannot be initialized to connect to [frontier04217.frontier.olcf.ornl.gov]:8889 (errno: 97 - Address family not supported by protocol).
[W socket.cpp:601] [c10d] The client socket cannot be initialized to connect to [frontier04217.frontier.olcf.ornl.gov]:8889 (errno: 97 - Address family not supported by protocol).
[W socket.cpp:601] [c10d] The client socket cannot be initialized to connect to [frontier04217.frontier.olcf.ornl.gov]:8889 (errno: 97 - Address family not supported by protocol).
[W socket.cpp:601] [c10d] The client socket cannot be initialized to connect to [frontier04217.frontier.olcf.ornl.gov]:8889 (errno: 97 - Address family not supported by protocol).
[W socket.cpp:601] [c10d] The client socket cannot be initialized to connect to [frontier04217.frontier.olcf.ornl.gov]:8889 (errno: 97 - Address family not supported by protocol).
[W socket.cpp:601] [c10d] The client socket cannot be initialized to connect to [frontier04217.frontier.olcf.ornl.gov]:8889 (errno: 97 - Address family not supported by protocol).
[W socket.cpp:601] [c10d] The client socket cannot be initialized to connect to [frontier04217.frontier.olcf.ornl.gov]:8889 (errno: 97 - Address family not supported by protocol).
[W socket.cpp:601] [c10d] The client socket cannot be initialized to connect to [frontier04217.frontier.olcf.ornl.gov]:8889 (errno: 97 - Address family not supported by protocol).
[W socket.cpp:601] [c10d] The client socket cannot be initialized to connect to [frontier04217.frontier.olcf.ornl.gov]:8889 (errno: 97 - Address family not supported by protocol).
[W socket.cpp:601] [c10d] The client socket cannot be initialized to connect to [frontier04217.frontier.olcf.ornl.gov]:8889 (errno: 97 - Address family not supported by protocol).
[W socket.cpp:601] [c10d] The client socket cannot be initialized to connect to [frontier04217.frontier.olcf.ornl.gov]:8889 (errno: 97 - Address family not supported by protocol).
[W socket.cpp:601] [c10d] The client socket cannot be initialized to connect to [frontier04217.frontier.olcf.ornl.gov]:8889 (errno: 97 - Address family not supported by protocol).
[W socket.cpp:601] [c10d] The client socket cannot be initialized to connect to [frontier04217.frontier.olcf.ornl.gov]:8889 (errno: 97 - Address family not supported by protocol).
[W socket.cpp:601] [c10d] The client socket cannot be initialized to connect to [frontier04217.frontier.olcf.ornl.gov]:8889 (errno: 97 - Address family not supported by protocol).
[W socket.cpp:601] [c10d] The client socket cannot be initialized to connect to [frontier04217.frontier.olcf.ornl.gov]:8889 (errno: 97 - Address family not supported by protocol).
[W socket.cpp:601] [c10d] The client socket cannot be initialized to connect to [frontier04217.frontier.olcf.ornl.gov]:8889 (errno: 97 - Address family not supported by protocol).
[W socket.cpp:601] [c10d] The client socket cannot be initialized to connect to [frontier04217.frontier.olcf.ornl.gov]:8889 (errno: 97 - Address family not supported by protocol).
[W socket.cpp:601] [c10d] The client socket cannot be initialized to connect to [frontier04217.frontier.olcf.ornl.gov]:8889 (errno: 97 - Address family not supported by protocol).
[W socket.cpp:601] [c10d] The client socket cannot be initialized to connect to [frontier04217.frontier.olcf.ornl.gov]:8889 (errno: 97 - Address family not supported by protocol).
[W socket.cpp:601] [c10d] The client socket cannot be initialized to connect to [frontier04217.frontier.olcf.ornl.gov]:8889 (errno: 97 - Address family not supported by protocol).
[W socket.cpp:601] [c10d] The client socket cannot be initialized to connect to [frontier04217.frontier.olcf.ornl.gov]:8889 (errno: 97 - Address family not supported by protocol).
[W socket.cpp:601] [c10d] The client socket cannot be initialized to connect to [frontier04217.frontier.olcf.ornl.gov]:8889 (errno: 97 - Address family not supported by protocol).
[W socket.cpp:601] [c10d] The client socket cannot be initialized to connect to [frontier04217.frontier.olcf.ornl.gov]:8889 (errno: 97 - Address family not supported by protocol).
[W socket.cpp:601] [c10d] The client socket cannot be initialized to connect to [frontier04217.frontier.olcf.ornl.gov]:8889 (errno: 97 - Address family not supported by protocol).
[W socket.cpp:601] [c10d] The client socket cannot be initialized to connect to [frontier04217.frontier.olcf.ornl.gov]:8889 (errno: 97 - Address family not supported by protocol).
[W socket.cpp:601] [c10d] The client socket cannot be initialized to connect to [frontier04217.frontier.olcf.ornl.gov]:8889 (errno: 97 - Address family not supported by protocol).
[W socket.cpp:601] [c10d] The client socket cannot be initialized to connect to [frontier04217.frontier.olcf.ornl.gov]:8889 (errno: 97 - Address family not supported by protocol).
[W socket.cpp:601] [c10d] The client socket cannot be initialized to connect to [frontier04217.frontier.olcf.ornl.gov]:8889 (errno: 97 - Address family not supported by protocol).
[W socket.cpp:601] [c10d] The client socket cannot be initialized to connect to [frontier04217.frontier.olcf.ornl.gov]:8889 (errno: 97 - Address family not supported by protocol).
[W socket.cpp:601] [c10d] The client socket cannot be initialized to connect to [frontier04217.frontier.olcf.ornl.gov]:8889 (errno: 97 - Address family not supported by protocol).
[W socket.cpp:601] [c10d] The client socket cannot be initialized to connect to [frontier04217.frontier.olcf.ornl.gov]:8889 (errno: 97 - Address family not supported by protocol).
[W socket.cpp:601] [c10d] The client socket cannot be initialized to connect to [frontier04217.frontier.olcf.ornl.gov]:8889 (errno: 97 - Address family not supported by protocol).
[W socket.cpp:601] [c10d] The client socket cannot be initialized to connect to [frontier04217.frontier.olcf.ornl.gov]:8889 (errno: 97 - Address family not supported by protocol).
[W socket.cpp:601] [c10d] The client socket cannot be initialized to connect to [frontier04217.frontier.olcf.ornl.gov]:8889 (errno: 97 - Address family not supported by protocol).
[W socket.cpp:601] [c10d] The client socket cannot be initialized to connect to [frontier04217.frontier.olcf.ornl.gov]:8889 (errno: 97 - Address family not supported by protocol).
[W socket.cpp:601] [c10d] The client socket cannot be initialized to connect to [frontier04217.frontier.olcf.ornl.gov]:8889 (errno: 97 - Address family not supported by protocol).
[W socket.cpp:601] [c10d] The client socket cannot be initialized to connect to [frontier04217.frontier.olcf.ornl.gov]:8889 (errno: 97 - Address family not supported by protocol).
[W socket.cpp:601] [c10d] The client socket cannot be initialized to connect to [frontier04217.frontier.olcf.ornl.gov]:8889 (errno: 97 - Address family not supported by protocol).
[W socket.cpp:601] [c10d] The client socket cannot be initialized to connect to [frontier04217.frontier.olcf.ornl.gov]:8889 (errno: 97 - Address family not supported by protocol).
[W socket.cpp:601] [c10d] The client socket cannot be initialized to connect to [frontier04217.frontier.olcf.ornl.gov]:8889 (errno: 97 - Address family not supported by protocol).
[W socket.cpp:601] [c10d] The client socket cannot be initialized to connect to [frontier04217.frontier.olcf.ornl.gov]:8889 (errno: 97 - Address family not supported by protocol).
[W socket.cpp:601] [c10d] The client socket cannot be initialized to connect to [frontier04217.frontier.olcf.ornl.gov]:8889 (errno: 97 - Address family not supported by protocol).
[W socket.cpp:601] [c10d] The client socket cannot be initialized to connect to [frontier04217.frontier.olcf.ornl.gov]:8889 (errno: 97 - Address family not supported by protocol).
[W socket.cpp:601] [c10d] The client socket cannot be initialized to connect to [frontier04217.frontier.olcf.ornl.gov]:8889 (errno: 97 - Address family not supported by protocol).
[W socket.cpp:601] [c10d] The client socket cannot be initialized to connect to [frontier04217.frontier.olcf.ornl.gov]:8889 (errno: 97 - Address family not supported by protocol).
[W socket.cpp:601] [c10d] The client socket cannot be initialized to connect to [frontier04217.frontier.olcf.ornl.gov]:8889 (errno: 97 - Address family not supported by protocol).
[W socket.cpp:601] [c10d] The client socket cannot be initialized to connect to [frontier04217.frontier.olcf.ornl.gov]:8889 (errno: 97 - Address family not supported by protocol).
[W socket.cpp:601] [c10d] The client socket cannot be initialized to connect to [frontier04217.frontier.olcf.ornl.gov]:8889 (errno: 97 - Address family not supported by protocol).
[W socket.cpp:601] [c10d] The client socket cannot be initialized to connect to [frontier04217.frontier.olcf.ornl.gov]:8889 (errno: 97 - Address family not supported by protocol).
[W socket.cpp:601] [c10d] The client socket cannot be initialized to connect to [frontier04217.frontier.olcf.ornl.gov]:8889 (errno: 97 - Address family not supported by protocol).
[W socket.cpp:601] [c10d] The client socket cannot be initialized to connect to [frontier04217.frontier.olcf.ornl.gov]:8889 (errno: 97 - Address family not supported by protocol).
[W socket.cpp:601] [c10d] The client socket cannot be initialized to connect to [frontier04217.frontier.olcf.ornl.gov]:8889 (errno: 97 - Address family not supported by protocol).
[W socket.cpp:601] [c10d] The client socket cannot be initialized to connect to [frontier04217.frontier.olcf.ornl.gov]:8889 (errno: 97 - Address family not supported by protocol).
[W socket.cpp:601] [c10d] The client socket cannot be initialized to connect to [frontier04217.frontier.olcf.ornl.gov]:8889 (errno: 97 - Address family not supported by protocol).
[W socket.cpp:601] [c10d] The client socket cannot be initialized to connect to [frontier04217.frontier.olcf.ornl.gov]:8889 (errno: 97 - Address family not supported by protocol).
[W socket.cpp:601] [c10d] The client socket cannot be initialized to connect to [frontier04217.frontier.olcf.ornl.gov]:8889 (errno: 97 - Address family not supported by protocol).
[W socket.cpp:601] [c10d] The client socket cannot be initialized to connect to [frontier04217.frontier.olcf.ornl.gov]:8889 (errno: 97 - Address family not supported by protocol).
[W socket.cpp:601] [c10d] The client socket cannot be initialized to connect to [frontier04217.frontier.olcf.ornl.gov]:8889 (errno: 97 - Address family not supported by protocol).
[W socket.cpp:601] [c10d] The client socket cannot be initialized to connect to [frontier04217.frontier.olcf.ornl.gov]:8889 (errno: 97 - Address family not supported by protocol).
[W socket.cpp:601] [c10d] The client socket cannot be initialized to connect to [frontier04217.frontier.olcf.ornl.gov]:8889 (errno: 97 - Address family not supported by protocol).
[W socket.cpp:601] [c10d] The client socket cannot be initialized to connect to [frontier04217.frontier.olcf.ornl.gov]:8889 (errno: 97 - Address family not supported by protocol).
[W socket.cpp:601] [c10d] The client socket cannot be initialized to connect to [frontier04217.frontier.olcf.ornl.gov]:8889 (errno: 97 - Address family not supported by protocol).
[W socket.cpp:601] [c10d] The client socket cannot be initialized to connect to [frontier04217.frontier.olcf.ornl.gov]:8889 (errno: 97 - Address family not supported by protocol).
[W socket.cpp:601] [c10d] The client socket cannot be initialized to connect to [frontier04217.frontier.olcf.ornl.gov]:8889 (errno: 97 - Address family not supported by protocol).
[W socket.cpp:601] [c10d] The client socket cannot be initialized to connect to [frontier04217.frontier.olcf.ornl.gov]:8889 (errno: 97 - Address family not supported by protocol).
[W socket.cpp:601] [c10d] The client socket cannot be initialized to connect to [frontier04217.frontier.olcf.ornl.gov]:8889 (errno: 97 - Address family not supported by protocol).
[W socket.cpp:601] [c10d] The client socket cannot be initialized to connect to [frontier04217.frontier.olcf.ornl.gov]:8889 (errno: 97 - Address family not supported by protocol).
[W socket.cpp:601] [c10d] The client socket cannot be initialized to connect to [frontier04217.frontier.olcf.ornl.gov]:8889 (errno: 97 - Address family not supported by protocol).
[W socket.cpp:601] [c10d] The client socket cannot be initialized to connect to [frontier04217.frontier.olcf.ornl.gov]:8889 (errno: 97 - Address family not supported by protocol).
[W socket.cpp:601] [c10d] The client socket cannot be initialized to connect to [frontier04217.frontier.olcf.ornl.gov]:8889 (errno: 97 - Address family not supported by protocol).
[W socket.cpp:601] [c10d] The client socket cannot be initialized to connect to [frontier04217.frontier.olcf.ornl.gov]:8889 (errno: 97 - Address family not supported by protocol).
[W socket.cpp:601] [c10d] The client socket cannot be initialized to connect to [frontier04217.frontier.olcf.ornl.gov]:8889 (errno: 97 - Address family not supported by protocol).
[W socket.cpp:601] [c10d] The client socket cannot be initialized to connect to [frontier04217.frontier.olcf.ornl.gov]:8889 (errno: 97 - Address family not supported by protocol).
[W socket.cpp:601] [c10d] The client socket cannot be initialized to connect to [frontier04217.frontier.olcf.ornl.gov]:8889 (errno: 97 - Address family not supported by protocol).
[W socket.cpp:601] [c10d] The client socket cannot be initialized to connect to [frontier04217.frontier.olcf.ornl.gov]:8889 (errno: 97 - Address family not supported by protocol).
[W socket.cpp:601] [c10d] The client socket cannot be initialized to connect to [frontier04217.frontier.olcf.ornl.gov]:8889 (errno: 97 - Address family not supported by protocol).
[W socket.cpp:601] [c10d] The client socket cannot be initialized to connect to [frontier04217.frontier.olcf.ornl.gov]:8889 (errno: 97 - Address family not supported by protocol).
[W socket.cpp:601] [c10d] The client socket cannot be initialized to connect to [frontier04217.frontier.olcf.ornl.gov]:8889 (errno: 97 - Address family not supported by protocol).
[W socket.cpp:601] [c10d] The client socket cannot be initialized to connect to [frontier04217.frontier.olcf.ornl.gov]:8889 (errno: 97 - Address family not supported by protocol).
[W socket.cpp:601] [c10d] The client socket cannot be initialized to connect to [frontier04217.frontier.olcf.ornl.gov]:8889 (errno: 97 - Address family not supported by protocol).
[W socket.cpp:601] [c10d] The client socket cannot be initialized to connect to [frontier04217.frontier.olcf.ornl.gov]:8889 (errno: 97 - Address family not supported by protocol).
[W socket.cpp:601] [c10d] The client socket cannot be initialized to connect to [frontier04217.frontier.olcf.ornl.gov]:8889 (errno: 97 - Address family not supported by protocol).
[W socket.cpp:601] [c10d] The client socket cannot be initialized to connect to [frontier04217.frontier.olcf.ornl.gov]:8889 (errno: 97 - Address family not supported by protocol).
[W socket.cpp:601] [c10d] The client socket cannot be initialized to connect to [frontier04217.frontier.olcf.ornl.gov]:8889 (errno: 97 - Address family not supported by protocol).
[W socket.cpp:601] [c10d] The client socket cannot be initialized to connect to [frontier04217.frontier.olcf.ornl.gov]:8889 (errno: 97 - Address family not supported by protocol).
[W socket.cpp:601] [c10d] The client socket cannot be initialized to connect to [frontier04217.frontier.olcf.ornl.gov]:8889 (errno: 97 - Address family not supported by protocol).
[W socket.cpp:601] [c10d] The client socket cannot be initialized to connect to [frontier04217.frontier.olcf.ornl.gov]:8889 (errno: 97 - Address family not supported by protocol).
[W socket.cpp:601] [c10d] The client socket cannot be initialized to connect to [frontier04217.frontier.olcf.ornl.gov]:8889 (errno: 97 - Address family not supported by protocol).
[W socket.cpp:601] [c10d] The client socket cannot be initialized to connect to [frontier04217.frontier.olcf.ornl.gov]:8889 (errno: 97 - Address family not supported by protocol).
[W socket.cpp:601] [c10d] The client socket cannot be initialized to connect to [frontier04217.frontier.olcf.ornl.gov]:8889 (errno: 97 - Address family not supported by protocol).
[W socket.cpp:601] [c10d] The client socket cannot be initialized to connect to [frontier04217.frontier.olcf.ornl.gov]:8889 (errno: 97 - Address family not supported by protocol).
[W socket.cpp:601] [c10d] The client socket cannot be initialized to connect to [frontier04217.frontier.olcf.ornl.gov]:8889 (errno: 97 - Address family not supported by protocol).
[W socket.cpp:601] [c10d] The client socket cannot be initialized to connect to [frontier04217.frontier.olcf.ornl.gov]:8889 (errno: 97 - Address family not supported by protocol).
[W socket.cpp:601] [c10d] The client socket cannot be initialized to connect to [frontier04217.frontier.olcf.ornl.gov]:8889 (errno: 97 - Address family not supported by protocol).
[W socket.cpp:601] [c10d] The client socket cannot be initialized to connect to [frontier04217.frontier.olcf.ornl.gov]:8889 (errno: 97 - Address family not supported by protocol).
[W socket.cpp:601] [c10d] The client socket cannot be initialized to connect to [frontier04217.frontier.olcf.ornl.gov]:8889 (errno: 97 - Address family not supported by protocol).
[W socket.cpp:601] [c10d] The client socket cannot be initialized to connect to [frontier04217.frontier.olcf.ornl.gov]:8889 (errno: 97 - Address family not supported by protocol).
[W socket.cpp:601] [c10d] The client socket cannot be initialized to connect to [frontier04217.frontier.olcf.ornl.gov]:8889 (errno: 97 - Address family not supported by protocol).
[W socket.cpp:601] [c10d] The client socket cannot be initialized to connect to [frontier04217.frontier.olcf.ornl.gov]:8889 (errno: 97 - Address family not supported by protocol).
[W socket.cpp:601] [c10d] The client socket cannot be initialized to connect to [frontier04217.frontier.olcf.ornl.gov]:8889 (errno: 97 - Address family not supported by protocol).
[W socket.cpp:601] [c10d] The client socket cannot be initialized to connect to [frontier04217.frontier.olcf.ornl.gov]:8889 (errno: 97 - Address family not supported by protocol).
[W socket.cpp:601] [c10d] The client socket cannot be initialized to connect to [frontier04217.frontier.olcf.ornl.gov]:8889 (errno: 97 - Address family not supported by protocol).
[W socket.cpp:601] [c10d] The client socket cannot be initialized to connect to [frontier04217.frontier.olcf.ornl.gov]:8889 (errno: 97 - Address family not supported by protocol).
[W socket.cpp:601] [c10d] The client socket cannot be initialized to connect to [frontier04217.frontier.olcf.ornl.gov]:8889 (errno: 97 - Address family not supported by protocol).
[W socket.cpp:601] [c10d] The client socket cannot be initialized to connect to [frontier04217.frontier.olcf.ornl.gov]:8889 (errno: 97 - Address family not supported by protocol).
[W socket.cpp:601] [c10d] The client socket cannot be initialized to connect to [frontier04217.frontier.olcf.ornl.gov]:8889 (errno: 97 - Address family not supported by protocol).
[W socket.cpp:601] [c10d] The client socket cannot be initialized to connect to [frontier04217.frontier.olcf.ornl.gov]:8889 (errno: 97 - Address family not supported by protocol).
[W socket.cpp:601] [c10d] The client socket cannot be initialized to connect to [frontier04217.frontier.olcf.ornl.gov]:8889 (errno: 97 - Address family not supported by protocol).
[W socket.cpp:601] [c10d] The client socket cannot be initialized to connect to [frontier04217.frontier.olcf.ornl.gov]:8889 (errno: 97 - Address family not supported by protocol).
[W socket.cpp:601] [c10d] The client socket cannot be initialized to connect to [frontier04217.frontier.olcf.ornl.gov]:8889 (errno: 97 - Address family not supported by protocol).
[W socket.cpp:601] [c10d] The client socket cannot be initialized to connect to [frontier04217.frontier.olcf.ornl.gov]:8889 (errno: 97 - Address family not supported by protocol).
[W socket.cpp:601] [c10d] The client socket cannot be initialized to connect to [frontier04217.frontier.olcf.ornl.gov]:8889 (errno: 97 - Address family not supported by protocol).
[W socket.cpp:601] [c10d] The client socket cannot be initialized to connect to [frontier04217.frontier.olcf.ornl.gov]:8889 (errno: 97 - Address family not supported by protocol).
[W socket.cpp:601] [c10d] The client socket cannot be initialized to connect to [frontier04217.frontier.olcf.ornl.gov]:8889 (errno: 97 - Address family not supported by protocol).
[W socket.cpp:601] [c10d] The client socket cannot be initialized to connect to [frontier04217.frontier.olcf.ornl.gov]:8889 (errno: 97 - Address family not supported by protocol).
[W socket.cpp:601] [c10d] The client socket cannot be initialized to connect to [frontier04217.frontier.olcf.ornl.gov]:8889 (errno: 97 - Address family not supported by protocol).
[W socket.cpp:601] [c10d] The client socket cannot be initialized to connect to [frontier04217.frontier.olcf.ornl.gov]:8889 (errno: 97 - Address family not supported by protocol).
[W socket.cpp:601] [c10d] The client socket cannot be initialized to connect to [frontier04217.frontier.olcf.ornl.gov]:8889 (errno: 97 - Address family not supported by protocol).
[W socket.cpp:601] [c10d] The client socket cannot be initialized to connect to [frontier04217.frontier.olcf.ornl.gov]:8889 (errno: 97 - Address family not supported by protocol).
[W socket.cpp:601] [c10d] The client socket cannot be initialized to connect to [frontier04217.frontier.olcf.ornl.gov]:8889 (errno: 97 - Address family not supported by protocol).
[W socket.cpp:601] [c10d] The client socket cannot be initialized to connect to [frontier04217.frontier.olcf.ornl.gov]:8889 (errno: 97 - Address family not supported by protocol).
[W socket.cpp:601] [c10d] The client socket cannot be initialized to connect to [frontier04217.frontier.olcf.ornl.gov]:8889 (errno: 97 - Address family not supported by protocol).
[W socket.cpp:601] [c10d] The client socket cannot be initialized to connect to [frontier04217.frontier.olcf.ornl.gov]:8889 (errno: 97 - Address family not supported by protocol).
[W socket.cpp:601] [c10d] The client socket cannot be initialized to connect to [frontier04217.frontier.olcf.ornl.gov]:8889 (errno: 97 - Address family not supported by protocol).
[W socket.cpp:601] [c10d] The client socket cannot be initialized to connect to [frontier04217.frontier.olcf.ornl.gov]:8889 (errno: 97 - Address family not supported by protocol).
[W socket.cpp:601] [c10d] The client socket cannot be initialized to connect to [frontier04217.frontier.olcf.ornl.gov]:8889 (errno: 97 - Address family not supported by protocol).
[W socket.cpp:601] [c10d] The client socket cannot be initialized to connect to [frontier04217.frontier.olcf.ornl.gov]:8889 (errno: 97 - Address family not supported by protocol).
[W socket.cpp:601] [c10d] The client socket cannot be initialized to connect to [frontier04217.frontier.olcf.ornl.gov]:8889 (errno: 97 - Address family not supported by protocol).
[W socket.cpp:601] [c10d] The client socket cannot be initialized to connect to [frontier04217.frontier.olcf.ornl.gov]:8889 (errno: 97 - Address family not supported by protocol).
[W socket.cpp:601] [c10d] The client socket cannot be initialized to connect to [frontier04217.frontier.olcf.ornl.gov]:8889 (errno: 97 - Address family not supported by protocol).
[W socket.cpp:601] [c10d] The client socket cannot be initialized to connect to [frontier04217.frontier.olcf.ornl.gov]:8889 (errno: 97 - Address family not supported by protocol).
[W socket.cpp:601] [c10d] The client socket cannot be initialized to connect to [frontier04217.frontier.olcf.ornl.gov]:8889 (errno: 97 - Address family not supported by protocol).
[W socket.cpp:601] [c10d] The client socket cannot be initialized to connect to [frontier04217.frontier.olcf.ornl.gov]:8889 (errno: 97 - Address family not supported by protocol).
[W socket.cpp:601] [c10d] The client socket cannot be initialized to connect to [frontier04217.frontier.olcf.ornl.gov]:8889 (errno: 97 - Address family not supported by protocol).
[W socket.cpp:601] [c10d] The client socket cannot be initialized to connect to [frontier04217.frontier.olcf.ornl.gov]:8889 (errno: 97 - Address family not supported by protocol).
[W socket.cpp:601] [c10d] The client socket cannot be initialized to connect to [frontier04217.frontier.olcf.ornl.gov]:8889 (errno: 97 - Address family not supported by protocol).
[W socket.cpp:601] [c10d] The client socket cannot be initialized to connect to [frontier04217.frontier.olcf.ornl.gov]:8889 (errno: 97 - Address family not supported by protocol).
[W socket.cpp:601] [c10d] The client socket cannot be initialized to connect to [frontier04217.frontier.olcf.ornl.gov]:8889 (errno: 97 - Address family not supported by protocol).
[W socket.cpp:601] [c10d] The client socket cannot be initialized to connect to [frontier04217.frontier.olcf.ornl.gov]:8889 (errno: 97 - Address family not supported by protocol).
[W socket.cpp:601] [c10d] The client socket cannot be initialized to connect to [frontier04217.frontier.olcf.ornl.gov]:8889 (errno: 97 - Address family not supported by protocol).
[W socket.cpp:601] [c10d] The client socket cannot be initialized to connect to [frontier04217.frontier.olcf.ornl.gov]:8889 (errno: 97 - Address family not supported by protocol).
[W socket.cpp:601] [c10d] The client socket cannot be initialized to connect to [frontier04217.frontier.olcf.ornl.gov]:8889 (errno: 97 - Address family not supported by protocol).
[W socket.cpp:601] [c10d] The client socket cannot be initialized to connect to [frontier04217.frontier.olcf.ornl.gov]:8889 (errno: 97 - Address family not supported by protocol).
[W socket.cpp:601] [c10d] The client socket cannot be initialized to connect to [frontier04217.frontier.olcf.ornl.gov]:8889 (errno: 97 - Address family not supported by protocol).
[W socket.cpp:601] [c10d] The client socket cannot be initialized to connect to [frontier04217.frontier.olcf.ornl.gov]:8889 (errno: 97 - Address family not supported by protocol).
[W socket.cpp:601] [c10d] The client socket cannot be initialized to connect to [frontier04217.frontier.olcf.ornl.gov]:8889 (errno: 97 - Address family not supported by protocol).
[W socket.cpp:601] [c10d] The client socket cannot be initialized to connect to [frontier04217.frontier.olcf.ornl.gov]:8889 (errno: 97 - Address family not supported by protocol).
[W socket.cpp:601] [c10d] The client socket cannot be initialized to connect to [frontier04217.frontier.olcf.ornl.gov]:8889 (errno: 97 - Address family not supported by protocol).
[W socket.cpp:601] [c10d] The client socket cannot be initialized to connect to [frontier04217.frontier.olcf.ornl.gov]:8889 (errno: 97 - Address family not supported by protocol).
[W socket.cpp:601] [c10d] The client socket cannot be initialized to connect to [frontier04217.frontier.olcf.ornl.gov]:8889 (errno: 97 - Address family not supported by protocol).
[W socket.cpp:601] [c10d] The client socket cannot be initialized to connect to [frontier04217.frontier.olcf.ornl.gov]:8889 (errno: 97 - Address family not supported by protocol).
[W socket.cpp:601] [c10d] The client socket cannot be initialized to connect to [frontier04217.frontier.olcf.ornl.gov]:8889 (errno: 97 - Address family not supported by protocol).
[W socket.cpp:601] [c10d] The client socket cannot be initialized to connect to [frontier04217.frontier.olcf.ornl.gov]:8889 (errno: 97 - Address family not supported by protocol).
[W socket.cpp:601] [c10d] The client socket cannot be initialized to connect to [frontier04217.frontier.olcf.ornl.gov]:8889 (errno: 97 - Address family not supported by protocol).
[W socket.cpp:601] [c10d] The client socket cannot be initialized to connect to [frontier04217.frontier.olcf.ornl.gov]:8889 (errno: 97 - Address family not supported by protocol).
[W socket.cpp:601] [c10d] The client socket cannot be initialized to connect to [frontier04217.frontier.olcf.ornl.gov]:8889 (errno: 97 - Address family not supported by protocol).
[W socket.cpp:601] [c10d] The client socket cannot be initialized to connect to [frontier04217.frontier.olcf.ornl.gov]:8889 (errno: 97 - Address family not supported by protocol).
[W socket.cpp:601] [c10d] The client socket cannot be initialized to connect to [frontier04217.frontier.olcf.ornl.gov]:8889 (errno: 97 - Address family not supported by protocol).
0: Command: ./examples/multidataset/train.py --multi_model_list=OC2020 --multi --num_epoch=1 --everyone --ddstore --log=exp-strongfull-SMALL-2124727-NN16 --inputfile=SMALL_MTL.json

0: Adios reading: ./examples/multidataset/./dataset/OC2020.bp
0: Read attr time (sec):  0.09731006622314453
0: read and bcast: trainset/x/variable_count 118.91018867492676
0: read and bcast: trainset/x/variable_offset 131.38178086280823
0: read and bcast: trainset/x/variable_dim 131.38238549232483
0: read and bcast: trainset/edge_index/variable_count 239.0635142326355
0: read and bcast: trainset/edge_index/variable_offset 250.25868678092957
0: read and bcast: trainset/edge_index/variable_dim 250.5560803413391
0: read and bcast: trainset/edge_attr/variable_count 356.8387849330902
0: read and bcast: trainset/edge_attr/variable_offset 367.2615885734558
0: read and bcast: trainset/edge_attr/variable_dim 367.5529775619507
0: read and bcast: trainset/pos/variable_count 472.0062963962555
0: read and bcast: trainset/pos/variable_offset 481.75208926200867
0: read and bcast: trainset/pos/variable_dim 482.0379087924957
0: read and bcast: trainset/y/variable_count 499.61351799964905
0: read and bcast: trainset/y/variable_offset 512.3954675197601
0: read and bcast: trainset/y/variable_dim 512.6788709163666
0: Overall time (sec):  512.7763895988464
0: DDStore adding time (sec):  0.0
0: Data loading time (sec):  512.8769085407257
0: Adios reading: ./examples/multidataset/./dataset/OC2020.bp
0: Read attr time (sec):  0.07541632652282715
0: read and bcast: valset/x/variable_count 97.80870318412781
0: read and bcast: valset/x/variable_offset 99.47318029403687
0: read and bcast: valset/x/variable_dim 99.49804472923279
0: read and bcast: valset/edge_index/variable_count 199.60294651985168
0: read and bcast: valset/edge_index/variable_offset 202.20816159248352
0: read and bcast: valset/edge_index/variable_dim 202.23417496681213
0: read and bcast: valset/edge_attr/variable_count 305.15626645088196
0: read and bcast: valset/edge_attr/variable_offset 306.89689660072327
0: read and bcast: valset/edge_attr/variable_dim 306.9232642650604
0: read and bcast: valset/pos/variable_count 402.4641101360321
0: read and bcast: valset/pos/variable_offset 404.1188168525696
0: read and bcast: valset/pos/variable_dim 404.14531326293945
0: read and bcast: valset/y/variable_count 406.4156332015991
0: read and bcast: valset/y/variable_offset 407.97548937797546
0: read and bcast: valset/y/variable_dim 407.9758143424988
0: Overall time (sec):  408.051420211792
0: DDStore adding time (sec):  0.0
0: Data loading time (sec):  408.14311838150024
0: Adios reading: ./examples/multidataset/./dataset/OC2020.bp
0: Read attr time (sec):  0.07311224937438965
0: read and bcast: testset/x/variable_count 6.064209699630737
0: read and bcast: testset/x/variable_offset 6.20180344581604
0: read and bcast: testset/x/variable_dim 6.2020134925842285
0: read and bcast: testset/edge_index/variable_count 12.19223928451538
0: read and bcast: testset/edge_index/variable_offset 12.280483961105347
0: read and bcast: testset/edge_index/variable_dim 12.280699968338013
0: read and bcast: testset/edge_attr/variable_count 18.285130500793457
0: read and bcast: testset/edge_attr/variable_offset 18.374204635620117
0: read and bcast: testset/edge_attr/variable_dim 18.374380350112915
0: read and bcast: testset/pos/variable_count 23.360442399978638
0: read and bcast: testset/pos/variable_offset 23.450212955474854
0: read and bcast: testset/pos/variable_dim 23.450438976287842
0: read and bcast: testset/y/variable_count 23.550554037094116
0: read and bcast: testset/y/variable_offset 23.641207456588745
0: read and bcast: testset/y/variable_dim 23.641425848007202
0: Overall time (sec):  23.714686393737793
0: DDStore adding time (sec):  0.0
0: Data loading time (sec):  23.762632369995117
0: Adios preloading: ./examples/multidataset/./dataset/OC2020.bp
0: Adios reading time (sec):  56.067728757858276
0: Adios preloading: ./examples/multidataset/./dataset/OC2020.bp
0: Adios reading time (sec):  8.398003339767456
0: Adios preloading: ./examples/multidataset/./dataset/OC2020.bp
0: Adios reading time (sec):  0.6142268180847168
Loading:   0%|          | 0/941724 [00:00<?, ?it/s]Loading:   0%|          | 1/941724 [00:00<115:15:14,  2.27it/s]Loading:   0%|          | 357/941724 [00:00<17:58, 873.12it/s] Loading:   0%|          | 715/941724 [00:00<09:57, 1573.94it/s]Loading:   0%|          | 1094/941724 [00:00<07:13, 2171.24it/s]Loading:   0%|          | 1470/941724 [00:00<05:59, 2613.28it/s]Loading:   0%|          | 1827/941724 [00:00<05:25, 2883.84it/s]Loading:   0%|          | 2172/941724 [00:01<07:18, 2141.06it/s]Loading:   0%|          | 2527/941724 [00:01<06:22, 2456.29it/s]Loading:   0%|          | 2888/941724 [00:01<05:43, 2735.08it/s]Loading:   0%|          | 3251/941724 [00:01<05:16, 2964.07it/s]Loading:   0%|          | 3611/941724 [00:01<04:59, 3133.63it/s]Loading:   0%|          | 3973/941724 [00:01<04:47, 3262.43it/s]Loading:   0%|          | 4330/941724 [00:01<04:39, 3349.27it/s]Loading:   0%|          | 4687/941724 [00:01<04:34, 3410.90it/s]Loading:   1%|          | 5044/941724 [00:01<04:31, 3456.13it/s]Loading:   1%|          | 5398/941724 [00:02<04:29, 3480.10it/s]Loading:   1%|          | 5756/941724 [00:02<04:26, 3507.40it/s]Loading:   1%|          | 6114/941724 [00:02<04:25, 3527.79it/s]Loading:   1%|          | 6475/941724 [00:02<04:23, 3551.17it/s]Loading:   1%|          | 6833/941724 [00:02<04:23, 3550.92it/s]Loading:   1%|          | 7193/941724 [00:02<04:22, 3563.31it/s]Loading:   1%|          | 7551/941724 [00:02<04:21, 3567.99it/s]Loading:   1%|          | 7909/941724 [00:04<21:00, 740.69it/s] Loading:   1%|          | 8198/941724 [00:04<16:59, 915.56it/s]Loading:   1%|          | 8495/941724 [00:04<13:46, 1129.26it/s]Loading:   1%|          | 8813/941724 [00:04<11:08, 1394.55it/s]Loading:   1%|          | 9142/941724 [00:04<09:11, 1690.12it/s]Loading:   1%|          | 9477/941724 [00:04<07:47, 1992.57it/s]Loading:   1%|          | 9811/941724 [00:04<06:50, 2270.35it/s]Loading:   1%|          | 10146/941724 [00:04<06:10, 2516.19it/s]Loading:   1%|          | 10484/941724 [00:04<05:41, 2727.73it/s]Loading:   1%|          | 10844/941724 [00:04<05:15, 2953.94it/s]Loading:   1%|          | 11203/941724 [00:05<04:57, 3124.06it/s]Loading:   1%|          | 11564/941724 [00:05<04:45, 3258.93it/s]Loading:   1%|▏         | 11921/941724 [00:05<04:37, 3346.06it/s]Loading:   1%|▏         | 12275/941724 [00:05<04:33, 3399.85it/s]Loading:   1%|▏         | 12636/941724 [00:05<04:28, 3459.91it/s]Loading:   1%|▏         | 12991/941724 [00:05<04:27, 3468.05it/s]Loading:   1%|▏         | 13344/941724 [00:05<04:27, 3466.83it/s]Loading:   1%|▏         | 13702/941724 [00:05<04:25, 3500.00it/s]Loading:   1%|▏         | 14055/941724 [00:06<06:44, 2292.93it/s]Loading:   2%|▏         | 14412/941724 [00:06<06:01, 2568.21it/s]Loading:   2%|▏         | 14771/941724 [00:06<05:30, 2808.23it/s]Loading:   2%|▏         | 15130/941724 [00:06<05:08, 3005.25it/s]Loading:   2%|▏         | 15486/941724 [00:06<04:54, 3150.12it/s]Loading:   2%|▏         | 15844/941724 [00:06<04:43, 3267.31it/s]Loading:   2%|▏         | 16198/941724 [00:06<04:36, 3343.65it/s]Loading:   2%|▏         | 16555/941724 [00:06<04:31, 3406.04it/s]Loading:   2%|▏         | 16916/941724 [00:06<04:26, 3463.82it/s]Loading:   2%|▏         | 17270/941724 [00:06<04:25, 3480.44it/s]Loading:   2%|▏         | 17632/941724 [00:07<04:22, 3519.80it/s]Loading:   2%|▏         | 17988/941724 [00:07<04:22, 3523.60it/s]Loading:   2%|▏         | 18349/941724 [00:07<04:20, 3548.89it/s]Loading:   2%|▏         | 18707/941724 [00:07<04:19, 3555.64it/s]Loading:   2%|▏         | 19065/941724 [00:07<04:19, 3561.20it/s]Loading:   2%|▏         | 19424/941724 [00:07<04:18, 3569.59it/s]Loading:   2%|▏         | 19783/941724 [00:07<04:18, 3573.25it/s]Loading:   2%|▏         | 20141/941724 [00:07<04:17, 3574.84it/s]Loading:   2%|▏         | 20501/941724 [00:07<04:17, 3582.35it/s]Loading:   2%|▏         | 20860/941724 [00:07<04:17, 3579.76it/s]Loading:   2%|▏         | 21220/941724 [00:08<04:16, 3584.68it/s]Loading:   2%|▏         | 21579/941724 [00:08<04:17, 3579.08it/s]Loading:   2%|▏         | 21940/941724 [00:08<04:16, 3588.04it/s]Loading:   2%|▏         | 22300/941724 [00:08<04:16, 3590.25it/s]Loading:   2%|▏         | 22660/941724 [00:08<04:16, 3587.85it/s]Loading:   2%|▏         | 23019/941724 [00:08<04:16, 3584.78it/s]Loading:   2%|▏         | 23378/941724 [00:08<06:52, 2224.25it/s]Loading:   3%|▎         | 23697/941724 [00:08<06:18, 2426.11it/s]Loading:   3%|▎         | 24055/941724 [00:09<05:41, 2690.99it/s]Loading:   3%|▎         | 24414/941724 [00:09<05:15, 2912.07it/s]Loading:   3%|▎         | 24776/941724 [00:09<04:56, 3095.05it/s]Loading:   3%|▎         | 25114/941724 [00:09<06:57, 2194.92it/s]Loading:   3%|▎         | 25440/941724 [00:09<06:18, 2420.13it/s]Loading:   3%|▎         | 25792/941724 [00:09<05:42, 2675.03it/s]Loading:   3%|▎         | 26148/941724 [00:09<05:16, 2894.69it/s]Loading:   3%|▎         | 26501/941724 [00:09<04:58, 3060.98it/s]Loading:   3%|▎         | 26833/941724 [00:10<07:31, 2027.46it/s]Loading:   3%|▎         | 27129/941724 [00:10<06:53, 2213.94it/s]Loading:   3%|▎         | 27471/941724 [00:10<06:08, 2482.19it/s]Loading:   3%|▎         | 27825/941724 [00:10<05:33, 2736.75it/s]Loading:   3%|▎         | 28184/941724 [00:10<05:09, 2955.00it/s]Loading:   3%|▎         | 28511/941724 [00:10<07:51, 1936.30it/s]Loading:   3%|▎         | 28807/941724 [00:11<09:22, 1621.97it/s]Loading:   3%|▎         | 29115/941724 [00:11<08:06, 1877.14it/s]Loading:   3%|▎         | 29473/941724 [00:11<06:51, 2217.95it/s]Loading:   3%|▎         | 29825/941724 [00:11<06:03, 2506.59it/s]Loading:   3%|▎         | 30186/941724 [00:11<05:28, 2770.90it/s]Loading:   3%|▎         | 30504/941724 [00:11<08:18, 1826.30it/s]Loading:   3%|▎         | 30799/941724 [00:12<07:26, 2038.11it/s]Loading:   3%|▎         | 31138/941724 [00:12<06:31, 2324.36it/s]Loading:   3%|▎         | 31495/941724 [00:12<05:48, 2613.44it/s]Loading:   3%|▎         | 31851/941724 [00:12<05:19, 2847.98it/s]Loading:   3%|▎         | 32207/941724 [00:12<04:59, 3034.63it/s]Loading:   3%|▎         | 32540/941724 [00:12<07:35, 1993.90it/s]Loading:   3%|▎         | 32844/941724 [00:12<06:52, 2201.98it/s]Loading:   4%|▎         | 33203/941724 [00:12<06:02, 2508.68it/s]Loading:   4%|▎         | 33554/941724 [00:13<05:30, 2747.75it/s]Loading:   4%|▎         | 33909/941724 [00:13<05:07, 2951.59it/s]Loading:   4%|▎         | 34263/941724 [00:13<04:51, 3108.61it/s]Loading:   4%|▎         | 34599/941724 [00:13<06:57, 2173.19it/s]Loading:   4%|▎         | 34921/941724 [00:13<06:18, 2395.66it/s]Loading:   4%|▎         | 35277/941724 [00:13<05:39, 2666.63it/s]Loading:   4%|▍         | 35633/941724 [00:13<05:13, 2887.68it/s]Loading:   4%|▍         | 35993/941724 [00:13<04:54, 3074.84it/s]Loading:   4%|▍         | 36327/941724 [00:14<07:24, 2036.35it/s]Loading:   4%|▍         | 36626/941724 [00:14<06:46, 2228.31it/s]Loading:   4%|▍         | 36968/941724 [00:14<06:02, 2493.84it/s]Loading:   4%|▍         | 37325/941724 [00:14<05:28, 2753.23it/s]Loading:   4%|▍         | 37681/941724 [00:14<05:05, 2958.38it/s]Loading:   4%|▍         | 38035/941724 [00:14<04:50, 3112.70it/s]Loading:   4%|▍         | 38370/941724 [00:14<07:05, 2121.24it/s]Loading:   4%|▍         | 38686/941724 [00:15<06:26, 2337.04it/s]Loading:   4%|▍         | 39041/941724 [00:15<05:45, 2614.13it/s]Loading:   4%|▍         | 39346/941724 [00:15<12:19, 1220.51it/s]Loading:   4%|▍         | 39679/941724 [00:15<09:58, 1508.42it/s]Loading:   4%|▍         | 40037/941724 [00:15<08:08, 1846.59it/s]Loading:   4%|▍         | 40394/941724 [00:16<06:54, 2171.93it/s]Loading:   4%|▍         | 40753/941724 [00:16<06:04, 2473.36it/s]Loading:   4%|▍         | 41078/941724 [00:16<08:31, 1759.57it/s]Loading:   4%|▍         | 41382/941724 [00:16<07:32, 1990.87it/s]Loading:   4%|▍         | 41717/941724 [00:16<06:36, 2269.71it/s]Loading:   4%|▍         | 42075/941724 [00:16<05:50, 2565.84it/s]Loading:   5%|▍         | 42414/941724 [00:16<05:25, 2765.31it/s]Loading:   5%|▍         | 42733/941724 [00:17<07:22, 2031.76it/s]Loading:   5%|▍         | 43068/941724 [00:17<06:30, 2303.85it/s]Loading:   5%|▍         | 43428/941724 [00:17<05:45, 2598.31it/s]Loading:   5%|▍         | 43734/941724 [00:17<08:21, 1792.07it/s]Loading:   5%|▍         | 44037/941724 [00:17<07:23, 2025.14it/s]Loading:   5%|▍         | 44398/941724 [00:17<06:20, 2360.33it/s]Loading:   5%|▍         | 44747/941724 [00:17<05:42, 2622.49it/s]Loading:   5%|▍         | 45102/941724 [00:18<05:14, 2852.63it/s]Loading:   5%|▍         | 45462/941724 [00:18<04:53, 3048.71it/s]Loading:   5%|▍         | 45796/941724 [00:18<08:10, 1825.38it/s]Loading:   5%|▍         | 46097/941724 [00:18<07:18, 2044.69it/s]Loading:   5%|▍         | 46457/941724 [00:18<06:17, 2369.05it/s]Loading:   5%|▍         | 46756/941724 [00:19<11:52, 1255.29it/s]Loading:   5%|▍         | 47060/941724 [00:19<09:53, 1506.89it/s]Loading:   5%|▌         | 47400/941724 [00:19<08:10, 1824.05it/s]Loading:   5%|▌         | 47677/941724 [00:19<09:37, 1549.09it/s]Loading:   5%|▌         | 47971/941724 [00:19<08:18, 1792.53it/s]Loading:   5%|▌         | 48328/941724 [00:19<06:55, 2148.15it/s]Loading:   5%|▌         | 48670/941724 [00:20<06:07, 2431.15it/s]Loading:   5%|▌         | 49027/941724 [00:20<05:30, 2704.16it/s]Loading:   5%|▌         | 49343/941724 [00:20<07:30, 1980.35it/s]Loading:   5%|▌         | 49639/941724 [00:20<06:49, 2180.44it/s]Loading:   5%|▌         | 49994/941724 [00:20<05:58, 2488.64it/s]Loading:   5%|▌         | 50347/941724 [00:20<05:25, 2741.55it/s]Loading:   5%|▌         | 50701/941724 [00:20<05:02, 2946.16it/s]Loading:   5%|▌         | 51026/941724 [00:21<07:12, 2059.40it/s]Loading:   5%|▌         | 51333/941724 [00:21<06:32, 2267.80it/s]Loading:   5%|▌         | 51681/941724 [00:21<05:49, 2543.46it/s]Loading:   6%|▌         | 51979/941724 [00:21<07:45, 1912.57it/s]Loading:   6%|▌         | 52277/941724 [00:21<06:57, 2128.40it/s]Loading:   6%|▌         | 52632/941724 [00:21<06:03, 2446.76it/s]Loading:   6%|▌         | 52990/941724 [00:21<05:26, 2720.04it/s]Loading:   6%|▌         | 53347/941724 [00:21<05:02, 2938.17it/s]Loading:   6%|▌         | 53695/941724 [00:22<04:48, 3083.04it/s]Loading:   6%|▌         | 54026/941724 [00:22<06:44, 2192.75it/s]Loading:   6%|▌         | 54349/941724 [00:22<06:07, 2416.16it/s]Loading:   6%|▌         | 54711/941724 [00:22<05:28, 2699.89it/s]Loading:   6%|▌         | 55071/941724 [00:22<05:02, 2926.79it/s]Loading:   6%|▌         | 55395/941724 [00:22<06:52, 2151.06it/s]Loading:   6%|▌         | 55695/941724 [00:22<06:20, 2331.26it/s]Loading:   6%|▌         | 56037/941724 [00:23<05:42, 2584.58it/s]Loading:   6%|▌         | 56395/941724 [00:23<05:12, 2831.76it/s]Loading:   6%|▌         | 56756/941724 [00:23<04:51, 3036.02it/s]Loading:   6%|▌         | 57085/941724 [00:23<06:50, 2154.09it/s]Loading:   6%|▌         | 57403/941724 [00:23<06:12, 2371.23it/s]Loading:   6%|▌         | 57758/941724 [00:23<05:34, 2645.80it/s]Loading:   6%|▌         | 58117/941724 [00:23<05:06, 2880.51it/s]Loading:   6%|▌         | 58472/941724 [00:23<04:49, 3055.01it/s]Loading:   6%|▌         | 58803/941724 [00:24<06:57, 2114.93it/s]Loading:   6%|▋         | 59121/941724 [00:24<06:17, 2336.84it/s]Loading:   6%|▋         | 59478/941724 [00:24<05:36, 2619.08it/s]Loading:   6%|▋         | 59835/941724 [00:24<05:09, 2853.23it/s]Loading:   6%|▋         | 60156/941724 [00:24<07:00, 2097.36it/s]Loading:   6%|▋         | 60469/941724 [00:24<06:20, 2313.60it/s]Loading:   6%|▋         | 60825/941724 [00:24<05:38, 2599.82it/s]Loading:   6%|▋         | 61181/941724 [00:25<05:10, 2836.34it/s]Loading:   7%|▋         | 61537/941724 [00:25<04:51, 3024.41it/s]Loading:   7%|▋         | 61868/941724 [00:25<07:09, 2046.35it/s]Loading:   7%|▋         | 62161/941724 [00:25<06:35, 2226.18it/s]Loading:   7%|▋         | 62508/941724 [00:25<05:50, 2506.29it/s]Loading:   7%|▋         | 62864/941724 [00:25<05:18, 2761.86it/s]Loading:   7%|▋         | 63178/941724 [00:25<07:10, 2039.62it/s]Loading:   7%|▋         | 63479/941724 [00:26<06:31, 2240.84it/s]Loading:   7%|▋         | 63836/941724 [00:26<05:44, 2545.17it/s]Loading:   7%|▋         | 64189/941724 [00:26<05:14, 2786.29it/s]Loading:   7%|▋         | 64548/941724 [00:26<04:52, 2995.28it/s]Loading:   7%|▋         | 64903/941724 [00:26<04:38, 3145.15it/s]Loading:   7%|▋         | 65238/941724 [00:26<06:59, 2087.02it/s]Loading:   7%|▋         | 65543/941724 [00:26<06:23, 2284.62it/s]Loading:   7%|▋         | 65900/941724 [00:26<05:39, 2576.93it/s]Loading:   7%|▋         | 66203/941724 [00:27<07:18, 1995.31it/s]Loading:   7%|▋         | 66524/941724 [00:27<06:29, 2244.99it/s]Loading:   7%|▋         | 66859/941724 [00:27<05:50, 2494.90it/s]Loading:   7%|▋         | 67219/941724 [00:27<05:16, 2765.66it/s]Loading:   7%|▋         | 67574/941724 [00:27<04:54, 2967.92it/s]Loading:   7%|▋         | 67932/941724 [00:27<04:38, 3133.07it/s]Loading:   7%|▋         | 68287/941724 [00:27<04:28, 3247.28it/s]Loading:   7%|▋         | 68646/941724 [00:27<04:21, 3342.91it/s]Loading:   7%|▋         | 69004/941724 [00:28<04:15, 3409.29it/s]Loading:   7%|▋         | 69354/941724 [00:28<06:47, 2138.73it/s]Loading:   7%|▋         | 69633/941724 [00:28<12:00, 1210.15it/s]Loading:   7%|▋         | 69962/941724 [00:28<09:44, 1491.82it/s]Loading:   7%|▋         | 70315/941724 [00:29<07:58, 1821.78it/s]Loading:   8%|▊         | 70671/941724 [00:29<06:45, 2148.62it/s]Loading:   8%|▊         | 70973/941724 [00:29<08:11, 1771.96it/s]Loading:   8%|▊         | 71276/941724 [00:29<07:13, 2006.50it/s]Loading:   8%|▊         | 71633/941724 [00:29<06:12, 2334.65it/s]Loading:   8%|▊         | 71989/941724 [00:29<05:32, 2617.38it/s]Loading:   8%|▊         | 72300/941724 [00:29<07:26, 1946.54it/s]Loading:   8%|▊         | 72612/941724 [00:30<06:38, 2182.14it/s]Loading:   8%|▊         | 72968/941724 [00:30<05:48, 2489.61it/s]Loading:   8%|▊         | 73265/941724 [00:30<07:35, 1906.09it/s]Loading:   8%|▊         | 73581/941724 [00:30<06:42, 2158.80it/s]Loading:   8%|▊         | 73937/941724 [00:30<05:51, 2471.18it/s]Loading:   8%|▊         | 74293/941724 [00:30<05:17, 2733.89it/s]Loading:   8%|▊         | 74654/941724 [00:30<04:53, 2957.26it/s]Loading:   8%|▊         | 74980/941724 [00:31<06:51, 2104.73it/s]Loading:   8%|▊         | 75284/941724 [00:31<06:16, 2300.31it/s]Loading:   8%|▊         | 75640/941724 [00:31<05:34, 2590.21it/s]Loading:   8%|▊         | 75994/941724 [00:31<05:06, 2825.33it/s]Loading:   8%|▊         | 76342/941724 [00:31<05:22, 2682.67it/s]Loading:   8%|▊         | 76636/941724 [00:31<06:51, 2104.72it/s]Loading:   8%|▊         | 76987/941724 [00:31<05:59, 2405.90it/s]Loading:   8%|▊         | 77343/941724 [00:31<05:22, 2676.24it/s]Loading:   8%|▊         | 77644/941724 [00:32<07:06, 2026.70it/s]Loading:   8%|▊         | 77951/941724 [00:32<06:25, 2243.41it/s]Loading:   8%|▊         | 78307/941724 [00:32<05:39, 2544.86it/s]Loading:   8%|▊         | 78661/941724 [00:32<05:09, 2789.91it/s]Loading:   8%|▊         | 79019/941724 [00:32<04:48, 2994.83it/s]Loading:   8%|▊         | 79372/941724 [00:32<04:34, 3137.88it/s]Loading:   8%|▊         | 79705/941724 [00:32<06:46, 2118.71it/s]Loading:   8%|▊         | 80026/941724 [00:33<06:07, 2346.11it/s]Loading:   9%|▊         | 80381/941724 [00:33<05:28, 2622.30it/s]Loading:   9%|▊         | 80687/941724 [00:33<07:31, 1905.82it/s]Loading:   9%|▊         | 80972/941724 [00:33<06:51, 2091.04it/s]Loading:   9%|▊         | 81311/941724 [00:33<06:02, 2376.59it/s]Loading:   9%|▊         | 81594/941724 [00:33<07:46, 1844.61it/s]Loading:   9%|▊         | 81898/941724 [00:33<06:52, 2085.65it/s]Loading:   9%|▊         | 82253/941724 [00:34<05:56, 2413.79it/s]Loading:   9%|▉         | 82610/941724 [00:34<05:18, 2693.93it/s]Loading:   9%|▉         | 82963/941724 [00:34<04:55, 2907.48it/s]Loading:   9%|▉         | 83283/941724 [00:34<06:50, 2090.05it/s]Loading:   9%|▉         | 83603/941724 [00:34<06:09, 2324.20it/s]Loading:   9%|▉         | 83960/941724 [00:34<05:28, 2613.09it/s]Loading:   9%|▉         | 84317/941724 [00:34<05:00, 2849.35it/s]Loading:   9%|▉         | 84642/941724 [00:35<07:26, 1919.58it/s]Loading:   9%|▉         | 84940/941724 [00:35<06:42, 2126.04it/s]Loading:   9%|▉         | 85286/941724 [00:35<05:54, 2416.99it/s]Loading:   9%|▉         | 85646/941724 [00:35<05:17, 2697.56it/s]Loading:   9%|▉         | 86006/941724 [00:35<04:52, 2925.89it/s]Loading:   9%|▉         | 86332/941724 [00:35<07:03, 2020.25it/s]Loading:   9%|▉         | 86647/941724 [00:35<06:20, 2248.62it/s]Loading:   9%|▉         | 87000/941724 [00:36<05:37, 2536.19it/s]Loading:   9%|▉         | 87353/941724 [00:36<05:07, 2777.28it/s]Loading:   9%|▉         | 87705/941724 [00:36<04:47, 2967.53it/s]Loading:   9%|▉         | 88047/941724 [00:36<04:36, 3088.92it/s]Loading:   9%|▉         | 88400/941724 [00:36<04:25, 3210.52it/s]Loading:   9%|▉         | 88738/941724 [00:36<06:20, 2243.17it/s]Loading:   9%|▉         | 89053/941724 [00:36<05:49, 2440.55it/s]Loading:   9%|▉         | 89410/941724 [00:36<05:14, 2708.58it/s]Loading:  10%|▉         | 89770/941724 [00:37<04:50, 2932.74it/s]Loading:  10%|▉         | 90094/941724 [00:37<06:39, 2130.79it/s]Loading:  10%|▉         | 90423/941724 [00:37<05:58, 2375.84it/s]Loading:  10%|▉         | 90776/941724 [00:37<05:21, 2643.64it/s]Loading:  10%|▉         | 91131/941724 [00:37<04:56, 2868.46it/s]Loading:  10%|▉         | 91451/941724 [00:37<07:07, 1987.11it/s]Loading:  10%|▉         | 91771/941724 [00:37<06:20, 2230.87it/s]Loading:  10%|▉         | 92089/941724 [00:38<05:58, 2368.02it/s]Loading:  10%|▉         | 92366/941724 [00:38<07:43, 1833.82it/s]Loading:  10%|▉         | 92716/941724 [00:38<06:31, 2167.20it/s]Loading:  10%|▉         | 93062/941724 [00:38<05:45, 2455.14it/s]Loading:  10%|▉         | 93419/941724 [00:38<05:11, 2722.93it/s]Loading:  10%|▉         | 93728/941724 [00:38<06:57, 2031.54it/s]Loading:  10%|▉         | 94046/941724 [00:38<06:13, 2270.35it/s]Loading:  10%|█         | 94394/941724 [00:39<05:32, 2547.49it/s]Loading:  10%|█         | 94749/941724 [00:39<05:03, 2793.53it/s]Loading:  10%|█         | 95062/941724 [00:39<09:11, 1534.86it/s]Loading:  10%|█         | 95356/941724 [00:39<07:59, 1766.83it/s]Loading:  10%|█         | 95699/941724 [00:39<06:45, 2084.64it/s]Loading:  10%|█         | 96052/941724 [00:39<05:53, 2394.62it/s]Loading:  10%|█         | 96407/941724 [00:39<05:17, 2660.87it/s]Loading:  10%|█         | 96742/941724 [00:40<04:58, 2832.70it/s]Loading:  10%|█         | 97081/941724 [00:40<04:43, 2978.29it/s]Loading:  10%|█         | 97423/941724 [00:40<04:32, 3097.88it/s]Loading:  10%|█         | 97755/941724 [00:40<04:27, 3157.41it/s]Loading:  10%|█         | 98087/941724 [00:40<06:53, 2042.58it/s]Loading:  10%|█         | 98353/941724 [00:41<13:46, 1020.36it/s]Loading:  10%|█         | 98656/941724 [00:41<11:06, 1265.02it/s]Loading:  11%|█         | 99008/941724 [00:41<08:46, 1599.35it/s]Loading:  11%|█         | 99365/941724 [00:41<07:13, 1943.17it/s]Loading:  11%|█         | 99721/941724 [00:41<06:11, 2265.85it/s]Loading:  11%|█         | 100080/941724 [00:41<05:28, 2559.60it/s]Loading:  11%|█         | 100407/941724 [00:42<07:44, 1810.06it/s]Loading:  11%|█         | 100728/941724 [00:42<06:46, 2069.63it/s]Loading:  11%|█         | 101082/941724 [00:42<05:53, 2377.51it/s]Loading:  11%|█         | 101442/941724 [00:42<05:16, 2659.10it/s]Loading:  11%|█         | 101791/941724 [00:42<04:53, 2864.08it/s]Loading:  11%|█         | 102149/941724 [00:42<04:35, 3050.21it/s]Loading:  11%|█         | 102486/941724 [00:43<07:43, 1809.63it/s]Loading:  11%|█         | 102789/941724 [00:43<06:52, 2032.51it/s]Loading:  11%|█         | 103141/941724 [00:43<05:58, 2339.74it/s]Loading:  11%|█         | 103498/941724 [00:43<05:19, 2619.80it/s]Loading:  11%|█         | 103856/941724 [00:43<04:53, 2854.71it/s]Loading:  11%|█         | 104215/941724 [00:43<04:35, 3044.76it/s]Loading:  11%|█         | 104553/941724 [00:43<07:31, 1852.64it/s]Loading:  11%|█         | 104869/941724 [00:43<06:39, 2095.43it/s]Loading:  11%|█         | 105223/941724 [00:44<05:48, 2397.44it/s]Loading:  11%|█         | 105586/941724 [00:44<05:11, 2680.27it/s]Loading:  11%|█▏        | 105944/941724 [00:44<04:47, 2902.75it/s]Loading:  11%|█▏        | 106276/941724 [00:44<06:51, 2032.31it/s]Loading:  11%|█▏        | 106594/941724 [00:44<06:09, 2262.11it/s]Loading:  11%|█▏        | 106951/941724 [00:44<05:26, 2553.70it/s]Loading:  11%|█▏        | 107309/941724 [00:44<04:57, 2801.01it/s]Loading:  11%|█▏        | 107670/941724 [00:44<04:37, 3007.64it/s]Loading:  11%|█▏        | 108026/941724 [00:45<04:24, 3155.47it/s]Loading:  12%|█▏        | 108388/941724 [00:45<04:13, 3281.76it/s]Loading:  12%|█▏        | 108734/941724 [00:45<06:53, 2016.34it/s]Loading:  12%|█▏        | 109036/941724 [00:45<06:16, 2213.50it/s]Loading:  12%|█▏        | 109393/941724 [00:45<05:31, 2509.40it/s]Loading:  12%|█▏        | 109749/941724 [00:45<05:01, 2758.18it/s]Loading:  12%|█▏        | 110108/941724 [00:45<04:40, 2968.06it/s]Loading:  12%|█▏        | 110440/941724 [00:46<06:48, 2033.48it/s]Loading:  12%|█▏        | 110761/941724 [00:46<06:06, 2270.21it/s]Loading:  12%|█▏        | 111120/941724 [00:46<05:23, 2564.43it/s]Loading:  12%|█▏        | 111476/941724 [00:46<04:56, 2804.09it/s]Loading:  12%|█▏        | 111837/941724 [00:46<04:35, 3009.71it/s]Loading:  12%|█▏        | 112172/941724 [00:47<12:46, 1081.81it/s]Loading:  12%|█▏        | 112453/941724 [00:47<10:45, 1285.55it/s]Loading:  12%|█▏        | 112755/941724 [00:47<08:59, 1535.15it/s]Loading:  12%|█▏        | 113065/941724 [00:47<07:40, 1801.23it/s]Loading:  12%|█▏        | 113382/941724 [00:47<06:40, 2068.44it/s]Loading:  12%|█▏        | 113726/941724 [00:47<05:49, 2367.39it/s]Loading:  12%|█▏        | 114083/941724 [00:47<05:11, 2653.12it/s]Loading:  12%|█▏        | 114441/941724 [00:48<04:46, 2886.66it/s]Loading:  12%|█▏        | 114800/941724 [00:48<04:29, 3072.65it/s]Loading:  12%|█▏        | 115157/941724 [00:48<04:17, 3209.46it/s]Loading:  12%|█▏        | 115517/941724 [00:48<04:09, 3317.82it/s]Loading:  12%|█▏        | 115875/941724 [00:48<04:03, 3391.49it/s]Loading:  12%|█▏        | 116237/941724 [00:48<03:58, 3456.39it/s]Loading:  12%|█▏        | 116592/941724 [00:48<03:57, 3479.72it/s]Loading:  12%|█▏        | 116951/941724 [00:48<03:54, 3511.94it/s]Loading:  12%|█▏        | 117307/941724 [00:49<06:02, 2274.85it/s]Loading:  12%|█▏        | 117608/941724 [00:49<05:38, 2432.47it/s]Loading:  13%|█▎        | 117962/941724 [00:49<05:06, 2691.59it/s]Loading:  13%|█▎        | 118316/941724 [00:49<04:43, 2903.36it/s]Loading:  13%|█▎        | 118674/941724 [00:49<04:27, 3080.44it/s]Loading:  13%|█▎        | 119035/941724 [00:49<04:15, 3223.76it/s]Loading:  13%|█▎        | 119391/941724 [00:49<04:07, 3317.28it/s]Loading:  13%|█▎        | 119737/941724 [00:50<06:43, 2035.79it/s]Loading:  13%|█▎        | 120042/941724 [00:50<06:07, 2236.72it/s]Loading:  13%|█▎        | 120400/941724 [00:50<05:24, 2532.24it/s]Loading:  13%|█▎        | 120750/941724 [00:50<04:57, 2763.12it/s]Loading:  13%|█▎        | 121101/941724 [00:50<04:37, 2953.63it/s]Loading:  13%|█▎        | 121457/941724 [00:50<04:23, 3114.39it/s]Loading:  13%|█▎        | 121794/941724 [00:50<06:57, 1963.57it/s]Loading:  13%|█▎        | 122106/941724 [00:50<06:14, 2189.32it/s]Loading:  13%|█▎        | 122463/941724 [00:51<05:28, 2490.66it/s]Loading:  13%|█▎        | 122816/941724 [00:51<04:59, 2737.17it/s]Loading:  13%|█▎        | 123176/941724 [00:51<04:37, 2954.87it/s]Loading:  13%|█▎        | 123507/941724 [00:51<06:37, 2059.93it/s]Loading:  13%|█▎        | 123835/941724 [00:51<05:54, 2308.50it/s]Loading:  13%|█▎        | 124192/941724 [00:51<05:15, 2593.11it/s]Loading:  13%|█▎        | 124551/941724 [00:51<04:48, 2836.15it/s]Loading:  13%|█▎        | 124901/941724 [00:51<04:31, 3005.71it/s]Loading:  13%|█▎        | 125232/941724 [00:52<07:18, 1862.65it/s]Loading:  13%|█▎        | 125518/941724 [00:52<06:38, 2049.73it/s]Loading:  13%|█▎        | 125874/941724 [00:52<05:44, 2369.86it/s]Loading:  13%|█▎        | 126229/941724 [00:52<05:08, 2643.78it/s]Loading:  13%|█▎        | 126590/941724 [00:52<04:42, 2884.37it/s]Loading:  13%|█▎        | 126917/941724 [00:52<06:53, 1972.24it/s]Loading:  14%|█▎        | 127239/941724 [00:53<06:07, 2219.10it/s]Loading:  14%|█▎        | 127595/941724 [00:53<05:23, 2513.71it/s]Loading:  14%|█▎        | 127951/941724 [00:53<04:54, 2763.93it/s]Loading:  14%|█▎        | 128270/941724 [00:53<07:13, 1877.74it/s]Loading:  14%|█▎        | 128570/941724 [00:53<06:28, 2093.59it/s]Loading:  14%|█▎        | 128918/941724 [00:53<05:39, 2391.38it/s]Loading:  14%|█▎        | 129281/941724 [00:53<05:03, 2681.23it/s]Loading:  14%|█▍        | 129638/941724 [00:53<04:39, 2903.58it/s]Loading:  14%|█▍        | 130000/941724 [00:54<04:22, 3090.89it/s]Loading:  14%|█▍        | 130359/941724 [00:54<04:11, 3225.85it/s]Loading:  14%|█▍        | 130719/941724 [00:54<04:03, 3330.25it/s]Loading:  14%|█▍        | 131067/941724 [00:54<07:44, 1746.26it/s]Loading:  14%|█▍        | 131369/941724 [00:54<06:51, 1968.88it/s]Loading:  14%|█▍        | 131726/941724 [00:54<05:54, 2288.11it/s]Loading:  14%|█▍        | 132086/941724 [00:54<05:13, 2578.99it/s]Loading:  14%|█▍        | 132439/941724 [00:55<04:48, 2807.20it/s]Loading:  14%|█▍        | 132797/941724 [00:55<04:29, 3004.49it/s]Loading:  14%|█▍        | 133152/941724 [00:55<04:16, 3150.09it/s]Loading:  14%|█▍        | 133495/941724 [00:55<06:36, 2036.46it/s]Loading:  14%|█▍        | 133769/941724 [00:56<13:40, 985.11it/s] Loading:  14%|█▍        | 134067/941724 [00:56<11:05, 1212.98it/s]Loading:  14%|█▍        | 134421/941724 [00:56<08:44, 1539.48it/s]Loading:  14%|█▍        | 134775/941724 [00:56<07:10, 1873.00it/s]Loading:  14%|█▍        | 135069/941724 [00:56<08:42, 1542.87it/s]Loading:  14%|█▍        | 135364/941724 [00:56<07:32, 1780.96it/s]Loading:  14%|█▍        | 135713/941724 [00:57<06:21, 2113.53it/s]Loading:  14%|█▍        | 136074/941724 [00:57<05:30, 2439.01it/s]Loading:  14%|█▍        | 136434/941724 [00:57<04:56, 2713.86it/s]Loading:  15%|█▍        | 136757/941724 [00:57<06:42, 2002.23it/s]Loading:  15%|█▍        | 137067/941724 [00:57<06:01, 2224.35it/s]Loading:  15%|█▍        | 137417/941724 [00:57<05:20, 2510.38it/s]Loading:  15%|█▍        | 137776/941724 [00:57<04:50, 2771.61it/s]Loading:  15%|█▍        | 138135/941724 [00:57<04:29, 2981.09it/s]Loading:  15%|█▍        | 138464/941724 [00:58<06:33, 2043.35it/s]Loading:  15%|█▍        | 138775/941724 [00:58<05:55, 2260.41it/s]Loading:  15%|█▍        | 139132/941724 [00:58<05:14, 2554.93it/s]Loading:  15%|█▍        | 139491/941724 [00:58<04:45, 2806.95it/s]Loading:  15%|█▍        | 139848/941724 [00:58<04:27, 3002.83it/s]Loading:  15%|█▍        | 140203/941724 [00:58<04:14, 3149.45it/s]Loading:  15%|█▍        | 140541/941724 [00:59<06:23, 2090.29it/s]Loading:  15%|█▍        | 140850/941724 [00:59<05:49, 2294.41it/s]Loading:  15%|█▍        | 141206/941724 [00:59<05:10, 2580.42it/s]Loading:  15%|█▌        | 141560/941724 [00:59<04:44, 2813.72it/s]Loading:  15%|█▌        | 141879/941724 [00:59<06:58, 1912.20it/s]Loading:  15%|█▌        | 142191/941724 [00:59<06:12, 2147.28it/s]Loading:  15%|█▌        | 142544/941724 [00:59<05:26, 2447.81it/s]Loading:  15%|█▌        | 142900/941724 [00:59<04:54, 2711.23it/s]Loading:  15%|█▌        | 143214/941724 [01:00<08:08, 1635.97it/s]Loading:  15%|█▌        | 143509/941724 [01:00<07:08, 1863.72it/s]Loading:  15%|█▌        | 143826/941724 [01:00<06:15, 2122.78it/s]Loading:  15%|█▌        | 144140/941724 [01:00<05:39, 2346.76it/s]Loading:  15%|█▌        | 144454/941724 [01:00<05:14, 2536.11it/s]Loading:  15%|█▌        | 144770/941724 [01:00<04:55, 2695.07it/s]Loading:  15%|█▌        | 145084/941724 [01:00<04:43, 2813.08it/s]Loading:  15%|█▌        | 145400/941724 [01:01<04:33, 2907.97it/s]Loading:  15%|█▌        | 145715/941724 [01:01<04:27, 2975.21it/s]Loading:  16%|█▌        | 146030/941724 [01:01<04:23, 3022.96it/s]Loading:  16%|█▌        | 146345/941724 [01:01<04:20, 3057.27it/s]Loading:  16%|█▌        | 146660/941724 [01:01<04:17, 3084.12it/s]Loading:  16%|█▌        | 146975/941724 [01:01<04:16, 3100.72it/s]Loading:  16%|█▌        | 147291/941724 [01:01<04:14, 3117.79it/s]Loading:  16%|█▌        | 147608/941724 [01:01<04:13, 3132.70it/s]Loading:  16%|█▌        | 147923/941724 [01:01<04:13, 3136.63it/s]Loading:  16%|█▌        | 148241/941724 [01:01<04:11, 3149.35it/s]Loading:  16%|█▌        | 148559/941724 [01:02<04:11, 3155.83it/s]Loading:  16%|█▌        | 148877/941724 [01:02<04:10, 3160.67it/s]Loading:  16%|█▌        | 149194/941724 [01:02<04:10, 3160.85it/s]Loading:  16%|█▌        | 149511/941724 [01:02<04:10, 3160.02it/s]Loading:  16%|█▌        | 149828/941724 [01:02<04:10, 3155.36it/s]Loading:  16%|█▌        | 150145/941724 [01:02<04:10, 3156.86it/s]Loading:  16%|█▌        | 150461/941724 [01:02<04:11, 3148.39it/s]Loading:  16%|█▌        | 150777/941724 [01:02<04:10, 3151.38it/s]Loading:  16%|█▌        | 151093/941724 [01:02<04:10, 3153.58it/s]Loading:  16%|█▌        | 151409/941724 [01:02<04:10, 3151.75it/s]Loading:  16%|█▌        | 151725/941724 [01:03<04:10, 3151.37it/s]Loading:  16%|█▌        | 152041/941724 [01:03<04:11, 3145.31it/s]Loading:  16%|█▌        | 152356/941724 [01:03<04:10, 3145.58it/s]Loading:  16%|█▌        | 152672/941724 [01:03<04:10, 3148.24it/s]Loading:  16%|█▌        | 152987/941724 [01:03<04:10, 3147.54it/s]Loading:  16%|█▋        | 153302/941724 [01:03<04:10, 3144.93it/s]Loading:  16%|█▋        | 153617/941724 [01:03<04:10, 3142.90it/s]Loading:  16%|█▋        | 153932/941724 [01:03<04:10, 3139.11it/s]Loading:  16%|█▋        | 154249/941724 [01:03<04:10, 3146.62it/s]Loading:  16%|█▋        | 154566/941724 [01:03<04:09, 3151.40it/s]Loading:  16%|█▋        | 154882/941724 [01:04<04:09, 3152.44it/s]Loading:  16%|█▋        | 155199/941724 [01:04<04:09, 3154.83it/s]Loading:  17%|█▋        | 155515/941724 [01:04<04:09, 3152.33it/s]Loading:  17%|█▋        | 155833/941724 [01:04<04:08, 3160.33it/s]Loading:  17%|█▋        | 156150/941724 [01:04<04:08, 3158.94it/s]Loading:  17%|█▋        | 156466/941724 [01:04<04:08, 3155.32it/s]Loading:  17%|█▋        | 156782/941724 [01:04<04:08, 3155.19it/s]Loading:  17%|█▋        | 157098/941724 [01:04<04:09, 3149.48it/s]Loading:  17%|█▋        | 157413/941724 [01:04<04:09, 3147.99it/s]Loading:  17%|█▋        | 157758/941724 [01:04<04:02, 3237.40it/s]Loading:  17%|█▋        | 158115/941724 [01:05<03:54, 3334.83it/s]Loading:  17%|█▋        | 158475/941724 [01:05<03:49, 3413.21it/s]Loading:  17%|█▋        | 158834/941724 [01:05<03:45, 3465.52it/s]Loading:  17%|█▋        | 159190/941724 [01:05<03:44, 3491.39it/s]Loading:  17%|█▋        | 159548/941724 [01:05<03:42, 3516.59it/s]Loading:  17%|█▋        | 159905/941724 [01:05<03:41, 3532.03it/s]Loading:  17%|█▋        | 160261/941724 [01:05<03:40, 3539.33it/s]Loading:  17%|█▋        | 160618/941724 [01:05<03:40, 3546.43it/s]Loading:  17%|█▋        | 160976/941724 [01:05<03:39, 3553.55it/s]Loading:  17%|█▋        | 161332/941724 [01:05<03:39, 3554.62it/s]Loading:  17%|█▋        | 161688/941724 [01:06<03:39, 3550.58it/s]Loading:  17%|█▋        | 162047/941724 [01:06<03:39, 3559.95it/s]Loading:  17%|█▋        | 162405/941724 [01:06<03:38, 3565.27it/s]Loading:  17%|█▋        | 162764/941724 [01:06<03:38, 3569.55it/s]Loading:  17%|█▋        | 163123/941724 [01:06<03:37, 3573.38it/s]Loading:  17%|█▋        | 163481/941724 [01:06<03:37, 3571.95it/s]Loading:  17%|█▋        | 163841/941724 [01:06<03:37, 3577.45it/s]Loading:  17%|█▋        | 164199/941724 [01:06<03:37, 3576.48it/s]Loading:  17%|█▋        | 164557/941724 [01:06<03:37, 3571.03it/s]Loading:  18%|█▊        | 164915/941724 [01:06<03:37, 3573.66it/s]Loading:  18%|█▊        | 165273/941724 [01:07<03:38, 3548.64it/s]Loading:  18%|█▊        | 165628/941724 [01:07<03:40, 3513.48it/s]Loading:  18%|█▊        | 165983/941724 [01:07<03:40, 3523.54it/s]Loading:  18%|█▊        | 166341/941724 [01:07<03:39, 3537.92it/s]Loading:  18%|█▊        | 166697/941724 [01:07<03:38, 3542.69it/s]Loading:  18%|█▊        | 167057/941724 [01:07<03:37, 3558.57it/s]Loading:  18%|█▊        | 167413/941724 [01:07<03:37, 3558.86it/s]Loading:  18%|█▊        | 167769/941724 [01:07<03:37, 3557.48it/s]Loading:  18%|█▊        | 168127/941724 [01:07<03:37, 3562.98it/s]Loading:  18%|█▊        | 168486/941724 [01:07<03:36, 3571.04it/s]Loading:  18%|█▊        | 168844/941724 [01:08<03:37, 3560.36it/s]Loading:  18%|█▊        | 169202/941724 [01:08<03:36, 3564.64it/s]Loading:  18%|█▊        | 169559/941724 [01:08<03:36, 3560.73it/s]Loading:  18%|█▊        | 169916/941724 [01:08<03:36, 3561.07it/s]Loading:  18%|█▊        | 170274/941724 [01:08<03:36, 3564.48it/s]Loading:  18%|█▊        | 170631/941724 [01:08<03:36, 3557.71it/s]Loading:  18%|█▊        | 170988/941724 [01:08<03:36, 3560.27it/s]Loading:  18%|█▊        | 171345/941724 [01:08<03:36, 3561.66it/s]Loading:  18%|█▊        | 171703/941724 [01:08<03:35, 3565.25it/s]Loading:  18%|█▊        | 172060/941724 [01:08<03:36, 3549.38it/s]Loading:  18%|█▊        | 172415/941724 [01:09<03:37, 3544.79it/s]Loading:  18%|█▊        | 172770/941724 [01:09<03:36, 3546.28it/s]Loading:  18%|█▊        | 173127/941724 [01:09<03:36, 3551.11it/s]Loading:  18%|█▊        | 173483/941724 [01:09<03:36, 3548.41it/s]Loading:  18%|█▊        | 173840/941724 [01:09<03:36, 3554.00it/s]Loading:  18%|█▊        | 174196/941724 [01:09<03:36, 3551.33it/s]Loading:  19%|█▊        | 174555/941724 [01:09<03:35, 3561.37it/s]Loading:  19%|█▊        | 174914/941724 [01:09<03:34, 3568.52it/s]Loading:  19%|█▊        | 175275/941724 [01:09<03:34, 3579.46it/s]Loading:  19%|█▊        | 175634/941724 [01:09<03:33, 3581.46it/s]Loading:  19%|█▊        | 175993/941724 [01:10<03:33, 3583.66it/s]Loading:  19%|█▊        | 176352/941724 [01:10<03:34, 3572.58it/s]Loading:  19%|█▉        | 176710/941724 [01:10<03:34, 3564.64it/s]Loading:  19%|█▉        | 177067/941724 [01:10<03:37, 3511.63it/s]Loading:  19%|█▉        | 177419/941724 [01:10<03:39, 3475.89it/s]Loading:  19%|█▉        | 177767/941724 [01:10<03:41, 3445.82it/s]Loading:  19%|█▉        | 178119/941724 [01:10<03:40, 3467.42it/s]Loading:  19%|█▉        | 178466/941724 [01:11<10:11, 1249.13it/s]Loading:  19%|█▉        | 178822/941724 [01:11<08:10, 1554.20it/s]Loading:  19%|█▉        | 179180/941724 [01:11<06:46, 1875.19it/s]Loading:  19%|█▉        | 179539/941724 [01:11<05:47, 2191.63it/s]Loading:  19%|█▉        | 179895/941724 [01:11<05:07, 2476.82it/s]Loading:  19%|█▉        | 180255/941724 [01:11<04:38, 2733.54it/s]Loading:  19%|█▉        | 180611/941724 [01:11<04:19, 2937.62it/s]Loading:  19%|█▉        | 180970/941724 [01:12<04:04, 3105.93it/s]Loading:  19%|█▉        | 181323/941724 [01:12<03:56, 3219.20it/s]Loading:  19%|█▉        | 181683/941724 [01:12<03:48, 3323.07it/s]Loading:  19%|█▉        | 182042/941724 [01:12<03:43, 3396.81it/s]Loading:  19%|█▉        | 182397/941724 [01:12<03:41, 3423.71it/s]Loading:  19%|█▉        | 182756/941724 [01:12<03:38, 3469.59it/s]Loading:  19%|█▉        | 183115/941724 [01:12<03:36, 3502.35it/s]Loading:  19%|█▉        | 183473/941724 [01:12<03:35, 3522.65it/s]Loading:  20%|█▉        | 183832/941724 [01:12<03:33, 3541.91it/s]Loading:  20%|█▉        | 184189/941724 [01:12<03:33, 3544.15it/s]Loading:  20%|█▉        | 184548/941724 [01:13<03:32, 3557.25it/s]Loading:  20%|█▉        | 184906/941724 [01:13<03:33, 3548.69it/s]Loading:  20%|█▉        | 185262/941724 [01:13<03:34, 3527.40it/s]Loading:  20%|█▉        | 185618/941724 [01:13<03:33, 3534.75it/s]Loading:  20%|█▉        | 185974/941724 [01:13<03:33, 3539.30it/s]Loading:  20%|█▉        | 186333/941724 [01:13<03:32, 3552.84it/s]Loading:  20%|█▉        | 186689/941724 [01:13<03:32, 3550.84it/s]Loading:  20%|█▉        | 187046/941724 [01:13<03:32, 3556.02it/s]Loading:  20%|█▉        | 187402/941724 [01:13<03:32, 3550.16it/s]Loading:  20%|█▉        | 187761/941724 [01:13<03:31, 3561.37it/s]Loading:  20%|█▉        | 188119/941724 [01:14<03:31, 3564.17it/s]Loading:  20%|██        | 188476/941724 [01:14<03:31, 3562.50it/s]Loading:  20%|██        | 188833/941724 [01:14<03:31, 3561.31it/s]Loading:  20%|██        | 189190/941724 [01:14<03:31, 3559.56it/s]Loading:  20%|██        | 189546/941724 [01:14<03:31, 3554.97it/s]Loading:  20%|██        | 189905/941724 [01:14<03:30, 3564.42it/s]Loading:  20%|██        | 190262/941724 [01:14<03:31, 3558.94it/s]Loading:  20%|██        | 190623/941724 [01:14<03:30, 3572.45it/s]Loading:  20%|██        | 190981/941724 [01:14<03:31, 3557.91it/s]Loading:  20%|██        | 191339/941724 [01:14<03:30, 3563.60it/s]Loading:  20%|██        | 191696/941724 [01:15<03:30, 3563.62it/s]Loading:  20%|██        | 192053/941724 [01:15<03:30, 3561.31it/s]Loading:  20%|██        | 192411/941724 [01:15<03:30, 3564.99it/s]Loading:  20%|██        | 192768/941724 [01:15<03:30, 3563.71it/s]Loading:  21%|██        | 193128/941724 [01:15<03:29, 3574.11it/s]Loading:  21%|██        | 193486/941724 [01:15<03:30, 3560.58it/s]Loading:  21%|██        | 193843/941724 [01:15<03:30, 3555.54it/s]Loading:  21%|██        | 194203/941724 [01:15<03:29, 3568.51it/s]Loading:  21%|██        | 194560/941724 [01:15<03:29, 3564.49it/s]Loading:  21%|██        | 194920/941724 [01:15<03:28, 3574.93it/s]Loading:  21%|██        | 195278/941724 [01:16<03:29, 3560.96it/s]Loading:  21%|██        | 195636/941724 [01:16<03:29, 3564.21it/s]Loading:  21%|██        | 195993/941724 [01:16<03:29, 3556.56it/s]Loading:  21%|██        | 196350/941724 [01:16<03:29, 3557.55it/s]Loading:  21%|██        | 196707/941724 [01:16<03:29, 3560.41it/s]Loading:  21%|██        | 197064/941724 [01:16<03:29, 3560.47it/s]Loading:  21%|██        | 197422/941724 [01:16<03:28, 3563.64it/s]Loading:  21%|██        | 197780/941724 [01:16<03:28, 3565.98it/s]Loading:  21%|██        | 198137/941724 [01:16<03:28, 3558.40it/s]Loading:  21%|██        | 198496/941724 [01:16<03:28, 3565.22it/s]Loading:  21%|██        | 198853/941724 [01:17<03:28, 3560.46it/s]Loading:  21%|██        | 199210/941724 [01:17<03:28, 3563.06it/s]Loading:  21%|██        | 199568/941724 [01:17<03:28, 3565.86it/s]Loading:  21%|██        | 199925/941724 [01:17<03:28, 3565.87it/s]Loading:  21%|██▏       | 200286/941724 [01:17<03:27, 3577.69it/s]Loading:  21%|██▏       | 200644/941724 [01:17<03:27, 3565.68it/s]Loading:  21%|██▏       | 201003/941724 [01:17<03:27, 3572.93it/s]Loading:  21%|██▏       | 201361/941724 [01:17<03:27, 3565.94it/s]Loading:  21%|██▏       | 201722/941724 [01:17<03:26, 3577.95it/s]Loading:  21%|██▏       | 202080/941724 [01:17<03:27, 3570.68it/s]Loading:  21%|██▏       | 202438/941724 [01:18<03:27, 3566.49it/s]Loading:  22%|██▏       | 202795/941724 [01:18<03:27, 3566.46it/s]Loading:  22%|██▏       | 203155/941724 [01:18<03:26, 3574.74it/s]Loading:  22%|██▏       | 203513/941724 [01:18<03:29, 3528.99it/s]Loading:  22%|██▏       | 203872/941724 [01:18<03:28, 3544.59it/s]Loading:  22%|██▏       | 204229/941724 [01:18<03:27, 3549.65it/s]Loading:  22%|██▏       | 204590/941724 [01:18<03:26, 3567.02it/s]Loading:  22%|██▏       | 204947/941724 [01:18<03:26, 3562.82it/s]Loading:  22%|██▏       | 205304/941724 [01:18<03:26, 3559.90it/s]Loading:  22%|██▏       | 205661/941724 [01:19<03:26, 3559.52it/s]Loading:  22%|██▏       | 206018/941724 [01:19<03:26, 3560.56it/s]Loading:  22%|██▏       | 206375/941724 [01:19<03:26, 3554.72it/s]Loading:  22%|██▏       | 206733/941724 [01:19<03:26, 3560.97it/s]Loading:  22%|██▏       | 207090/941724 [01:19<03:26, 3562.13it/s]Loading:  22%|██▏       | 207448/941724 [01:19<03:25, 3566.27it/s]Loading:  22%|██▏       | 207806/941724 [01:19<03:25, 3569.68it/s]Loading:  22%|██▏       | 208165/941724 [01:19<03:25, 3573.14it/s]Loading:  22%|██▏       | 208524/941724 [01:19<03:25, 3575.84it/s]Loading:  22%|██▏       | 208884/941724 [01:19<03:24, 3582.95it/s]Loading:  22%|██▏       | 209243/941724 [01:20<03:24, 3575.74it/s]Loading:  22%|██▏       | 209603/941724 [01:20<03:24, 3582.17it/s]Loading:  22%|██▏       | 209962/941724 [01:20<03:25, 3568.83it/s]Loading:  22%|██▏       | 210320/941724 [01:20<03:24, 3569.75it/s]Loading:  22%|██▏       | 210677/941724 [01:20<03:25, 3564.05it/s]Loading:  22%|██▏       | 211034/941724 [01:20<03:25, 3552.78it/s]Loading:  22%|██▏       | 211392/941724 [01:20<03:25, 3559.88it/s]Loading:  22%|██▏       | 211748/941724 [01:20<03:25, 3557.70it/s]Loading:  23%|██▎       | 212107/941724 [01:20<03:24, 3564.91it/s]Loading:  23%|██▎       | 212464/941724 [01:20<03:24, 3559.63it/s]Loading:  23%|██▎       | 212823/941724 [01:21<03:24, 3567.88it/s]Loading:  23%|██▎       | 213183/941724 [01:21<03:23, 3575.19it/s]Loading:  23%|██▎       | 213541/941724 [01:21<03:23, 3575.59it/s]Loading:  23%|██▎       | 213899/941724 [01:21<03:23, 3568.55it/s]Loading:  23%|██▎       | 214256/941724 [01:21<03:24, 3564.16it/s]Loading:  23%|██▎       | 214613/941724 [01:21<03:24, 3562.68it/s]Loading:  23%|██▎       | 214972/941724 [01:21<03:23, 3570.46it/s]Loading:  23%|██▎       | 215330/941724 [01:21<03:24, 3558.75it/s]Loading:  23%|██▎       | 215690/941724 [01:21<03:23, 3568.26it/s]Loading:  23%|██▎       | 216047/941724 [01:21<03:23, 3561.00it/s]Loading:  23%|██▎       | 216406/941724 [01:22<03:23, 3568.27it/s]Loading:  23%|██▎       | 216763/941724 [01:22<03:23, 3560.18it/s]Loading:  23%|██▎       | 217120/941724 [01:22<03:23, 3560.46it/s]Loading:  23%|██▎       | 217477/941724 [01:22<03:23, 3557.05it/s]Loading:  23%|██▎       | 217833/941724 [01:22<03:23, 3549.99it/s]Loading:  23%|██▎       | 218190/941724 [01:22<03:23, 3554.39it/s]Loading:  23%|██▎       | 218548/941724 [01:22<03:23, 3559.16it/s]Loading:  23%|██▎       | 218904/941724 [01:22<03:23, 3558.35it/s]Loading:  23%|██▎       | 219264/941724 [01:22<03:22, 3569.09it/s]Loading:  23%|██▎       | 219621/941724 [01:22<03:22, 3561.49it/s]Loading:  23%|██▎       | 219981/941724 [01:23<03:22, 3571.66it/s]Loading:  23%|██▎       | 220339/941724 [01:23<03:22, 3567.26it/s]Loading:  23%|██▎       | 220697/941724 [01:23<03:22, 3568.79it/s]Loading:  23%|██▎       | 221054/941724 [01:23<03:22, 3566.28it/s]Loading:  24%|██▎       | 221411/941724 [01:23<03:22, 3565.36it/s]Loading:  24%|██▎       | 221769/941724 [01:23<03:21, 3568.71it/s]Loading:  24%|██▎       | 222126/941724 [01:23<03:21, 3565.64it/s]Loading:  24%|██▎       | 222483/941724 [01:23<03:22, 3551.66it/s]Loading:  24%|██▎       | 222844/941724 [01:23<03:21, 3568.78it/s]Loading:  24%|██▎       | 223201/941724 [01:23<03:21, 3568.56it/s]Loading:  24%|██▎       | 223561/941724 [01:24<03:20, 3575.97it/s]Loading:  24%|██▍       | 223919/941724 [01:24<03:20, 3574.61it/s]Loading:  24%|██▍       | 224277/941724 [01:24<03:21, 3567.89it/s]Loading:  24%|██▍       | 224637/941724 [01:24<03:20, 3576.11it/s]Loading:  24%|██▍       | 224995/941724 [01:24<03:20, 3566.39it/s]Loading:  24%|██▍       | 225352/941724 [01:24<03:21, 3559.64it/s]Loading:  24%|██▍       | 225709/941724 [01:24<03:21, 3559.94it/s]Loading:  24%|██▍       | 226069/941724 [01:24<03:20, 3569.81it/s]Loading:  24%|██▍       | 226426/941724 [01:24<03:20, 3565.29it/s]Loading:  24%|██▍       | 226785/941724 [01:24<03:20, 3570.87it/s]Loading:  24%|██▍       | 227143/941724 [01:25<03:20, 3566.65it/s]Loading:  24%|██▍       | 227500/941724 [01:25<03:20, 3564.58it/s]Loading:  24%|██▍       | 227857/941724 [01:25<03:20, 3562.97it/s]Loading:  24%|██▍       | 228216/941724 [01:25<03:19, 3568.10it/s]Loading:  24%|██▍       | 228574/941724 [01:25<03:19, 3569.89it/s]Loading:  24%|██▍       | 228931/941724 [01:25<03:21, 3534.64it/s]Loading:  24%|██▍       | 229288/941724 [01:25<03:20, 3545.00it/s]Loading:  24%|██▍       | 229647/941724 [01:25<03:20, 3557.26it/s]Loading:  24%|██▍       | 230005/941724 [01:25<03:19, 3563.73it/s]Loading:  24%|██▍       | 230365/941724 [01:25<03:19, 3573.93it/s]Loading:  25%|██▍       | 230723/941724 [01:26<03:19, 3570.76it/s]Loading:  25%|██▍       | 231081/941724 [01:26<03:18, 3573.11it/s]Loading:  25%|██▍       | 231439/941724 [01:26<03:18, 3575.04it/s]Loading:  25%|██▍       | 231798/941724 [01:26<03:18, 3577.60it/s]Loading:  25%|██▍       | 232156/941724 [01:26<03:18, 3574.67it/s]Loading:  25%|██▍       | 232514/941724 [01:26<03:18, 3569.99it/s]Loading:  25%|██▍       | 232872/941724 [01:26<03:18, 3569.19it/s]Loading:  25%|██▍       | 233230/941724 [01:26<03:18, 3572.10it/s]Loading:  25%|██▍       | 233588/941724 [01:26<03:18, 3567.55it/s]Loading:  25%|██▍       | 233948/941724 [01:26<03:18, 3574.59it/s]Loading:  25%|██▍       | 234306/941724 [01:27<10:34, 1115.69it/s]Loading:  25%|██▍       | 234665/941724 [01:27<08:22, 1406.88it/s]Loading:  25%|██▍       | 235018/941724 [01:27<06:52, 1712.37it/s]Loading:  25%|██▍       | 235378/941724 [01:28<05:47, 2033.47it/s]Loading:  25%|██▌       | 235735/941724 [01:28<05:02, 2333.43it/s]Loading:  25%|██▌       | 236092/941724 [01:28<04:31, 2602.16it/s]Loading:  25%|██▌       | 236448/941724 [01:28<04:09, 2828.69it/s]Loading:  25%|██▌       | 236805/941724 [01:28<03:53, 3014.61it/s]Loading:  25%|██▌       | 237160/941724 [01:28<03:43, 3156.58it/s]Loading:  25%|██▌       | 237519/941724 [01:28<03:35, 3274.56it/s]Loading:  25%|██▌       | 237875/941724 [01:28<03:29, 3352.56it/s]Loading:  25%|██▌       | 238233/941724 [01:28<03:25, 3415.93it/s]Loading:  25%|██▌       | 238591/941724 [01:28<03:23, 3462.00it/s]Loading:  25%|██▌       | 238948/941724 [01:29<03:21, 3493.02it/s]Loading:  25%|██▌       | 239305/941724 [01:29<03:19, 3514.43it/s]Loading:  25%|██▌       | 239662/941724 [01:29<03:18, 3528.39it/s]Loading:  25%|██▌       | 240022/941724 [01:29<03:17, 3548.35it/s]Loading:  26%|██▌       | 240380/941724 [01:29<03:17, 3545.22it/s]Loading:  26%|██▌       | 240740/941724 [01:29<03:16, 3560.48it/s]Loading:  26%|██▌       | 241098/941724 [01:29<03:16, 3561.67it/s]Loading:  26%|██▌       | 241457/941724 [01:29<03:16, 3569.69it/s]Loading:  26%|██▌       | 241815/941724 [01:29<03:16, 3566.75it/s]Loading:  26%|██▌       | 242173/941724 [01:29<03:16, 3566.18it/s]Loading:  26%|██▌       | 242530/941724 [01:30<03:16, 3563.08it/s]Loading:  26%|██▌       | 242887/941724 [01:30<03:16, 3560.94it/s]Loading:  26%|██▌       | 243244/941724 [01:30<03:16, 3559.69it/s]Loading:  26%|██▌       | 243603/941724 [01:30<03:15, 3568.12it/s]Loading:  26%|██▌       | 243960/941724 [01:30<03:15, 3560.49it/s]Loading:  26%|██▌       | 244318/941724 [01:30<03:15, 3565.85it/s]Loading:  26%|██▌       | 244675/941724 [01:30<03:15, 3560.72it/s]Loading:  26%|██▌       | 245035/941724 [01:30<03:15, 3569.95it/s]Loading:  26%|██▌       | 245393/941724 [01:30<03:15, 3566.78it/s]Loading:  26%|██▌       | 245751/941724 [01:30<03:15, 3568.27it/s]Loading:  26%|██▌       | 246108/941724 [01:31<03:14, 3567.83it/s]Loading:  26%|██▌       | 246465/941724 [01:31<05:02, 2301.75it/s]Loading:  26%|██▌       | 246760/941724 [01:31<04:44, 2440.61it/s]Loading:  26%|██▌       | 247074/941724 [01:31<04:26, 2604.39it/s]Loading:  26%|██▋       | 247387/941724 [01:31<04:13, 2735.75it/s]Loading:  26%|██▋       | 247703/941724 [01:31<04:03, 2846.11it/s]Loading:  26%|██▋       | 248016/941724 [01:31<03:57, 2922.35it/s]Loading:  26%|██▋       | 248329/941724 [01:31<03:52, 2977.95it/s]Loading:  26%|██▋       | 248646/941724 [01:32<03:48, 3032.24it/s]Loading:  26%|██▋       | 248958/941724 [01:32<03:46, 3054.22it/s]Loading:  26%|██▋       | 249279/941724 [01:32<03:43, 3097.36it/s]Loading:  27%|██▋       | 249618/941724 [01:32<03:37, 3181.66it/s]Loading:  27%|██▋       | 249973/941724 [01:32<03:30, 3289.09it/s]Loading:  27%|██▋       | 250325/941724 [01:32<03:25, 3357.08it/s]Loading:  27%|██▋       | 250681/941724 [01:32<03:22, 3417.43it/s]Loading:  27%|██▋       | 251038/941724 [01:32<03:19, 3460.59it/s]Loading:  27%|██▋       | 251398/941724 [01:32<03:17, 3501.55it/s]Loading:  27%|██▋       | 251754/941724 [01:32<03:16, 3517.53it/s]Loading:  27%|██▋       | 252114/941724 [01:33<03:14, 3539.32it/s]Loading:  27%|██▋       | 252469/941724 [01:33<03:15, 3533.49it/s]Loading:  27%|██▋       | 252824/941724 [01:33<03:14, 3537.28it/s]Loading:  27%|██▋       | 253178/941724 [01:33<03:14, 3537.95it/s]Loading:  27%|██▋       | 253533/941724 [01:33<03:14, 3539.43it/s]Loading:  27%|██▋       | 253888/941724 [01:33<03:14, 3530.13it/s]Loading:  27%|██▋       | 254244/941724 [01:33<03:14, 3536.24it/s]Loading:  27%|██▋       | 254604/941724 [01:33<03:13, 3552.66it/s]Loading:  27%|██▋       | 254960/941724 [01:33<03:13, 3554.05it/s]Loading:  27%|██▋       | 255316/941724 [01:33<03:13, 3553.07it/s]Loading:  27%|██▋       | 255672/941724 [01:34<03:13, 3550.73it/s]Loading:  27%|██▋       | 256029/941724 [01:34<03:12, 3554.20it/s]Loading:  27%|██▋       | 256385/941724 [01:34<03:12, 3554.45it/s]Loading:  27%|██▋       | 256741/941724 [01:34<03:12, 3555.04it/s]Loading:  27%|██▋       | 257097/941724 [01:34<03:12, 3555.25it/s]Loading:  27%|██▋       | 257456/941724 [01:34<03:12, 3562.88it/s]Loading:  27%|██▋       | 257813/941724 [01:34<03:12, 3554.38it/s]Loading:  27%|██▋       | 258170/941724 [01:34<03:12, 3556.80it/s]Loading:  27%|██▋       | 258526/941724 [01:34<03:12, 3548.09it/s]Loading:  27%|██▋       | 258884/941724 [01:34<03:11, 3557.34it/s]Loading:  28%|██▊       | 259240/941724 [01:35<03:12, 3553.91it/s]Loading:  28%|██▊       | 259598/941724 [01:35<03:11, 3560.74it/s]Loading:  28%|██▊       | 259955/941724 [01:35<03:11, 3558.22it/s]Loading:  28%|██▊       | 260311/941724 [01:35<03:11, 3558.50it/s]Loading:  28%|██▊       | 260667/941724 [01:35<03:11, 3557.07it/s]Loading:  28%|██▊       | 261025/941724 [01:35<03:11, 3562.51it/s]Loading:  28%|██▊       | 261382/941724 [01:35<03:10, 3563.57it/s]Loading:  28%|██▊       | 261740/941724 [01:35<03:10, 3566.24it/s]Loading:  28%|██▊       | 262097/941724 [01:35<03:10, 3559.34it/s]Loading:  28%|██▊       | 262456/941724 [01:35<03:10, 3565.49it/s]Loading:  28%|██▊       | 262813/941724 [01:36<03:10, 3560.00it/s]Loading:  28%|██▊       | 263171/941724 [01:36<03:10, 3563.14it/s]Loading:  28%|██▊       | 263528/941724 [01:36<03:10, 3556.62it/s]Loading:  28%|██▊       | 263887/941724 [01:36<03:10, 3564.77it/s]Loading:  28%|██▊       | 264244/941724 [01:36<03:10, 3560.24it/s]Loading:  28%|██▊       | 264601/941724 [01:36<03:10, 3558.80it/s]Loading:  28%|██▊       | 264957/941724 [01:36<03:10, 3558.86it/s]Loading:  28%|██▊       | 265313/941724 [01:36<03:12, 3520.07it/s]Loading:  28%|██▊       | 265669/941724 [01:36<03:11, 3529.69it/s]Loading:  28%|██▊       | 266025/941724 [01:36<03:10, 3538.10it/s]Loading:  28%|██▊       | 266379/941724 [01:37<03:11, 3528.95it/s]Loading:  28%|██▊       | 266737/941724 [01:37<03:10, 3541.49it/s]Loading:  28%|██▊       | 267092/941724 [01:37<03:10, 3539.33it/s]Loading:  28%|██▊       | 267449/941724 [01:37<03:10, 3543.99it/s]Loading:  28%|██▊       | 267804/941724 [01:37<03:10, 3543.75it/s]Loading:  28%|██▊       | 268159/941724 [01:37<04:55, 2279.85it/s]Loading:  29%|██▊       | 268459/941724 [01:37<04:36, 2434.15it/s]Loading:  29%|██▊       | 268804/941724 [01:37<04:11, 2671.77it/s]Loading:  29%|██▊       | 269153/941724 [01:38<03:53, 2876.50it/s]Loading:  29%|██▊       | 269510/941724 [01:38<03:39, 3059.26it/s]Loading:  29%|██▊       | 269864/941724 [01:38<03:30, 3190.76it/s]Loading:  29%|██▊       | 270202/941724 [01:38<05:12, 2147.24it/s]Loading:  29%|██▊       | 270495/941724 [01:38<04:50, 2310.14it/s]Loading:  29%|██▉       | 270852/941724 [01:38<04:18, 2599.79it/s]Loading:  29%|██▉       | 271209/941724 [01:38<03:56, 2838.97it/s]Loading:  29%|██▉       | 271566/941724 [01:38<03:41, 3029.10it/s]Loading:  29%|██▉       | 271922/941724 [01:39<03:31, 3171.54it/s]Loading:  29%|██▉       | 272278/941724 [01:39<03:24, 3278.99it/s]Loading:  29%|██▉       | 272621/941724 [01:39<06:01, 1848.83it/s]Loading:  29%|██▉       | 272933/941724 [01:39<05:21, 2083.35it/s]Loading:  29%|██▉       | 273280/941724 [01:39<04:41, 2372.27it/s]Loading:  29%|██▉       | 273581/941724 [01:40<06:53, 1615.75it/s]Loading:  29%|██▉       | 273886/941724 [01:40<05:58, 1863.48it/s]Loading:  29%|██▉       | 274239/941724 [01:40<05:04, 2194.32it/s]Loading:  29%|██▉       | 274579/941724 [01:40<04:31, 2460.86it/s]Loading:  29%|██▉       | 274935/941724 [01:40<04:04, 2723.29it/s]Loading:  29%|██▉       | 275253/941724 [01:40<06:42, 1657.42it/s]Loading:  29%|██▉       | 275552/941724 [01:40<05:52, 1890.93it/s]Loading:  29%|██▉       | 275886/941724 [01:41<05:05, 2181.14it/s]Loading:  29%|██▉       | 276242/941724 [01:41<04:27, 2486.86it/s]Loading:  29%|██▉       | 276598/941724 [01:41<04:02, 2744.35it/s]Loading:  29%|██▉       | 276919/941724 [01:41<06:53, 1608.24it/s]Loading:  29%|██▉       | 277231/941724 [01:41<05:56, 1865.62it/s]Loading:  29%|██▉       | 277586/941724 [01:41<05:02, 2195.07it/s]Loading:  30%|██▉       | 277941/941724 [01:41<04:26, 2490.46it/s]Loading:  30%|██▉       | 278290/941724 [01:42<04:03, 2727.76it/s]Loading:  30%|██▉       | 278613/941724 [01:42<05:59, 1844.22it/s]Loading:  30%|██▉       | 278912/941724 [01:42<05:21, 2061.10it/s]Loading:  30%|██▉       | 279249/941724 [01:42<04:43, 2339.83it/s]Loading:  30%|██▉       | 279606/941724 [01:42<04:12, 2626.08it/s]Loading:  30%|██▉       | 279964/941724 [01:42<03:51, 2862.37it/s]Loading:  30%|██▉       | 280288/941724 [01:43<06:46, 1627.43it/s]Loading:  30%|██▉       | 280587/941724 [01:43<05:55, 1860.42it/s]Loading:  30%|██▉       | 280927/941724 [01:43<05:05, 2162.31it/s]Loading:  30%|██▉       | 281285/941724 [01:43<04:27, 2472.10it/s]Loading:  30%|██▉       | 281594/941724 [01:43<06:07, 1794.89it/s]Loading:  30%|██▉       | 281901/941724 [01:43<05:24, 2035.87it/s]Loading:  30%|██▉       | 282255/941724 [01:43<04:40, 2354.54it/s]Loading:  30%|███       | 282612/941724 [01:44<04:10, 2636.39it/s]Loading:  30%|███       | 282966/941724 [01:44<03:50, 2860.69it/s]Loading:  30%|███       | 283324/941724 [01:44<03:36, 3048.00it/s]Loading:  30%|███       | 283658/941724 [01:44<06:18, 1738.55it/s]Loading:  30%|███       | 283984/941724 [01:44<05:27, 2008.81it/s]Loading:  30%|███       | 284344/941724 [01:44<04:42, 2331.01it/s]Loading:  30%|███       | 284711/941724 [01:44<04:09, 2630.54it/s]Loading:  30%|███       | 285034/941724 [01:45<06:06, 1790.68it/s]Loading:  30%|███       | 285356/941724 [01:45<05:19, 2051.45it/s]Loading:  30%|███       | 285712/941724 [01:45<04:37, 2362.62it/s]Loading:  30%|███       | 286071/941724 [01:45<04:08, 2641.93it/s]Loading:  30%|███       | 286425/941724 [01:45<06:33, 1665.88it/s]Loading:  30%|███       | 286726/941724 [01:46<05:45, 1893.55it/s]Loading:  30%|███       | 287056/941724 [01:46<05:02, 2167.37it/s]Loading:  31%|███       | 287413/941724 [01:46<04:24, 2471.84it/s]Loading:  31%|███       | 287769/941724 [01:46<03:59, 2729.99it/s]Loading:  31%|███       | 288127/941724 [01:46<03:42, 2943.27it/s]Loading:  31%|███       | 288459/941724 [01:46<06:11, 1756.27it/s]Loading:  31%|███       | 288777/941724 [01:46<05:24, 2011.43it/s]Loading:  31%|███       | 289133/941724 [01:47<04:40, 2327.38it/s]Loading:  31%|███       | 289490/941724 [01:47<04:10, 2607.37it/s]Loading:  31%|███       | 289808/941724 [01:47<07:00, 1549.64it/s]Loading:  31%|███       | 290135/941724 [01:47<05:55, 1831.74it/s]Loading:  31%|███       | 290489/941724 [01:47<05:02, 2156.18it/s]Loading:  31%|███       | 290848/941724 [01:47<04:24, 2461.05it/s]Loading:  31%|███       | 291162/941724 [01:48<06:02, 1796.25it/s]Loading:  31%|███       | 291484/941724 [01:48<05:15, 2060.40it/s]Loading:  31%|███       | 291841/941724 [01:48<04:33, 2377.23it/s]Loading:  31%|███       | 292198/941724 [01:48<04:04, 2651.25it/s]Loading:  31%|███       | 292514/941724 [01:48<05:46, 1872.06it/s]Loading:  31%|███       | 292834/941724 [01:48<05:05, 2127.11it/s]Loading:  31%|███       | 293187/941724 [01:48<04:26, 2429.70it/s]Loading:  31%|███       | 293524/941724 [01:49<04:04, 2650.83it/s]Loading:  31%|███       | 293879/941724 [01:49<03:45, 2877.04it/s]Loading:  31%|███       | 294202/941724 [01:49<06:41, 1614.37it/s]Loading:  31%|███▏      | 294526/941724 [01:49<05:42, 1891.27it/s]Loading:  31%|███▏      | 294879/941724 [01:49<04:52, 2212.01it/s]Loading:  31%|███▏      | 295239/941724 [01:49<04:17, 2513.93it/s]Loading:  31%|███▏      | 295578/941724 [01:50<08:38, 1247.05it/s]Loading:  31%|███▏      | 295877/941724 [01:50<07:16, 1481.17it/s]Loading:  31%|███▏      | 296199/941724 [01:50<06:06, 1760.91it/s]Loading:  31%|███▏      | 296549/941724 [01:50<05:09, 2085.63it/s]Loading:  32%|███▏      | 296904/941724 [01:50<04:29, 2393.69it/s]Loading:  32%|███▏      | 297262/941724 [01:51<04:01, 2668.18it/s]Loading:  32%|███▏      | 297613/941724 [01:51<03:43, 2876.98it/s]Loading:  32%|███▏      | 297970/941724 [01:51<03:30, 3058.24it/s]Loading:  32%|███▏      | 298312/941724 [01:52<10:04, 1064.70it/s]Loading:  32%|███▏      | 298610/941724 [01:52<08:19, 1286.40it/s]Loading:  32%|███▏      | 298939/941724 [01:52<06:49, 1571.04it/s]Loading:  32%|███▏      | 299297/941724 [01:52<05:36, 1909.71it/s]Loading:  32%|███▏      | 299654/941724 [01:52<04:47, 2231.39it/s]Loading:  32%|███▏      | 299976/941724 [01:52<07:40, 1394.39it/s]Loading:  32%|███▏      | 300274/941724 [01:52<06:32, 1632.24it/s]Loading:  32%|███▏      | 300616/941724 [01:53<05:29, 1947.42it/s]Loading:  32%|███▏      | 300964/941724 [01:53<04:44, 2255.43it/s]Loading:  32%|███▏      | 301317/941724 [01:53<04:12, 2538.99it/s]Loading:  32%|███▏      | 301672/941724 [01:53<03:50, 2782.44it/s]Loading:  32%|███▏      | 302026/941724 [01:53<03:34, 2975.43it/s]Loading:  32%|███▏      | 302363/941724 [01:54<08:29, 1253.77it/s]Loading:  32%|███▏      | 302662/941724 [01:54<07:09, 1487.40it/s]Loading:  32%|███▏      | 303012/941724 [01:54<05:52, 1811.90it/s]Loading:  32%|███▏      | 303370/941724 [01:54<04:57, 2142.41it/s]Loading:  32%|███▏      | 303681/941724 [01:54<06:35, 1614.89it/s]Loading:  32%|███▏      | 303929/941724 [01:56<21:41, 489.91it/s] Loading:  32%|███▏      | 304229/941724 [01:56<16:20, 650.18it/s]Loading:  32%|███▏      | 304586/941724 [01:56<11:52, 894.08it/s]Loading:  32%|███▏      | 304947/941724 [01:56<08:57, 1183.65it/s]Loading:  32%|███▏      | 305235/941724 [01:57<10:25, 1017.75it/s]Loading:  32%|███▏      | 305533/941724 [01:57<08:27, 1253.31it/s]Loading:  32%|███▏      | 305879/941724 [01:57<06:43, 1576.33it/s]Loading:  33%|███▎      | 306241/941724 [01:57<05:29, 1929.17it/s]Loading:  33%|███▎      | 306586/941724 [01:57<07:23, 1430.89it/s]Loading:  33%|███▎      | 306883/941724 [01:57<06:20, 1667.21it/s]Loading:  33%|███▎      | 307225/941724 [01:57<05:20, 1981.96it/s]Loading:  33%|███▎      | 307581/941724 [01:58<04:35, 2303.39it/s]Loading:  33%|███▎      | 307885/941724 [01:58<06:44, 1566.10it/s]Loading:  33%|███▎      | 308183/941724 [01:58<05:50, 1806.14it/s]Loading:  33%|███▎      | 308532/941724 [01:58<04:56, 2134.65it/s]Loading:  33%|███▎      | 308891/941724 [01:58<04:18, 2451.22it/s]Loading:  33%|███▎      | 309248/941724 [01:58<03:52, 2716.37it/s]Loading:  33%|███▎      | 309606/941724 [01:58<03:35, 2933.90it/s]Loading:  33%|███▎      | 309939/941724 [01:59<05:18, 1982.80it/s]Loading:  33%|███▎      | 310249/941724 [01:59<04:46, 2204.06it/s]Loading:  33%|███▎      | 310608/941724 [01:59<04:11, 2509.54it/s]Loading:  33%|███▎      | 310911/941724 [01:59<06:16, 1673.57it/s]Loading:  33%|███▎      | 311210/941724 [01:59<05:30, 1907.95it/s]Loading:  33%|███▎      | 311562/941724 [01:59<04:41, 2234.63it/s]Loading:  33%|███▎      | 311919/941724 [02:00<04:08, 2533.74it/s]Loading:  33%|███▎      | 312274/941724 [02:00<03:46, 2779.66it/s]Loading:  33%|███▎      | 312595/941724 [02:00<05:28, 1913.98it/s]Loading:  33%|███▎      | 312904/941724 [02:00<04:53, 2143.90it/s]Loading:  33%|███▎      | 313260/941724 [02:00<04:16, 2452.87it/s]Loading:  33%|███▎      | 313614/941724 [02:00<03:51, 2710.46it/s]Loading:  33%|███▎      | 313929/941724 [02:01<06:07, 1708.66it/s]Loading:  33%|███▎      | 314226/941724 [02:01<05:24, 1935.30it/s]Loading:  33%|███▎      | 314552/941724 [02:01<04:44, 2205.75it/s]Loading:  33%|███▎      | 314905/941724 [02:01<04:10, 2504.78it/s]Loading:  33%|███▎      | 315263/941724 [02:01<03:46, 2766.65it/s]Loading:  34%|███▎      | 315617/941724 [02:01<03:31, 2964.81it/s]Loading:  34%|███▎      | 315947/941724 [02:01<05:50, 1783.03it/s]Loading:  34%|███▎      | 316264/941724 [02:02<05:07, 2036.49it/s]Loading:  34%|███▎      | 316604/941724 [02:02<04:29, 2319.10it/s]Loading:  34%|███▎      | 316922/941724 [02:02<06:20, 1642.22it/s]Loading:  34%|███▎      | 317221/941724 [02:02<05:32, 1878.33it/s]Loading:  34%|███▎      | 317571/941724 [02:02<04:43, 2202.89it/s]Loading:  34%|███▍      | 317929/941724 [02:02<04:08, 2508.12it/s]Loading:  34%|███▍      | 318285/941724 [02:02<03:45, 2761.57it/s]Loading:  34%|███▍      | 318606/941724 [02:03<05:34, 1864.97it/s]Loading:  34%|███▍      | 318909/941724 [02:03<04:58, 2088.46it/s]Loading:  34%|███▍      | 319265/941724 [02:03<04:18, 2404.65it/s]Loading:  34%|███▍      | 319625/941724 [02:03<03:51, 2685.56it/s]Loading:  34%|███▍      | 319984/941724 [02:03<03:33, 2911.68it/s]Loading:  34%|███▍      | 320312/941724 [02:03<06:02, 1716.06it/s]Loading:  34%|███▍      | 320620/941724 [02:04<05:17, 1956.85it/s]Loading:  34%|███▍      | 320975/941724 [02:04<04:32, 2277.26it/s]Loading:  34%|███▍      | 321331/941724 [02:04<04:01, 2564.22it/s]Loading:  34%|███▍      | 321645/941724 [02:04<06:24, 1610.76it/s]Loading:  34%|███▍      | 321944/941724 [02:04<05:35, 1845.66it/s]Loading:  34%|███▍      | 322293/941724 [02:04<04:45, 2167.69it/s]Loading:  34%|███▍      | 322646/941724 [02:04<04:11, 2465.70it/s]Loading:  34%|███▍      | 323008/941724 [02:05<03:45, 2740.60it/s]Loading:  34%|███▍      | 323332/941724 [02:05<05:51, 1760.39it/s]Loading:  34%|███▍      | 323634/941724 [02:05<05:10, 1988.77it/s]Loading:  34%|███▍      | 323984/941724 [02:05<04:28, 2300.42it/s]Loading:  34%|███▍      | 324343/941724 [02:05<03:58, 2592.30it/s]Loading:  34%|███▍      | 324702/941724 [02:05<03:37, 2836.65it/s]Loading:  35%|███▍      | 325029/941724 [02:06<05:52, 1751.08it/s]Loading:  35%|███▍      | 325351/941724 [02:06<05:05, 2015.72it/s]Loading:  35%|███▍      | 325707/941724 [02:06<04:24, 2331.25it/s]Loading:  35%|███▍      | 326064/941724 [02:06<03:55, 2610.07it/s]Loading:  35%|███▍      | 326416/941724 [02:06<07:15, 1413.78it/s]Loading:  35%|███▍      | 326712/941724 [02:07<06:14, 1642.93it/s]Loading:  35%|███▍      | 327040/941724 [02:07<05:18, 1929.04it/s]Loading:  35%|███▍      | 327397/941724 [02:07<04:32, 2256.00it/s]Loading:  35%|███▍      | 327756/941724 [02:07<04:00, 2551.73it/s]Loading:  35%|███▍      | 328115/941724 [02:07<03:39, 2800.36it/s]Loading:  35%|███▍      | 328446/941724 [02:07<05:54, 1732.13it/s]Loading:  35%|███▍      | 328745/941724 [02:07<05:13, 1954.66it/s]Loading:  35%|███▍      | 329087/941724 [02:08<04:32, 2250.08it/s]Loading:  35%|███▍      | 329444/941724 [02:08<04:00, 2545.71it/s]Loading:  35%|███▌      | 329803/941724 [02:08<03:38, 2798.46it/s]Loading:  35%|███▌      | 330159/941724 [02:08<03:24, 2993.04it/s]Loading:  35%|███▌      | 330494/941724 [02:08<05:45, 1767.03it/s]Loading:  35%|███▌      | 330791/941724 [02:08<05:08, 1983.37it/s]Loading:  35%|███▌      | 331144/941724 [02:08<04:25, 2299.06it/s]Loading:  35%|███▌      | 331440/941724 [02:09<06:50, 1487.63it/s]Loading:  35%|███▌      | 331735/941724 [02:09<05:53, 1727.11it/s]Loading:  35%|███▌      | 332069/941724 [02:09<04:59, 2032.61it/s]Loading:  35%|███▌      | 332426/941724 [02:09<04:18, 2359.60it/s]Loading:  35%|███▌      | 332785/941724 [02:09<03:50, 2645.77it/s]Loading:  35%|███▌      | 333141/941724 [02:09<03:31, 2872.83it/s]Loading:  35%|███▌      | 333497/941724 [02:09<03:19, 3053.22it/s]Loading:  35%|███▌      | 333834/941724 [02:10<05:41, 1782.35it/s]Loading:  35%|███▌      | 334129/941724 [02:10<05:04, 1993.53it/s]Loading:  36%|███▌      | 334474/941724 [02:10<04:24, 2292.37it/s]Loading:  36%|███▌      | 334832/941724 [02:10<03:54, 2583.82it/s]Loading:  36%|███▌      | 335145/941724 [02:10<06:13, 1624.40it/s]Loading:  36%|███▌      | 335445/941724 [02:11<05:25, 1861.77it/s]Loading:  36%|███▌      | 335773/941724 [02:11<04:42, 2142.57it/s]Loading:  36%|███▌      | 336131/941724 [02:11<04:06, 2458.80it/s]Loading:  36%|███▌      | 336490/941724 [02:11<03:41, 2729.18it/s]Loading:  36%|███▌      | 336817/941724 [02:11<06:11, 1626.18it/s]Loading:  36%|███▌      | 337115/941724 [02:11<05:25, 1857.32it/s]Loading:  36%|███▌      | 337472/941724 [02:11<04:35, 2192.64it/s]Loading:  36%|███▌      | 337828/941724 [02:12<04:02, 2491.37it/s]Loading:  36%|███▌      | 338187/941724 [02:12<03:39, 2751.45it/s]Loading:  36%|███▌      | 338546/941724 [02:12<03:23, 2962.19it/s]Loading:  36%|███▌      | 338883/941724 [02:12<03:18, 3033.86it/s]Loading:  36%|███▌      | 339214/941724 [02:12<06:54, 1452.76it/s]Loading:  36%|███▌      | 339526/941724 [02:12<05:52, 1709.08it/s]Loading:  36%|███▌      | 339876/941724 [02:13<04:56, 2032.12it/s]Loading:  36%|███▌      | 340238/941724 [02:13<04:15, 2356.96it/s]Loading:  36%|███▌      | 340599/941724 [02:13<03:47, 2640.02it/s]Loading:  36%|███▌      | 340927/941724 [02:13<05:22, 1864.90it/s]Loading:  36%|███▌      | 341229/941724 [02:13<04:48, 2082.21it/s]Loading:  36%|███▋      | 341582/941724 [02:13<04:11, 2389.23it/s]Loading:  36%|███▋      | 341941/941724 [02:13<03:44, 2667.33it/s]Loading:  36%|███▋      | 342284/941724 [02:14<05:33, 1796.41it/s]Loading:  36%|███▋      | 342584/941724 [02:14<04:57, 2015.85it/s]Loading:  36%|███▋      | 342924/941724 [02:14<04:20, 2301.44it/s]Loading:  36%|███▋      | 343280/941724 [02:14<03:51, 2588.54it/s]Loading:  36%|███▋      | 343589/941724 [02:14<05:44, 1734.70it/s]Loading:  37%|███▋      | 343890/941724 [02:14<05:03, 1968.08it/s]Loading:  37%|███▋      | 344242/941724 [02:15<04:20, 2289.42it/s]Loading:  37%|███▋      | 344602/941724 [02:15<03:50, 2587.53it/s]Loading:  37%|███▋      | 344956/941724 [02:15<03:31, 2820.09it/s]Loading:  37%|███▋      | 345312/941724 [02:15<03:18, 3010.38it/s]Loading:  37%|███▋      | 345645/941724 [02:15<05:51, 1694.01it/s]Loading:  37%|███▋      | 345950/941724 [02:15<05:08, 1930.09it/s]Loading:  37%|███▋      | 346306/941724 [02:15<04:24, 2254.75it/s]Loading:  37%|███▋      | 346664/941724 [02:16<03:53, 2547.62it/s]Loading:  37%|███▋      | 346995/941724 [02:16<04:20, 2281.93it/s]Loading:  37%|███▋      | 347270/941724 [02:16<05:44, 1727.08it/s]Loading:  37%|███▋      | 347610/941724 [02:16<04:51, 2040.57it/s]Loading:  37%|███▋      | 347973/941724 [02:16<04:09, 2375.62it/s]Loading:  37%|███▋      | 348334/941724 [02:16<03:43, 2660.89it/s]Loading:  37%|███▋      | 348698/941724 [02:16<03:24, 2902.42it/s]Loading:  37%|███▋      | 349025/941724 [02:17<05:07, 1926.65it/s]Loading:  37%|███▋      | 349334/941724 [02:17<04:35, 2152.03it/s]Loading:  37%|███▋      | 349689/941724 [02:17<04:01, 2454.73it/s]Loading:  37%|███▋      | 350048/941724 [02:17<03:37, 2721.84it/s]Loading:  37%|███▋      | 350403/941724 [02:17<03:21, 2929.48it/s]Loading:  37%|███▋      | 350731/941724 [02:18<06:15, 1573.51it/s]Loading:  37%|███▋      | 351033/941724 [02:18<05:26, 1810.85it/s]Loading:  37%|███▋      | 351392/941724 [02:18<04:34, 2148.46it/s]Loading:  37%|███▋      | 351750/941724 [02:18<04:00, 2454.14it/s]Loading:  37%|███▋      | 352105/941724 [02:18<03:37, 2709.88it/s]Loading:  37%|███▋      | 352431/941724 [02:18<05:55, 1658.83it/s]Loading:  37%|███▋      | 352745/941724 [02:18<05:07, 1913.59it/s]Loading:  37%|███▋      | 353105/941724 [02:19<04:22, 2245.62it/s]Loading:  38%|███▊      | 353465/941724 [02:19<03:51, 2542.34it/s]Loading:  38%|███▊      | 353823/941724 [02:19<03:30, 2789.80it/s]Loading:  38%|███▊      | 354152/941724 [02:19<06:24, 1526.70it/s]Loading:  38%|███▊      | 354469/941724 [02:19<05:28, 1789.18it/s]Loading:  38%|███▊      | 354823/941724 [02:19<04:37, 2114.65it/s]Loading:  38%|███▊      | 355187/941724 [02:20<04:01, 2433.69it/s]Loading:  38%|███▊      | 355504/941724 [02:20<06:19, 1542.80it/s]Loading:  38%|███▊      | 355804/941724 [02:20<05:29, 1780.64it/s]Loading:  38%|███▊      | 356159/941724 [02:20<04:36, 2114.67it/s]Loading:  38%|███▊      | 356517/941724 [02:20<04:01, 2425.21it/s]Loading:  38%|███▊      | 356874/941724 [02:20<03:37, 2690.07it/s]Loading:  38%|███▊      | 357198/941724 [02:21<05:26, 1792.96it/s]Loading:  38%|███▊      | 357500/941724 [02:21<04:49, 2018.18it/s]Loading:  38%|███▊      | 357858/941724 [02:21<04:09, 2342.73it/s]Loading:  38%|███▊      | 358216/941724 [02:21<03:42, 2624.81it/s]Loading:  38%|███▊      | 358574/941724 [02:21<03:23, 2859.53it/s]Loading:  38%|███▊      | 358902/941724 [02:22<08:07, 1196.19it/s]Loading:  38%|███▊      | 359201/941724 [02:22<06:47, 1430.03it/s]Loading:  38%|███▊      | 359546/941724 [02:22<05:33, 1746.91it/s]Loading:  38%|███▊      | 359902/941724 [02:22<04:39, 2078.57it/s]Loading:  38%|███▊      | 360257/941724 [02:22<04:04, 2382.99it/s]Loading:  38%|███▊      | 360578/941724 [02:22<05:31, 1752.01it/s]Loading:  38%|███▊      | 360896/941724 [02:23<04:48, 2010.77it/s]Loading:  38%|███▊      | 361251/941724 [02:23<04:09, 2328.02it/s]Loading:  38%|███▊      | 361607/941724 [02:23<03:42, 2607.54it/s]Loading:  38%|███▊      | 361923/941724 [02:23<05:33, 1737.64it/s]Loading:  38%|███▊      | 362219/941724 [02:23<04:55, 1958.64it/s]Loading:  39%|███▊      | 362575/941724 [02:23<04:13, 2287.73it/s]Loading:  39%|███▊      | 362930/941724 [02:23<03:44, 2574.19it/s]Loading:  39%|███▊      | 363292/941724 [02:23<03:24, 2828.49it/s]Loading:  39%|███▊      | 363618/941724 [02:24<05:21, 1800.10it/s]Loading:  39%|███▊      | 363913/941724 [02:24<04:47, 2011.56it/s]Loading:  39%|███▊      | 364263/941724 [02:24<04:08, 2322.13it/s]Loading:  39%|███▊      | 364619/941724 [02:24<03:41, 2606.20it/s]Loading:  39%|███▉      | 364931/941724 [02:24<05:19, 1804.26it/s]Loading:  39%|███▉      | 365253/941724 [02:25<04:38, 2071.50it/s]Loading:  39%|███▉      | 365607/941724 [02:25<04:01, 2383.06it/s]Loading:  39%|███▉      | 365964/941724 [02:25<03:36, 2658.94it/s]Loading:  39%|███▉      | 366278/941724 [02:25<06:06, 1570.04it/s]Loading:  39%|███▉      | 366574/941724 [02:25<05:19, 1802.48it/s]Loading:  39%|███▉      | 366933/941724 [02:25<04:27, 2147.22it/s]Loading:  39%|███▉      | 367288/941724 [02:25<03:54, 2449.57it/s]Loading:  39%|███▉      | 367646/941724 [02:26<03:31, 2715.49it/s]Loading:  39%|███▉      | 367970/941724 [02:26<05:29, 1740.15it/s]Loading:  39%|███▉      | 368268/941724 [02:26<04:52, 1963.43it/s]Loading:  39%|███▉      | 368605/941724 [02:26<04:14, 2250.51it/s]Loading:  39%|███▉      | 368965/941724 [02:26<03:44, 2554.33it/s]Loading:  39%|███▉      | 369275/941724 [02:27<05:51, 1627.33it/s]Loading:  39%|███▉      | 369579/941724 [02:27<05:05, 1873.48it/s]Loading:  39%|███▉      | 369925/941724 [02:27<04:21, 2188.88it/s]Loading:  39%|███▉      | 370288/941724 [02:27<03:47, 2508.27it/s]Loading:  39%|███▉      | 370652/941724 [02:27<03:25, 2779.05it/s]Loading:  39%|███▉      | 370978/941724 [02:27<04:47, 1983.61it/s]Loading:  39%|███▉      | 371290/941724 [02:27<04:18, 2210.07it/s]Loading:  39%|███▉      | 371647/941724 [02:27<03:46, 2511.42it/s]Loading:  40%|███▉      | 372003/941724 [02:28<03:26, 2762.59it/s]Loading:  40%|███▉      | 372362/941724 [02:28<03:11, 2973.69it/s]Loading:  40%|███▉      | 372692/941724 [02:28<05:09, 1838.92it/s]Loading:  40%|███▉      | 373015/941724 [02:28<04:31, 2097.95it/s]Loading:  40%|███▉      | 373367/941724 [02:28<03:57, 2396.39it/s]Loading:  40%|███▉      | 373668/941724 [02:29<05:58, 1586.00it/s]Loading:  40%|███▉      | 373980/941724 [02:29<05:07, 1847.58it/s]Loading:  40%|███▉      | 374334/941724 [02:29<04:20, 2179.00it/s]Loading:  40%|███▉      | 374688/941724 [02:29<03:49, 2475.86it/s]Loading:  40%|███▉      | 375048/941724 [02:29<03:26, 2742.43it/s]Loading:  40%|███▉      | 375371/941724 [02:29<05:04, 1857.79it/s]Loading:  40%|███▉      | 375696/941724 [02:29<04:26, 2121.48it/s]Loading:  40%|███▉      | 376051/941724 [02:29<03:53, 2426.37it/s]Loading:  40%|███▉      | 376406/941724 [02:30<03:30, 2687.54it/s]Loading:  40%|████      | 376723/941724 [02:30<05:56, 1584.09it/s]Loading:  40%|████      | 377019/941724 [02:30<05:11, 1814.19it/s]Loading:  40%|████      | 377361/941724 [02:30<04:25, 2124.18it/s]Loading:  40%|████      | 377702/941724 [02:30<03:54, 2401.61it/s]Loading:  40%|████      | 378057/941724 [02:30<03:30, 2672.60it/s]Loading:  40%|████      | 378411/941724 [02:30<03:14, 2890.57it/s]Loading:  40%|████      | 378740/941724 [02:31<07:17, 1286.35it/s]Loading:  40%|████      | 379038/941724 [02:31<06:09, 1522.68it/s]Loading:  40%|████      | 379366/941724 [02:31<05:09, 1814.90it/s]Loading:  40%|████      | 379711/941724 [02:31<04:24, 2128.44it/s]Loading:  40%|████      | 380018/941724 [02:32<06:16, 1493.69it/s]Loading:  40%|████      | 380315/941724 [02:32<05:23, 1735.91it/s]Loading:  40%|████      | 380660/941724 [02:32<04:32, 2061.14it/s]Loading:  40%|████      | 381018/941724 [02:32<03:55, 2384.51it/s]Loading:  40%|████      | 381377/941724 [02:32<03:30, 2665.71it/s]Loading:  41%|████      | 381736/941724 [02:32<03:13, 2895.64it/s]Loading:  41%|████      | 382094/941724 [02:32<03:01, 3075.13it/s]Loading:  41%|████      | 382447/941724 [02:32<02:54, 3198.84it/s]Loading:  41%|████      | 382799/941724 [02:33<02:50, 3286.41it/s]Loading:  41%|████      | 383145/941724 [02:33<02:48, 3315.25it/s]Loading:  41%|████      | 383489/941724 [02:33<04:53, 1905.20it/s]Loading:  41%|████      | 383786/941724 [02:33<04:24, 2106.92it/s]Loading:  41%|████      | 384134/941724 [02:33<03:52, 2399.57it/s]Loading:  41%|████      | 384489/941724 [02:33<03:28, 2667.08it/s]Loading:  41%|████      | 384841/941724 [02:33<03:13, 2878.71it/s]Loading:  41%|████      | 385194/941724 [02:34<03:02, 3048.05it/s]Loading:  41%|████      | 385528/941724 [02:34<04:59, 1856.98it/s]Loading:  41%|████      | 385840/941724 [02:34<04:25, 2093.76it/s]Loading:  41%|████      | 386198/941724 [02:34<03:50, 2407.05it/s]Loading:  41%|████      | 386500/941724 [02:34<05:45, 1606.87it/s]Loading:  41%|████      | 386798/941724 [02:35<05:00, 1843.74it/s]Loading:  41%|████      | 387138/941724 [02:35<04:17, 2151.59it/s]Loading:  41%|████      | 387491/941724 [02:35<03:45, 2454.76it/s]Loading:  41%|████      | 387848/941724 [02:35<03:23, 2720.33it/s]Loading:  41%|████      | 388203/941724 [02:35<03:08, 2929.71it/s]Loading:  41%|████▏     | 388532/941724 [02:35<05:01, 1837.70it/s]Loading:  41%|████▏     | 388835/941724 [02:35<04:28, 2061.73it/s]Loading:  41%|████▏     | 389188/941724 [02:35<03:52, 2372.08it/s]Loading:  41%|████▏     | 389542/941724 [02:36<03:28, 2642.55it/s]Loading:  41%|████▏     | 389856/941724 [02:36<04:46, 1928.73it/s]Loading:  41%|████▏     | 390154/941724 [02:36<04:18, 2136.45it/s]Loading:  41%|████▏     | 390421/941724 [02:36<04:59, 1841.25it/s]Loading:  41%|████▏     | 390720/941724 [02:36<04:25, 2075.48it/s]Loading:  42%|████▏     | 390969/941724 [02:38<15:24, 595.68it/s] Loading:  42%|████▏     | 391302/941724 [02:38<11:12, 818.59it/s]Loading:  42%|████▏     | 391618/941724 [02:38<09:20, 982.13it/s]Loading:  42%|████▏     | 391829/941724 [02:38<08:14, 1111.71it/s]Loading:  42%|████▏     | 392146/941724 [02:38<06:28, 1413.03it/s]Loading:  42%|████▏     | 392475/941724 [02:38<05:16, 1737.37it/s]Loading:  42%|████▏     | 392825/941724 [02:38<04:23, 2085.17it/s]Loading:  42%|████▏     | 393173/941724 [02:38<03:49, 2391.66it/s]Loading:  42%|████▏     | 393511/941724 [02:38<03:28, 2627.78it/s]Loading:  42%|████▏     | 393858/941724 [02:38<03:12, 2840.55it/s]Loading:  42%|████▏     | 394184/941724 [02:39<03:06, 2943.16it/s]Loading:  42%|████▏     | 394509/941724 [02:39<03:47, 2409.91it/s]Loading:  42%|████▏     | 394807/941724 [02:39<03:34, 2544.48it/s]Loading:  42%|████▏     | 395160/941724 [02:39<03:15, 2793.11it/s]Loading:  42%|████▏     | 395504/941724 [02:39<03:04, 2964.57it/s]Loading:  42%|████▏     | 395833/941724 [02:39<02:58, 3053.83it/s]Loading:  42%|████▏     | 396153/941724 [02:40<06:15, 1453.19it/s]Loading:  42%|████▏     | 396397/941724 [02:40<10:56, 831.00it/s] Loading:  42%|████▏     | 396699/941724 [02:40<08:33, 1060.86it/s]Loading:  42%|████▏     | 397048/941724 [02:41<06:35, 1377.43it/s]Loading:  42%|████▏     | 397405/941724 [02:41<05:16, 1721.67it/s]Loading:  42%|████▏     | 397757/941724 [02:41<04:25, 2051.02it/s]Loading:  42%|████▏     | 398106/941724 [02:41<03:51, 2348.61it/s]Loading:  42%|████▏     | 398466/941724 [02:41<03:26, 2633.14it/s]Loading:  42%|████▏     | 398820/941724 [02:41<03:10, 2854.57it/s]Loading:  42%|████▏     | 399179/941724 [02:41<02:58, 3045.59it/s]Loading:  42%|████▏     | 399536/941724 [02:41<02:50, 3186.57it/s]Loading:  42%|████▏     | 399884/941724 [02:41<03:26, 2620.85it/s]Loading:  42%|████▏     | 400192/941724 [02:42<03:18, 2730.37it/s]Loading:  43%|████▎     | 400527/941724 [02:42<03:07, 2888.10it/s]Loading:  43%|████▎     | 400839/941724 [02:42<03:28, 2599.94it/s]Loading:  43%|████▎     | 401149/941724 [02:42<03:18, 2725.09it/s]Loading:  43%|████▎     | 401494/941724 [02:42<03:05, 2915.73it/s]Loading:  43%|████▎     | 401815/941724 [02:42<04:43, 1907.70it/s]Loading:  43%|████▎     | 402111/941724 [02:42<04:14, 2117.24it/s]Loading:  43%|████▎     | 402454/941724 [02:43<03:44, 2407.44it/s]Loading:  43%|████▎     | 402811/941724 [02:43<03:20, 2686.10it/s]Loading:  43%|████▎     | 403143/941724 [02:43<03:09, 2847.35it/s]Loading:  43%|████▎     | 403499/941724 [02:43<02:57, 3037.02it/s]Loading:  43%|████▎     | 403834/941724 [02:43<02:52, 3123.03it/s]Loading:  43%|████▎     | 404165/941724 [02:43<02:49, 3173.70it/s]Loading:  43%|████▎     | 404499/941724 [02:43<02:46, 3221.37it/s]Loading:  43%|████▎     | 404830/941724 [02:43<02:45, 3246.00it/s]Loading:  43%|████▎     | 405161/941724 [02:43<02:44, 3259.64it/s]Loading:  43%|████▎     | 405498/941724 [02:43<02:42, 3290.01it/s]Loading:  43%|████▎     | 405852/941724 [02:44<02:39, 3363.69it/s]Loading:  43%|████▎     | 406208/941724 [02:44<02:36, 3420.47it/s]Loading:  43%|████▎     | 406564/941724 [02:44<02:34, 3459.62it/s]Loading:  43%|████▎     | 406918/941724 [02:44<02:33, 3481.12it/s]Loading:  43%|████▎     | 407276/941724 [02:44<02:32, 3510.04it/s]Loading:  43%|████▎     | 407629/941724 [02:44<02:31, 3514.94it/s]Loading:  43%|████▎     | 407987/941724 [02:44<02:31, 3534.25it/s]Loading:  43%|████▎     | 408344/941724 [02:44<02:30, 3543.81it/s]Loading:  43%|████▎     | 408703/941724 [02:44<02:29, 3555.57it/s]Loading:  43%|████▎     | 409060/941724 [02:44<02:29, 3559.56it/s]Loading:  43%|████▎     | 409419/941724 [02:45<02:29, 3567.38it/s]Loading:  44%|████▎     | 409776/941724 [02:45<02:29, 3560.75it/s]Loading:  44%|████▎     | 410134/941724 [02:45<02:29, 3564.63it/s]Loading:  44%|████▎     | 410491/941724 [02:45<02:29, 3552.51it/s]Loading:  44%|████▎     | 410847/941724 [02:45<02:31, 3515.55it/s]Loading:  44%|████▎     | 411201/941724 [02:45<02:30, 3521.10it/s]Loading:  44%|████▎     | 411559/941724 [02:45<02:29, 3536.82it/s]Loading:  44%|████▎     | 411918/941724 [02:45<02:29, 3550.02it/s]Loading:  44%|████▍     | 412276/941724 [02:45<02:28, 3556.96it/s]Loading:  44%|████▍     | 412633/941724 [02:45<02:28, 3560.37it/s]Loading:  44%|████▍     | 412994/941724 [02:46<02:27, 3573.26it/s]Loading:  44%|████▍     | 413352/941724 [02:46<02:28, 3562.24it/s]Loading:  44%|████▍     | 413711/941724 [02:46<02:27, 3568.42it/s]Loading:  44%|████▍     | 414068/941724 [02:46<02:28, 3558.94it/s]Loading:  44%|████▍     | 414426/941724 [02:46<02:27, 3563.24it/s]Loading:  44%|████▍     | 414783/941724 [02:46<02:27, 3564.73it/s]Loading:  44%|████▍     | 415140/941724 [02:46<02:27, 3562.78it/s]Loading:  44%|████▍     | 415499/941724 [02:46<02:27, 3568.91it/s]Loading:  44%|████▍     | 415856/941724 [02:46<02:27, 3563.41it/s]Loading:  44%|████▍     | 416215/941724 [02:46<02:27, 3568.72it/s]Loading:  44%|████▍     | 416572/941724 [02:47<02:27, 3550.56it/s]Loading:  44%|████▍     | 416928/941724 [02:47<02:28, 3528.80it/s]Loading:  44%|████▍     | 417281/941724 [02:47<03:53, 2244.83it/s]Loading:  44%|████▍     | 417565/941724 [02:47<04:43, 1847.33it/s]Loading:  44%|████▍     | 417800/941724 [02:48<10:50, 804.82it/s] Loading:  44%|████▍     | 417800/941724 [03:00<10:50, 804.82it/s]Loading:  44%|████▍     | 417833/941724 [03:01<2:37:55, 55.29it/s]Loadinsrun: error: frontier04560: task 121: Killed
srun: Terminating StepId=2124727.0
g:  44%|████▍     | 417834/941724 [03:01<2:49:13, 51.60it/s]slurmstepd: error: *** STEP 2124727.0 ON frontier04217 CANCELLED AT 2024-07-23T14:40:06 ***
srun: error: frontier04560: tasks 122-124,127: Killed
srun: error: frontier04560: tasks 120,125-126: Killed
srun: error: frontier04557: tasks 107-109,111: Terminated
srun: error: frontier04303: tasks 40,43-46: Terminated
srun: error: frontier04448: tasks 88,90-91,93-94: Terminated
srun: error: frontier04308: tasks 56,58-62: Terminated
srun: error: frontier04435: tasks 64,66-71: Terminated
srun: error: frontier04305: tasks 48,50-52,54: Terminated
srun: error: frontier04217: tasks 2-6: Terminated
srun: error: frontier04559: tasks 112,114,116-118: Terminated
srun: error: frontier04435: task 65: Terminated
srun: error: frontier04556: tasks 96,98-100: Terminated
srun: error: frontier04302: tasks 34-38: Terminated
srun: error: frontier04219: tasks 16,18-20,22-23: Terminated
srun: error: frontier04447: tasks 80-81,83-84,86-87: Terminated
srun: error: frontier04218: tasks 8,10-13,15: Terminated
srun: error: frontier04557: tasks 104,106,110: Terminated
srun: error: frontier04438: tasks 72-78: Terminated
srun: error: frontier04557: task 105: Terminated
srun: error: frontier04303: tasks 41-42,47: Terminated
srun: error: frontier04448: tasks 89,92,95: Terminated
srun: error: frontier04438: task 79: Terminated
srun: error: frontier04559: tasks 113,115,119: Terminated
srun: error: frontier04308: tasks 57,63: Terminated
srun: error: frontier04305: tasks 49,53,55: Terminated
srun: error: frontier04556: tasks 97,101-103: Terminated
srun: error: frontier04302: tasks 32-33,39: Terminated
srun: error: frontier04217: tasks 0-1,7: Terminated
srun: error: frontier04219: tasks 17,21: Terminated
srun: error: frontier04447: tasks 82,85: Terminated
srun: error: frontier04218: tasks 9,14: Terminated
srun: error: frontier04220: task 26: Killed
srun: error: frontier04220: task 29: Killed
srun: error: frontier04220: task 27: Killed
srun: error: frontier04220: tasks 28,30-31: Killed
srun: error: frontier04220: tasks 24-25: Killed
srun: Force Terminated StepId=2124727.0
+ sleep 5
+ echo Done.
Done.
