MINICOM=-c on
MIOPEN_DISABLE_CACHE=1
MPICH_ENV_DISPLAY=0
MPICH_OFI_NIC_POLICY=NUMA
MPICH_VERSION_DISPLAY=0
MPICH_DIR=/opt/cray/pe/mpich/8.1.28/ofi/crayclang/17.0
HYDRA_LAUNCHER_EXTRA_ARGS=--external-launcher
HYDRAGNN_VALTEST=0
HYDRAGNN_AGGR_BACKEND=mpi
HYDRAGNN_NUM_WORKERS=0
HYDRA_BOOTSTRAP=slurm
HYDRAGNN_USE_VARIABLE_GRAPH_SIZE=1
NCCL_P2P_LEVEL=NVL
NCCL_PROTO=Simple
NCCL_P2P_DISABLE=1
Running "module reset". Resetting modules to system default. The following $MODULEPATH directories have been removed: None
-------------------------------------------------------------------------------
There are messages associated with the following module(s):
-------------------------------------------------------------------------------

DefApps:
   The software stack on Frontier had updates on July 9th & 16th, 2024.
   Retired modules: https://docs.olcf.ornl.gov/software/software-news.html#frontier-user-environment-changes-july-9-2024
   New defaults: https://docs.olcf.ornl.gov/software/software-news.html#frontier-system-software-update-july-16-2024

-------------------------------------------------------------------------------


Lmod is automatically replacing "cce/17.0.0" with "gcc-native/12.3".


Lmod is automatically replacing "PrgEnv-cray/8.5.0" with "PrgEnv-gnu/8.5.0".


Due to MODULEPATH changes, the following have been reloaded:
  1) cray-libsci/23.12.5     2) cray-mpich/8.1.28     3) darshan-runtime/3.4.0-mpi


Lmod is automatically replacing "gcc-native/12.3" with "amd-mixed/5.4.3".

Lmod has detected the following error: The following module(s) are unknown:
"amd-mixed/5.4.3" "darshan-runtime"

Please check the spelling or version number. Also try "module spider ..."
It is also possible your cache file is out-of-date; it may help to try:
  $ module --ignore_cache load "amd-mixed/5.4.3" "darshan-runtime"

Also make sure that all modulefiles written in TCL start with the string
#%Module



Lmod has detected the following error: The following module(s) are unknown:
"cray-mpich/8.1.26"

Please check the spelling or version number. Also try "module spider ..."
It is also possible your cache file is out-of-date; it may help to try:
  $ module --ignore_cache load "cray-mpich/8.1.26"

Also make sure that all modulefiles written in TCL start with the string
#%Module



+ export HYDRAGNN_TRACE_LEVEL=2
+ HYDRAGNN_TRACE_LEVEL=2
+ for MS in SMALL
+ for NN in 16
+ srun -N16 -n128 -c7 --gpus-per-task=1 --gpu-bind=closest python -u ./examples/multidataset/train.py --multi_model_list=OC2020 --multi --num_epoch=1 --everyone --ddstore --log=exp-strongfull-SMALL-2125921-NN16 --inputfile=SMALL_MTL.json
[2024-07-23 22:26:36,786] [INFO] [real_accelerator.py:203:get_accelerator] Setting ds_accelerator to cuda (auto detect)
[2024-07-23 22:26:36,786] [INFO] [real_accelerator.py:203:get_accelerator] Setting ds_accelerator to cuda (auto detect)
[2024-07-23 22:26:36,786] [INFO] [real_accelerator.py:203:get_accelerator] Setting ds_accelerator to cuda (auto detect)
[2024-07-23 22:26:36,786] [INFO] [real_accelerator.py:203:get_accelerator] Setting ds_accelerator to cuda (auto detect)
[2024-07-23 22:26:36,786] [INFO] [real_accelerator.py:203:get_accelerator] Setting ds_accelerator to cuda (auto detect)
[2024-07-23 22:26:36,786] [INFO] [real_accelerator.py:203:get_accelerator] Setting ds_accelerator to cuda (auto detect)
[2024-07-23 22:26:36,786] [INFO] [real_accelerator.py:203:get_accelerator] Setting ds_accelerator to cuda (auto detect)
[2024-07-23 22:26:36,786] [INFO] [real_accelerator.py:203:get_accelerator] Setting ds_accelerator to cuda (auto detect)
[2024-07-23 22:26:36,793] [INFO] [real_accelerator.py:203:get_accelerator] Setting ds_accelerator to cuda (auto detect)
[2024-07-23 22:26:36,793] [INFO] [real_accelerator.py:203:get_accelerator] Setting ds_accelerator to cuda (auto detect)
[2024-07-23 22:26:36,793] [INFO] [real_accelerator.py:203:get_accelerator] Setting ds_accelerator to cuda (auto detect)
[2024-07-23 22:26:36,793] [INFO] [real_accelerator.py:203:get_accelerator] Setting ds_accelerator to cuda (auto detect)
[2024-07-23 22:26:36,793] [INFO] [real_accelerator.py:203:get_accelerator] Setting ds_accelerator to cuda (auto detect)
[2024-07-23 22:26:36,793] [INFO] [real_accelerator.py:203:get_accelerator] Setting ds_accelerator to cuda (auto detect)
[2024-07-23 22:26:36,793] [INFO] [real_accelerator.py:203:get_accelerator] Setting ds_accelerator to cuda (auto detect)
[2024-07-23 22:26:36,793] [INFO] [real_accelerator.py:203:get_accelerator] Setting ds_accelerator to cuda (auto detect)
[2024-07-23 22:26:36,874] [INFO] [real_accelerator.py:203:get_accelerator] Setting ds_accelerator to cuda (auto detect)
[2024-07-23 22:26:36,874] [INFO] [real_accelerator.py:203:get_accelerator] Setting ds_accelerator to cuda (auto detect)
[2024-07-23 22:26:36,882] [INFO] [real_accelerator.py:203:get_accelerator] Setting ds_accelerator to cuda (auto detect)
[2024-07-23 22:26:36,884] [INFO] [real_accelerator.py:203:get_accelerator] Setting ds_accelerator to cuda (auto detect)
[2024-07-23 22:26:36,907] [INFO] [real_accelerator.py:203:get_accelerator] Setting ds_accelerator to cuda (auto detect)
[2024-07-23 22:26:36,907] [INFO] [real_accelerator.py:203:get_accelerator] Setting ds_accelerator to cuda (auto detect)
[2024-07-23 22:26:36,907] [INFO] [real_accelerator.py:203:get_accelerator] Setting ds_accelerator to cuda (auto detect)
[2024-07-23 22:26:36,907] [INFO] [real_accelerator.py:203:get_accelerator] Setting ds_accelerator to cuda (auto detect)
[2024-07-23 22:26:36,907] [INFO] [real_accelerator.py:203:get_accelerator] Setting ds_accelerator to cuda (auto detect)
[2024-07-23 22:26:36,907] [INFO] [real_accelerator.py:203:get_accelerator] Setting ds_accelerator to cuda (auto detect)
[2024-07-23 22:26:36,907] [INFO] [real_accelerator.py:203:get_accelerator] Setting ds_accelerator to cuda (auto detect)
[2024-07-23 22:26:36,907] [INFO] [real_accelerator.py:203:get_accelerator] Setting ds_accelerator to cuda (auto detect)
[2024-07-23 22:26:36,908] [INFO] [real_accelerator.py:203:get_accelerator] Setting ds_accelerator to cuda (auto detect)
[2024-07-23 22:26:36,908] [INFO] [real_accelerator.py:203:get_accelerator] Setting ds_accelerator to cuda (auto detect)
[2024-07-23 22:26:36,908] [INFO] [real_accelerator.py:203:get_accelerator] Setting ds_accelerator to cuda (auto detect)
[2024-07-23 22:26:36,908] [INFO] [real_accelerator.py:203:get_accelerator] Setting ds_accelerator to cuda (auto detect)
[2024-07-23 22:26:36,908] [INFO] [real_accelerator.py:203:get_accelerator] Setting ds_accelerator to cuda (auto detect)
[2024-07-23 22:26:36,908] [INFO] [real_accelerator.py:203:get_accelerator] Setting ds_accelerator to cuda (auto detect)
[2024-07-23 22:26:36,908] [INFO] [real_accelerator.py:203:get_accelerator] Setting ds_accelerator to cuda (auto detect)
[2024-07-23 22:26:36,908] [INFO] [real_accelerator.py:203:get_accelerator] Setting ds_accelerator to cuda (auto detect)
[2024-07-23 22:26:36,911] [INFO] [real_accelerator.py:203:get_accelerator] Setting ds_accelerator to cuda (auto detect)
[2024-07-23 22:26:36,913] [INFO] [real_accelerator.py:203:get_accelerator] Setting ds_accelerator to cuda (auto detect)
[2024-07-23 22:26:36,919] [INFO] [real_accelerator.py:203:get_accelerator] Setting ds_accelerator to cuda (auto detect)
[2024-07-23 22:26:36,919] [INFO] [real_accelerator.py:203:get_accelerator] Setting ds_accelerator to cuda (auto detect)
[2024-07-23 22:26:36,919] [INFO] [real_accelerator.py:203:get_accelerator] Setting ds_accelerator to cuda (auto detect)
[2024-07-23 22:26:36,919] [INFO] [real_accelerator.py:203:get_accelerator] Setting ds_accelerator to cuda (auto detect)
[2024-07-23 22:26:36,919] [INFO] [real_accelerator.py:203:get_accelerator] Setting ds_accelerator to cuda (auto detect)
[2024-07-23 22:26:36,919] [INFO] [real_accelerator.py:203:get_accelerator] Setting ds_accelerator to cuda (auto detect)
[2024-07-23 22:26:36,919] [INFO] [real_accelerator.py:203:get_accelerator] Setting ds_accelerator to cuda (auto detect)
[2024-07-23 22:26:36,919] [INFO] [real_accelerator.py:203:get_accelerator] Setting ds_accelerator to cuda (auto detect)
[2024-07-23 22:26:36,922] [INFO] [real_accelerator.py:203:get_accelerator] Setting ds_accelerator to cuda (auto detect)
[2024-07-23 22:26:36,922] [INFO] [real_accelerator.py:203:get_accelerator] Setting ds_accelerator to cuda (auto detect)
[2024-07-23 22:26:36,922] [INFO] [real_accelerator.py:203:get_accelerator] Setting ds_accelerator to cuda (auto detect)
[2024-07-23 22:26:36,922] [INFO] [real_accelerator.py:203:get_accelerator] Setting ds_accelerator to cuda (auto detect)
[2024-07-23 22:26:36,922] [INFO] [real_accelerator.py:203:get_accelerator] Setting ds_accelerator to cuda (auto detect)
[2024-07-23 22:26:36,922] [INFO] [real_accelerator.py:203:get_accelerator] Setting ds_accelerator to cuda (auto detect)
[2024-07-23 22:26:36,922] [INFO] [real_accelerator.py:203:get_accelerator] Setting ds_accelerator to cuda (auto detect)
[2024-07-23 22:26:36,922] [INFO] [real_accelerator.py:203:get_accelerator] Setting ds_accelerator to cuda (auto detect)
[2024-07-23 22:26:36,925] [INFO] [real_accelerator.py:203:get_accelerator] Setting ds_accelerator to cuda (auto detect)
[2024-07-23 22:26:36,925] [INFO] [real_accelerator.py:203:get_accelerator] Setting ds_accelerator to cuda (auto detect)
[2024-07-23 22:26:36,925] [INFO] [real_accelerator.py:203:get_accelerator] Setting ds_accelerator to cuda (auto detect)
[2024-07-23 22:26:36,925] [INFO] [real_accelerator.py:203:get_accelerator] Setting ds_accelerator to cuda (auto detect)
[2024-07-23 22:26:36,925] [INFO] [real_accelerator.py:203:get_accelerator] Setting ds_accelerator to cuda (auto detect)
[2024-07-23 22:26:36,925] [INFO] [real_accelerator.py:203:get_accelerator] Setting ds_accelerator to cuda (auto detect)
[2024-07-23 22:26:36,925] [INFO] [real_accelerator.py:203:get_accelerator] Setting ds_accelerator to cuda (auto detect)
[2024-07-23 22:26:36,925] [INFO] [real_accelerator.py:203:get_accelerator] Setting ds_accelerator to cuda (auto detect)
[2024-07-23 22:26:36,930] [INFO] [real_accelerator.py:203:get_accelerator] Setting ds_accelerator to cuda (auto detect)
[2024-07-23 22:26:36,930] [INFO] [real_accelerator.py:203:get_accelerator] Setting ds_accelerator to cuda (auto detect)
[2024-07-23 22:26:36,941] [INFO] [real_accelerator.py:203:get_accelerator] Setting ds_accelerator to cuda (auto detect)
[2024-07-23 22:26:36,941] [INFO] [real_accelerator.py:203:get_accelerator] Setting ds_accelerator to cuda (auto detect)
[2024-07-23 22:26:36,941] [INFO] [real_accelerator.py:203:get_accelerator] Setting ds_accelerator to cuda (auto detect)
[2024-07-23 22:26:36,941] [INFO] [real_accelerator.py:203:get_accelerator] Setting ds_accelerator to cuda (auto detect)
[2024-07-23 22:26:36,941] [INFO] [real_accelerator.py:203:get_accelerator] Setting ds_accelerator to cuda (auto detect)
[2024-07-23 22:26:36,941] [INFO] [real_accelerator.py:203:get_accelerator] Setting ds_accelerator to cuda (auto detect)
[2024-07-23 22:26:36,941] [INFO] [real_accelerator.py:203:get_accelerator] Setting ds_accelerator to cuda (auto detect)
[2024-07-23 22:26:36,941] [INFO] [real_accelerator.py:203:get_accelerator] Setting ds_accelerator to cuda (auto detect)
[2024-07-23 22:26:36,945] [INFO] [real_accelerator.py:203:get_accelerator] Setting ds_accelerator to cuda (auto detect)
[2024-07-23 22:26:36,945] [INFO] [real_accelerator.py:203:get_accelerator] Setting ds_accelerator to cuda (auto detect)
[2024-07-23 22:26:36,945] [INFO] [real_accelerator.py:203:get_accelerator] Setting ds_accelerator to cuda (auto detect)
[2024-07-23 22:26:36,945] [INFO] [real_accelerator.py:203:get_accelerator] Setting ds_accelerator to cuda (auto detect)
[2024-07-23 22:26:36,945] [INFO] [real_accelerator.py:203:get_accelerator] Setting ds_accelerator to cuda (auto detect)
[2024-07-23 22:26:36,945] [INFO] [real_accelerator.py:203:get_accelerator] Setting ds_accelerator to cuda (auto detect)
[2024-07-23 22:26:36,945] [INFO] [real_accelerator.py:203:get_accelerator] Setting ds_accelerator to cuda (auto detect)
[2024-07-23 22:26:36,945] [INFO] [real_accelerator.py:203:get_accelerator] Setting ds_accelerator to cuda (auto detect)
[2024-07-23 22:26:36,948] [INFO] [real_accelerator.py:203:get_accelerator] Setting ds_accelerator to cuda (auto detect)
[2024-07-23 22:26:36,948] [INFO] [real_accelerator.py:203:get_accelerator] Setting ds_accelerator to cuda (auto detect)
[2024-07-23 22:26:36,948] [INFO] [real_accelerator.py:203:get_accelerator] Setting ds_accelerator to cuda (auto detect)
[2024-07-23 22:26:36,948] [INFO] [real_accelerator.py:203:get_accelerator] Setting ds_accelerator to cuda (auto detect)
[2024-07-23 22:26:36,948] [INFO] [real_accelerator.py:203:get_accelerator] Setting ds_accelerator to cuda (auto detect)
[2024-07-23 22:26:36,948] [INFO] [real_accelerator.py:203:get_accelerator] Setting ds_accelerator to cuda (auto detect)
[2024-07-23 22:26:36,948] [INFO] [real_accelerator.py:203:get_accelerator] Setting ds_accelerator to cuda (auto detect)
[2024-07-23 22:26:36,948] [INFO] [real_accelerator.py:203:get_accelerator] Setting ds_accelerator to cuda (auto detect)
[2024-07-23 22:26:36,950] [INFO] [real_accelerator.py:203:get_accelerator] Setting ds_accelerator to cuda (auto detect)
[2024-07-23 22:26:36,950] [INFO] [real_accelerator.py:203:get_accelerator] Setting ds_accelerator to cuda (auto detect)
[2024-07-23 22:26:36,950] [INFO] [real_accelerator.py:203:get_accelerator] Setting ds_accelerator to cuda (auto detect)
[2024-07-23 22:26:36,950] [INFO] [real_accelerator.py:203:get_accelerator] Setting ds_accelerator to cuda (auto detect)
[2024-07-23 22:26:36,950] [INFO] [real_accelerator.py:203:get_accelerator] Setting ds_accelerator to cuda (auto detect)
[2024-07-23 22:26:36,950] [INFO] [real_accelerator.py:203:get_accelerator] Setting ds_accelerator to cuda (auto detect)
[2024-07-23 22:26:36,950] [INFO] [real_accelerator.py:203:get_accelerator] Setting ds_accelerator to cuda (auto detect)
[2024-07-23 22:26:36,950] [INFO] [real_accelerator.py:203:get_accelerator] Setting ds_accelerator to cuda (auto detect)
[2024-07-23 22:26:36,978] [INFO] [real_accelerator.py:203:get_accelerator] Setting ds_accelerator to cuda (auto detect)
[2024-07-23 22:26:36,978] [INFO] [real_accelerator.py:203:get_accelerator] Setting ds_accelerator to cuda (auto detect)
[2024-07-23 22:26:36,978] [INFO] [real_accelerator.py:203:get_accelerator] Setting ds_accelerator to cuda (auto detect)
[2024-07-23 22:26:36,978] [INFO] [real_accelerator.py:203:get_accelerator] Setting ds_accelerator to cuda (auto detect)
[2024-07-23 22:26:36,978] [INFO] [real_accelerator.py:203:get_accelerator] Setting ds_accelerator to cuda (auto detect)
[2024-07-23 22:26:36,978] [INFO] [real_accelerator.py:203:get_accelerator] Setting ds_accelerator to cuda (auto detect)
[2024-07-23 22:26:36,978] [INFO] [real_accelerator.py:203:get_accelerator] Setting ds_accelerator to cuda (auto detect)
[2024-07-23 22:26:36,985] [INFO] [real_accelerator.py:203:get_accelerator] Setting ds_accelerator to cuda (auto detect)
[2024-07-23 22:26:37,113] [INFO] [real_accelerator.py:203:get_accelerator] Setting ds_accelerator to cuda (auto detect)
[2024-07-23 22:26:37,113] [INFO] [real_accelerator.py:203:get_accelerator] Setting ds_accelerator to cuda (auto detect)
[2024-07-23 22:26:37,113] [INFO] [real_accelerator.py:203:get_accelerator] Setting ds_accelerator to cuda (auto detect)
[2024-07-23 22:26:37,113] [INFO] [real_accelerator.py:203:get_accelerator] Setting ds_accelerator to cuda (auto detect)
[2024-07-23 22:26:37,113] [INFO] [real_accelerator.py:203:get_accelerator] Setting ds_accelerator to cuda (auto detect)
[2024-07-23 22:26:37,113] [INFO] [real_accelerator.py:203:get_accelerator] Setting ds_accelerator to cuda (auto detect)
[2024-07-23 22:26:37,113] [INFO] [real_accelerator.py:203:get_accelerator] Setting ds_accelerator to cuda (auto detect)
[2024-07-23 22:26:37,113] [INFO] [real_accelerator.py:203:get_accelerator] Setting ds_accelerator to cuda (auto detect)
[2024-07-23 22:26:37,266] [INFO] [real_accelerator.py:203:get_accelerator] Setting ds_accelerator to cuda (auto detect)
[2024-07-23 22:26:37,266] [INFO] [real_accelerator.py:203:get_accelerator] Setting ds_accelerator to cuda (auto detect)
[2024-07-23 22:26:37,266] [INFO] [real_accelerator.py:203:get_accelerator] Setting ds_accelerator to cuda (auto detect)
[2024-07-23 22:26:37,266] [INFO] [real_accelerator.py:203:get_accelerator] Setting ds_accelerator to cuda (auto detect)
[2024-07-23 22:26:37,266] [INFO] [real_accelerator.py:203:get_accelerator] Setting ds_accelerator to cuda (auto detect)
[2024-07-23 22:26:37,266] [INFO] [real_accelerator.py:203:get_accelerator] Setting ds_accelerator to cuda (auto detect)
[2024-07-23 22:26:37,266] [INFO] [real_accelerator.py:203:get_accelerator] Setting ds_accelerator to cuda (auto detect)
[2024-07-23 22:26:37,266] [INFO] [real_accelerator.py:203:get_accelerator] Setting ds_accelerator to cuda (auto detect)
[2024-07-23 22:26:37,625] [INFO] [real_accelerator.py:203:get_accelerator] Setting ds_accelerator to cuda (auto detect)
[2024-07-23 22:26:37,625] [INFO] [real_accelerator.py:203:get_accelerator] Setting ds_accelerator to cuda (auto detect)
[2024-07-23 22:26:37,625] [INFO] [real_accelerator.py:203:get_accelerator] Setting ds_accelerator to cuda (auto detect)
[2024-07-23 22:26:37,625] [INFO] [real_accelerator.py:203:get_accelerator] Setting ds_accelerator to cuda (auto detect)
[2024-07-23 22:26:37,625] [INFO] [real_accelerator.py:203:get_accelerator] Setting ds_accelerator to cuda (auto detect)
[2024-07-23 22:26:37,625] [INFO] [real_accelerator.py:203:get_accelerator] Setting ds_accelerator to cuda (auto detect)
[2024-07-23 22:26:37,625] [INFO] [real_accelerator.py:203:get_accelerator] Setting ds_accelerator to cuda (auto detect)
[2024-07-23 22:26:37,625] [INFO] [real_accelerator.py:203:get_accelerator] Setting ds_accelerator to cuda (auto detect)
[93m [WARNING] [0m async_io requires the dev libaio .so object and headers but these were not found.
[93m [WARNING] [0m async_io requires the dev libaio .so object and headers but these were not found.
[93m [WARNING] [0m async_io requires the dev libaio .so object and headers but these were not found.
[93m [WARNING] [0m async_io requires the dev libaio .so object and headers but these were not found.
[93m [WARNING] [0m async_io requires the dev libaio .so object and headers but these were not found.
[93m [WARNING] [0m async_io requires the dev libaio .so object and headers but these were not found.
[93m [WARNING] [0m async_io requires the dev libaio .so object and headers but these were not found.
[93m [WARNING] [0m async_io requires the dev libaio .so object and headers but these were not found.
[93m [WARNING] [0m async_io requires the dev libaio .so object and headers but these were not found.
[93m [WARNING] [0m async_io requires the dev libaio .so object and headers but these were not found.
[93m [WARNING] [0m async_io requires the dev libaio .so object and headers but these were not found.
[93m [WARNING] [0m async_io requires the dev libaio .so object and headers but these were not found.
[93m [WARNING] [0m async_io requires the dev libaio .so object and headers but these were not found.
[93m [WARNING] [0m async_io requires the dev libaio .so object and headers but these were not found.
[93m [WARNING] [0m async_io requires the dev libaio .so object and headers but these were not found.
[93m [WARNING] [0m async_io requires the dev libaio .so object and headers but these were not found.
[93m [WARNING] [0m If libaio is already installed (perhaps from source), try setting the CFLAGS and LDFLAGS environment variables to where it can be found.
[93m [WARNING] [0m If libaio is already installed (perhaps from source), try setting the CFLAGS and LDFLAGS environment variables to where it can be found.
[93m [WARNING] [0m If libaio is already installed (perhaps from source), try setting the CFLAGS and LDFLAGS environment variables to where it can be found.
[93m [WARNING] [0m Please specify the CUTLASS repo directory as environment variable $CUTLASS_PATH
[93m [WARNING] [0m Please specify the CUTLASS repo directory as environment variable $CUTLASS_PATH
[93m [WARNING] [0m Please specify the CUTLASS repo directory as environment variable $CUTLASS_PATH
[93m [WARNING] [0m If libaio is already installed (perhaps from source), try setting the CFLAGS and LDFLAGS environment variables to where it can be found.
[93m [WARNING] [0m If libaio is already installed (perhaps from source), try setting the CFLAGS and LDFLAGS environment variables to where it can be found.
[93m [WARNING] [0m If libaio is already installed (perhaps from source), try setting the CFLAGS and LDFLAGS environment variables to where it can be found.
[93m [WARNING] [0m If libaio is already installed (perhaps from source), try setting the CFLAGS and LDFLAGS environment variables to where it can be found.
[93m [WARNING] [0m Please specify the CUTLASS repo directory as environment variable $CUTLASS_PATH
[93m [WARNING] [0m Please specify the CUTLASS repo directory as environment variable $CUTLASS_PATH
[93m [WARNING] [0m Please specify the CUTLASS repo directory as environment variable $CUTLASS_PATH
[93m [WARNING] [0m Please specify the CUTLASS repo directory as environment variable $CUTLASS_PATH
[93m [WARNING] [0m If libaio is already installed (perhaps from source), try setting the CFLAGS and LDFLAGS environment variables to where it can be found.
[93m [WARNING] [0m Please specify the CUTLASS repo directory as environment variable $CUTLASS_PATH
[93m [WARNING] [0m If libaio is already installed (perhaps from source), try setting the CFLAGS and LDFLAGS environment variables to where it can be found.
[93m [WARNING] [0m Please specify the CUTLASS repo directory as environment variable $CUTLASS_PATH
[93m [WARNING] [0m If libaio is already installed (perhaps from source), try setting the CFLAGS and LDFLAGS environment variables to where it can be found.
[93m [WARNING] [0m Please specify the CUTLASS repo directory as environment variable $CUTLASS_PATH
[93m [WARNING] [0m If libaio is already installed (perhaps from source), try setting the CFLAGS and LDFLAGS environment variables to where it can be found.
[93m [WARNING] [0m If libaio is already installed (perhaps from source), try setting the CFLAGS and LDFLAGS environment variables to where it can be found.
[93m [WARNING] [0m If libaio is already installed (perhaps from source), try setting the CFLAGS and LDFLAGS environment variables to where it can be found.
[93m [WARNING] [0m If libaio is already installed (perhaps from source), try setting the CFLAGS and LDFLAGS environment variables to where it can be found.
[93m [WARNING] [0m Please specify the CUTLASS repo directory as environment variable $CUTLASS_PATH
[93m [WARNING] [0m If libaio is already installed (perhaps from source), try setting the CFLAGS and LDFLAGS environment variables to where it can be found.
[93m [WARNING] [0m Please specify the CUTLASS repo directory as environment variable $CUTLASS_PATH
[93m [WARNING] [0m Please specify the CUTLASS repo directory as environment variable $CUTLASS_PATH
[93m [WARNING] [0m Please specify the CUTLASS repo directory as environment variable $CUTLASS_PATH
[93m [WARNING] [0m Please specify the CUTLASS repo directory as environment variable $CUTLASS_PATH
[93m [WARNING] [0m If libaio is already installed (perhaps from source), try setting the CFLAGS and LDFLAGS environment variables to where it can be found.
[93m [WARNING] [0m Please specify the CUTLASS repo directory as environment variable $CUTLASS_PATH
[93m [WARNING] [0m async_io requires the dev libaio .so object and headers but these were not found.
[93m [WARNING] [0m async_io requires the dev libaio .so object and headers but these were not found.
[93m [WARNING] [0m async_io requires the dev libaio .so object and headers but these were not found.
[93m [WARNING] [0m async_io requires the dev libaio .so object and headers but these were not found.
[93m [WARNING] [0m async_io requires the dev libaio .so object and headers but these were not found.
[93m [WARNING] [0m async_io requires the dev libaio .so object and headers but these were not found.
[93m [WARNING] [0m async_io requires the dev libaio .so object and headers but these were not found.
[93m [WARNING] [0m async_io requires the dev libaio .so object and headers but these were not found.
[93m [WARNING] [0m If libaio is already installed (perhaps from source), try setting the CFLAGS and LDFLAGS environment variables to where it can be found.
[93m [WARNING] [0m Please specify the CUTLASS repo directory as environment variable $CUTLASS_PATH
[93m [WARNING] [0m If libaio is already installed (perhaps from source), try setting the CFLAGS and LDFLAGS environment variables to where it can be found.
[93m [WARNING] [0m If libaio is already installed (perhaps from source), try setting the CFLAGS and LDFLAGS environment variables to where it can be found.
[93m [WARNING] [0m Please specify the CUTLASS repo directory as environment variable $CUTLASS_PATH
[93m [WARNING] [0m Please specify the CUTLASS repo directory as environment variable $CUTLASS_PATH
[93m [WARNING] [0m If libaio is already installed (perhaps from source), try setting the CFLAGS and LDFLAGS environment variables to where it can be found.
[93m [WARNING] [0m If libaio is already installed (perhaps from source), try setting the CFLAGS and LDFLAGS environment variables to where it can be found.
[93m [WARNING] [0m If libaio is already installed (perhaps from source), try setting the CFLAGS and LDFLAGS environment variables to where it can be found.
[93m [WARNING] [0m Please specify the CUTLASS repo directory as environment variable $CUTLASS_PATH
[93m [WARNING] [0m Please specify the CUTLASS repo directory as environment variable $CUTLASS_PATH
[93m [WARNING] [0m Please specify the CUTLASS repo directory as environment variable $CUTLASS_PATH
[93m [WARNING] [0m If libaio is already installed (perhaps from source), try setting the CFLAGS and LDFLAGS environment variables to where it can be found.
[93m [WARNING] [0m Please specify the CUTLASS repo directory as environment variable $CUTLASS_PATH
[93m [WARNING] [0m If libaio is already installed (perhaps from source), try setting the CFLAGS and LDFLAGS environment variables to where it can be found.
[93m [WARNING] [0m Please specify the CUTLASS repo directory as environment variable $CUTLASS_PATH
[93m [WARNING] [0m async_io requires the dev libaio .so object and headers but these were not found.
[93m [WARNING] [0m async_io requires the dev libaio .so object and headers but these were not found.
[93m [WARNING] [0m async_io requires the dev libaio .so object and headers but these were not found.
[93m [WARNING] [0m async_io requires the dev libaio .so object and headers but these were not found.
[93m [WARNING] [0m async_io requires the dev libaio .so object and headers but these were not found.
[93m [WARNING] [0m async_io requires the dev libaio .so object and headers but these were not found.
[93m [WARNING] [0m async_io requires the dev libaio .so object and headers but these were not found.
[93m [WARNING] [0m async_io requires the dev libaio .so object and headers but these were not found.
[93m [WARNING] [0m async_io requires the dev libaio .so object and headers but these were not found.
[93m [WARNING] [0m async_io requires the dev libaio .so object and headers but these were not found.
[93m [WARNING] [0m If libaio is already installed (perhaps from source), try setting the CFLAGS and LDFLAGS environment variables to where it can be found.
[93m [WARNING] [0m Please specify the CUTLASS repo directory as environment variable $CUTLASS_PATH
[93m [WARNING] [0m If libaio is already installed (perhaps from source), try setting the CFLAGS and LDFLAGS environment variables to where it can be found.
[93m [WARNING] [0m If libaio is already installed (perhaps from source), try setting the CFLAGS and LDFLAGS environment variables to where it can be found.
[93m [WARNING] [0m Please specify the CUTLASS repo directory as environment variable $CUTLASS_PATH
[93m [WARNING] [0m Please specify the CUTLASS repo directory as environment variable $CUTLASS_PATH
[93m [WARNING] [0m If libaio is already installed (perhaps from source), try setting the CFLAGS and LDFLAGS environment variables to where it can be found.
[93m [WARNING] [0m Please specify the CUTLASS repo directory as environment variable $CUTLASS_PATH
[93m [WARNING] [0m If libaio is already installed (perhaps from source), try setting the CFLAGS and LDFLAGS environment variables to where it can be found.
[93m [WARNING] [0m If libaio is already installed (perhaps from source), try setting the CFLAGS and LDFLAGS environment variables to where it can be found.
[93m [WARNING] [0m Please specify the CUTLASS repo directory as environment variable $CUTLASS_PATH
[93m [WARNING] [0m Please specify the CUTLASS repo directory as environment variable $CUTLASS_PATH
[93m [WARNING] [0m If libaio is already installed (perhaps from source), try setting the CFLAGS and LDFLAGS environment variables to where it can be found.
[93m [WARNING] [0m If libaio is already installed (perhaps from source), try setting the CFLAGS and LDFLAGS environment variables to where it can be found.
[93m [WARNING] [0m Please specify the CUTLASS repo directory as environment variable $CUTLASS_PATH
[93m [WARNING] [0m Please specify the CUTLASS repo directory as environment variable $CUTLASS_PATH
[93m [WARNING] [0m async_io requires the dev libaio .so object and headers but these were not found.
[93m [WARNING] [0m async_io requires the dev libaio .so object and headers but these were not found.
[93m [WARNING] [0m async_io requires the dev libaio .so object and headers but these were not found.
[93m [WARNING] [0m async_io requires the dev libaio .so object and headers but these were not found.
[93m [WARNING] [0m async_io requires the dev libaio .so object and headers but these were not found.
[93m [WARNING] [0m async_io requires the dev libaio .so object and headers but these were not found.
[93m [WARNING] [0m async_io requires the dev libaio .so object and headers but these were not found.
[93m [WARNING] [0m async_io requires the dev libaio .so object and headers but these were not found.
[93m [WARNING] [0m async_io requires the dev libaio .so object and headers but these were not found.
[93m [WARNING] [0m async_io requires the dev libaio .so object and headers but these were not found.
[93m [WARNING] [0m async_io requires the dev libaio .so object and headers but these were not found.
[93m [WARNING] [0m async_io requires the dev libaio .so object and headers but these were not found.
[93m [WARNING] [0m async_io requires the dev libaio .so object and headers but these were not found.
[93m [WARNING] [0m async_io requires the dev libaio .so object and headers but these were not found.
[93m [WARNING] [0m If libaio is already installed (perhaps from source), try setting the CFLAGS and LDFLAGS environment variables to where it can be found.
[93m [WARNING] [0m Please specify the CUTLASS repo directory as environment variable $CUTLASS_PATH
[93m [WARNING] [0m If libaio is already installed (perhaps from source), try setting the CFLAGS and LDFLAGS environment variables to where it can be found.
[93m [WARNING] [0m If libaio is already installed (perhaps from source), try setting the CFLAGS and LDFLAGS environment variables to where it can be found.
[93m [WARNING] [0m Please specify the CUTLASS repo directory as environment variable $CUTLASS_PATH
[93m [WARNING] [0m Please specify the CUTLASS repo directory as environment variable $CUTLASS_PATH
[93m [WARNING] [0m If libaio is already installed (perhaps from source), try setting the CFLAGS and LDFLAGS environment variables to where it can be found.
[93m [WARNING] [0m If libaio is already installed (perhaps from source), try setting the CFLAGS and LDFLAGS environment variables to where it can be found.
[93m [WARNING] [0m If libaio is already installed (perhaps from source), try setting the CFLAGS and LDFLAGS environment variables to where it can be found.
[93m [WARNING] [0m Please specify the CUTLASS repo directory as environment variable $CUTLASS_PATH
[93m [WARNING] [0m If libaio is already installed (perhaps from source), try setting the CFLAGS and LDFLAGS environment variables to where it can be found.
[93m [WARNING] [0m Please specify the CUTLASS repo directory as environment variable $CUTLASS_PATH
[93m [WARNING] [0m Please specify the CUTLASS repo directory as environment variable $CUTLASS_PATH
[93m [WARNING] [0m Please specify the CUTLASS repo directory as environment variable $CUTLASS_PATH
[93m [WARNING] [0m If libaio is already installed (perhaps from source), try setting the CFLAGS and LDFLAGS environment variables to where it can be found.
[93m [WARNING] [0m Please specify the CUTLASS repo directory as environment variable $CUTLASS_PATH
[93m [WARNING] [0m If libaio is already installed (perhaps from source), try setting the CFLAGS and LDFLAGS environment variables to where it can be found.
[93m [WARNING] [0m Please specify the CUTLASS repo directory as environment variable $CUTLASS_PATH
[93m [WARNING] [0m If libaio is already installed (perhaps from source), try setting the CFLAGS and LDFLAGS environment variables to where it can be found.
[93m [WARNING] [0m If libaio is already installed (perhaps from source), try setting the CFLAGS and LDFLAGS environment variables to where it can be found.
[93m [WARNING] [0m If libaio is already installed (perhaps from source), try setting the CFLAGS and LDFLAGS environment variables to where it can be found.
[93m [WARNING] [0m If libaio is already installed (perhaps from source), try setting the CFLAGS and LDFLAGS environment variables to where it can be found.
[93m [WARNING] [0m If libaio is already installed (perhaps from source), try setting the CFLAGS and LDFLAGS environment variables to where it can be found.
[93m [WARNING] [0m If libaio is already installed (perhaps from source), try setting the CFLAGS and LDFLAGS environment variables to where it can be found.
[93m [WARNING] [0m Please specify the CUTLASS repo directory as environment variable $CUTLASS_PATH
[93m [WARNING] [0m Please specify the CUTLASS repo directory as environment variable $CUTLASS_PATH
[93m [WARNING] [0m Please specify the CUTLASS repo directory as environment variable $CUTLASS_PATH
[93m [WARNING] [0m Please specify the CUTLASS repo directory as environment variable $CUTLASS_PATH
[93m [WARNING] [0m Please specify the CUTLASS repo directory as environment variable $CUTLASS_PATH
[93m [WARNING] [0m Please specify the CUTLASS repo directory as environment variable $CUTLASS_PATH
[93m [WARNING] [0m If libaio is already installed (perhaps from source), try setting the CFLAGS and LDFLAGS environment variables to where it can be found.
[93m [WARNING] [0m Please specify the CUTLASS repo directory as environment variable $CUTLASS_PATH
[93m [WARNING] [0m async_io requires the dev libaio .so object and headers but these were not found.
[93m [WARNING] [0m async_io requires the dev libaio .so object and headers but these were not found.
[93m [WARNING] [0m async_io requires the dev libaio .so object and headers but these were not found.
[93m [WARNING] [0m async_io requires the dev libaio .so object and headers but these were not found.
[93m [WARNING] [0m async_io requires the dev libaio .so object and headers but these were not found.
[93m [WARNING] [0m async_io requires the dev libaio .so object and headers but these were not found.
[93m [WARNING] [0m async_io requires the dev libaio .so object and headers but these were not found.
[93m [WARNING] [0m async_io requires the dev libaio .so object and headers but these were not found.
[93m [WARNING] [0m If libaio is already installed (perhaps from source), try setting the CFLAGS and LDFLAGS environment variables to where it can be found.
[93m [WARNING] [0m Please specify the CUTLASS repo directory as environment variable $CUTLASS_PATH
[93m [WARNING] [0m If libaio is already installed (perhaps from source), try setting the CFLAGS and LDFLAGS environment variables to where it can be found.
[93m [WARNING] [0m Please specify the CUTLASS repo directory as environment variable $CUTLASS_PATH
[93m [WARNING] [0m If libaio is already installed (perhaps from source), try setting the CFLAGS and LDFLAGS environment variables to where it can be found.
[93m [WARNING] [0m Please specify the CUTLASS repo directory as environment variable $CUTLASS_PATH
[93m [WARNING] [0m If libaio is already installed (perhaps from source), try setting the CFLAGS and LDFLAGS environment variables to where it can be found.
[93m [WARNING] [0m Please specify the CUTLASS repo directory as environment variable $CUTLASS_PATH
[93m [WARNING] [0m If libaio is already installed (perhaps from source), try setting the CFLAGS and LDFLAGS environment variables to where it can be found.
[93m [WARNING] [0m If libaio is already installed (perhaps from source), try setting the CFLAGS and LDFLAGS environment variables to where it can be found.
[93m [WARNING] [0m If libaio is already installed (perhaps from source), try setting the CFLAGS and LDFLAGS environment variables to where it can be found.
[93m [WARNING] [0m Please specify the CUTLASS repo directory as environment variable $CUTLASS_PATH
[93m [WARNING] [0m Please specify the CUTLASS repo directory as environment variable $CUTLASS_PATH
[93m [WARNING] [0m Please specify the CUTLASS repo directory as environment variable $CUTLASS_PATH
[93m [WARNING] [0m If libaio is already installed (perhaps from source), try setting the CFLAGS and LDFLAGS environment variables to where it can be found.
[93m [WARNING] [0m Please specify the CUTLASS repo directory as environment variable $CUTLASS_PATH
[93m [WARNING] [0m async_io requires the dev libaio .so object and headers but these were not found.
[93m [WARNING] [0m async_io requires the dev libaio .so object and headers but these were not found.
[93m [WARNING] [0m async_io requires the dev libaio .so object and headers but these were not found.
[93m [WARNING] [0m async_io requires the dev libaio .so object and headers but these were not found.
[93m [WARNING] [0m async_io requires the dev libaio .so object and headers but these were not found.
[93m [WARNING] [0m async_io requires the dev libaio .so object and headers but these were not found.
[93m [WARNING] [0m async_io requires the dev libaio .so object and headers but these were not found.
[93m [WARNING] [0m async_io requires the dev libaio .so object and headers but these were not found.
[93m [WARNING] [0m If libaio is already installed (perhaps from source), try setting the CFLAGS and LDFLAGS environment variables to where it can be found.
[93m [WARNING] [0m If libaio is already installed (perhaps from source), try setting the CFLAGS and LDFLAGS environment variables to where it can be found.
[93m [WARNING] [0m If libaio is already installed (perhaps from source), try setting the CFLAGS and LDFLAGS environment variables to where it can be found.
[93m [WARNING] [0m Please specify the CUTLASS repo directory as environment variable $CUTLASS_PATH
[93m [WARNING] [0m Please specify the CUTLASS repo directory as environment variable $CUTLASS_PATH
[93m [WARNING] [0m Please specify the CUTLASS repo directory as environment variable $CUTLASS_PATH
[93m [WARNING] [0m If libaio is already installed (perhaps from source), try setting the CFLAGS and LDFLAGS environment variables to where it can be found.
[93m [WARNING] [0m If libaio is already installed (perhaps from source), try setting the CFLAGS and LDFLAGS environment variables to where it can be found.
[93m [WARNING] [0m Please specify the CUTLASS repo directory as environment variable $CUTLASS_PATH
[93m [WARNING] [0m Please specify the CUTLASS repo directory as environment variable $CUTLASS_PATH
[93m [WARNING] [0m If libaio is already installed (perhaps from source), try setting the CFLAGS and LDFLAGS environment variables to where it can be found.
[93m [WARNING] [0m If libaio is already installed (perhaps from source), try setting the CFLAGS and LDFLAGS environment variables to where it can be found.
[93m [WARNING] [0m Please specify the CUTLASS repo directory as environment variable $CUTLASS_PATH
[93m [WARNING] [0m Please specify the CUTLASS repo directory as environment variable $CUTLASS_PATH
[93m [WARNING] [0m If libaio is already installed (perhaps from source), try setting the CFLAGS and LDFLAGS environment variables to where it can be found.
[93m [WARNING] [0m Please specify the CUTLASS repo directory as environment variable $CUTLASS_PATH
[93m [WARNING] [0m async_io requires the dev libaio .so object and headers but these were not found.
[93m [WARNING] [0m If libaio is already installed (perhaps from source), try setting the CFLAGS and LDFLAGS environment variables to where it can be found.
[93m [WARNING] [0m Please specify the CUTLASS repo directory as environment variable $CUTLASS_PATH
[93m [WARNING] [0m async_io requires the dev libaio .so object and headers but these were not found.
[93m [WARNING] [0m async_io requires the dev libaio .so object and headers but these were not found.
[93m [WARNING] [0m async_io requires the dev libaio .so object and headers but these were not found.
[93m [WARNING] [0m async_io requires the dev libaio .so object and headers but these were not found.
[93m [WARNING] [0m If libaio is already installed (perhaps from source), try setting the CFLAGS and LDFLAGS environment variables to where it can be found.
[93m [WARNING] [0m Please specify the CUTLASS repo directory as environment variable $CUTLASS_PATH
[93m [WARNING] [0m If libaio is already installed (perhaps from source), try setting the CFLAGS and LDFLAGS environment variables to where it can be found.
[93m [WARNING] [0m If libaio is already installed (perhaps from source), try setting the CFLAGS and LDFLAGS environment variables to where it can be found.
[93m [WARNING] [0m Please specify the CUTLASS repo directory as environment variable $CUTLASS_PATH
[93m [WARNING] [0m Please specify the CUTLASS repo directory as environment variable $CUTLASS_PATH
[93m [WARNING] [0m If libaio is already installed (perhaps from source), try setting the CFLAGS and LDFLAGS environment variables to where it can be found.
[93m [WARNING] [0m Please specify the CUTLASS repo directory as environment variable $CUTLASS_PATH
[93m [WARNING] [0m async_io requires the dev libaio .so object and headers but these were not found.
[93m [WARNING] [0m async_io requires the dev libaio .so object and headers but these were not found.
[93m [WARNING] [0m async_io requires the dev libaio .so object and headers but these were not found.
[93m [WARNING] [0m async_io requires the dev libaio .so object and headers but these were not found.
[93m [WARNING] [0m async_io requires the dev libaio .so object and headers but these were not found.
[93m [WARNING] [0m async_io requires the dev libaio .so object and headers but these were not found.
[93m [WARNING] [0m async_io requires the dev libaio .so object and headers but these were not found.
[93m [WARNING] [0m async_io requires the dev libaio .so object and headers but these were not found.
[93m [WARNING] [0m async_io requires the dev libaio .so object and headers but these were not found.
[93m [WARNING] [0m async_io requires the dev libaio .so object and headers but these were not found.
[93m [WARNING] [0m async_io requires the dev libaio .so object and headers but these were not found.
[93m [WARNING] [0m async_io requires the dev libaio .so object and headers but these were not found.
[93m [WARNING] [0m async_io requires the dev libaio .so object and headers but these were not found.
[93m [WARNING] [0m async_io requires the dev libaio .so object and headers but these were not found.
[93m [WARNING] [0m async_io requires the dev libaio .so object and headers but these were not found.
[93m [WARNING] [0m If libaio is already installed (perhaps from source), try setting the CFLAGS and LDFLAGS environment variables to where it can be found.
[93m [WARNING] [0m If libaio is already installed (perhaps from source), try setting the CFLAGS and LDFLAGS environment variables to where it can be found.
[93m [WARNING] [0m Please specify the CUTLASS repo directory as environment variable $CUTLASS_PATH
[93m [WARNING] [0m Please specify the CUTLASS repo directory as environment variable $CUTLASS_PATH
[93m [WARNING] [0m If libaio is already installed (perhaps from source), try setting the CFLAGS and LDFLAGS environment variables to where it can be found.
[93m [WARNING] [0m Please specify the CUTLASS repo directory as environment variable $CUTLASS_PATH
[93m [WARNING] [0m If libaio is already installed (perhaps from source), try setting the CFLAGS and LDFLAGS environment variables to where it can be found.
[93m [WARNING] [0m Please specify the CUTLASS repo directory as environment variable $CUTLASS_PATH
[93m [WARNING] [0m async_io requires the dev libaio .so object and headers but these were not found.
[93m [WARNING] [0m async_io requires the dev libaio .so object and headers but these were not found.
[93m [WARNING] [0m async_io requires the dev libaio .so object and headers but these were not found.
[93m [WARNING] [0m async_io requires the dev libaio .so object and headers but these were not found.
[93m [WARNING] [0m async_io requires the dev libaio .so object and headers but these were not found.
[93m [WARNING] [0m async_io requires the dev libaio .so object and headers but these were not found.
[93m [WARNING] [0m async_io requires the dev libaio .so object and headers but these were not found.
[93m [WARNING] [0m If libaio is already installed (perhaps from source), try setting the CFLAGS and LDFLAGS environment variables to where it can be found.
[93m [WARNING] [0m Please specify the CUTLASS repo directory as environment variable $CUTLASS_PATH
[93m [WARNING] [0m async_io requires the dev libaio .so object and headers but these were not found.
[93m [WARNING] [0m async_io requires the dev libaio .so object and headers but these were not found.
[93m [WARNING] [0m If libaio is already installed (perhaps from source), try setting the CFLAGS and LDFLAGS environment variables to where it can be found.
[93m [WARNING] [0m Please specify the CUTLASS repo directory as environment variable $CUTLASS_PATH
[93m [WARNING] [0m If libaio is already installed (perhaps from source), try setting the CFLAGS and LDFLAGS environment variables to where it can be found.
[93m [WARNING] [0m Please specify the CUTLASS repo directory as environment variable $CUTLASS_PATH
[93m [WARNING] [0m If libaio is already installed (perhaps from source), try setting the CFLAGS and LDFLAGS environment variables to where it can be found.
[93m [WARNING] [0m Please specify the CUTLASS repo directory as environment variable $CUTLASS_PATH
[93m [WARNING] [0m If libaio is already installed (perhaps from source), try setting the CFLAGS and LDFLAGS environment variables to where it can be found.
[93m [WARNING] [0m If libaio is already installed (perhaps from source), try setting the CFLAGS and LDFLAGS environment variables to where it can be found.
[93m [WARNING] [0m Please specify the CUTLASS repo directory as environment variable $CUTLASS_PATH
[93m [WARNING] [0m Please specify the CUTLASS repo directory as environment variable $CUTLASS_PATH
[93m [WARNING] [0m If libaio is already installed (perhaps from source), try setting the CFLAGS and LDFLAGS environment variables to where it can be found.
[93m [WARNING] [0m If libaio is already installed (perhaps from source), try setting the CFLAGS and LDFLAGS environment variables to where it can be found.
[93m [WARNING] [0m If libaio is already installed (perhaps from source), try setting the CFLAGS and LDFLAGS environment variables to where it can be found.
[93m [WARNING] [0m If libaio is already installed (perhaps from source), try setting the CFLAGS and LDFLAGS environment variables to where it can be found.
[93m [WARNING] [0m Please specify the CUTLASS repo directory as environment variable $CUTLASS_PATH
[93m [WARNING] [0m Please specify the CUTLASS repo directory as environment variable $CUTLASS_PATH
[93m [WARNING] [0m Please specify the CUTLASS repo directory as environment variable $CUTLASS_PATH
[93m [WARNING] [0m Please specify the CUTLASS repo directory as environment variable $CUTLASS_PATH
[93m [WARNING] [0m If libaio is already installed (perhaps from source), try setting the CFLAGS and LDFLAGS environment variables to where it can be found.
[93m [WARNING] [0m Please specify the CUTLASS repo directory as environment variable $CUTLASS_PATH
[93m [WARNING] [0m async_io requires the dev libaio .so object and headers but these were not found.
[93m [WARNING] [0m async_io requires the dev libaio .so object and headers but these were not found.
[93m [WARNING] [0m async_io requires the dev libaio .so object and headers but these were not found.
[93m [WARNING] [0m async_io requires the dev libaio .so object and headers but these were not found.
[93m [WARNING] [0m async_io requires the dev libaio .so object and headers but these were not found.
[93m [WARNING] [0m async_io requires the dev libaio .so object and headers but these were not found.
[93m [WARNING] [0m async_io requires the dev libaio .so object and headers but these were not found.
[93m [WARNING] [0m async_io requires the dev libaio .so object and headers but these were not found.
[93m [WARNING] [0m If libaio is already installed (perhaps from source), try setting the CFLAGS and LDFLAGS environment variables to where it can be found.
[93m [WARNING] [0m Please specify the CUTLASS repo directory as environment variable $CUTLASS_PATH
[93m [WARNING] [0m If libaio is already installed (perhaps from source), try setting the CFLAGS and LDFLAGS environment variables to where it can be found.
[93m [WARNING] [0m Please specify the CUTLASS repo directory as environment variable $CUTLASS_PATH
[93m [WARNING] [0m If libaio is already installed (perhaps from source), try setting the CFLAGS and LDFLAGS environment variables to where it can be found.
[93m [WARNING] [0m Please specify the CUTLASS repo directory as environment variable $CUTLASS_PATH
[93m [WARNING] [0m If libaio is already installed (perhaps from source), try setting the CFLAGS and LDFLAGS environment variables to where it can be found.
[93m [WARNING] [0m If libaio is already installed (perhaps from source), try setting the CFLAGS and LDFLAGS environment variables to where it can be found.
[93m [WARNING] [0m Please specify the CUTLASS repo directory as environment variable $CUTLASS_PATH
[93m [WARNING] [0m If libaio is already installed (perhaps from source), try setting the CFLAGS and LDFLAGS environment variables to where it can be found.
[93m [WARNING] [0m Please specify the CUTLASS repo directory as environment variable $CUTLASS_PATH
[93m [WARNING] [0m If libaio is already installed (perhaps from source), try setting the CFLAGS and LDFLAGS environment variables to where it can be found.
[93m [WARNING] [0m If libaio is already installed (perhaps from source), try setting the CFLAGS and LDFLAGS environment variables to where it can be found.
[93m [WARNING] [0m Please specify the CUTLASS repo directory as environment variable $CUTLASS_PATH
[93m [WARNING] [0m Please specify the CUTLASS repo directory as environment variable $CUTLASS_PATH
[93m [WARNING] [0m If libaio is already installed (perhaps from source), try setting the CFLAGS and LDFLAGS environment variables to where it can be found.
[93m [WARNING] [0m Please specify the CUTLASS repo directory as environment variable $CUTLASS_PATH
[93m [WARNING] [0m Please specify the CUTLASS repo directory as environment variable $CUTLASS_PATH
[93m [WARNING] [0m async_io requires the dev libaio .so object and headers but these were not found.
[93m [WARNING] [0m async_io requires the dev libaio .so object and headers but these were not found.
[93m [WARNING] [0m If libaio is already installed (perhaps from source), try setting the CFLAGS and LDFLAGS environment variables to where it can be found.
[93m [WARNING] [0m Please specify the CUTLASS repo directory as environment variable $CUTLASS_PATH
[93m [WARNING] [0m async_io requires the dev libaio .so object and headers but these were not found.
[93m [WARNING] [0m async_io requires the dev libaio .so object and headers but these were not found.
[93m [WARNING] [0m async_io requires the dev libaio .so object and headers but these were not found.
[93m [WARNING] [0m async_io requires the dev libaio .so object and headers but these were not found.
[93m [WARNING] [0m async_io requires the dev libaio .so object and headers but these were not found.
[93m [WARNING] [0m async_io requires the dev libaio .so object and headers but these were not found.
[93m [WARNING] [0m async_io requires the dev libaio .so object and headers but these were not found.
[93m [WARNING] [0m async_io requires the dev libaio .so object and headers but these were not found.
[93m [WARNING] [0m async_io requires the dev libaio .so object and headers but these were not found.
[93m [WARNING] [0m async_io requires the dev libaio .so object and headers but these were not found.
[93m [WARNING] [0m If libaio is already installed (perhaps from source), try setting the CFLAGS and LDFLAGS environment variables to where it can be found.
[93m [WARNING] [0m Please specify the CUTLASS repo directory as environment variable $CUTLASS_PATH
[93m [WARNING] [0m If libaio is already installed (perhaps from source), try setting the CFLAGS and LDFLAGS environment variables to where it can be found.
[93m [WARNING] [0m Please specify the CUTLASS repo directory as environment variable $CUTLASS_PATH
[93m [WARNING] [0m If libaio is already installed (perhaps from source), try setting the CFLAGS and LDFLAGS environment variables to where it can be found.
[93m [WARNING] [0m Please specify the CUTLASS repo directory as environment variable $CUTLASS_PATH
[93m [WARNING] [0m async_io requires the dev libaio .so object and headers but these were not found.
[93m [WARNING] [0m async_io requires the dev libaio .so object and headers but these were not found.
[93m [WARNING] [0m async_io requires the dev libaio .so object and headers but these were not found.
[93m [WARNING] [0m async_io requires the dev libaio .so object and headers but these were not found.
[93m [WARNING] [0m async_io requires the dev libaio .so object and headers but these were not found.
[93m [WARNING] [0m async_io requires the dev libaio .so object and headers but these were not found.
[93m [WARNING] [0m async_io requires the dev libaio .so object and headers but these were not found.
[93m [WARNING] [0m async_io requires the dev libaio .so object and headers but these were not found.
[93m [WARNING] [0m If libaio is already installed (perhaps from source), try setting the CFLAGS and LDFLAGS environment variables to where it can be found.
[93m [WARNING] [0m Please specify the CUTLASS repo directory as environment variable $CUTLASS_PATH
[93m [WARNING] [0m If libaio is already installed (perhaps from source), try setting the CFLAGS and LDFLAGS environment variables to where it can be found.
[93m [WARNING] [0m Please specify the CUTLASS repo directory as environment variable $CUTLASS_PATH
[93m [WARNING] [0m If libaio is already installed (perhaps from source), try setting the CFLAGS and LDFLAGS environment variables to where it can be found.
[93m [WARNING] [0m If libaio is already installed (perhaps from source), try setting the CFLAGS and LDFLAGS environment variables to where it can be found.
[93m [WARNING] [0m If libaio is already installed (perhaps from source), try setting the CFLAGS and LDFLAGS environment variables to where it can be found.
[93m [WARNING] [0m Please specify the CUTLASS repo directory as environment variable $CUTLASS_PATH
[93m [WARNING] [0m Please specify the CUTLASS repo directory as environment variable $CUTLASS_PATH
[93m [WARNING] [0m If libaio is already installed (perhaps from source), try setting the CFLAGS and LDFLAGS environment variables to where it can be found.
[93m [WARNING] [0m If libaio is already installed (perhaps from source), try setting the CFLAGS and LDFLAGS environment variables to where it can be found.
[93m [WARNING] [0m Please specify the CUTLASS repo directory as environment variable $CUTLASS_PATH
[93m [WARNING] [0m Please specify the CUTLASS repo directory as environment variable $CUTLASS_PATH
[93m [WARNING] [0m Please specify the CUTLASS repo directory as environment variable $CUTLASS_PATH
[93m [WARNING] [0m If libaio is already installed (perhaps from source), try setting the CFLAGS and LDFLAGS environment variables to where it can be found.
[93m [WARNING] [0m Please specify the CUTLASS repo directory as environment variable $CUTLASS_PATH
[93m [WARNING] [0m async_io requires the dev libaio .so object and headers but these were not found.
[93m [WARNING] [0m async_io requires the dev libaio .so object and headers but these were not found.
[93m [WARNING] [0m async_io requires the dev libaio .so object and headers but these were not found.
[93m [WARNING] [0m async_io requires the dev libaio .so object and headers but these were not found.
[93m [WARNING] [0m async_io requires the dev libaio .so object and headers but these were not found.
[93m [WARNING] [0m async_io requires the dev libaio .so object and headers but these were not found.
[93m [WARNING] [0m If libaio is already installed (perhaps from source), try setting the CFLAGS and LDFLAGS environment variables to where it can be found.
[93m [WARNING] [0m Please specify the CUTLASS repo directory as environment variable $CUTLASS_PATH
[93m [WARNING] [0m If libaio is already installed (perhaps from source), try setting the CFLAGS and LDFLAGS environment variables to where it can be found.
[93m [WARNING] [0m Please specify the CUTLASS repo directory as environment variable $CUTLASS_PATH
[93m [WARNING] [0m If libaio is already installed (perhaps from source), try setting the CFLAGS and LDFLAGS environment variables to where it can be found.
[93m [WARNING] [0m Please specify the CUTLASS repo directory as environment variable $CUTLASS_PATH
[93m [WARNING] [0m If libaio is already installed (perhaps from source), try setting the CFLAGS and LDFLAGS environment variables to where it can be found.
[93m [WARNING] [0m Please specify the CUTLASS repo directory as environment variable $CUTLASS_PATH
[93m [WARNING] [0m If libaio is already installed (perhaps from source), try setting the CFLAGS and LDFLAGS environment variables to where it can be found.
[93m [WARNING] [0m Please specify the CUTLASS repo directory as environment variable $CUTLASS_PATH
[93m [WARNING] [0m If libaio is already installed (perhaps from source), try setting the CFLAGS and LDFLAGS environment variables to where it can be found.
[93m [WARNING] [0m Please specify the CUTLASS repo directory as environment variable $CUTLASS_PATH
[93m [WARNING] [0m async_io requires the dev libaio .so object and headers but these were not found.
[93m [WARNING] [0m If libaio is already installed (perhaps from source), try setting the CFLAGS and LDFLAGS environment variables to where it can be found.
[93m [WARNING] [0m Please specify the CUTLASS repo directory as environment variable $CUTLASS_PATH
[93m [WARNING] [0m If libaio is already installed (perhaps from source), try setting the CFLAGS and LDFLAGS environment variables to where it can be found.
[93m [WARNING] [0m Please specify the CUTLASS repo directory as environment variable $CUTLASS_PATH
[93m [WARNING] [0m If libaio is already installed (perhaps from source), try setting the CFLAGS and LDFLAGS environment variables to where it can be found.
[93m [WARNING] [0m If libaio is already installed (perhaps from source), try setting the CFLAGS and LDFLAGS environment variables to where it can be found.
[93m [WARNING] [0m If libaio is already installed (perhaps from source), try setting the CFLAGS and LDFLAGS environment variables to where it can be found.
[93m [WARNING] [0m Please specify the CUTLASS repo directory as environment variable $CUTLASS_PATH
[93m [WARNING] [0m Please specify the CUTLASS repo directory as environment variable $CUTLASS_PATH
[93m [WARNING] [0m Please specify the CUTLASS repo directory as environment variable $CUTLASS_PATH
[93m [WARNING] [0m If libaio is already installed (perhaps from source), try setting the CFLAGS and LDFLAGS environment variables to where it can be found.
[93m [WARNING] [0m If libaio is already installed (perhaps from source), try setting the CFLAGS and LDFLAGS environment variables to where it can be found.
[93m [WARNING] [0m If libaio is already installed (perhaps from source), try setting the CFLAGS and LDFLAGS environment variables to where it can be found.
[93m [WARNING] [0m Please specify the CUTLASS repo directory as environment variable $CUTLASS_PATH
[93m [WARNING] [0m Please specify the CUTLASS repo directory as environment variable $CUTLASS_PATH
[93m [WARNING] [0m Please specify the CUTLASS repo directory as environment variable $CUTLASS_PATH
[93m [WARNING] [0m If libaio is already installed (perhaps from source), try setting the CFLAGS and LDFLAGS environment variables to where it can be found.
[93m [WARNING] [0m Please specify the CUTLASS repo directory as environment variable $CUTLASS_PATH
[93m [WARNING] [0m If libaio is already installed (perhaps from source), try setting the CFLAGS and LDFLAGS environment variables to where it can be found.
[93m [WARNING] [0m Please specify the CUTLASS repo directory as environment variable $CUTLASS_PATH
[93m [WARNING] [0m If libaio is already installed (perhaps from source), try setting the CFLAGS and LDFLAGS environment variables to where it can be found.
[93m [WARNING] [0m If libaio is already installed (perhaps from source), try setting the CFLAGS and LDFLAGS environment variables to where it can be found.
[93m [WARNING] [0m Please specify the CUTLASS repo directory as environment variable $CUTLASS_PATH
[93m [WARNING] [0m If libaio is already installed (perhaps from source), try setting the CFLAGS and LDFLAGS environment variables to where it can be found.
[93m [WARNING] [0m If libaio is already installed (perhaps from source), try setting the CFLAGS and LDFLAGS environment variables to where it can be found.
[93m [WARNING] [0m If libaio is already installed (perhaps from source), try setting the CFLAGS and LDFLAGS environment variables to where it can be found.
[93m [WARNING] [0m If libaio is already installed (perhaps from source), try setting the CFLAGS and LDFLAGS environment variables to where it can be found.
[93m [WARNING] [0m Please specify the CUTLASS repo directory as environment variable $CUTLASS_PATH
[93m [WARNING] [0m Please specify the CUTLASS repo directory as environment variable $CUTLASS_PATH
[93m [WARNING] [0m Please specify the CUTLASS repo directory as environment variable $CUTLASS_PATH
[93m [WARNING] [0m Please specify the CUTLASS repo directory as environment variable $CUTLASS_PATH
[93m [WARNING] [0m Please specify the CUTLASS repo directory as environment variable $CUTLASS_PATH
[93m [WARNING] [0m If libaio is already installed (perhaps from source), try setting the CFLAGS and LDFLAGS environment variables to where it can be found.
[93m [WARNING] [0m Please specify the CUTLASS repo directory as environment variable $CUTLASS_PATH
[93m [WARNING] [0m sparse_attn is not compatible with ROCM
[93m [WARNING] [0m sparse_attn is not compatible with ROCM
[93m [WARNING] [0m sparse_attn is not compatible with ROCM
[93m [WARNING] [0m sparse_attn is not compatible with ROCM
[93m [WARNING] [0m sparse_attn is not compatible with ROCM
[93m [WARNING] [0m sparse_attn is not compatible with ROCM
[93m [WARNING] [0m sparse_attn is not compatible with ROCM
[93m [WARNING] [0m sparse_attn is not compatible with ROCM
[93m [WARNING] [0m sparse_attn is not compatible with ROCM
[93m [WARNING] [0m sparse_attn is not compatible with ROCM
[93m [WARNING] [0m sparse_attn is not compatible with ROCM
[93m [WARNING] [0m sparse_attn is not compatible with ROCM
[93m [WARNING] [0m sparse_attn is not compatible with ROCM
[93m [WARNING] [0m sparse_attn is not compatible with ROCM
[93m [WARNING] [0m sparse_attn is not compatible with ROCM
[93m [WARNING] [0m sparse_attn is not compatible with ROCM
[93m [WARNING] [0m sparse_attn is not compatible with ROCM
[93m [WARNING] [0m sparse_attn is not compatible with ROCM
[93m [WARNING] [0m sparse_attn is not compatible with ROCM
[93m [WARNING] [0m sparse_attn is not compatible with ROCM
[93m [WARNING] [0m sparse_attn is not compatible with ROCM
[93m [WARNING] [0m sparse_attn is not compatible with ROCM
[93m [WARNING] [0m sparse_attn is not compatible with ROCM
[93m [WARNING] [0m sparse_attn is not compatible with ROCM
[93m [WARNING] [0m sparse_attn is not compatible with ROCM
[93m [WARNING] [0m sparse_attn is not compatible with ROCM
[93m [WARNING] [0m sparse_attn is not compatible with ROCM
[93m [WARNING] [0m sparse_attn is not compatible with ROCM
[93m [WARNING] [0m sparse_attn is not compatible with ROCM
[93m [WARNING] [0m sparse_attn is not compatible with ROCM
[93m [WARNING] [0m sparse_attn is not compatible with ROCM
[93m [WARNING] [0m sparse_attn is not compatible with ROCM
[93m [WARNING] [0m sparse_attn is not compatible with ROCM
[93m [WARNING] [0m sparse_attn is not compatible with ROCM
[93m [WARNING] [0m sparse_attn is not compatible with ROCM
[93m [WARNING] [0m sparse_attn is not compatible with ROCM
[93m [WARNING] [0m sparse_attn is not compatible with ROCM
[93m [WARNING] [0m sparse_attn is not compatible with ROCM
[93m [WARNING] [0m sparse_attn is not compatible with ROCM
[93m [WARNING] [0m sparse_attn is not compatible with ROCM
[93m [WARNING] [0m sparse_attn is not compatible with ROCM
[93m [WARNING] [0m sparse_attn is not compatible with ROCM
[93m [WARNING] [0m sparse_attn is not compatible with ROCM
[93m [WARNING] [0m sparse_attn is not compatible with ROCM
[93m [WARNING] [0m sparse_attn is not compatible with ROCM
[93m [WARNING] [0m sparse_attn is not compatible with ROCM
[93m [WARNING] [0m sparse_attn is not compatible with ROCM
[93m [WARNING] [0m sparse_attn is not compatible with ROCM
[93m [WARNING] [0m sparse_attn is not compatible with ROCM
[93m [WARNING] [0m sparse_attn is not compatible with ROCM
[93m [WARNING] [0m sparse_attn is not compatible with ROCM
[93m [WARNING] [0m sparse_attn is not compatible with ROCM
[93m [WARNING] [0m sparse_attn is not compatible with ROCM
[93m [WARNING] [0m sparse_attn is not compatible with ROCM
[93m [WARNING] [0m sparse_attn is not compatible with ROCM
[93m [WARNING] [0m sparse_attn is not compatible with ROCM
[93m [WARNING] [0m sparse_attn is not compatible with ROCM
[93m [WARNING] [0m sparse_attn is not compatible with ROCM
[93m [WARNING] [0m sparse_attn is not compatible with ROCM
[93m [WARNING] [0m sparse_attn is not compatible with ROCM
[93m [WARNING] [0m sparse_attn is not compatible with ROCM
[93m [WARNING] [0m sparse_attn is not compatible with ROCM
[93m [WARNING] [0m sparse_attn is not compatible with ROCM
[93m [WARNING] [0m sparse_attn is not compatible with ROCM
[93m [WARNING] [0m sparse_attn is not compatible with ROCM
[93m [WARNING] [0m sparse_attn is not compatible with ROCM
[93m [WARNING] [0m sparse_attn is not compatible with ROCM
[93m [WARNING] [0m sparse_attn is not compatible with ROCM
[93m [WARNING] [0m sparse_attn is not compatible with ROCM
[93m [WARNING] [0m sparse_attn is not compatible with ROCM
[93m [WARNING] [0m sparse_attn is not compatible with ROCM
[93m [WARNING] [0m sparse_attn is not compatible with ROCM
[93m [WARNING] [0m sparse_attn is not compatible with ROCM
[93m [WARNING] [0m sparse_attn is not compatible with ROCM
[93m [WARNING] [0m sparse_attn is not compatible with ROCM
[93m [WARNING] [0m sparse_attn is not compatible with ROCM
[93m [WARNING] [0m sparse_attn is not compatible with ROCM
[93m [WARNING] [0m sparse_attn is not compatible with ROCM
[93m [WARNING] [0m sparse_attn is not compatible with ROCM
[93m [WARNING] [0m sparse_attn is not compatible with ROCM
[93m [WARNING] [0m sparse_attn is not compatible with ROCM
[93m [WARNING] [0m sparse_attn is not compatible with ROCM
[93m [WARNING] [0m sparse_attn is not compatible with ROCM
[93m [WARNING] [0m sparse_attn is not compatible with ROCM
[93m [WARNING] [0m sparse_attn is not compatible with ROCM
[93m [WARNING] [0m sparse_attn is not compatible with ROCM
[93m [WARNING] [0m sparse_attn is not compatible with ROCM
[93m [WARNING] [0m sparse_attn is not compatible with ROCM
[93m [WARNING] [0m sparse_attn is not compatible with ROCM
[93m [WARNING] [0m sparse_attn is not compatible with ROCM
[93m [WARNING] [0m sparse_attn is not compatible with ROCM
[93m [WARNING] [0m sparse_attn is not compatible with ROCM
[93m [WARNING] [0m sparse_attn is not compatible with ROCM
[93m [WARNING] [0m sparse_attn is not compatible with ROCM
[93m [WARNING] [0m sparse_attn is not compatible with ROCM
[93m [WARNING] [0m sparse_attn is not compatible with ROCM
[93m [WARNING] [0m sparse_attn is not compatible with ROCM
[93m [WARNING] [0m sparse_attn is not compatible with ROCM
[93m [WARNING] [0m sparse_attn is not compatible with ROCM
[93m [WARNING] [0m sparse_attn is not compatible with ROCM
[93m [WARNING] [0m sparse_attn is not compatible with ROCM
[93m [WARNING] [0m sparse_attn is not compatible with ROCM
[93m [WARNING] [0m sparse_attn is not compatible with ROCM
[93m [WARNING] [0m sparse_attn is not compatible with ROCM
[93m [WARNING] [0m sparse_attn is not compatible with ROCM
[93m [WARNING] [0m sparse_attn is not compatible with ROCM
[93m [WARNING] [0m sparse_attn is not compatible with ROCM
[93m [WARNING] [0m sparse_attn is not compatible with ROCM
[93m [WARNING] [0m sparse_attn is not compatible with ROCM
[93m [WARNING] [0m sparse_attn is not compatible with ROCM
[93m [WARNING] [0m sparse_attn is not compatible with ROCM
[93m [WARNING] [0m sparse_attn is not compatible with ROCM
[93m [WARNING] [0m sparse_attn is not compatible with ROCM
[93m [WARNING] [0m sparse_attn is not compatible with ROCM
[93m [WARNING] [0m sparse_attn is not compatible with ROCM
[93m [WARNING] [0m sparse_attn is not compatible with ROCM
[93m [WARNING] [0m sparse_attn is not compatible with ROCM
[93m [WARNING] [0m sparse_attn is not compatible with ROCM
[93m [WARNING] [0m sparse_attn is not compatible with ROCM
[93m [WARNING] [0m sparse_attn is not compatible with ROCM
[93m [WARNING] [0m sparse_attn is not compatible with ROCM
[93m [WARNING] [0m sparse_attn is not compatible with ROCM
[93m [WARNING] [0m sparse_attn is not compatible with ROCM
[93m [WARNING] [0m sparse_attn is not compatible with ROCM
[93m [WARNING] [0m sparse_attn is not compatible with ROCM
[93m [WARNING] [0m sparse_attn is not compatible with ROCM
[93m [WARNING] [0m sparse_attn is not compatible with ROCM
[93m [WARNING] [0m sparse_attn is not compatible with ROCM
[W socket.cpp:601] [c10d] The client socket cannot be initialized to connect to [frontier06586.frontier.olcf.ornl.gov]:8889 (errno: 97 - Address family not supported by protocol).
[W socket.cpp:601] [c10d] The client socket cannot be initialized to connect to [frontier06586.frontier.olcf.ornl.gov]:8889 (errno: 97 - Address family not supported by protocol).
[W socket.cpp:601] [c10d] The client socket cannot be initialized to connect to [frontier06586.frontier.olcf.ornl.gov]:8889 (errno: 97 - Address family not supported by protocol).
[W socket.cpp:601] [c10d] The client socket cannot be initialized to connect to [frontier06586.frontier.olcf.ornl.gov]:8889 (errno: 97 - Address family not supported by protocol).
[W socket.cpp:601] [c10d] The client socket cannot be initialized to connect to [frontier06586.frontier.olcf.ornl.gov]:8889 (errno: 97 - Address family not supported by protocol).
[W socket.cpp:601] [c10d] The client socket cannot be initialized to connect to [frontier06586.frontier.olcf.ornl.gov]:8889 (errno: 97 - Address family not supported by protocol).
[W socket.cpp:601] [c10d] The client socket cannot be initialized to connect to [frontier06586.frontier.olcf.ornl.gov]:8889 (errno: 97 - Address family not supported by protocol).
[W socket.cpp:601] [c10d] The client socket cannot be initialized to connect to [frontier06586.frontier.olcf.ornl.gov]:8889 (errno: 97 - Address family not supported by protocol).
[W socket.cpp:601] [c10d] The client socket cannot be initialized to connect to [frontier06586.frontier.olcf.ornl.gov]:8889 (errno: 97 - Address family not supported by protocol).
[W socket.cpp:601] [c10d] The client socket cannot be initialized to connect to [frontier06586.frontier.olcf.ornl.gov]:8889 (errno: 97 - Address family not supported by protocol).
[W socket.cpp:601] [c10d] The client socket cannot be initialized to connect to [frontier06586.frontier.olcf.ornl.gov]:8889 (errno: 97 - Address family not supported by protocol).
[W socket.cpp:601] [c10d] The client socket cannot be initialized to connect to [frontier06586.frontier.olcf.ornl.gov]:8889 (errno: 97 - Address family not supported by protocol).
[W socket.cpp:601] [c10d] The client socket cannot be initialized to connect to [frontier06586.frontier.olcf.ornl.gov]:8889 (errno: 97 - Address family not supported by protocol).
[W socket.cpp:601] [c10d] The client socket cannot be initialized to connect to [frontier06586.frontier.olcf.ornl.gov]:8889 (errno: 97 - Address family not supported by protocol).
[W socket.cpp:601] [c10d] The client socket cannot be initialized to connect to [frontier06586.frontier.olcf.ornl.gov]:8889 (errno: 97 - Address family not supported by protocol).
[W socket.cpp:601] [c10d] The client socket cannot be initialized to connect to [frontier06586.frontier.olcf.ornl.gov]:8889 (errno: 97 - Address family not supported by protocol).
[W socket.cpp:601] [c10d] The client socket cannot be initialized to connect to [frontier06586.frontier.olcf.ornl.gov]:8889 (errno: 97 - Address family not supported by protocol).
[W socket.cpp:601] [c10d] The client socket cannot be initialized to connect to [frontier06586.frontier.olcf.ornl.gov]:8889 (errno: 97 - Address family not supported by protocol).
[W socket.cpp:601] [c10d] The client socket cannot be initialized to connect to [frontier06586.frontier.olcf.ornl.gov]:8889 (errno: 97 - Address family not supported by protocol).
[W socket.cpp:601] [c10d] The client socket cannot be initialized to connect to [frontier06586.frontier.olcf.ornl.gov]:8889 (errno: 97 - Address family not supported by protocol).
[W socket.cpp:601] [c10d] The client socket cannot be initialized to connect to [frontier06586.frontier.olcf.ornl.gov]:8889 (errno: 97 - Address family not supported by protocol).
[W socket.cpp:601] [c10d] The client socket cannot be initialized to connect to [frontier06586.frontier.olcf.ornl.gov]:8889 (errno: 97 - Address family not supported by protocol).
[W socket.cpp:601] [c10d] The client socket cannot be initialized to connect to [frontier06586.frontier.olcf.ornl.gov]:8889 (errno: 97 - Address family not supported by protocol).
[W socket.cpp:601] [c10d] The client socket cannot be initialized to connect to [frontier06586.frontier.olcf.ornl.gov]:8889 (errno: 97 - Address family not supported by protocol).
[W socket.cpp:601] [c10d] The client socket cannot be initialized to connect to [frontier06586.frontier.olcf.ornl.gov]:8889 (errno: 97 - Address family not supported by protocol).
[W socket.cpp:601] [c10d] The client socket cannot be initialized to connect to [frontier06586.frontier.olcf.ornl.gov]:8889 (errno: 97 - Address family not supported by protocol).
[W socket.cpp:601] [c10d] The client socket cannot be initialized to connect to [frontier06586.frontier.olcf.ornl.gov]:8889 (errno: 97 - Address family not supported by protocol).
[W socket.cpp:601] [c10d] The client socket cannot be initialized to connect to [frontier06586.frontier.olcf.ornl.gov]:8889 (errno: 97 - Address family not supported by protocol).
[W socket.cpp:601] [c10d] The client socket cannot be initialized to connect to [frontier06586.frontier.olcf.ornl.gov]:8889 (errno: 97 - Address family not supported by protocol).
[W socket.cpp:601] [c10d] The client socket cannot be initialized to connect to [frontier06586.frontier.olcf.ornl.gov]:8889 (errno: 97 - Address family not supported by protocol).
[W socket.cpp:601] [c10d] The client socket cannot be initialized to connect to [frontier06586.frontier.olcf.ornl.gov]:8889 (errno: 97 - Address family not supported by protocol).
[W socket.cpp:601] [c10d] The client socket cannot be initialized to connect to [frontier06586.frontier.olcf.ornl.gov]:8889 (errno: 97 - Address family not supported by protocol).
[W socket.cpp:601] [c10d] The client socket cannot be initialized to connect to [frontier06586.frontier.olcf.ornl.gov]:8889 (errno: 97 - Address family not supported by protocol).
[W socket.cpp:601] [c10d] The client socket cannot be initialized to connect to [frontier06586.frontier.olcf.ornl.gov]:8889 (errno: 97 - Address family not supported by protocol).
[W socket.cpp:601] [c10d] The client socket cannot be initialized to connect to [frontier06586.frontier.olcf.ornl.gov]:8889 (errno: 97 - Address family not supported by protocol).
[W socket.cpp:601] [c10d] The client socket cannot be initialized to connect to [frontier06586.frontier.olcf.ornl.gov]:8889 (errno: 97 - Address family not supported by protocol).
[W socket.cpp:601] [c10d] The client socket cannot be initialized to connect to [frontier06586.frontier.olcf.ornl.gov]:8889 (errno: 97 - Address family not supported by protocol).
[W socket.cpp:601] [c10d] The client socket cannot be initialized to connect to [frontier06586.frontier.olcf.ornl.gov]:8889 (errno: 97 - Address family not supported by protocol).
[W socket.cpp:601] [c10d] The client socket cannot be initialized to connect to [frontier06586.frontier.olcf.ornl.gov]:8889 (errno: 97 - Address family not supported by protocol).
[W socket.cpp:601] [c10d] The client socket cannot be initialized to connect to [frontier06586.frontier.olcf.ornl.gov]:8889 (errno: 97 - Address family not supported by protocol).
Distributed data parallel: nccl master at frontier06586:8889
[W socket.cpp:426] [c10d] The server socket cannot be initialized on [::]:8889 (errno: 97 - Address family not supported by protocol).
[W socket.cpp:601] [c10d] The client socket cannot be initialized to connect to [frontier06586.frontier.olcf.ornl.gov]:8889 (errno: 97 - Address family not supported by protocol).
[W socket.cpp:601] [c10d] The client socket cannot be initialized to connect to [frontier06586.frontier.olcf.ornl.gov]:8889 (errno: 97 - Address family not supported by protocol).
[W socket.cpp:601] [c10d] The client socket cannot be initialized to connect to [frontier06586.frontier.olcf.ornl.gov]:8889 (errno: 97 - Address family not supported by protocol).
[W socket.cpp:601] [c10d] The client socket cannot be initialized to connect to [frontier06586.frontier.olcf.ornl.gov]:8889 (errno: 97 - Address family not supported by protocol).
[W socket.cpp:601] [c10d] The client socket cannot be initialized to connect to [frontier06586.frontier.olcf.ornl.gov]:8889 (errno: 97 - Address family not supported by protocol).
[W socket.cpp:601] [c10d] The client socket cannot be initialized to connect to [frontier06586.frontier.olcf.ornl.gov]:8889 (errno: 97 - Address family not supported by protocol).
[W socket.cpp:601] [c10d] The client socket cannot be initialized to connect to [frontier06586.frontier.olcf.ornl.gov]:8889 (errno: 97 - Address family not supported by protocol).
[W socket.cpp:601] [c10d] The client socket cannot be initialized to connect to [frontier06586.frontier.olcf.ornl.gov]:8889 (errno: 97 - Address family not supported by protocol).
[W socket.cpp:601] [c10d] The client socket cannot be initialized to connect to [frontier06586.frontier.olcf.ornl.gov]:8889 (errno: 97 - Address family not supported by protocol).
[W socket.cpp:601] [c10d] The client socket cannot be initialized to connect to [frontier06586.frontier.olcf.ornl.gov]:8889 (errno: 97 - Address family not supported by protocol).
[W socket.cpp:601] [c10d] The client socket cannot be initialized to connect to [frontier06586.frontier.olcf.ornl.gov]:8889 (errno: 97 - Address family not supported by protocol).
[W socket.cpp:601] [c10d] The client socket cannot be initialized to connect to [frontier06586.frontier.olcf.ornl.gov]:8889 (errno: 97 - Address family not supported by protocol).
[W socket.cpp:601] [c10d] The client socket cannot be initialized to connect to [frontier06586.frontier.olcf.ornl.gov]:8889 (errno: 97 - Address family not supported by protocol).
[W socket.cpp:601] [c10d] The client socket cannot be initialized to connect to [frontier06586.frontier.olcf.ornl.gov]:8889 (errno: 97 - Address family not supported by protocol).
[W socket.cpp:601] [c10d] The client socket cannot be initialized to connect to [frontier06586.frontier.olcf.ornl.gov]:8889 (errno: 97 - Address family not supported by protocol).
[W socket.cpp:601] [c10d] The client socket cannot be initialized to connect to [frontier06586.frontier.olcf.ornl.gov]:8889 (errno: 97 - Address family not supported by protocol).
[W socket.cpp:601] [c10d] The client socket cannot be initialized to connect to [frontier06586.frontier.olcf.ornl.gov]:8889 (errno: 97 - Address family not supported by protocol).
[W socket.cpp:601] [c10d] The client socket cannot be initialized to connect to [frontier06586.frontier.olcf.ornl.gov]:8889 (errno: 97 - Address family not supported by protocol).
[W socket.cpp:601] [c10d] The client socket cannot be initialized to connect to [frontier06586.frontier.olcf.ornl.gov]:8889 (errno: 97 - Address family not supported by protocol).
[W socket.cpp:601] [c10d] The client socket cannot be initialized to connect to [frontier06586.frontier.olcf.ornl.gov]:8889 (errno: 97 - Address family not supported by protocol).
[W socket.cpp:601] [c10d] The client socket cannot be initialized to connect to [frontier06586.frontier.olcf.ornl.gov]:8889 (errno: 97 - Address family not supported by protocol).
[W socket.cpp:601] [c10d] The client socket cannot be initialized to connect to [frontier06586.frontier.olcf.ornl.gov]:8889 (errno: 97 - Address family not supported by protocol).
[W socket.cpp:601] [c10d] The client socket cannot be initialized to connect to [frontier06586.frontier.olcf.ornl.gov]:8889 (errno: 97 - Address family not supported by protocol).
[W socket.cpp:601] [c10d] The client socket cannot be initialized to connect to [frontier06586.frontier.olcf.ornl.gov]:8889 (errno: 97 - Address family not supported by protocol).
[W socket.cpp:601] [c10d] The client socket cannot be initialized to connect to [frontier06586.frontier.olcf.ornl.gov]:8889 (errno: 97 - Address family not supported by protocol).
[W socket.cpp:601] [c10d] The client socket cannot be initialized to connect to [frontier06586.frontier.olcf.ornl.gov]:8889 (errno: 97 - Address family not supported by protocol).
[W socket.cpp:601] [c10d] The client socket cannot be initialized to connect to [frontier06586.frontier.olcf.ornl.gov]:8889 (errno: 97 - Address family not supported by protocol).
[W socket.cpp:601] [c10d] The client socket cannot be initialized to connect to [frontier06586.frontier.olcf.ornl.gov]:8889 (errno: 97 - Address family not supported by protocol).
[W socket.cpp:601] [c10d] The client socket cannot be initialized to connect to [frontier06586.frontier.olcf.ornl.gov]:8889 (errno: 97 - Address family not supported by protocol).
[W socket.cpp:601] [c10d] The client socket cannot be initialized to connect to [frontier06586.frontier.olcf.ornl.gov]:8889 (errno: 97 - Address family not supported by protocol).
[W socket.cpp:601] [c10d] The client socket cannot be initialized to connect to [frontier06586.frontier.olcf.ornl.gov]:8889 (errno: 97 - Address family not supported by protocol).
[W socket.cpp:601] [c10d] The client socket cannot be initialized to connect to [frontier06586.frontier.olcf.ornl.gov]:8889 (errno: 97 - Address family not supported by protocol).
[W socket.cpp:601] [c10d] The client socket cannot be initialized to connect to [frontier06586.frontier.olcf.ornl.gov]:8889 (errno: 97 - Address family not supported by protocol).
[W socket.cpp:601] [c10d] The client socket cannot be initialized to connect to [frontier06586.frontier.olcf.ornl.gov]:8889 (errno: 97 - Address family not supported by protocol).
[W socket.cpp:601] [c10d] The client socket cannot be initialized to connect to [frontier06586.frontier.olcf.ornl.gov]:8889 (errno: 97 - Address family not supported by protocol).
[W socket.cpp:601] [c10d] The client socket cannot be initialized to connect to [frontier06586.frontier.olcf.ornl.gov]:8889 (errno: 97 - Address family not supported by protocol).
[W socket.cpp:601] [c10d] The client socket cannot be initialized to connect to [frontier06586.frontier.olcf.ornl.gov]:8889 (errno: 97 - Address family not supported by protocol).
[W socket.cpp:601] [c10d] The client socket cannot be initialized to connect to [frontier06586.frontier.olcf.ornl.gov]:8889 (errno: 97 - Address family not supported by protocol).
[W socket.cpp:601] [c10d] The client socket cannot be initialized to connect to [frontier06586.frontier.olcf.ornl.gov]:8889 (errno: 97 - Address family not supported by protocol).
[W socket.cpp:601] [c10d] The client socket cannot be initialized to connect to [frontier06586.frontier.olcf.ornl.gov]:8889 (errno: 97 - Address family not supported by protocol).
[W socket.cpp:601] [c10d] The client socket cannot be initialized to connect to [frontier06586.frontier.olcf.ornl.gov]:8889 (errno: 97 - Address family not supported by protocol).
[W socket.cpp:601] [c10d] The client socket cannot be initialized to connect to [frontier06586.frontier.olcf.ornl.gov]:8889 (errno: 97 - Address family not supported by protocol).
[W socket.cpp:601] [c10d] The client socket cannot be initialized to connect to [frontier06586.frontier.olcf.ornl.gov]:8889 (errno: 97 - Address family not supported by protocol).
[W socket.cpp:601] [c10d] The client socket cannot be initialized to connect to [frontier06586.frontier.olcf.ornl.gov]:8889 (errno: 97 - Address family not supported by protocol).
[W socket.cpp:601] [c10d] The client socket cannot be initialized to connect to [frontier06586.frontier.olcf.ornl.gov]:8889 (errno: 97 - Address family not supported by protocol).
[W socket.cpp:601] [c10d] The client socket cannot be initialized to connect to [frontier06586.frontier.olcf.ornl.gov]:8889 (errno: 97 - Address family not supported by protocol).
[W socket.cpp:601] [c10d] The client socket cannot be initialized to connect to [frontier06586.frontier.olcf.ornl.gov]:8889 (errno: 97 - Address family not supported by protocol).
[W socket.cpp:601] [c10d] The client socket cannot be initialized to connect to [frontier06586.frontier.olcf.ornl.gov]:8889 (errno: 97 - Address family not supported by protocol).
[W socket.cpp:601] [c10d] The client socket cannot be initialized to connect to [frontier06586.frontier.olcf.ornl.gov]:8889 (errno: 97 - Address family not supported by protocol).
[W socket.cpp:601] [c10d] The client socket cannot be initialized to connect to [frontier06586.frontier.olcf.ornl.gov]:8889 (errno: 97 - Address family not supported by protocol).
[W socket.cpp:601] [c10d] The client socket cannot be initialized to connect to [frontier06586.frontier.olcf.ornl.gov]:8889 (errno: 97 - Address family not supported by protocol).
[W socket.cpp:601] [c10d] The client socket cannot be initialized to connect to [frontier06586.frontier.olcf.ornl.gov]:8889 (errno: 97 - Address family not supported by protocol).
[W socket.cpp:601] [c10d] The client socket cannot be initialized to connect to [frontier06586.frontier.olcf.ornl.gov]:8889 (errno: 97 - Address family not supported by protocol).
[W socket.cpp:601] [c10d] The client socket cannot be initialized to connect to [frontier06586.frontier.olcf.ornl.gov]:8889 (errno: 97 - Address family not supported by protocol).
[W socket.cpp:601] [c10d] The client socket cannot be initialized to connect to [frontier06586.frontier.olcf.ornl.gov]:8889 (errno: 97 - Address family not supported by protocol).
[W socket.cpp:601] [c10d] The client socket cannot be initialized to connect to [frontier06586.frontier.olcf.ornl.gov]:8889 (errno: 97 - Address family not supported by protocol).
[W socket.cpp:601] [c10d] The client socket cannot be initialized to connect to [frontier06586.frontier.olcf.ornl.gov]:8889 (errno: 97 - Address family not supported by protocol).
[W socket.cpp:601] [c10d] The client socket cannot be initialized to connect to [frontier06586.frontier.olcf.ornl.gov]:8889 (errno: 97 - Address family not supported by protocol).
[W socket.cpp:601] [c10d] The client socket cannot be initialized to connect to [frontier06586.frontier.olcf.ornl.gov]:8889 (errno: 97 - Address family not supported by protocol).
[W socket.cpp:601] [c10d] The client socket cannot be initialized to connect to [frontier06586.frontier.olcf.ornl.gov]:8889 (errno: 97 - Address family not supported by protocol).
[W socket.cpp:601] [c10d] The client socket cannot be initialized to connect to [frontier06586.frontier.olcf.ornl.gov]:8889 (errno: 97 - Address family not supported by protocol).
[W socket.cpp:601] [c10d] The client socket cannot be initialized to connect to [frontier06586.frontier.olcf.ornl.gov]:8889 (errno: 97 - Address family not supported by protocol).
[W socket.cpp:601] [c10d] The client socket cannot be initialized to connect to [frontier06586.frontier.olcf.ornl.gov]:8889 (errno: 97 - Address family not supported by protocol).
[W socket.cpp:601] [c10d] The client socket cannot be initialized to connect to [frontier06586.frontier.olcf.ornl.gov]:8889 (errno: 97 - Address family not supported by protocol).
[W socket.cpp:601] [c10d] The client socket cannot be initialized to connect to [frontier06586.frontier.olcf.ornl.gov]:8889 (errno: 97 - Address family not supported by protocol).
[W socket.cpp:601] [c10d] The client socket cannot be initialized to connect to [frontier06586.frontier.olcf.ornl.gov]:8889 (errno: 97 - Address family not supported by protocol).
[W socket.cpp:601] [c10d] The client socket cannot be initialized to connect to [frontier06586.frontier.olcf.ornl.gov]:8889 (errno: 97 - Address family not supported by protocol).
[W socket.cpp:601] [c10d] The client socket cannot be initialized to connect to [frontier06586.frontier.olcf.ornl.gov]:8889 (errno: 97 - Address family not supported by protocol).
[W socket.cpp:601] [c10d] The client socket cannot be initialized to connect to [frontier06586.frontier.olcf.ornl.gov]:8889 (errno: 97 - Address family not supported by protocol).
[W socket.cpp:601] [c10d] The client socket cannot be initialized to connect to [frontier06586.frontier.olcf.ornl.gov]:8889 (errno: 97 - Address family not supported by protocol).
[W socket.cpp:601] [c10d] The client socket cannot be initialized to connect to [frontier06586.frontier.olcf.ornl.gov]:8889 (errno: 97 - Address family not supported by protocol).
[W socket.cpp:601] [c10d] The client socket cannot be initialized to connect to [frontier06586.frontier.olcf.ornl.gov]:8889 (errno: 97 - Address family not supported by protocol).
[W socket.cpp:601] [c10d] The client socket cannot be initialized to connect to [frontier06586.frontier.olcf.ornl.gov]:8889 (errno: 97 - Address family not supported by protocol).
[W socket.cpp:601] [c10d] The client socket cannot be initialized to connect to [frontier06586.frontier.olcf.ornl.gov]:8889 (errno: 97 - Address family not supported by protocol).
[W socket.cpp:601] [c10d] The client socket cannot be initialized to connect to [frontier06586.frontier.olcf.ornl.gov]:8889 (errno: 97 - Address family not supported by protocol).
[W socket.cpp:601] [c10d] The client socket cannot be initialized to connect to [frontier06586.frontier.olcf.ornl.gov]:8889 (errno: 97 - Address family not supported by protocol).
[W socket.cpp:601] [c10d] The client socket cannot be initialized to connect to [frontier06586.frontier.olcf.ornl.gov]:8889 (errno: 97 - Address family not supported by protocol).
[W socket.cpp:601] [c10d] The client socket cannot be initialized to connect to [frontier06586.frontier.olcf.ornl.gov]:8889 (errno: 97 - Address family not supported by protocol).
[W socket.cpp:601] [c10d] The client socket cannot be initialized to connect to [frontier06586.frontier.olcf.ornl.gov]:8889 (errno: 97 - Address family not supported by protocol).
[W socket.cpp:601] [c10d] The client socket cannot be initialized to connect to [frontier06586.frontier.olcf.ornl.gov]:8889 (errno: 97 - Address family not supported by protocol).
[W socket.cpp:601] [c10d] The client socket cannot be initialized to connect to [frontier06586.frontier.olcf.ornl.gov]:8889 (errno: 97 - Address family not supported by protocol).
[W socket.cpp:601] [c10d] The client socket cannot be initialized to connect to [frontier06586.frontier.olcf.ornl.gov]:8889 (errno: 97 - Address family not supported by protocol).
[W socket.cpp:601] [c10d] The client socket cannot be initialized to connect to [frontier06586.frontier.olcf.ornl.gov]:8889 (errno: 97 - Address family not supported by protocol).
[W socket.cpp:601] [c10d] The client socket cannot be initialized to connect to [frontier06586.frontier.olcf.ornl.gov]:8889 (errno: 97 - Address family not supported by protocol).
[W socket.cpp:601] [c10d] The client socket cannot be initialized to connect to [frontier06586.frontier.olcf.ornl.gov]:8889 (errno: 97 - Address family not supported by protocol).
[W socket.cpp:601] [c10d] The client socket cannot be initialized to connect to [frontier06586.frontier.olcf.ornl.gov]:8889 (errno: 97 - Address family not supported by protocol).
[W socket.cpp:601] [c10d] The client socket cannot be initialized to connect to [frontier06586.frontier.olcf.ornl.gov]:8889 (errno: 97 - Address family not supported by protocol).
[W socket.cpp:601] [c10d] The client socket cannot be initialized to connect to [frontier06586.frontier.olcf.ornl.gov]:8889 (errno: 97 - Address family not supported by protocol).
[W socket.cpp:601] [c10d] The client socket cannot be initialized to connect to [frontier06586.frontier.olcf.ornl.gov]:8889 (errno: 97 - Address family not supported by protocol).
[W socket.cpp:601] [c10d] The client socket cannot be initialized to connect to [frontier06586.frontier.olcf.ornl.gov]:8889 (errno: 97 - Address family not supported by protocol).
[W socket.cpp:601] [c10d] The client socket cannot be initialized to connect to [frontier06586.frontier.olcf.ornl.gov]:8889 (errno: 97 - Address family not supported by protocol).
[W socket.cpp:601] [c10d] The client socket cannot be initialized to connect to [frontier06586.frontier.olcf.ornl.gov]:8889 (errno: 97 - Address family not supported by protocol).
[W socket.cpp:601] [c10d] The client socket cannot be initialized to connect to [frontier06586.frontier.olcf.ornl.gov]:8889 (errno: 97 - Address family not supported by protocol).
[W socket.cpp:601] [c10d] The client socket cannot be initialized to connect to [frontier06586.frontier.olcf.ornl.gov]:8889 (errno: 97 - Address family not supported by protocol).
[W socket.cpp:601] [c10d] The client socket cannot be initialized to connect to [frontier06586.frontier.olcf.ornl.gov]:8889 (errno: 97 - Address family not supported by protocol).
[W socket.cpp:601] [c10d] The client socket cannot be initialized to connect to [frontier06586.frontier.olcf.ornl.gov]:8889 (errno: 97 - Address family not supported by protocol).
[W socket.cpp:601] [c10d] The client socket cannot be initialized to connect to [frontier06586.frontier.olcf.ornl.gov]:8889 (errno: 97 - Address family not supported by protocol).
[W socket.cpp:601] [c10d] The client socket cannot be initialized to connect to [frontier06586.frontier.olcf.ornl.gov]:8889 (errno: 97 - Address family not supported by protocol).
[W socket.cpp:601] [c10d] The client socket cannot be initialized to connect to [frontier06586.frontier.olcf.ornl.gov]:8889 (errno: 97 - Address family not supported by protocol).
[W socket.cpp:601] [c10d] The client socket cannot be initialized to connect to [frontier06586.frontier.olcf.ornl.gov]:8889 (errno: 97 - Address family not supported by protocol).
[W socket.cpp:601] [c10d] The client socket cannot be initialized to connect to [frontier06586.frontier.olcf.ornl.gov]:8889 (errno: 97 - Address family not supported by protocol).
[W socket.cpp:601] [c10d] The client socket cannot be initialized to connect to [frontier06586.frontier.olcf.ornl.gov]:8889 (errno: 97 - Address family not supported by protocol).
[W socket.cpp:601] [c10d] The client socket cannot be initialized to connect to [frontier06586.frontier.olcf.ornl.gov]:8889 (errno: 97 - Address family not supported by protocol).
[W socket.cpp:601] [c10d] The client socket cannot be initialized to connect to [frontier06586.frontier.olcf.ornl.gov]:8889 (errno: 97 - Address family not supported by protocol).
[W socket.cpp:601] [c10d] The client socket cannot be initialized to connect to [frontier06586.frontier.olcf.ornl.gov]:8889 (errno: 97 - Address family not supported by protocol).
[W socket.cpp:601] [c10d] The client socket cannot be initialized to connect to [frontier06586.frontier.olcf.ornl.gov]:8889 (errno: 97 - Address family not supported by protocol).
[W socket.cpp:601] [c10d] The client socket cannot be initialized to connect to [frontier06586.frontier.olcf.ornl.gov]:8889 (errno: 97 - Address family not supported by protocol).
[W socket.cpp:601] [c10d] The client socket cannot be initialized to connect to [frontier06586.frontier.olcf.ornl.gov]:8889 (errno: 97 - Address family not supported by protocol).
[W socket.cpp:601] [c10d] The client socket cannot be initialized to connect to [frontier06586.frontier.olcf.ornl.gov]:8889 (errno: 97 - Address family not supported by protocol).
[W socket.cpp:601] [c10d] The client socket cannot be initialized to connect to [frontier06586.frontier.olcf.ornl.gov]:8889 (errno: 97 - Address family not supported by protocol).
[W socket.cpp:601] [c10d] The client socket cannot be initialized to connect to [frontier06586.frontier.olcf.ornl.gov]:8889 (errno: 97 - Address family not supported by protocol).
[W socket.cpp:601] [c10d] The client socket cannot be initialized to connect to [frontier06586.frontier.olcf.ornl.gov]:8889 (errno: 97 - Address family not supported by protocol).
[W socket.cpp:601] [c10d] The client socket cannot be initialized to connect to [frontier06586.frontier.olcf.ornl.gov]:8889 (errno: 97 - Address family not supported by protocol).
[W socket.cpp:601] [c10d] The client socket cannot be initialized to connect to [frontier06586.frontier.olcf.ornl.gov]:8889 (errno: 97 - Address family not supported by protocol).
[W socket.cpp:601] [c10d] The client socket cannot be initialized to connect to [frontier06586.frontier.olcf.ornl.gov]:8889 (errno: 97 - Address family not supported by protocol).
[W socket.cpp:601] [c10d] The client socket cannot be initialized to connect to [frontier06586.frontier.olcf.ornl.gov]:8889 (errno: 97 - Address family not supported by protocol).
[W socket.cpp:601] [c10d] The client socket cannot be initialized to connect to [frontier06586.frontier.olcf.ornl.gov]:8889 (errno: 97 - Address family not supported by protocol).
[W socket.cpp:601] [c10d] The client socket cannot be initialized to connect to [frontier06586.frontier.olcf.ornl.gov]:8889 (errno: 97 - Address family not supported by protocol).
[W socket.cpp:601] [c10d] The client socket cannot be initialized to connect to [frontier06586.frontier.olcf.ornl.gov]:8889 (errno: 97 - Address family not supported by protocol).
[W socket.cpp:601] [c10d] The client socket cannot be initialized to connect to [frontier06586.frontier.olcf.ornl.gov]:8889 (errno: 97 - Address family not supported by protocol).
[W socket.cpp:601] [c10d] The client socket cannot be initialized to connect to [frontier06586.frontier.olcf.ornl.gov]:8889 (errno: 97 - Address family not supported by protocol).
[W socket.cpp:601] [c10d] The client socket cannot be initialized to connect to [frontier06586.frontier.olcf.ornl.gov]:8889 (errno: 97 - Address family not supported by protocol).
[W socket.cpp:601] [c10d] The client socket cannot be initialized to connect to [frontier06586.frontier.olcf.ornl.gov]:8889 (errno: 97 - Address family not supported by protocol).
[W socket.cpp:601] [c10d] The client socket cannot be initialized to connect to [frontier06586.frontier.olcf.ornl.gov]:8889 (errno: 97 - Address family not supported by protocol).
[W socket.cpp:601] [c10d] The client socket cannot be initialized to connect to [frontier06586.frontier.olcf.ornl.gov]:8889 (errno: 97 - Address family not supported by protocol).
[W socket.cpp:601] [c10d] The client socket cannot be initialized to connect to [frontier06586.frontier.olcf.ornl.gov]:8889 (errno: 97 - Address family not supported by protocol).
[W socket.cpp:601] [c10d] The client socket cannot be initialized to connect to [frontier06586.frontier.olcf.ornl.gov]:8889 (errno: 97 - Address family not supported by protocol).
[W socket.cpp:601] [c10d] The client socket cannot be initialized to connect to [frontier06586.frontier.olcf.ornl.gov]:8889 (errno: 97 - Address family not supported by protocol).
[W socket.cpp:601] [c10d] The client socket cannot be initialized to connect to [frontier06586.frontier.olcf.ornl.gov]:8889 (errno: 97 - Address family not supported by protocol).
[W socket.cpp:601] [c10d] The client socket cannot be initialized to connect to [frontier06586.frontier.olcf.ornl.gov]:8889 (errno: 97 - Address family not supported by protocol).
[W socket.cpp:601] [c10d] The client socket cannot be initialized to connect to [frontier06586.frontier.olcf.ornl.gov]:8889 (errno: 97 - Address family not supported by protocol).
[W socket.cpp:601] [c10d] The client socket cannot be initialized to connect to [frontier06586.frontier.olcf.ornl.gov]:8889 (errno: 97 - Address family not supported by protocol).
[W socket.cpp:601] [c10d] The client socket cannot be initialized to connect to [frontier06586.frontier.olcf.ornl.gov]:8889 (errno: 97 - Address family not supported by protocol).
[W socket.cpp:601] [c10d] The client socket cannot be initialized to connect to [frontier06586.frontier.olcf.ornl.gov]:8889 (errno: 97 - Address family not supported by protocol).
[W socket.cpp:601] [c10d] The client socket cannot be initialized to connect to [frontier06586.frontier.olcf.ornl.gov]:8889 (errno: 97 - Address family not supported by protocol).
[W socket.cpp:601] [c10d] The client socket cannot be initialized to connect to [frontier06586.frontier.olcf.ornl.gov]:8889 (errno: 97 - Address family not supported by protocol).
[W socket.cpp:601] [c10d] The client socket cannot be initialized to connect to [frontier06586.frontier.olcf.ornl.gov]:8889 (errno: 97 - Address family not supported by protocol).
[W socket.cpp:601] [c10d] The client socket cannot be initialized to connect to [frontier06586.frontier.olcf.ornl.gov]:8889 (errno: 97 - Address family not supported by protocol).
[W socket.cpp:601] [c10d] The client socket cannot be initialized to connect to [frontier06586.frontier.olcf.ornl.gov]:8889 (errno: 97 - Address family not supported by protocol).
[W socket.cpp:601] [c10d] The client socket cannot be initialized to connect to [frontier06586.frontier.olcf.ornl.gov]:8889 (errno: 97 - Address family not supported by protocol).
[W socket.cpp:601] [c10d] The client socket cannot be initialized to connect to [frontier06586.frontier.olcf.ornl.gov]:8889 (errno: 97 - Address family not supported by protocol).
[W socket.cpp:601] [c10d] The client socket cannot be initialized to connect to [frontier06586.frontier.olcf.ornl.gov]:8889 (errno: 97 - Address family not supported by protocol).
[W socket.cpp:601] [c10d] The client socket cannot be initialized to connect to [frontier06586.frontier.olcf.ornl.gov]:8889 (errno: 97 - Address family not supported by protocol).
[W socket.cpp:601] [c10d] The client socket cannot be initialized to connect to [frontier06586.frontier.olcf.ornl.gov]:8889 (errno: 97 - Address family not supported by protocol).
[W socket.cpp:601] [c10d] The client socket cannot be initialized to connect to [frontier06586.frontier.olcf.ornl.gov]:8889 (errno: 97 - Address family not supported by protocol).
[W socket.cpp:601] [c10d] The client socket cannot be initialized to connect to [frontier06586.frontier.olcf.ornl.gov]:8889 (errno: 97 - Address family not supported by protocol).
[W socket.cpp:601] [c10d] The client socket cannot be initialized to connect to [frontier06586.frontier.olcf.ornl.gov]:8889 (errno: 97 - Address family not supported by protocol).
[W socket.cpp:601] [c10d] The client socket cannot be initialized to connect to [frontier06586.frontier.olcf.ornl.gov]:8889 (errno: 97 - Address family not supported by protocol).
[W socket.cpp:601] [c10d] The client socket cannot be initialized to connect to [frontier06586.frontier.olcf.ornl.gov]:8889 (errno: 97 - Address family not supported by protocol).
[W socket.cpp:601] [c10d] The client socket cannot be initialized to connect to [frontier06586.frontier.olcf.ornl.gov]:8889 (errno: 97 - Address family not supported by protocol).
[W socket.cpp:601] [c10d] The client socket cannot be initialized to connect to [frontier06586.frontier.olcf.ornl.gov]:8889 (errno: 97 - Address family not supported by protocol).
[W socket.cpp:601] [c10d] The client socket cannot be initialized to connect to [frontier06586.frontier.olcf.ornl.gov]:8889 (errno: 97 - Address family not supported by protocol).
[W socket.cpp:601] [c10d] The client socket cannot be initialized to connect to [frontier06586.frontier.olcf.ornl.gov]:8889 (errno: 97 - Address family not supported by protocol).
[W socket.cpp:601] [c10d] The client socket cannot be initialized to connect to [frontier06586.frontier.olcf.ornl.gov]:8889 (errno: 97 - Address family not supported by protocol).
[W socket.cpp:601] [c10d] The client socket cannot be initialized to connect to [frontier06586.frontier.olcf.ornl.gov]:8889 (errno: 97 - Address family not supported by protocol).
[W socket.cpp:601] [c10d] The client socket cannot be initialized to connect to [frontier06586.frontier.olcf.ornl.gov]:8889 (errno: 97 - Address family not supported by protocol).
[W socket.cpp:601] [c10d] The client socket cannot be initialized to connect to [frontier06586.frontier.olcf.ornl.gov]:8889 (errno: 97 - Address family not supported by protocol).
[W socket.cpp:601] [c10d] The client socket cannot be initialized to connect to [frontier06586.frontier.olcf.ornl.gov]:8889 (errno: 97 - Address family not supported by protocol).
[W socket.cpp:601] [c10d] The client socket cannot be initialized to connect to [frontier06586.frontier.olcf.ornl.gov]:8889 (errno: 97 - Address family not supported by protocol).
[W socket.cpp:601] [c10d] The client socket cannot be initialized to connect to [frontier06586.frontier.olcf.ornl.gov]:8889 (errno: 97 - Address family not supported by protocol).
[W socket.cpp:601] [c10d] The client socket cannot be initialized to connect to [frontier06586.frontier.olcf.ornl.gov]:8889 (errno: 97 - Address family not supported by protocol).
[W socket.cpp:601] [c10d] The client socket cannot be initialized to connect to [frontier06586.frontier.olcf.ornl.gov]:8889 (errno: 97 - Address family not supported by protocol).
[W socket.cpp:601] [c10d] The client socket cannot be initialized to connect to [frontier06586.frontier.olcf.ornl.gov]:8889 (errno: 97 - Address family not supported by protocol).
[W socket.cpp:601] [c10d] The client socket cannot be initialized to connect to [frontier06586.frontier.olcf.ornl.gov]:8889 (errno: 97 - Address family not supported by protocol).
[W socket.cpp:601] [c10d] The client socket cannot be initialized to connect to [frontier06586.frontier.olcf.ornl.gov]:8889 (errno: 97 - Address family not supported by protocol).
[W socket.cpp:601] [c10d] The client socket cannot be initialized to connect to [frontier06586.frontier.olcf.ornl.gov]:8889 (errno: 97 - Address family not supported by protocol).
[W socket.cpp:601] [c10d] The client socket cannot be initialized to connect to [frontier06586.frontier.olcf.ornl.gov]:8889 (errno: 97 - Address family not supported by protocol).
[W socket.cpp:601] [c10d] The client socket cannot be initialized to connect to [frontier06586.frontier.olcf.ornl.gov]:8889 (errno: 97 - Address family not supported by protocol).
[W socket.cpp:601] [c10d] The client socket cannot be initialized to connect to [frontier06586.frontier.olcf.ornl.gov]:8889 (errno: 97 - Address family not supported by protocol).
[W socket.cpp:601] [c10d] The client socket cannot be initialized to connect to [frontier06586.frontier.olcf.ornl.gov]:8889 (errno: 97 - Address family not supported by protocol).
[W socket.cpp:601] [c10d] The client socket cannot be initialized to connect to [frontier06586.frontier.olcf.ornl.gov]:8889 (errno: 97 - Address family not supported by protocol).
[W socket.cpp:601] [c10d] The client socket cannot be initialized to connect to [frontier06586.frontier.olcf.ornl.gov]:8889 (errno: 97 - Address family not supported by protocol).
[W socket.cpp:601] [c10d] The client socket cannot be initialized to connect to [frontier06586.frontier.olcf.ornl.gov]:8889 (errno: 97 - Address family not supported by protocol).
[W socket.cpp:601] [c10d] The client socket cannot be initialized to connect to [frontier06586.frontier.olcf.ornl.gov]:8889 (errno: 97 - Address family not supported by protocol).
[W socket.cpp:601] [c10d] The client socket cannot be initialized to connect to [frontier06586.frontier.olcf.ornl.gov]:8889 (errno: 97 - Address family not supported by protocol).
[W socket.cpp:601] [c10d] The client socket cannot be initialized to connect to [frontier06586.frontier.olcf.ornl.gov]:8889 (errno: 97 - Address family not supported by protocol).
[W socket.cpp:601] [c10d] The client socket cannot be initialized to connect to [frontier06586.frontier.olcf.ornl.gov]:8889 (errno: 97 - Address family not supported by protocol).
[W socket.cpp:601] [c10d] The client socket cannot be initialized to connect to [frontier06586.frontier.olcf.ornl.gov]:8889 (errno: 97 - Address family not supported by protocol).
[W socket.cpp:601] [c10d] The client socket cannot be initialized to connect to [frontier06586.frontier.olcf.ornl.gov]:8889 (errno: 97 - Address family not supported by protocol).
[W socket.cpp:601] [c10d] The client socket cannot be initialized to connect to [frontier06586.frontier.olcf.ornl.gov]:8889 (errno: 97 - Address family not supported by protocol).
[W socket.cpp:601] [c10d] The client socket cannot be initialized to connect to [frontier06586.frontier.olcf.ornl.gov]:8889 (errno: 97 - Address family not supported by protocol).
[W socket.cpp:601] [c10d] The client socket cannot be initialized to connect to [frontier06586.frontier.olcf.ornl.gov]:8889 (errno: 97 - Address family not supported by protocol).
[W socket.cpp:601] [c10d] The client socket cannot be initialized to connect to [frontier06586.frontier.olcf.ornl.gov]:8889 (errno: 97 - Address family not supported by protocol).
[W socket.cpp:601] [c10d] The client socket cannot be initialized to connect to [frontier06586.frontier.olcf.ornl.gov]:8889 (errno: 97 - Address family not supported by protocol).
[W socket.cpp:601] [c10d] The client socket cannot be initialized to connect to [frontier06586.frontier.olcf.ornl.gov]:8889 (errno: 97 - Address family not supported by protocol).
[W socket.cpp:601] [c10d] The client socket cannot be initialized to connect to [frontier06586.frontier.olcf.ornl.gov]:8889 (errno: 97 - Address family not supported by protocol).
[W socket.cpp:601] [c10d] The client socket cannot be initialized to connect to [frontier06586.frontier.olcf.ornl.gov]:8889 (errno: 97 - Address family not supported by protocol).
[W socket.cpp:601] [c10d] The client socket cannot be initialized to connect to [frontier06586.frontier.olcf.ornl.gov]:8889 (errno: 97 - Address family not supported by protocol).
[W socket.cpp:601] [c10d] The client socket cannot be initialized to connect to [frontier06586.frontier.olcf.ornl.gov]:8889 (errno: 97 - Address family not supported by protocol).
[W socket.cpp:601] [c10d] The client socket cannot be initialized to connect to [frontier06586.frontier.olcf.ornl.gov]:8889 (errno: 97 - Address family not supported by protocol).
[W socket.cpp:601] [c10d] The client socket cannot be initialized to connect to [frontier06586.frontier.olcf.ornl.gov]:8889 (errno: 97 - Address family not supported by protocol).
[W socket.cpp:601] [c10d] The client socket cannot be initialized to connect to [frontier06586.frontier.olcf.ornl.gov]:8889 (errno: 97 - Address family not supported by protocol).
[W socket.cpp:601] [c10d] The client socket cannot be initialized to connect to [frontier06586.frontier.olcf.ornl.gov]:8889 (errno: 97 - Address family not supported by protocol).
[W socket.cpp:601] [c10d] The client socket cannot be initialized to connect to [frontier06586.frontier.olcf.ornl.gov]:8889 (errno: 97 - Address family not supported by protocol).
[W socket.cpp:601] [c10d] The client socket cannot be initialized to connect to [frontier06586.frontier.olcf.ornl.gov]:8889 (errno: 97 - Address family not supported by protocol).
[W socket.cpp:601] [c10d] The client socket cannot be initialized to connect to [frontier06586.frontier.olcf.ornl.gov]:8889 (errno: 97 - Address family not supported by protocol).
[W socket.cpp:601] [c10d] The client socket cannot be initialized to connect to [frontier06586.frontier.olcf.ornl.gov]:8889 (errno: 97 - Address family not supported by protocol).
[W socket.cpp:601] [c10d] The client socket cannot be initialized to connect to [frontier06586.frontier.olcf.ornl.gov]:8889 (errno: 97 - Address family not supported by protocol).
[W socket.cpp:601] [c10d] The client socket cannot be initialized to connect to [frontier06586.frontier.olcf.ornl.gov]:8889 (errno: 97 - Address family not supported by protocol).
[W socket.cpp:601] [c10d] The client socket cannot be initialized to connect to [frontier06586.frontier.olcf.ornl.gov]:8889 (errno: 97 - Address family not supported by protocol).
[W socket.cpp:601] [c10d] The client socket cannot be initialized to connect to [frontier06586.frontier.olcf.ornl.gov]:8889 (errno: 97 - Address family not supported by protocol).
[W socket.cpp:601] [c10d] The client socket cannot be initialized to connect to [frontier06586.frontier.olcf.ornl.gov]:8889 (errno: 97 - Address family not supported by protocol).
[W socket.cpp:601] [c10d] The client socket cannot be initialized to connect to [frontier06586.frontier.olcf.ornl.gov]:8889 (errno: 97 - Address family not supported by protocol).
[W socket.cpp:601] [c10d] The client socket cannot be initialized to connect to [frontier06586.frontier.olcf.ornl.gov]:8889 (errno: 97 - Address family not supported by protocol).
[W socket.cpp:601] [c10d] The client socket cannot be initialized to connect to [frontier06586.frontier.olcf.ornl.gov]:8889 (errno: 97 - Address family not supported by protocol).
[W socket.cpp:601] [c10d] The client socket cannot be initialized to connect to [frontier06586.frontier.olcf.ornl.gov]:8889 (errno: 97 - Address family not supported by protocol).
[W socket.cpp:601] [c10d] The client socket cannot be initialized to connect to [frontier06586.frontier.olcf.ornl.gov]:8889 (errno: 97 - Address family not supported by protocol).
[W socket.cpp:601] [c10d] The client socket cannot be initialized to connect to [frontier06586.frontier.olcf.ornl.gov]:8889 (errno: 97 - Address family not supported by protocol).
[W socket.cpp:601] [c10d] The client socket cannot be initialized to connect to [frontier06586.frontier.olcf.ornl.gov]:8889 (errno: 97 - Address family not supported by protocol).
[W socket.cpp:601] [c10d] The client socket cannot be initialized to connect to [frontier06586.frontier.olcf.ornl.gov]:8889 (errno: 97 - Address family not supported by protocol).
[W socket.cpp:601] [c10d] The client socket cannot be initialized to connect to [frontier06586.frontier.olcf.ornl.gov]:8889 (errno: 97 - Address family not supported by protocol).
[W socket.cpp:601] [c10d] The client socket cannot be initialized to connect to [frontier06586.frontier.olcf.ornl.gov]:8889 (errno: 97 - Address family not supported by protocol).
[W socket.cpp:601] [c10d] The client socket cannot be initialized to connect to [frontier06586.frontier.olcf.ornl.gov]:8889 (errno: 97 - Address family not supported by protocol).
[W socket.cpp:601] [c10d] The client socket cannot be initialized to connect to [frontier06586.frontier.olcf.ornl.gov]:8889 (errno: 97 - Address family not supported by protocol).
[W socket.cpp:601] [c10d] The client socket cannot be initialized to connect to [frontier06586.frontier.olcf.ornl.gov]:8889 (errno: 97 - Address family not supported by protocol).
[W socket.cpp:601] [c10d] The client socket cannot be initialized to connect to [frontier06586.frontier.olcf.ornl.gov]:8889 (errno: 97 - Address family not supported by protocol).
0: Command: ./examples/multidataset/train.py --multi_model_list=OC2020 --multi --num_epoch=1 --everyone --ddstore --log=exp-strongfull-SMALL-2125921-NN16 --inputfile=SMALL_MTL.json

0: Adios reading: ./examples/multidataset/./dataset/OC2020.bp
0: Read attr time (sec):  0.09329867362976074
0: read and bcast: trainset/x/variable_count 48.51299476623535
0: read and bcast: trainset/x/variable_offset 54.39662051200867
0: read and bcast: trainset/x/variable_dim 54.39699602127075
0: read and bcast: trainset/edge_index/variable_count 86.21149754524231
0: read and bcast: trainset/edge_index/variable_offset 92.47273969650269
0: read and bcast: trainset/edge_index/variable_dim 92.75673151016235
0: read and bcast: trainset/edge_attr/variable_count 108.4959466457367
0: read and bcast: trainset/edge_attr/variable_offset 118.06842827796936
0: read and bcast: trainset/edge_attr/variable_dim 118.36596751213074
0: read and bcast: trainset/pos/variable_count 135.92747592926025
0: read and bcast: trainset/pos/variable_offset 151.0672459602356
0: read and bcast: trainset/pos/variable_dim 151.3634901046753
0: read and bcast: trainset/y/variable_count 159.88787579536438
0: read and bcast: trainset/y/variable_offset 170.6983675956726
0: read and bcast: trainset/y/variable_dim 170.99964952468872
0: Overall time (sec):  171.09314703941345
0: DDStore adding time (sec):  0.0
0: Data loading time (sec):  171.1944215297699
0: Adios reading: ./examples/multidataset/./dataset/OC2020.bp
0: Read attr time (sec):  0.0753328800201416
0: read and bcast: valset/x/variable_count 98.8882646560669
0: read and bcast: valset/x/variable_offset 103.36218690872192
0: read and bcast: valset/x/variable_dim 103.38845896720886
0: read and bcast: valset/edge_index/variable_count 205.87256169319153
0: read and bcast: valset/edge_index/variable_offset 208.35879254341125
0: read and bcast: valset/edge_index/variable_dim 208.38493371009827
0: read and bcast: valset/edge_attr/variable_count 308.25697660446167
0: read and bcast: valset/edge_attr/variable_offset 313.8088479042053
0: read and bcast: valset/edge_attr/variable_dim 313.8347146511078
0: read and bcast: valset/pos/variable_count 399.0823802947998
0: read and bcast: valset/pos/variable_offset 400.5646195411682
0: read and bcast: valset/pos/variable_dim 400.59071254730225
0: read and bcast: valset/y/variable_count 402.95023703575134
0: read and bcast: valset/y/variable_offset 404.8242404460907
0: read and bcast: valset/y/variable_dim 404.824609041214
0: Overall time (sec):  404.9001226425171
0: DDStore adding time (sec):  0.0
0: Data loading time (sec):  404.9913077354431
0: Adios reading: ./examples/multidataset/./dataset/OC2020.bp
0: Read attr time (sec):  0.07439422607421875
0: read and bcast: testset/x/variable_count 8.26040244102478
0: read and bcast: testset/x/variable_offset 8.73617935180664
0: read and bcast: testset/x/variable_dim 8.736350059509277
0: read and bcast: testset/edge_index/variable_count 14.55916428565979
0: read and bcast: testset/edge_index/variable_offset 14.623623609542847
0: read and bcast: testset/edge_index/variable_dim 14.62380599975586
0: read and bcast: testset/edge_attr/variable_count 20.4589262008667
0: read and bcast: testset/edge_attr/variable_offset 20.54516911506653
0: read and bcast: testset/edge_attr/variable_dim 20.545318603515625
0: read and bcast: testset/pos/variable_count 25.954702854156494
0: read and bcast: testset/pos/variable_offset 26.038261890411377
0: read and bcast: testset/pos/variable_dim 26.038424253463745
0: read and bcast: testset/y/variable_count 26.149357080459595
0: read and bcast: testset/y/variable_offset 26.242111921310425
0: read and bcast: testset/y/variable_dim 26.242269277572632
0: Overall time (sec):  26.316829204559326
0: DDStore adding time (sec):  0.0
0: Data loading time (sec):  26.364880323410034
0: Adios preloading: ./examples/multidataset/./dataset/OC2020.bp
0: Adios reading time (sec):  52.759570598602295
0: Adios preloading: ./examples/multidataset/./dataset/OC2020.bp
0: Adios reading time (sec):  9.705182790756226
0: Adios preloading: ./examples/multidataset/./dataset/OC2020.bp
0: Adios reading time (sec):  0.8066465854644775
Loading:   0%|          | 0/941724 [00:00<?, ?it/s]Loading:   0%|          | 73/941724 [00:00<21:30, 729.90it/s]Loading:   0%|          | 444/941724 [00:00<06:30, 2411.91it/s]Loading:   0%|          | 820/941724 [00:00<05:11, 3015.99it/s]Loading:   0%|          | 1199/941724 [00:00<04:43, 3318.28it/s]Loading:   0%|          | 1573/941724 [00:00<04:31, 3467.59it/s]Loading:   0%|          | 1920/941724 [00:00<06:45, 2319.66it/s]Loading:   0%|          | 2279/941724 [00:00<05:57, 2628.94it/s]Loading:   0%|          | 2635/941724 [00:00<05:27, 2868.99it/s]Loading:   0%|          | 2993/941724 [00:01<05:06, 3059.40it/s]Loading:   0%|          | 3335/941724 [00:01<04:57, 3157.16it/s]Loading:   0%|          | 3695/941724 [00:01<04:45, 3281.42it/s]Loading:   0%|          | 4051/941724 [00:01<04:38, 3361.33it/s]Loading:   0%|          | 4408/941724 [00:01<04:33, 3421.85it/s]Loading:   1%|          | 4766/941724 [00:01<04:30, 3468.28it/s]Loading:   1%|          | 5125/941724 [00:01<04:27, 3501.77it/s]Loading:   1%|          | 5483/941724 [00:01<04:25, 3524.42it/s]Loading:   1%|          | 5840/941724 [00:01<04:24, 3535.89it/s]Loading:   1%|          | 6198/941724 [00:01<04:23, 3546.78it/s]Loading:   1%|          | 6554/941724 [00:02<04:23, 3544.34it/s]Loading:   1%|          | 6912/941724 [00:02<04:23, 3554.34it/s]Loading:   1%|          | 7274/941724 [00:02<04:21, 3571.98it/s]Loading:   1%|          | 7632/941724 [00:02<04:21, 3568.86it/s]Loading:   1%|          | 7991/941724 [00:02<04:21, 3572.73it/s]Loading:   1%|          | 8349/941724 [00:02<04:21, 3573.08it/s]Loading:   1%|          | 8709/941724 [00:02<04:20, 3579.55it/s]Loading:   1%|          | 9068/941724 [00:02<04:20, 3578.13it/s]Loading:   1%|          | 9426/941724 [00:02<04:20, 3574.11it/s]Loading:   1%|          | 9784/941724 [00:02<04:20, 3575.72it/s]Loading:   1%|          | 10142/941724 [00:03<04:20, 3569.74it/s]Loading:   1%|          | 10501/941724 [00:03<04:20, 3575.68it/s]Loading:   1%|          | 10859/941724 [00:03<04:22, 3551.15it/s]Loading:   1%|          | 11215/941724 [00:03<04:26, 3491.31it/s]Loading:   1%|          | 11565/941724 [00:03<04:27, 3474.83it/s]Loading:   1%|▏         | 11919/941724 [00:03<04:26, 3493.35it/s]Loading:   1%|▏         | 12272/941724 [00:03<04:25, 3502.21it/s]Loading:   1%|▏         | 12629/941724 [00:03<04:23, 3520.48it/s]Loading:   1%|▏         | 12987/941724 [00:03<04:22, 3535.65it/s]Loading:   1%|▏         | 13344/941724 [00:03<04:22, 3543.15it/s]Loading:   1%|▏         | 13702/941724 [00:04<04:21, 3551.66it/s]Loading:   1%|▏         | 14058/941724 [00:04<06:44, 2293.03it/s]Loading:   2%|▏         | 14411/941724 [00:04<06:02, 2559.32it/s]Loading:   2%|▏         | 14768/941724 [00:04<05:31, 2797.57it/s]Loading:   2%|▏         | 15125/941724 [00:04<05:09, 2990.51it/s]Loading:   2%|▏         | 15480/941724 [00:04<04:55, 3137.42it/s]Loading:   2%|▏         | 15839/941724 [00:04<04:44, 3259.98it/s]Loading:   2%|▏         | 16191/941724 [00:04<04:37, 3331.78it/s]Loading:   2%|▏         | 16545/941724 [00:05<04:32, 3390.59it/s]Loading:   2%|▏         | 16901/941724 [00:05<04:28, 3439.61it/s]Loading:   2%|▏         | 17255/941724 [00:05<04:26, 3468.36it/s]Loading:   2%|▏         | 17616/941724 [00:05<04:23, 3508.49it/s]Loading:   2%|▏         | 17971/941724 [00:05<04:23, 3508.81it/s]Loading:   2%|▏         | 18332/941724 [00:05<04:20, 3538.29it/s]Loading:   2%|▏         | 18688/941724 [00:05<04:20, 3536.58it/s]Loading:   2%|▏         | 19048/941724 [00:05<04:19, 3552.96it/s]Loading:   2%|▏         | 19405/941724 [00:05<04:19, 3556.12it/s]Loading:   2%|▏         | 19762/941724 [00:05<04:19, 3551.95it/s]Loading:   2%|▏         | 20118/941724 [00:06<04:20, 3542.65it/s]Loading:   2%|▏         | 20476/941724 [00:06<04:19, 3552.12it/s]Loading:   2%|▏         | 20832/941724 [00:06<04:19, 3553.46it/s]Loading:   2%|▏         | 21191/941724 [00:06<04:18, 3561.24it/s]Loading:   2%|▏         | 21548/941724 [00:06<04:18, 3554.31it/s]Loading:   2%|▏         | 21907/941724 [00:06<04:18, 3564.85it/s]Loading:   2%|▏         | 22264/941724 [00:06<04:18, 3561.12it/s]Loading:   2%|▏         | 22622/941724 [00:06<04:17, 3564.01it/s]Loading:   2%|▏         | 22979/941724 [00:06<04:18, 3559.57it/s]Loading:   2%|▏         | 23336/941724 [00:06<04:17, 3560.51it/s]Loading:   3%|▎         | 23693/941724 [00:07<04:18, 3549.26it/s]Loading:   3%|▎         | 24050/941724 [00:07<04:18, 3554.59it/s]Loading:   3%|▎         | 24407/941724 [00:07<04:17, 3556.45it/s]Loading:   3%|▎         | 24766/941724 [00:07<04:17, 3564.17it/s]Loading:   3%|▎         | 25123/941724 [00:07<04:17, 3557.37it/s]Loading:   3%|▎         | 25482/941724 [00:07<04:17, 3564.97it/s]Loading:   3%|▎         | 25839/941724 [00:07<04:17, 3560.17it/s]Loading:   3%|▎         | 26199/941724 [00:07<04:16, 3570.03it/s]Loading:   3%|▎         | 26557/941724 [00:07<04:16, 3564.87it/s]Loading:   3%|▎         | 26914/941724 [00:07<04:16, 3563.50it/s]Loading:   3%|▎         | 27271/941724 [00:08<04:17, 3550.52it/s]Loading:   3%|▎         | 27630/941724 [00:08<04:16, 3559.85it/s]Loading:   3%|▎         | 27987/941724 [00:08<04:16, 3560.58it/s]Loading:   3%|▎         | 28346/941724 [00:08<04:15, 3568.08it/s]Loading:   3%|▎         | 28703/941724 [00:08<07:07, 2134.41it/s]Loading:   3%|▎         | 29062/941724 [00:08<06:15, 2430.02it/s]Loading:   3%|▎         | 29418/941724 [00:08<05:40, 2682.93it/s]Loading:   3%|▎         | 29769/941724 [00:08<05:16, 2882.26it/s]Loading:   3%|▎         | 30125/941724 [00:09<04:58, 3056.92it/s]Loading:   3%|▎         | 30484/941724 [00:09<04:44, 3200.13it/s]Loading:   3%|▎         | 30839/941724 [00:09<04:36, 3296.58it/s]Loading:   3%|▎         | 31195/941724 [00:09<04:30, 3369.36it/s]Loading:   3%|▎         | 31552/941724 [00:09<04:25, 3426.26it/s]Loading:   3%|▎         | 31910/941724 [00:09<04:22, 3470.30it/s]Loading:   3%|▎         | 32269/941724 [00:09<04:19, 3503.06it/s]Loading:   3%|▎         | 32624/941724 [00:09<04:18, 3516.50it/s]Loading:   4%|▎         | 32981/941724 [00:09<04:17, 3529.95it/s]Loading:   4%|▎         | 33337/941724 [00:09<04:17, 3521.45it/s]Loading:   4%|▎         | 33692/941724 [00:10<04:17, 3529.52it/s]Loading:   4%|▎         | 34049/941724 [00:10<04:16, 3539.70it/s]Loading:   4%|▎         | 34407/941724 [00:10<04:15, 3550.74it/s]Loading:   4%|▎         | 34763/941724 [00:10<04:15, 3548.15it/s]Loading:   4%|▎         | 35121/941724 [00:10<04:15, 3555.21it/s]Loading:   4%|▍         | 35478/941724 [00:10<04:14, 3558.40it/s]Loading:   4%|▍         | 35837/941724 [00:10<04:13, 3567.67it/s]Loading:   4%|▍         | 36194/941724 [00:10<04:14, 3557.48it/s]Loading:   4%|▍         | 36551/941724 [00:10<04:14, 3561.10it/s]Loading:   4%|▍         | 36908/941724 [00:10<04:15, 3539.72it/s]Loading:   4%|▍         | 37266/941724 [00:11<04:14, 3549.37it/s]Loading:   4%|▍         | 37623/941724 [00:11<04:14, 3553.97it/s]Loading:   4%|▍         | 37983/941724 [00:11<04:13, 3565.43it/s]Loading:   4%|▍         | 38340/941724 [00:11<04:13, 3557.75it/s]Loading:   4%|▍         | 38696/941724 [00:11<04:13, 3557.86it/s]Loading:   4%|▍         | 39052/941724 [00:11<04:14, 3550.82it/s]Loading:   4%|▍         | 39409/941724 [00:11<04:13, 3555.40it/s]Loading:   4%|▍         | 39765/941724 [00:11<04:13, 3551.24it/s]Loading:   4%|▍         | 40122/941724 [00:11<04:13, 3556.10it/s]Loading:   4%|▍         | 40478/941724 [00:12<04:14, 3541.80it/s]Loading:   4%|▍         | 40834/941724 [00:12<04:14, 3544.23it/s]Loading:   4%|▍         | 41189/941724 [00:12<04:14, 3544.26it/s]Loading:   4%|▍         | 41546/941724 [00:12<04:13, 3551.39it/s]Loading:   4%|▍         | 41902/941724 [00:12<04:13, 3550.75it/s]Loading:   4%|▍         | 42259/941724 [00:12<04:13, 3554.06it/s]Loading:   5%|▍         | 42615/941724 [00:12<04:12, 3555.65it/s]Loading:   5%|▍         | 42971/941724 [00:12<04:12, 3555.64it/s]Loading:   5%|▍         | 43328/941724 [00:12<04:12, 3557.06it/s]Loading:   5%|▍         | 43684/941724 [00:12<04:12, 3549.66it/s]Loading:   5%|▍         | 44039/941724 [00:13<04:13, 3538.90it/s]Loading:   5%|▍         | 44394/941724 [00:13<04:13, 3541.89it/s]Loading:   5%|▍         | 44749/941724 [00:13<04:13, 3537.88it/s]Loading:   5%|▍         | 45104/941724 [00:13<04:13, 3539.44it/s]Loading:   5%|▍         | 45461/941724 [00:13<04:12, 3546.91it/s]Loading:   5%|▍         | 45818/941724 [00:13<04:12, 3553.52it/s]Loading:   5%|▍         | 46174/941724 [00:13<04:13, 3530.88it/s]Loading:   5%|▍         | 46528/941724 [00:13<04:14, 3515.77it/s]Loading:   5%|▍         | 46880/941724 [00:14<07:40, 1944.29it/s]Loading:   5%|▌         | 47235/941724 [00:14<06:37, 2249.53it/s]Loading:   5%|▌         | 47592/941724 [00:14<05:53, 2531.13it/s]Loading:   5%|▌         | 47949/941724 [00:14<05:22, 2773.47it/s]Loading:   5%|▌         | 48304/941724 [00:14<05:01, 2966.35it/s]Loading:   5%|▌         | 48662/941724 [00:14<04:45, 3126.60it/s]Loading:   5%|▌         | 49014/941724 [00:14<04:36, 3233.59it/s]Loading:   5%|▌         | 49372/941724 [00:14<04:28, 3328.59it/s]Loading:   5%|▌         | 49730/941724 [00:14<04:22, 3398.47it/s]Loading:   5%|▌         | 50082/941724 [00:14<04:19, 3430.87it/s]Loading:   5%|▌         | 50439/941724 [00:15<04:16, 3469.93it/s]Loading:   5%|▌         | 50794/941724 [00:15<04:15, 3491.42it/s]Loading:   5%|▌         | 51152/941724 [00:15<04:13, 3515.79it/s]Loading:   5%|▌         | 51507/941724 [00:15<04:12, 3524.12it/s]Loading:   6%|▌         | 51866/941724 [00:15<04:11, 3541.85it/s]Loading:   6%|▌         | 52224/941724 [00:15<04:10, 3552.39it/s]Loading:   6%|▌         | 52581/941724 [00:15<04:10, 3554.49it/s]Loading:   6%|▌         | 52938/941724 [00:15<04:09, 3555.18it/s]Loading:   6%|▌         | 53297/941724 [00:15<04:09, 3563.67it/s]Loading:   6%|▌         | 53654/941724 [00:15<04:09, 3555.58it/s]Loading:   6%|▌         | 54012/941724 [00:16<04:09, 3561.03it/s]Loading:   6%|▌         | 54369/941724 [00:16<04:09, 3557.54it/s]Loading:   6%|▌         | 54728/941724 [00:16<04:08, 3566.85it/s]Loading:   6%|▌         | 55085/941724 [00:16<04:08, 3564.46it/s]Loading:   6%|▌         | 55444/941724 [00:16<04:08, 3572.06it/s]Loading:   6%|▌         | 55802/941724 [00:16<04:08, 3572.15it/s]Loading:   6%|▌         | 56160/941724 [00:16<04:07, 3571.47it/s]Loading:   6%|▌         | 56518/941724 [00:16<04:07, 3571.27it/s]Loading:   6%|▌         | 56876/941724 [00:16<04:07, 3570.88it/s]Loading:   6%|▌         | 57234/941724 [00:16<04:08, 3559.11it/s]Loading:   6%|▌         | 57594/941724 [00:17<04:07, 3568.53it/s]Loading:   6%|▌         | 57951/941724 [00:17<04:08, 3556.35it/s]Loading:   6%|▌         | 58311/941724 [00:17<04:07, 3568.42it/s]Loading:   6%|▌         | 58668/941724 [00:17<04:07, 3568.63it/s]Loading:   6%|▋         | 59030/941724 [00:17<04:06, 3583.69it/s]Loading:   6%|▋         | 59389/941724 [00:17<04:06, 3572.33it/s]Loading:   6%|▋         | 59748/941724 [00:17<04:06, 3576.40it/s]Loading:   6%|▋         | 60106/941724 [00:17<04:06, 3569.85it/s]Loading:   6%|▋         | 60464/941724 [00:17<04:06, 3571.15it/s]Loading:   6%|▋         | 60822/941724 [00:17<04:07, 3553.85it/s]Loading:   6%|▋         | 61178/941724 [00:18<04:07, 3551.39it/s]Loading:   7%|▋         | 61534/941724 [00:18<04:08, 3548.08it/s]Loading:   7%|▋         | 61890/941724 [00:18<04:07, 3551.50it/s]Loading:   7%|▋         | 62247/941724 [00:18<04:07, 3556.22it/s]Loading:   7%|▋         | 62606/941724 [00:18<04:06, 3563.95it/s]Loading:   7%|▋         | 62964/941724 [00:18<04:06, 3566.27it/s]Loading:   7%|▋         | 63323/941724 [00:18<04:05, 3572.03it/s]Loading:   7%|▋         | 63681/941724 [00:18<04:06, 3568.82it/s]Loading:   7%|▋         | 64040/941724 [00:18<04:05, 3572.94it/s]Loading:   7%|▋         | 64398/941724 [00:19<04:05, 3566.70it/s]Loading:   7%|▋         | 64756/941724 [00:19<04:05, 3570.50it/s]Loading:   7%|▋         | 65114/941724 [00:19<04:05, 3569.75it/s]Loading:   7%|▋         | 65471/941724 [00:19<04:06, 3559.21it/s]Loading:   7%|▋         | 65829/941724 [00:19<04:05, 3564.29it/s]Loading:   7%|▋         | 66187/941724 [00:19<04:05, 3566.13it/s]Loading:   7%|▋         | 66545/941724 [00:19<04:05, 3569.85it/s]Loading:   7%|▋         | 66904/941724 [00:19<04:04, 3574.44it/s]Loading:   7%|▋         | 67262/941724 [00:19<04:04, 3571.74it/s]Loading:   7%|▋         | 67620/941724 [00:19<04:04, 3568.77it/s]Loading:   7%|▋         | 67977/941724 [00:20<04:06, 3550.00it/s]Loading:   7%|▋         | 68333/941724 [00:20<04:07, 3534.01it/s]Loading:   7%|▋         | 68689/941724 [00:20<04:06, 3539.74it/s]Loading:   7%|▋         | 69043/941724 [00:20<04:07, 3532.79it/s]Loading:   7%|▋         | 69401/941724 [00:20<04:06, 3544.65it/s]Loading:   7%|▋         | 69756/941724 [00:20<08:08, 1785.76it/s]Loading:   7%|▋         | 70113/941724 [00:20<06:54, 2100.96it/s]Loading:   7%|▋         | 70467/941724 [00:21<06:04, 2390.88it/s]Loading:   8%|▊         | 70824/941724 [00:21<05:28, 2653.29it/s]Loading:   8%|▊         | 71178/941724 [00:21<05:03, 2867.28it/s]Loading:   8%|▊         | 71535/941724 [00:21<04:45, 3046.37it/s]Loading:   8%|▊         | 71890/941724 [00:21<04:33, 3180.49it/s]Loading:   8%|▊         | 72249/941724 [00:21<04:23, 3293.77it/s]Loading:   8%|▊         | 72605/941724 [00:21<04:18, 3367.13it/s]Loading:   8%|▊         | 72964/941724 [00:21<04:13, 3430.84it/s]Loading:   8%|▊         | 73318/941724 [00:21<04:11, 3458.94it/s]Loading:   8%|▊         | 73677/941724 [00:21<04:08, 3497.21it/s]Loading:   8%|▊         | 74032/941724 [00:22<04:07, 3501.86it/s]Loading:   8%|▊         | 74392/941724 [00:22<04:05, 3529.33it/s]Loading:   8%|▊         | 74750/941724 [00:22<04:04, 3542.97it/s]Loading:   8%|▊         | 75107/941724 [00:22<04:04, 3547.33it/s]Loading:   8%|▊         | 75464/941724 [00:22<04:04, 3543.17it/s]Loading:   8%|▊         | 75822/941724 [00:22<04:03, 3552.97it/s]Loading:   8%|▊         | 76178/941724 [00:22<04:03, 3549.04it/s]Loading:   8%|▊         | 76538/941724 [00:22<04:02, 3561.83it/s]Loading:   8%|▊         | 76895/941724 [00:22<04:03, 3548.02it/s]Loading:   8%|▊         | 77251/941724 [00:22<04:03, 3550.98it/s]Loading:   8%|▊         | 77607/941724 [00:23<04:03, 3543.54it/s]Loading:   8%|▊         | 77964/941724 [00:23<04:03, 3550.81it/s]Loading:   8%|▊         | 78322/941724 [00:23<04:02, 3559.50it/s]Loading:   8%|▊         | 78679/941724 [00:23<04:03, 3548.91it/s]Loading:   8%|▊         | 79035/941724 [00:23<04:02, 3550.69it/s]Loading:   8%|▊         | 79392/941724 [00:23<04:02, 3553.59it/s]Loading:   8%|▊         | 79751/941724 [00:23<04:01, 3562.60it/s]Loading:   9%|▊         | 80108/941724 [00:23<04:01, 3562.54it/s]Loading:   9%|▊         | 80467/941724 [00:23<04:01, 3568.77it/s]Loading:   9%|▊         | 80824/941724 [00:23<04:02, 3554.96it/s]Loading:   9%|▊         | 81180/941724 [00:24<04:02, 3546.81it/s]Loading:   9%|▊         | 81539/941724 [00:24<04:01, 3557.04it/s]Loading:   9%|▊         | 81896/941724 [00:24<04:01, 3559.01it/s]Loading:   9%|▊         | 82252/941724 [00:24<04:01, 3556.99it/s]Loading:   9%|▉         | 82609/941724 [00:24<04:01, 3559.15it/s]Loading:   9%|▉         | 82965/941724 [00:24<04:01, 3555.78it/s]Loading:   9%|▉         | 83322/941724 [00:24<04:01, 3559.33it/s]Loading:   9%|▉         | 83678/941724 [00:24<04:01, 3558.95it/s]Loading:   9%|▉         | 84036/941724 [00:24<04:00, 3563.73it/s]Loading:   9%|▉         | 84393/941724 [00:24<04:01, 3555.79it/s]Loading:   9%|▉         | 84749/941724 [00:25<04:01, 3549.24it/s]Loading:   9%|▉         | 85105/941724 [00:25<04:01, 3549.65it/s]Loading:   9%|▉         | 85464/941724 [00:25<04:00, 3560.49it/s]Loading:   9%|▉         | 85821/941724 [00:25<04:00, 3559.50it/s]Loading:   9%|▉         | 86177/941724 [00:25<04:01, 3549.03it/s]Loading:   9%|▉         | 86533/941724 [00:25<04:00, 3551.61it/s]Loading:   9%|▉         | 86892/941724 [00:25<03:59, 3562.26it/s]Loading:   9%|▉         | 87249/941724 [00:25<03:59, 3560.69it/s]Loading:   9%|▉         | 87608/941724 [00:25<03:59, 3568.28it/s]Loading:   9%|▉         | 87965/941724 [00:25<03:59, 3559.44it/s]Loading:   9%|▉         | 88322/941724 [00:26<03:59, 3559.61it/s]Loading:   9%|▉         | 88680/941724 [00:26<03:59, 3564.15it/s]Loading:   9%|▉         | 89039/941724 [00:26<03:58, 3568.96it/s]Loading:   9%|▉         | 89396/941724 [00:26<03:58, 3567.58it/s]Loading:  10%|▉         | 89753/941724 [00:26<03:59, 3562.83it/s]Loading:  10%|▉         | 90111/941724 [00:26<03:58, 3564.93it/s]Loading:  10%|▉         | 90468/941724 [00:26<03:59, 3556.87it/s]Loading:  10%|▉         | 90825/941724 [00:26<03:59, 3559.15it/s]Loading:  10%|▉         | 91185/941724 [00:26<03:58, 3569.93it/s]Loading:  10%|▉         | 91542/941724 [00:26<03:58, 3565.17it/s]Loading:  10%|▉         | 91899/941724 [00:27<03:58, 3556.29it/s]Loading:  10%|▉         | 92258/941724 [00:27<03:58, 3563.80it/s]Loading:  10%|▉         | 92615/941724 [00:27<03:58, 3563.10it/s]Loading:  10%|▉         | 92975/941724 [00:27<03:57, 3573.35it/s]Loading:  10%|▉         | 93333/941724 [00:27<03:58, 3557.26it/s]Loading:  10%|▉         | 93693/941724 [00:27<03:57, 3569.71it/s]Loading:  10%|▉         | 94050/941724 [00:27<03:57, 3561.98it/s]Loading:  10%|█         | 94410/941724 [00:27<03:57, 3571.28it/s]Loading:  10%|█         | 94768/941724 [00:27<03:57, 3564.43it/s]Loading:  10%|█         | 95125/941724 [00:27<03:57, 3564.03it/s]Loading:  10%|█         | 95482/941724 [00:28<03:58, 3553.69it/s]Loading:  10%|█         | 95840/941724 [00:28<03:57, 3560.88it/s]Loading:  10%|█         | 96197/941724 [00:28<03:57, 3561.17it/s]Loading:  10%|█         | 96555/941724 [00:28<03:57, 3564.99it/s]Loading:  10%|█         | 96912/941724 [00:28<03:57, 3555.69it/s]Loading:  10%|█         | 97271/941724 [00:28<03:56, 3563.28it/s]Loading:  10%|█         | 97628/941724 [00:28<03:57, 3561.46it/s]Loading:  10%|█         | 97988/941724 [00:28<03:56, 3570.90it/s]Loading:  10%|█         | 98346/941724 [00:29<08:40, 1621.32it/s]Loading:  10%|█         | 98703/941724 [00:29<07:15, 1937.68it/s]Loading:  11%|█         | 99055/941724 [00:29<06:17, 2234.68it/s]Loading:  11%|█         | 99412/941724 [00:29<05:34, 2516.62it/s]Loading:  11%|█         | 99770/941724 [00:29<05:04, 2761.96it/s]Loading:  11%|█         | 100128/941724 [00:29<04:43, 2964.36it/s]Loading:  11%|█         | 100486/941724 [00:29<04:29, 3124.32it/s]Loading:  11%|█         | 100843/941724 [00:29<04:19, 3243.31it/s]Loading:  11%|█         | 101194/941724 [00:30<04:13, 3317.75it/s]Loading:  11%|█         | 101551/941724 [00:30<04:07, 3389.14it/s]Loading:  11%|█         | 101905/941724 [00:30<04:04, 3431.75it/s]Loading:  11%|█         | 102264/941724 [00:30<04:01, 3476.83it/s]Loading:  11%|█         | 102619/941724 [00:30<04:00, 3491.37it/s]Loading:  11%|█         | 102975/941724 [00:30<03:58, 3510.30it/s]Loading:  11%|█         | 103330/941724 [00:30<03:58, 3521.10it/s]Loading:  11%|█         | 103687/941724 [00:30<03:57, 3534.92it/s]Loading:  11%|█         | 104046/941724 [00:30<03:56, 3548.52it/s]Loading:  11%|█         | 104402/941724 [00:30<03:56, 3543.00it/s]Loading:  11%|█         | 104758/941724 [00:31<03:56, 3541.98it/s]Loading:  11%|█         | 105115/941724 [00:31<03:55, 3549.37it/s]Loading:  11%|█         | 105473/941724 [00:31<03:55, 3555.71it/s]Loading:  11%|█         | 105831/941724 [00:31<03:54, 3562.57it/s]Loading:  11%|█▏        | 106188/941724 [00:31<03:55, 3554.70it/s]Loading:  11%|█▏        | 106544/941724 [00:31<03:55, 3552.02it/s]Loading:  11%|█▏        | 106903/941724 [00:31<03:54, 3561.15it/s]Loading:  11%|█▏        | 107260/941724 [00:31<03:54, 3563.57it/s]Loading:  11%|█▏        | 107620/941724 [00:31<03:53, 3573.68it/s]Loading:  11%|█▏        | 107978/941724 [00:31<03:54, 3558.03it/s]Loading:  12%|█▏        | 108335/941724 [00:32<03:54, 3559.75it/s]Loading:  12%|█▏        | 108692/941724 [00:32<03:54, 3551.51it/s]Loading:  12%|█▏        | 109051/941724 [00:32<03:53, 3562.92it/s]Loading:  12%|█▏        | 109408/941724 [00:32<03:53, 3560.43it/s]Loading:  12%|█▏        | 109765/941724 [00:32<03:53, 3560.21it/s]Loading:  12%|█▏        | 110122/941724 [00:32<03:53, 3558.85it/s]Loading:  12%|█▏        | 110480/941724 [00:32<03:53, 3563.68it/s]Loading:  12%|█▏        | 110837/941724 [00:32<03:53, 3564.46it/s]Loading:  12%|█▏        | 111194/941724 [00:32<03:53, 3561.59it/s]Loading:  12%|█▏        | 111551/941724 [00:32<03:53, 3559.13it/s]Loading:  12%|█▏        | 111909/941724 [00:33<03:52, 3562.63it/s]Loading:  12%|█▏        | 112266/941724 [00:33<03:53, 3558.73it/s]Loading:  12%|█▏        | 112626/941724 [00:33<03:52, 3570.89it/s]Loading:  12%|█▏        | 112984/941724 [00:33<03:53, 3556.38it/s]Loading:  12%|█▏        | 113343/941724 [00:33<03:52, 3564.26it/s]Loading:  12%|█▏        | 113700/941724 [00:33<03:53, 3551.76it/s]Loading:  12%|█▏        | 114058/941724 [00:33<03:52, 3558.10it/s]Loading:  12%|█▏        | 114415/941724 [00:33<03:52, 3560.90it/s]Loading:  12%|█▏        | 114772/941724 [00:33<03:52, 3557.63it/s]Loading:  12%|█▏        | 115128/941724 [00:33<03:52, 3552.28it/s]Loading:  12%|█▏        | 115486/941724 [00:34<03:52, 3558.05it/s]Loading:  12%|█▏        | 115843/941724 [00:34<03:52, 3558.95it/s]Loading:  12%|█▏        | 116205/941724 [00:34<03:50, 3574.50it/s]Loading:  12%|█▏        | 116563/941724 [00:34<03:51, 3563.99it/s]Loading:  12%|█▏        | 116924/941724 [00:34<03:50, 3575.82it/s]Loading:  12%|█▏        | 117282/941724 [00:34<03:51, 3556.79it/s]Loading:  12%|█▏        | 117639/941724 [00:34<03:51, 3558.00it/s]Loading:  13%|█▎        | 117995/941724 [00:34<03:51, 3553.86it/s]Loading:  13%|█▎        | 118351/941724 [00:34<03:51, 3553.75it/s]Loading:  13%|█▎        | 118707/941724 [00:34<03:51, 3547.75it/s]Loading:  13%|█▎        | 119062/941724 [00:35<03:52, 3540.89it/s]Loading:  13%|█▎        | 119420/941724 [00:35<03:51, 3550.52it/s]Loading:  13%|█▎        | 119776/941724 [00:35<03:51, 3553.19it/s]Loading:  13%|█▎        | 120132/941724 [00:35<03:51, 3553.23it/s]Loading:  13%|█▎        | 120492/941724 [00:35<03:50, 3565.28it/s]Loading:  13%|█▎        | 120850/941724 [00:35<03:50, 3568.27it/s]Loading:  13%|█▎        | 121207/941724 [00:35<03:50, 3563.47it/s]Loading:  13%|█▎        | 121565/941724 [00:35<03:50, 3564.72it/s]Loading:  13%|█▎        | 121922/941724 [00:35<03:50, 3556.98it/s]Loading:  13%|█▎        | 122278/941724 [00:35<03:50, 3554.64it/s]Loading:  13%|█▎        | 122634/941724 [00:36<03:50, 3551.40it/s]Loading:  13%|█▎        | 122993/941724 [00:36<03:49, 3560.15it/s]Loading:  13%|█▎        | 123350/941724 [00:36<03:49, 3560.65it/s]Loading:  13%|█▎        | 123708/941724 [00:36<03:49, 3565.30it/s]Loading:  13%|█▎        | 124066/941724 [00:36<03:49, 3567.52it/s]Loading:  13%|█▎        | 124423/941724 [00:36<03:49, 3563.98it/s]Loading:  13%|█▎        | 124780/941724 [00:36<03:49, 3559.33it/s]Loading:  13%|█▎        | 125136/941724 [00:36<03:50, 3549.17it/s]Loading:  13%|█▎        | 125493/941724 [00:36<03:49, 3554.03it/s]Loading:  13%|█▎        | 125849/941724 [00:37<03:49, 3550.88it/s]Loading:  13%|█▎        | 126208/941724 [00:37<03:48, 3562.23it/s]Loading:  13%|█▎        | 126567/941724 [00:37<03:48, 3569.14it/s]Loading:  13%|█▎        | 126925/941724 [00:37<03:48, 3569.73it/s]Loading:  14%|█▎        | 127283/941724 [00:37<03:48, 3570.90it/s]Loading:  14%|█▎        | 127641/941724 [00:37<03:47, 3572.11it/s]Loading:  14%|█▎        | 127999/941724 [00:37<03:47, 3570.93it/s]Loading:  14%|█▎        | 128357/941724 [00:37<03:48, 3561.93it/s]Loading:  14%|█▎        | 128714/941724 [00:37<03:48, 3556.62it/s]Loading:  14%|█▎        | 129071/941724 [00:37<03:48, 3558.03it/s]Loading:  14%|█▎        | 129427/941724 [00:38<03:48, 3553.61it/s]Loading:  14%|█▍        | 129783/941724 [00:38<03:49, 3540.26it/s]Loading:  14%|█▍        | 130140/941724 [00:38<03:48, 3546.90it/s]Loading:  14%|█▍        | 130497/941724 [00:38<03:48, 3551.02it/s]Loading:  14%|█▍        | 130853/941724 [00:38<03:48, 3551.52it/s]Loading:  14%|█▍        | 131209/941724 [00:38<03:48, 3549.37it/s]Loading:  14%|█▍        | 131569/941724 [00:38<03:47, 3561.42it/s]Loading:  14%|█▍        | 131926/941724 [00:38<03:48, 3548.95it/s]Loading:  14%|█▍        | 132285/941724 [00:38<03:47, 3558.86it/s]Loading:  14%|█▍        | 132643/941724 [00:38<03:47, 3563.16it/s]Loading:  14%|█▍        | 133000/941724 [00:39<03:49, 3520.66it/s]Loading:  14%|█▍        | 133357/941724 [00:39<03:48, 3535.26it/s]Loading:  14%|█▍        | 133711/941724 [00:39<03:48, 3535.07it/s]Loading:  14%|█▍        | 134065/941724 [00:39<09:23, 1433.95it/s]Loading:  14%|█▍        | 134423/941724 [00:39<07:41, 1749.96it/s]Loading:  14%|█▍        | 134773/941724 [00:40<06:32, 2053.66it/s]Loading:  14%|█▍        | 135130/941724 [00:40<05:42, 2354.81it/s]Loading:  14%|█▍        | 135485/941724 [00:40<05:08, 2617.64it/s]Loading:  14%|█▍        | 135840/941724 [00:40<04:43, 2840.50it/s]Loading:  14%|█▍        | 136195/941724 [00:40<04:26, 3020.52it/s]Loading:  15%|█▍        | 136552/941724 [00:40<04:14, 3166.91it/s]Loading:  15%|█▍        | 136911/941724 [00:40<04:05, 3281.32it/s]Loading:  15%|█▍        | 137265/941724 [00:40<03:59, 3352.75it/s]Loading:  15%|█▍        | 137620/941724 [00:40<03:55, 3407.26it/s]Loading:  15%|█▍        | 137975/941724 [00:40<03:53, 3446.67it/s]Loading:  15%|█▍        | 138328/941724 [00:41<03:51, 3470.80it/s]Loading:  15%|█▍        | 138684/941724 [00:41<03:49, 3494.60it/s]Loading:  15%|█▍        | 139042/941724 [00:41<03:48, 3518.47it/s]Loading:  15%|█▍        | 139398/941724 [00:41<03:47, 3530.50it/s]Loading:  15%|█▍        | 139754/941724 [00:41<03:46, 3536.90it/s]Loading:  15%|█▍        | 140110/941724 [00:41<03:46, 3543.55it/s]Loading:  15%|█▍        | 140470/941724 [00:41<03:45, 3557.73it/s]Loading:  15%|█▍        | 140827/941724 [00:41<03:45, 3552.25it/s]Loading:  15%|█▍        | 141184/941724 [00:41<03:45, 3555.46it/s]Loading:  15%|█▌        | 141540/941724 [00:41<03:45, 3553.88it/s]Loading:  15%|█▌        | 141896/941724 [00:42<03:45, 3543.47it/s]Loading:  15%|█▌        | 142253/941724 [00:42<03:45, 3550.26it/s]Loading:  15%|█▌        | 142609/941724 [00:42<03:45, 3549.86it/s]Loading:  15%|█▌        | 142967/941724 [00:42<03:44, 3556.28it/s]Loading:  15%|█▌        | 143323/941724 [00:42<03:44, 3555.86it/s]Loading:  15%|█▌        | 143680/941724 [00:42<03:44, 3559.34it/s]Loading:  15%|█▌        | 144038/941724 [00:42<03:43, 3563.35it/s]Loading:  15%|█▌        | 144395/941724 [00:42<03:44, 3555.53it/s]Loading:  15%|█▌        | 144751/941724 [00:42<03:44, 3555.44it/s]Loading:  15%|█▌        | 145107/941724 [00:42<03:44, 3541.43it/s]Loading:  15%|█▌        | 145462/941724 [00:43<03:44, 3543.44it/s]Loading:  15%|█▌        | 145817/941724 [00:43<03:44, 3542.00it/s]Loading:  16%|█▌        | 146176/941724 [00:43<03:43, 3554.86it/s]Loading:  16%|█▌        | 146532/941724 [00:43<03:43, 3551.49it/s]Loading:  16%|█▌        | 146888/941724 [00:43<03:43, 3551.81it/s]Loading:  16%|█▌        | 147245/941724 [00:43<03:43, 3557.15it/s]Loading:  16%|█▌        | 147602/941724 [00:43<03:43, 3560.74it/s]Loading:  16%|█▌        | 147959/941724 [00:43<03:43, 3558.41it/s]Loading:  16%|█▌        | 148316/941724 [00:43<03:42, 3560.82it/s]Loading:  16%|█▌        | 148673/941724 [00:43<03:43, 3552.47it/s]Loading:  16%|█▌        | 149029/941724 [00:44<03:43, 3549.80it/s]Loading:  16%|█▌        | 149387/941724 [00:44<03:42, 3556.55it/s]Loading:  16%|█▌        | 149745/941724 [00:44<03:42, 3561.78it/s]Loading:  16%|█▌        | 150105/941724 [00:44<03:41, 3570.63it/s]Loading:  16%|█▌        | 150463/941724 [00:44<03:42, 3557.23it/s]Loading:  16%|█▌        | 150823/941724 [00:44<03:41, 3568.12it/s]Loading:  16%|█▌        | 151180/941724 [00:44<03:41, 3562.81it/s]Loading:  16%|█▌        | 151540/941724 [00:44<03:41, 3571.53it/s]Loading:  16%|█▌        | 151898/941724 [00:44<03:41, 3561.26it/s]Loading:  16%|█▌        | 152255/941724 [00:44<03:42, 3554.29it/s]Loading:  16%|█▌        | 152611/941724 [00:45<03:42, 3546.09it/s]Loading:  16%|█▌        | 152970/941724 [00:45<03:41, 3556.88it/s]Loading:  16%|█▋        | 153328/941724 [00:45<03:41, 3562.64it/s]Loading:  16%|█▋        | 153685/941724 [00:45<03:41, 3564.03it/s]Loading:  16%|█▋        | 154042/941724 [00:45<03:41, 3555.42it/s]Loading:  16%|█▋        | 154402/941724 [00:45<03:40, 3566.03it/s]Loading:  16%|█▋        | 154759/941724 [00:45<03:41, 3560.86it/s]Loading:  16%|█▋        | 155119/941724 [00:45<03:40, 3570.16it/s]Loading:  17%|█▋        | 155477/941724 [00:45<03:40, 3559.02it/s]Loading:  17%|█▋        | 155834/941724 [00:45<03:40, 3562.07it/s]Loading:  17%|█▋        | 156191/941724 [00:46<03:41, 3553.57it/s]Loading:  17%|█▋        | 156550/941724 [00:46<03:40, 3562.89it/s]Loading:  17%|█▋        | 156907/941724 [00:46<03:40, 3564.99it/s]Loading:  17%|█▋        | 157264/941724 [00:46<03:40, 3563.93it/s]Loading:  17%|█▋        | 157621/941724 [00:46<03:40, 3558.88it/s]Loading:  17%|█▋        | 157980/941724 [00:46<03:39, 3566.09it/s]Loading:  17%|█▋        | 158337/941724 [00:46<03:39, 3566.78it/s]Loading:  17%|█▋        | 158695/941724 [00:46<03:39, 3569.28it/s]Loading:  17%|█▋        | 159052/941724 [00:46<03:39, 3567.83it/s]Loading:  17%|█▋        | 159409/941724 [00:46<03:39, 3561.33it/s]Loading:  17%|█▋        | 159766/941724 [00:47<03:40, 3551.07it/s]Loading:  17%|█▋        | 160125/941724 [00:47<03:39, 3561.97it/s]Loading:  17%|█▋        | 160482/941724 [00:47<03:39, 3561.60it/s]Loading:  17%|█▋        | 160842/941724 [00:47<03:38, 3570.58it/s]Loading:  17%|█▋        | 161200/941724 [00:47<03:38, 3566.38it/s]Loading:  17%|█▋        | 161558/941724 [00:47<03:38, 3568.08it/s]Loading:  17%|█▋        | 161915/941724 [00:47<03:38, 3567.22it/s]Loading:  17%|█▋        | 162272/941724 [00:47<03:38, 3563.89it/s]Loading:  17%|█▋        | 162632/941724 [00:47<03:38, 3572.84it/s]Loading:  17%|█▋        | 162990/941724 [00:47<03:38, 3557.46it/s]Loading:  17%|█▋        | 163346/941724 [00:48<03:38, 3554.34it/s]Loading:  17%|█▋        | 163706/941724 [00:48<03:38, 3567.02it/s]Loading:  17%|█▋        | 164064/941724 [00:48<03:37, 3569.23it/s]Loading:  17%|█▋        | 164422/941724 [00:48<03:37, 3570.00it/s]Loading:  17%|█▋        | 164780/941724 [00:48<03:37, 3569.97it/s]Loading:  18%|█▊        | 165138/941724 [00:48<03:37, 3567.93it/s]Loading:  18%|█▊        | 165496/941724 [00:48<03:37, 3570.44it/s]Loading:  18%|█▊        | 165854/941724 [00:48<03:37, 3561.83it/s]Loading:  18%|█▊        | 166213/941724 [00:48<03:37, 3568.11it/s]Loading:  18%|█▊        | 166570/941724 [00:48<03:37, 3556.29it/s]Loading:  18%|█▊        | 166926/941724 [00:49<03:37, 3555.55it/s]Loading:  18%|█▊        | 167284/941724 [00:49<03:37, 3562.38it/s]Loading:  18%|█▊        | 167641/941724 [00:49<03:37, 3559.90it/s]Loading:  18%|█▊        | 167999/941724 [00:49<03:37, 3564.39it/s]Loading:  18%|█▊        | 168356/941724 [00:49<03:37, 3557.18it/s]Loading:  18%|█▊        | 168714/941724 [00:49<03:36, 3562.55it/s]Loading:  18%|█▊        | 169074/941724 [00:49<03:36, 3571.37it/s]Loading:  18%|█▊        | 169432/941724 [00:49<03:36, 3563.06it/s]Loading:  18%|█▊        | 169790/941724 [00:49<03:36, 3566.24it/s]Loading:  18%|█▊        | 170147/941724 [00:49<03:37, 3547.68it/s]Loading:  18%|█▊        | 170502/941724 [00:50<03:38, 3535.43it/s]Loading:  18%|█▊        | 170857/941724 [00:50<03:37, 3538.25it/s]Loading:  18%|█▊        | 171214/941724 [00:50<03:37, 3546.20it/s]Loading:  18%|█▊        | 171571/941724 [00:50<03:36, 3553.17it/s]Loading:  18%|█▊        | 171927/941724 [00:50<03:36, 3551.26it/s]Loading:  18%|█▊        | 172283/941724 [00:50<03:36, 3552.58it/s]Loading:  18%|█▊        | 172639/941724 [00:50<03:36, 3548.05it/s]Loading:  18%|█▊        | 172995/941724 [00:50<03:36, 3550.54it/s]Loading:  18%|█▊        | 173352/941724 [00:50<03:36, 3554.92it/s]Loading:  18%|█▊        | 173708/941724 [00:50<03:36, 3545.10it/s]Loading:  18%|█▊        | 174063/941724 [00:51<03:36, 3543.63it/s]Loading:  19%|█▊        | 174419/941724 [00:51<03:36, 3546.82it/s]Loading:  19%|█▊        | 174777/941724 [00:51<03:35, 3555.00it/s]Loading:  19%|█▊        | 175135/941724 [00:51<03:35, 3562.29it/s]Loading:  19%|█▊        | 175492/941724 [00:51<03:35, 3558.76it/s]Loading:  19%|█▊        | 175850/941724 [00:51<03:34, 3563.61it/s]Loading:  19%|█▊        | 176207/941724 [00:51<03:34, 3561.32it/s]Loading:  19%|█▊        | 176566/941724 [00:51<03:34, 3568.71it/s]Loading:  19%|█▉        | 176923/941724 [00:51<03:34, 3566.26it/s]Loading:  19%|█▉        | 177282/941724 [00:51<03:34, 3570.52it/s]Loading:  19%|█▉        | 177640/941724 [00:52<03:35, 3551.62it/s]Loading:  19%|█▉        | 177999/941724 [00:52<03:34, 3561.10it/s]Loading:  19%|█▉        | 178356/941724 [00:52<09:59, 1274.39it/s]Loading:  19%|█▉        | 178713/941724 [00:52<08:03, 1578.26it/s]Loading:  19%|█▉        | 179064/941724 [00:53<06:44, 1884.75it/s]Loading:  19%|█▉        | 179421/941724 [00:53<05:47, 2196.52it/s]Loading:  19%|█▉        | 179777/941724 [00:53<05:07, 2480.40it/s]Loading:  19%|█▉        | 180134/941724 [00:53<04:38, 2729.82it/s]Loading:  19%|█▉        | 180488/941724 [00:53<04:19, 2930.00it/s]Loading:  19%|█▉        | 180846/941724 [00:53<04:05, 3097.61it/s]Loading:  19%|█▉        | 181202/941724 [00:53<03:56, 3222.22it/s]Loading:  19%|█▉        | 181561/941724 [00:53<03:48, 3323.27it/s]Loading:  19%|█▉        | 181919/941724 [00:53<03:43, 3394.27it/s]Loading:  19%|█▉        | 182276/941724 [00:53<03:40, 3443.02it/s]Loading:  19%|█▉        | 182631/941724 [00:54<03:39, 3463.07it/s]Loading:  19%|█▉        | 182987/941724 [00:54<03:37, 3489.85it/s]Loading:  19%|█▉        | 183345/941724 [00:54<03:35, 3514.42it/s]Loading:  20%|█▉        | 183701/941724 [00:54<03:35, 3523.99it/s]Loading:  20%|█▉        | 184059/941724 [00:54<03:34, 3538.62it/s]Loading:  20%|█▉        | 184418/941724 [00:54<03:33, 3552.04it/s]Loading:  20%|█▉        | 184775/941724 [00:54<03:33, 3548.64it/s]Loading:  20%|█▉        | 185134/941724 [00:54<03:32, 3560.26it/s]Loading:  20%|█▉        | 185491/941724 [00:54<03:32, 3555.07it/s]Loading:  20%|█▉        | 185849/941724 [00:54<03:32, 3559.73it/s]Loading:  20%|█▉        | 186206/941724 [00:55<03:33, 3533.05it/s]Loading:  20%|█▉        | 186560/941724 [00:55<03:34, 3524.93it/s]Loading:  20%|█▉        | 186917/941724 [00:55<03:33, 3535.48it/s]Loading:  20%|█▉        | 187272/941724 [00:55<03:33, 3537.76it/s]Loading:  20%|█▉        | 187628/941724 [00:55<03:32, 3542.08it/s]Loading:  20%|█▉        | 187986/941724 [00:55<03:32, 3552.80it/s]Loading:  20%|█▉        | 188342/941724 [00:55<03:32, 3550.51it/s]Loading:  20%|██        | 188700/941724 [00:55<03:31, 3558.29it/s]Loading:  20%|██        | 189056/941724 [00:55<03:31, 3552.35it/s]Loading:  20%|██        | 189417/941724 [00:55<03:30, 3567.10it/s]Loading:  20%|██        | 189774/941724 [00:56<03:31, 3553.23it/s]Loading:  20%|██        | 190130/941724 [00:56<03:31, 3548.28it/s]Loading:  20%|██        | 190487/941724 [00:56<03:31, 3554.30it/s]Loading:  20%|██        | 190843/941724 [00:56<03:31, 3550.62it/s]Loading:  20%|██        | 191199/941724 [00:56<03:31, 3550.87it/s]Loading:  20%|██        | 191556/941724 [00:56<03:31, 3555.23it/s]Loading:  20%|██        | 191913/941724 [00:56<03:30, 3557.33it/s]Loading:  20%|██        | 192271/941724 [00:56<03:30, 3563.14it/s]Loading:  20%|██        | 192628/941724 [00:56<03:30, 3561.84it/s]Loading:  20%|██        | 192986/941724 [00:56<03:29, 3565.86it/s]Loading:  21%|██        | 193343/941724 [00:57<03:30, 3548.05it/s]Loading:  21%|██        | 193698/941724 [00:57<03:31, 3544.83it/s]Loading:  21%|██        | 194056/941724 [00:57<03:30, 3552.61it/s]Loading:  21%|██        | 194412/941724 [00:57<03:30, 3550.85it/s]Loading:  21%|██        | 194771/941724 [00:57<03:29, 3560.29it/s]Loading:  21%|██        | 195128/941724 [00:57<03:29, 3558.80it/s]Loading:  21%|██        | 195484/941724 [00:57<03:29, 3557.66it/s]Loading:  21%|██        | 195840/941724 [00:57<03:29, 3555.66it/s]Loading:  21%|██        | 196196/941724 [00:57<03:29, 3552.09it/s]Loading:  21%|██        | 196552/941724 [00:57<03:29, 3553.14it/s]Loading:  21%|██        | 196908/941724 [00:58<03:30, 3534.93it/s]Loading:  21%|██        | 197263/941724 [00:58<03:30, 3536.98it/s]Loading:  21%|██        | 197621/941724 [00:58<03:29, 3549.12it/s]Loading:  21%|██        | 197976/941724 [00:58<03:29, 3544.87it/s]Loading:  21%|██        | 198333/941724 [00:58<03:29, 3550.64it/s]Loading:  21%|██        | 198689/941724 [00:58<03:29, 3547.02it/s]Loading:  21%|██        | 199045/941724 [00:58<03:29, 3550.05it/s]Loading:  21%|██        | 199402/941724 [00:58<03:28, 3555.15it/s]Loading:  21%|██        | 199759/941724 [00:58<03:28, 3559.26it/s]Loading:  21%|██        | 200115/941724 [00:58<03:28, 3559.41it/s]Loading:  21%|██▏       | 200471/941724 [00:59<03:28, 3549.07it/s]Loading:  21%|██▏       | 200826/941724 [00:59<03:28, 3545.77it/s]Loading:  21%|██▏       | 201183/941724 [00:59<03:28, 3551.91it/s]Loading:  21%|██▏       | 201540/941724 [00:59<03:28, 3555.38it/s]Loading:  21%|██▏       | 201899/941724 [00:59<03:27, 3563.72it/s]Loading:  21%|██▏       | 202256/941724 [00:59<03:27, 3559.58it/s]Loading:  22%|██▏       | 202615/941724 [00:59<03:27, 3565.63it/s]Loading:  22%|██▏       | 202972/941724 [00:59<03:27, 3558.38it/s]Loading:  22%|██▏       | 203331/941724 [00:59<03:27, 3566.58it/s]Loading:  22%|██▏       | 203688/941724 [00:59<03:27, 3550.09it/s]Loading:  22%|██▏       | 204044/941724 [01:00<03:28, 3540.94it/s]Loading:  22%|██▏       | 204399/941724 [01:00<03:28, 3540.59it/s]Loading:  22%|██▏       | 204756/941724 [01:00<03:27, 3547.72it/s]Loading:  22%|██▏       | 205112/941724 [01:00<03:27, 3549.86it/s]Loading:  22%|██▏       | 205468/941724 [01:00<03:27, 3552.49it/s]Loading:  22%|██▏       | 205825/941724 [01:00<03:26, 3556.28it/s]Loading:  22%|██▏       | 206181/941724 [01:00<03:27, 3552.86it/s]Loading:  22%|██▏       | 206537/941724 [01:00<03:27, 3544.21it/s]Loading:  22%|██▏       | 206894/941724 [01:00<03:27, 3549.85it/s]Loading:  22%|██▏       | 207249/941724 [01:00<03:27, 3544.66it/s]Loading:  22%|██▏       | 207604/941724 [01:01<03:27, 3541.80it/s]Loading:  22%|██▏       | 207963/941724 [01:01<03:26, 3553.67it/s]Loading:  22%|██▏       | 208319/941724 [01:01<03:26, 3551.98it/s]Loading:  22%|██▏       | 208679/941724 [01:01<03:25, 3565.88it/s]Loading:  22%|██▏       | 209038/941724 [01:01<03:25, 3572.02it/s]Loading:  22%|██▏       | 209398/941724 [01:01<03:24, 3578.03it/s]Loading:  22%|██▏       | 209756/941724 [01:01<03:24, 3577.15it/s]Loading:  22%|██▏       | 210115/941724 [01:01<03:24, 3578.13it/s]Loading:  22%|██▏       | 210473/941724 [01:01<03:24, 3575.86it/s]Loading:  22%|██▏       | 210831/941724 [01:01<03:25, 3556.69it/s]Loading:  22%|██▏       | 211190/941724 [01:02<03:24, 3564.45it/s]Loading:  22%|██▏       | 211547/941724 [01:02<03:24, 3565.89it/s]Loading:  23%|██▎       | 211904/941724 [01:02<03:25, 3559.99it/s]Loading:  23%|██▎       | 212264/941724 [01:02<03:24, 3571.60it/s]Loading:  23%|██▎       | 212622/941724 [01:02<03:24, 3565.87it/s]Loading:  23%|██▎       | 212983/941724 [01:02<03:23, 3577.79it/s]Loading:  23%|██▎       | 213341/941724 [01:02<03:24, 3568.10it/s]Loading:  23%|██▎       | 213698/941724 [01:02<03:24, 3568.58it/s]Loading:  23%|██▎       | 214055/941724 [01:02<03:24, 3559.54it/s]Loading:  23%|██▎       | 214411/941724 [01:02<03:24, 3549.66it/s]Loading:  23%|██▎       | 214769/941724 [01:03<03:24, 3557.01it/s]Loading:  23%|██▎       | 215127/941724 [01:03<03:23, 3562.18it/s]Loading:  23%|██▎       | 215484/941724 [01:03<03:27, 3504.79it/s]Loading:  23%|██▎       | 215841/941724 [01:03<03:26, 3521.32it/s]Loading:  23%|██▎       | 216194/941724 [01:03<03:25, 3523.62it/s]Loading:  23%|██▎       | 216553/941724 [01:03<03:24, 3542.29it/s]Loading:  23%|██▎       | 216909/941724 [01:03<03:24, 3547.22it/s]Loading:  23%|██▎       | 217265/941724 [01:03<03:24, 3548.75it/s]Loading:  23%|██▎       | 217620/941724 [01:03<03:24, 3543.20it/s]Loading:  23%|██▎       | 217975/941724 [01:04<03:24, 3534.98it/s]Loading:  23%|██▎       | 218334/941724 [01:04<03:23, 3550.18it/s]Loading:  23%|██▎       | 218690/941724 [01:04<03:23, 3550.76it/s]Loading:  23%|██▎       | 219047/941724 [01:04<03:23, 3555.11it/s]Loading:  23%|██▎       | 219403/941724 [01:04<03:23, 3549.15it/s]Loading:  23%|██▎       | 219763/941724 [01:04<03:22, 3562.30it/s]Loading:  23%|██▎       | 220121/941724 [01:04<03:22, 3566.06it/s]Loading:  23%|██▎       | 220478/941724 [01:04<03:22, 3566.90it/s]Loading:  23%|██▎       | 220835/941724 [01:04<03:22, 3564.34it/s]Loading:  23%|██▎       | 221193/941724 [01:04<03:21, 3568.49it/s]Loading:  24%|██▎       | 221550/941724 [01:05<03:22, 3550.34it/s]Loading:  24%|██▎       | 221906/941724 [01:05<03:22, 3552.14it/s]Loading:  24%|██▎       | 222262/941724 [01:05<03:22, 3551.15it/s]Loading:  24%|██▎       | 222619/941724 [01:05<03:22, 3555.29it/s]Loading:  24%|██▎       | 222975/941724 [01:05<03:22, 3551.19it/s]Loading:  24%|██▎       | 223335/941724 [01:05<03:21, 3565.75it/s]Loading:  24%|██▍       | 223692/941724 [01:05<03:21, 3562.86it/s]Loading:  24%|██▍       | 224051/941724 [01:05<03:21, 3569.58it/s]Loading:  24%|██▍       | 224408/941724 [01:05<03:21, 3562.52it/s]Loading:  24%|██▍       | 224765/941724 [01:05<03:21, 3560.72it/s]Loading:  24%|██▍       | 225122/941724 [01:06<03:22, 3545.13it/s]Loading:  24%|██▍       | 225480/941724 [01:06<03:21, 3553.17it/s]Loading:  24%|██▍       | 225837/941724 [01:06<03:21, 3556.66it/s]Loading:  24%|██▍       | 226194/941724 [01:06<03:21, 3559.63it/s]Loading:  24%|██▍       | 226550/941724 [01:06<03:21, 3551.38it/s]Loading:  24%|██▍       | 226910/941724 [01:06<03:20, 3564.71it/s]Loading:  24%|██▍       | 227267/941724 [01:06<03:20, 3555.19it/s]Loading:  24%|██▍       | 227626/941724 [01:06<03:20, 3565.08it/s]Loading:  24%|██▍       | 227983/941724 [01:06<03:20, 3565.87it/s]Loading:  24%|██▍       | 228343/941724 [01:06<03:19, 3575.33it/s]Loading:  24%|██▍       | 228701/941724 [01:07<03:20, 3561.15it/s]Loading:  24%|██▍       | 229060/941724 [01:07<03:19, 3569.73it/s]Loading:  24%|██▍       | 229418/941724 [01:07<03:19, 3572.48it/s]Loading:  24%|██▍       | 229777/941724 [01:07<03:19, 3575.80it/s]Loading:  24%|██▍       | 230135/941724 [01:07<03:19, 3567.35it/s]Loading:  24%|██▍       | 230498/941724 [01:07<03:18, 3585.77it/s]Loading:  25%|██▍       | 230857/941724 [01:07<03:18, 3583.83it/s]Loading:  25%|██▍       | 231216/941724 [01:07<03:18, 3585.41it/s]Loading:  25%|██▍       | 231575/941724 [01:07<03:18, 3579.84it/s]Loading:  25%|██▍       | 231933/941724 [01:07<03:18, 3571.05it/s]Loading:  25%|██▍       | 232291/941724 [01:08<03:19, 3559.91it/s]Loading:  25%|██▍       | 232648/941724 [01:08<03:19, 3557.47it/s]Loading:  25%|██▍       | 233007/941724 [01:08<03:18, 3564.26it/s]Loading:  25%|██▍       | 233364/941724 [01:08<03:19, 3555.11it/s]Loading:  25%|██▍       | 233720/941724 [01:08<03:19, 3554.19it/s]Loading:  25%|██▍       | 234076/941724 [01:09<10:35, 1112.82it/s]Loading:  25%|██▍       | 234431/941724 [01:09<08:25, 1400.00it/s]Loading:  25%|██▍       | 234783/941724 [01:09<06:54, 1704.97it/s]Loading:  25%|██▍       | 235143/941724 [01:09<05:48, 2028.25it/s]Loading:  25%|██▌       | 235502/941724 [01:09<05:02, 2333.14it/s]Loading:  25%|██▌       | 235860/941724 [01:09<04:31, 2604.27it/s]Loading:  25%|██▌       | 236217/941724 [01:09<04:09, 2832.25it/s]Loading:  25%|██▌       | 236575/941724 [01:09<03:53, 3020.31it/s]Loading:  25%|██▌       | 236925/941724 [01:10<03:43, 3147.39it/s]Loading:  25%|██▌       | 237282/941724 [01:10<03:36, 3260.95it/s]Loading:  25%|██▌       | 237635/941724 [01:10<03:31, 3334.80it/s]Loading:  25%|██▌       | 237993/941724 [01:10<03:26, 3403.04it/s]Loading:  25%|██▌       | 238347/941724 [01:10<03:24, 3434.33it/s]Loading:  25%|██▌       | 238705/941724 [01:10<03:22, 3476.63it/s]Loading:  25%|██▌       | 239061/941724 [01:10<03:20, 3498.37it/s]Loading:  25%|██▌       | 239418/941724 [01:10<03:19, 3519.01it/s]Loading:  25%|██▌       | 239776/941724 [01:10<03:18, 3536.24it/s]Loading:  25%|██▌       | 240132/941724 [01:10<03:18, 3537.37it/s]Loading:  26%|██▌       | 240488/941724 [01:11<03:18, 3527.83it/s]Loading:  26%|██▌       | 240847/941724 [01:11<03:17, 3545.45it/s]Loading:  26%|██▌       | 241203/941724 [01:11<03:17, 3545.29it/s]Loading:  26%|██▌       | 241562/941724 [01:11<03:16, 3557.43it/s]Loading:  26%|██▌       | 241919/941724 [01:11<03:17, 3544.92it/s]Loading:  26%|██▌       | 242277/941724 [01:11<03:16, 3552.85it/s]Loading:  26%|██▌       | 242633/941724 [01:11<03:16, 3554.47it/s]Loading:  26%|██▌       | 242991/941724 [01:11<03:16, 3560.06it/s]Loading:  26%|██▌       | 243349/941724 [01:11<03:15, 3563.51it/s]Loading:  26%|██▌       | 243707/941724 [01:11<03:15, 3566.83it/s]Loading:  26%|██▌       | 244064/941724 [01:12<03:16, 3550.26it/s]Loading:  26%|██▌       | 244420/941724 [01:12<03:16, 3552.13it/s]Loading:  26%|██▌       | 244776/941724 [01:12<03:16, 3542.98it/s]Loading:  26%|██▌       | 245136/941724 [01:12<03:15, 3558.22it/s]Loading:  26%|██▌       | 245492/941724 [01:12<03:16, 3547.29it/s]Loading:  26%|██▌       | 245849/941724 [01:12<03:15, 3552.01it/s]Loading:  26%|██▌       | 246205/941724 [01:12<03:15, 3550.20it/s]Loading:  26%|██▌       | 246562/941724 [01:12<03:15, 3554.40it/s]Loading:  26%|██▌       | 246918/941724 [01:12<03:15, 3550.82it/s]Loading:  26%|██▋       | 247274/941724 [01:12<03:15, 3549.07it/s]Loading:  26%|██▋       | 247630/941724 [01:13<03:15, 3550.80it/s]Loading:  26%|██▋       | 247986/941724 [01:13<03:15, 3548.97it/s]Loading:  26%|██▋       | 248344/941724 [01:13<03:14, 3556.24it/s]Loading:  26%|██▋       | 248700/941724 [01:13<03:14, 3555.80it/s]Loading:  26%|██▋       | 249056/941724 [01:13<03:14, 3555.44it/s]Loading:  26%|██▋       | 249412/941724 [01:13<03:14, 3552.84it/s]Loading:  27%|██▋       | 249768/941724 [01:13<03:14, 3549.23it/s]Loading:  27%|██▋       | 250124/941724 [01:13<03:14, 3551.54it/s]Loading:  27%|██▋       | 250482/941724 [01:13<03:14, 3557.25it/s]Loading:  27%|██▋       | 250838/941724 [01:13<03:14, 3551.75it/s]Loading:  27%|██▋       | 251194/941724 [01:14<03:14, 3547.55it/s]Loading:  27%|██▋       | 251549/941724 [01:14<03:14, 3541.86it/s]Loading:  27%|██▋       | 251908/941724 [01:14<03:14, 3554.46it/s]Loading:  27%|██▋       | 252264/941724 [01:14<03:14, 3553.83it/s]Loading:  27%|██▋       | 252621/941724 [01:14<03:13, 3555.86it/s]Loading:  27%|██▋       | 252977/941724 [01:14<03:14, 3549.38it/s]Loading:  27%|██▋       | 253332/941724 [01:14<03:14, 3547.45it/s]Loading:  27%|██▋       | 253689/941724 [01:14<03:13, 3552.21it/s]Loading:  27%|██▋       | 254046/941724 [01:14<03:13, 3556.64it/s]Loading:  27%|██▋       | 254402/941724 [01:14<03:13, 3554.88it/s]Loading:  27%|██▋       | 254758/941724 [01:15<03:13, 3546.13it/s]Loading:  27%|██▋       | 255113/941724 [01:15<03:13, 3544.99it/s]Loading:  27%|██▋       | 255471/941724 [01:15<03:13, 3552.65it/s]Loading:  27%|██▋       | 255827/941724 [01:15<03:13, 3546.92it/s]Loading:  27%|██▋       | 256182/941724 [01:16<11:28, 995.43it/s] Loading:  27%|██▋       | 256461/941724 [01:16<09:37, 1187.23it/s]Loading:  27%|██▋       | 256768/941724 [01:16<07:56, 1436.60it/s]Loading:  27%|██▋       | 257087/941724 [01:16<06:39, 1714.93it/s]Loading:  27%|██▋       | 257407/941724 [01:16<05:43, 1989.42it/s]Loading:  27%|██▋       | 257724/941724 [01:16<05:05, 2236.38it/s]Loading:  27%|██▋       | 258045/941724 [01:16<04:38, 2458.63it/s]Loading:  27%|██▋       | 258364/941724 [01:17<04:18, 2638.97it/s]Loading:  27%|██▋       | 258682/941724 [01:17<04:05, 2779.41it/s]Loading:  28%|██▊       | 259002/941724 [01:17<03:56, 2892.78it/s]Loading:  28%|██▊       | 259321/941724 [01:17<03:49, 2975.42it/s]Loading:  28%|██▊       | 259643/941724 [01:17<03:44, 3042.86it/s]Loading:  28%|██▊       | 259962/941724 [01:17<03:41, 3084.67it/s]Loading:  28%|██▊       | 260284/941724 [01:17<03:38, 3122.86it/s]Loading:  28%|██▊       | 260605/941724 [01:17<03:36, 3147.23it/s]Loading:  28%|██▊       | 260928/941724 [01:17<03:34, 3170.44it/s]Loading:  28%|██▊       | 261249/941724 [01:17<03:34, 3177.59it/s]Loading:  28%|██▊       | 261579/941724 [01:18<03:31, 3211.84it/s]Loading:  28%|██▊       | 261937/941724 [01:18<03:24, 3319.26it/s]Loading:  28%|██▊       | 262301/941724 [01:18<03:18, 3414.30it/s]Loading:  28%|██▊       | 262662/941724 [01:18<03:15, 3471.44it/s]Loading:  28%|██▊       | 263026/941724 [01:18<03:12, 3519.82it/s]Loading:  28%|██▊       | 263388/941724 [01:18<03:11, 3548.55it/s]Loading:  28%|██▊       | 263751/941724 [01:18<03:09, 3571.54it/s]Loading:  28%|██▊       | 264113/941724 [01:18<03:09, 3582.94it/s]Loading:  28%|██▊       | 264475/941724 [01:18<03:08, 3593.23it/s]Loading:  28%|██▊       | 264839/941724 [01:18<03:07, 3606.04it/s]Loading:  28%|██▊       | 265200/941724 [01:19<03:07, 3601.56it/s]Loading:  28%|██▊       | 265563/941724 [01:19<03:07, 3608.47it/s]Loading:  28%|██▊       | 265927/941724 [01:19<03:06, 3616.01it/s]Loading:  28%|██▊       | 266290/941724 [01:19<03:06, 3619.06it/s]Loading:  28%|██▊       | 266656/941724 [01:19<03:05, 3629.71it/s]Loading:  28%|██▊       | 267019/941724 [01:19<03:05, 3628.06it/s]Loading:  28%|██▊       | 267383/941724 [01:19<03:05, 3630.10it/s]Loading:  28%|██▊       | 267747/941724 [01:19<03:06, 3623.44it/s]Loading:  28%|██▊       | 268111/941724 [01:19<03:05, 3627.97it/s]Loading:  29%|██▊       | 268474/941724 [01:19<03:05, 3625.52it/s]Loading:  29%|██▊       | 268837/941724 [01:20<03:07, 3583.42it/s]Loading:  29%|██▊       | 269199/941724 [01:20<03:07, 3592.83it/s]Loading:  29%|██▊       | 269559/941724 [01:20<03:07, 3586.75it/s]Loading:  29%|██▊       | 269924/941724 [01:20<03:06, 3604.67it/s]Loading:  29%|██▊       | 270285/941724 [01:20<03:06, 3591.57it/s]Loading:  29%|██▊       | 270649/941724 [01:20<03:06, 3605.60it/s]Loading:  29%|██▉       | 271012/941724 [01:20<03:05, 3611.06it/s]Loading:  29%|██▉       | 271374/941724 [01:20<03:05, 3610.06it/s]Loading:  29%|██▉       | 271737/941724 [01:20<03:05, 3615.43it/s]Loading:  29%|██▉       | 272099/941724 [01:20<03:05, 3611.86it/s]Loading:  29%|██▉       | 272461/941724 [01:21<03:05, 3607.67it/s]Loading:  29%|██▉       | 272827/941724 [01:21<03:04, 3620.90it/s]Loading:  29%|██▉       | 273190/941724 [01:21<03:05, 3612.34it/s]Loading:  29%|██▉       | 273554/941724 [01:21<03:04, 3620.52it/s]Loading:  29%|██▉       | 273917/941724 [01:21<03:04, 3611.61it/s]Loading:  29%|██▉       | 274284/941724 [01:21<03:04, 3627.00it/s]Loading:  29%|██▉       | 274648/941724 [01:21<03:03, 3629.99it/s]Loading:  29%|██▉       | 275012/941724 [01:21<03:03, 3624.01it/s]Loading:  29%|██▉       | 275375/941724 [01:21<03:03, 3623.49it/s]Loading:  29%|██▉       | 275738/941724 [01:21<03:03, 3622.02it/s]Loading:  29%|██▉       | 276101/941724 [01:22<03:04, 3609.87it/s]Loading:  29%|██▉       | 276467/941724 [01:22<03:03, 3623.42it/s]Loading:  29%|██▉       | 276830/941724 [01:22<03:03, 3621.54it/s]Loading:  29%|██▉       | 277194/941724 [01:22<03:03, 3624.58it/s]Loading:  29%|██▉       | 277557/941724 [01:22<03:03, 3621.42it/s]Loading:  30%|██▉       | 277921/941724 [01:22<03:03, 3624.12it/s]Loading:  30%|██▉       | 278285/941724 [01:22<03:02, 3628.17it/s]Loading:  30%|██▉       | 278648/941724 [01:22<03:03, 3620.97it/s]Loading:  30%|██▉       | 279011/941724 [01:22<03:03, 3606.61it/s]Loading:  30%|██▉       | 279372/941724 [01:22<03:03, 3606.45it/s]Loading:  30%|██▉       | 279733/941724 [01:23<03:03, 3603.77it/s]Loading:  30%|██▉       | 280096/941724 [01:23<03:03, 3609.05it/s]Loading:  30%|██▉       | 280461/941724 [01:23<03:02, 3620.00it/s]Loading:  30%|██▉       | 280826/941724 [01:23<03:02, 3626.74it/s]Loading:  30%|██▉       | 281189/941724 [01:23<03:02, 3625.54it/s]Loading:  30%|██▉       | 281552/941724 [01:23<03:02, 3621.85it/s]Loading:  30%|██▉       | 281915/941724 [01:23<03:02, 3619.79it/s]Loading:  30%|██▉       | 282277/941724 [01:23<03:02, 3616.63it/s]Loading:  30%|███       | 282639/941724 [01:23<03:02, 3617.62it/s]Loading:  30%|███       | 283001/941724 [01:23<03:03, 3595.79it/s]Loading:  30%|███       | 283361/941724 [01:24<03:03, 3590.80it/s]Loading:  30%|███       | 283724/941724 [01:24<03:02, 3601.11it/s]Loading:  30%|███       | 284091/941724 [01:24<03:01, 3619.32it/s]Loading:  30%|███       | 284453/941724 [01:24<03:01, 3614.75it/s]Loading:  30%|███       | 284819/941724 [01:24<03:01, 3626.42it/s]Loading:  30%|███       | 285182/941724 [01:24<03:01, 3619.30it/s]Loading:  30%|███       | 285545/941724 [01:24<03:01, 3620.60it/s]Loading:  30%|███       | 285908/941724 [01:24<03:01, 3619.48it/s]Loading:  30%|███       | 286270/941724 [01:24<03:01, 3615.63it/s]Loading:  30%|███       | 286635/941724 [01:24<03:00, 3624.00it/s]Loading:  30%|███       | 286998/941724 [01:25<03:01, 3607.73it/s]Loading:  31%|███       | 287363/941724 [01:25<03:00, 3617.15it/s]Loading:  31%|███       | 287726/941724 [01:25<03:00, 3619.50it/s]Loading:  31%|███       | 288089/941724 [01:25<03:00, 3621.46it/s]Loading:  31%|███       | 288452/941724 [01:25<03:00, 3617.07it/s]Loading:  31%|███       | 288816/941724 [01:25<03:00, 3622.27it/s]Loading:  31%|███       | 289179/941724 [01:25<03:00, 3623.99it/s]Loading:  31%|███       | 289544/941724 [01:25<02:59, 3629.42it/s]Loading:  31%|███       | 289907/941724 [01:25<02:59, 3626.12it/s]Loading:  31%|███       | 290272/941724 [01:25<02:59, 3631.61it/s]Loading:  31%|███       | 290636/941724 [01:26<02:59, 3618.13it/s]Loading:  31%|███       | 291003/941724 [01:26<02:59, 3632.35it/s]Loading:  31%|███       | 291367/941724 [01:26<02:59, 3631.30it/s]Loading:  31%|███       | 291732/941724 [01:26<02:58, 3636.16it/s]Loading:  31%|███       | 292096/941724 [01:26<02:59, 3626.86it/s]Loading:  31%|███       | 292460/941724 [01:26<02:58, 3628.38it/s]Loading:  31%|███       | 292823/941724 [01:26<02:59, 3621.55it/s]Loading:  31%|███       | 293186/941724 [01:26<02:58, 3623.56it/s]Loading:  31%|███       | 293549/941724 [01:26<02:58, 3622.48it/s]Loading:  31%|███       | 293912/941724 [01:26<02:58, 3624.45it/s]Loading:  31%|███       | 294275/941724 [01:27<02:59, 3615.26it/s]Loading:  31%|███▏      | 294637/941724 [01:27<02:59, 3607.29it/s]Loading:  31%|███▏      | 295002/941724 [01:27<02:58, 3617.81it/s]Loading:  31%|███▏      | 295366/941724 [01:27<02:58, 3622.43it/s]Loading:  31%|███▏      | 295729/941724 [01:27<02:58, 3624.16it/s]Loading:  31%|███▏      | 296092/941724 [01:27<02:58, 3625.27it/s]Loading:  31%|███▏      | 296456/941724 [01:27<02:57, 3626.90it/s]Loading:  32%|███▏      | 296819/941724 [01:27<02:58, 3616.04it/s]Loading:  32%|███▏      | 297183/941724 [01:27<02:58, 3620.63it/s]Loading:  32%|███▏      | 297546/941724 [01:27<02:59, 3596.16it/s]Loading:  32%|███▏      | 297906/941724 [01:28<02:58, 3596.99it/s]Loading:  32%|███▏      | 298268/941724 [01:28<02:58, 3601.19it/s]Loading:  32%|███▏      | 298634/941724 [01:28<02:57, 3616.86it/s]Loading:  32%|███▏      | 298996/941724 [01:28<02:58, 3607.84it/s]Loading:  32%|███▏      | 299357/941724 [01:28<02:58, 3604.48it/s]Loading:  32%|███▏      | 299719/941724 [01:28<02:57, 3608.16it/s]Loading:  32%|███▏      | 300080/941724 [01:28<02:58, 3596.33it/s]Loading:  32%|███▏      | 300443/941724 [01:28<02:57, 3605.25it/s]Loading:  32%|███▏      | 300804/941724 [01:28<02:58, 3599.95it/s]Loading:  32%|███▏      | 301165/941724 [01:28<02:58, 3579.92it/s]Loading:  32%|███▏      | 301530/941724 [01:29<02:57, 3598.34it/s]Loading:  32%|███▏      | 301890/941724 [01:29<02:58, 3576.02it/s]Loading:  32%|███▏      | 302253/941724 [01:29<02:58, 3589.98it/s]Loading:  32%|███▏      | 302613/941724 [01:29<02:58, 3589.19it/s]Loading:  32%|███▏      | 302973/941724 [01:29<02:57, 3592.18it/s]Loading:  32%|███▏      | 303335/941724 [01:29<02:57, 3599.51it/s]Loading:  32%|███▏      | 303697/941724 [01:29<02:56, 3605.45it/s]Loading:  32%|███▏      | 304058/941724 [01:30<11:00, 965.42it/s] Loading:  32%|███▏      | 304419/941724 [01:30<08:35, 1237.03it/s]Loading:  32%|███▏      | 304782/941724 [01:30<06:52, 1543.25it/s]Loading:  32%|███▏      | 305136/941724 [01:31<05:43, 1851.53it/s]Loading:  32%|███▏      | 305487/941724 [01:31<04:55, 2151.06it/s]Loading:  32%|███▏      | 305846/941724 [01:31<04:20, 2445.63it/s]Loading:  33%|███▎      | 306209/941724 [01:31<03:54, 2713.24it/s]Loading:  33%|███▎      | 306571/941724 [01:31<03:36, 2934.50it/s]Loading:  33%|███▎      | 306934/941724 [01:31<03:23, 3113.75it/s]Loading:  33%|███▎      | 307300/941724 [01:31<03:14, 3258.61it/s]Loading:  33%|███▎      | 307665/941724 [01:31<03:08, 3367.35it/s]Loading:  33%|███▎      | 308029/941724 [01:31<03:04, 3443.24it/s]Loading:  33%|███▎      | 308394/941724 [01:31<03:00, 3501.24it/s]Loading:  33%|███▎      | 308757/941724 [01:32<03:00, 3505.53it/s]Loading:  33%|███▎      | 309123/941724 [01:32<02:58, 3550.43it/s]Loading:  33%|███▎      | 309484/941724 [01:32<02:58, 3551.82it/s]Loading:  33%|███▎      | 309852/941724 [01:32<02:56, 3587.13it/s]Loading:  33%|███▎      | 310214/941724 [01:32<02:56, 3582.45it/s]Loading:  33%|███▎      | 310580/941724 [01:32<02:55, 3602.99it/s]Loading:  33%|███▎      | 310942/941724 [01:32<02:54, 3604.83it/s]Loading:  33%|███▎      | 311306/941724 [01:32<02:54, 3613.93it/s]Loading:  33%|███▎      | 311669/941724 [01:32<02:54, 3611.26it/s]Loading:  33%|███▎      | 312032/941724 [01:32<02:54, 3616.75it/s]Loading:  33%|███▎      | 312395/941724 [01:33<02:54, 3599.40it/s]Loading:  33%|███▎      | 312756/941724 [01:33<02:54, 3597.18it/s]Loading:  33%|███▎      | 313118/941724 [01:33<02:54, 3602.30it/s]Loading:  33%|███▎      | 313481/941724 [01:33<02:54, 3608.32it/s]Loading:  33%|███▎      | 313847/941724 [01:33<02:53, 3621.98it/s]Loading:  33%|███▎      | 314210/941724 [01:33<02:53, 3623.84it/s]Loading:  33%|███▎      | 314575/941724 [01:33<02:52, 3630.74it/s]Loading:  33%|███▎      | 314939/941724 [01:33<02:53, 3622.58it/s]Loading:  33%|███▎      | 315303/941724 [01:33<02:52, 3626.75it/s]Loading:  34%|███▎      | 315666/941724 [01:33<02:53, 3617.17it/s]Loading:  34%|███▎      | 316028/941724 [01:34<02:54, 3595.27it/s]Loading:  34%|███▎      | 316388/941724 [01:34<02:54, 3577.47it/s]Loading:  34%|███▎      | 316749/941724 [01:34<02:54, 3584.56it/s]Loading:  34%|███▎      | 317112/941724 [01:34<02:53, 3595.49it/s]Loading:  34%|███▎      | 317477/941724 [01:34<02:52, 3611.35it/s]Loading:  34%|███▍      | 317839/941724 [01:34<02:52, 3611.88it/s]Loading:  34%|███▍      | 318204/941724 [01:34<02:52, 3620.72it/s]Loading:  34%|███▍      | 318569/941724 [01:34<02:51, 3626.95it/s]Loading:  34%|███▍      | 318934/941724 [01:34<02:51, 3632.72it/s]Loading:  34%|███▍      | 319298/941724 [01:34<02:51, 3632.47it/s]Loading:  34%|███▍      | 319662/941724 [01:35<02:52, 3614.19it/s]Loading:  34%|███▍      | 320024/941724 [01:35<02:51, 3615.08it/s]Loading:  34%|███▍      | 320391/941724 [01:35<02:51, 3628.77it/s]Loading:  34%|███▍      | 320754/941724 [01:35<02:51, 3615.97it/s]Loading:  34%|███▍      | 321117/941724 [01:35<02:51, 3618.52it/s]Loading:  34%|███▍      | 321481/941724 [01:35<02:51, 3623.08it/s]Loading:  34%|███▍      | 321845/941724 [01:35<02:50, 3625.48it/s]Loading:  34%|███▍      | 322212/941724 [01:35<02:50, 3637.65it/s]Loading:  34%|███▍      | 322576/941724 [01:35<02:51, 3603.58it/s]Loading:  34%|███▍      | 322942/941724 [01:35<02:50, 3619.34it/s]Loading:  34%|███▍      | 323304/941724 [01:36<02:52, 3587.97it/s]Loading:  34%|███▍      | 323668/941724 [01:36<02:51, 3600.63it/s]Loading:  34%|███▍      | 324029/941724 [01:36<02:51, 3600.29it/s]Loading:  34%|███▍      | 324394/941724 [01:36<02:50, 3612.95it/s]Loading:  34%|███▍      | 324756/941724 [01:36<02:50, 3614.71it/s]Loading:  35%|███▍      | 325120/941724 [01:36<02:50, 3620.24it/s]Loading:  35%|███▍      | 325483/941724 [01:36<02:50, 3617.52it/s]Loading:  35%|███▍      | 325845/941724 [01:36<02:50, 3608.72it/s]Loading:  35%|███▍      | 326209/941724 [01:36<02:50, 3615.46it/s]Loading:  35%|███▍      | 326576/941724 [01:36<02:49, 3629.84it/s]Loading:  35%|███▍      | 326939/941724 [01:37<02:50, 3608.52it/s]Loading:  35%|███▍      | 327300/941724 [01:37<02:51, 3584.38it/s]Loading:  35%|███▍      | 327659/941724 [01:37<02:51, 3570.61it/s]Loading:  35%|███▍      | 328021/941724 [01:37<02:51, 3582.93it/s]Loading:  35%|███▍      | 328383/941724 [01:37<02:50, 3591.54it/s]Loading:  35%|███▍      | 328746/941724 [01:37<02:50, 3597.81it/s]Loading:  35%|███▍      | 329112/941724 [01:37<02:49, 3614.90it/s]Loading:  35%|███▍      | 329474/941724 [01:37<02:49, 3614.89it/s]Loading:  35%|███▌      | 329841/941724 [01:37<02:48, 3628.52it/s]Loading:  35%|███▌      | 330204/941724 [01:37<02:49, 3614.17it/s]Loading:  35%|███▌      | 330566/941724 [01:38<02:49, 3597.53it/s]Loading:  35%|███▌      | 330926/941724 [01:38<02:51, 3570.59it/s]Loading:  35%|███▌      | 331292/941724 [01:38<02:49, 3594.72it/s]Loading:  35%|███▌      | 331652/941724 [01:38<02:49, 3588.71it/s]Loading:  35%|███▌      | 332011/941724 [01:38<02:50, 3584.43it/s]Loading:  35%|███▌      | 332375/941724 [01:38<02:49, 3598.69it/s]Loading:  35%|███▌      | 332739/941724 [01:38<02:48, 3609.46it/s]Loading:  35%|███▌      | 333102/941724 [01:38<02:48, 3613.80it/s]Loading:  35%|███▌      | 333467/941724 [01:38<02:47, 3623.14it/s]Loading:  35%|███▌      | 333830/941724 [01:38<02:47, 3621.34it/s]Loading:  35%|███▌      | 334193/941724 [01:39<02:48, 3613.05it/s]Loading:  36%|███▌      | 334555/941724 [01:39<02:48, 3613.14it/s]Loading:  36%|███▌      | 334918/941724 [01:39<02:47, 3617.49it/s]Loading:  36%|███▌      | 335280/941724 [01:39<02:48, 3600.04it/s]Loading:  36%|███▌      | 335643/941724 [01:39<02:47, 3608.67it/s]Loading:  36%|███▌      | 336004/941724 [01:39<02:47, 3607.90it/s]Loading:  36%|███▌      | 336366/941724 [01:39<02:47, 3610.95it/s]Loading:  36%|███▌      | 336729/941724 [01:39<02:47, 3615.38it/s]Loading:  36%|███▌      | 337092/941724 [01:39<02:47, 3618.91it/s]Loading:  36%|███▌      | 337455/941724 [01:39<02:46, 3620.57it/s]Loading:  36%|███▌      | 337818/941724 [01:40<02:47, 3603.40it/s]Loading:  36%|███▌      | 338180/941724 [01:40<02:47, 3606.33it/s]Loading:  36%|███▌      | 338541/941724 [01:40<02:47, 3601.35it/s]Loading:  36%|███▌      | 338904/941724 [01:40<02:47, 3608.41it/s]Loading:  36%|███▌      | 339265/941724 [01:40<02:47, 3603.79it/s]Loading:  36%|███▌      | 339630/941724 [01:40<02:46, 3615.39it/s]Loading:  36%|███▌      | 339992/941724 [01:40<02:46, 3608.65it/s]Loading:  36%|███▌      | 340354/941724 [01:40<02:46, 3609.74it/s]Loading:  36%|███▌      | 340718/941724 [01:40<02:46, 3616.95it/s]Loading:  36%|███▌      | 341080/941724 [01:40<02:46, 3602.30it/s]Loading:  36%|███▋      | 341441/941724 [01:41<02:47, 3592.34it/s]Loading:  36%|███▋      | 341802/941724 [01:41<02:46, 3597.21it/s]Loading:  36%|███▋      | 342163/941724 [01:41<02:46, 3600.89it/s]Loading:  36%|███▋      | 342527/941724 [01:41<02:45, 3611.17it/s]Loading:  36%|███▋      | 342889/941724 [01:41<02:45, 3611.06it/s]Loading:  36%|███▋      | 343251/941724 [01:41<02:45, 3610.66it/s]Loading:  36%|███▋      | 343614/941724 [01:41<02:45, 3613.55it/s]Loading:  37%|███▋      | 343978/941724 [01:41<02:45, 3619.30it/s]Loading:  37%|███▋      | 344342/941724 [01:41<02:44, 3623.80it/s]Loading:  37%|███▋      | 344707/941724 [01:41<02:44, 3629.45it/s]Loading:  37%|███▋      | 345070/941724 [01:42<02:45, 3609.88it/s]Loading:  37%|███▋      | 345432/941724 [01:42<02:45, 3601.25it/s]Loading:  37%|███▋      | 345793/941724 [01:42<02:45, 3594.09it/s]Loading:  37%|███▋      | 346155/941724 [01:42<02:45, 3599.89it/s]Loading:  37%|███▋      | 346516/941724 [01:42<02:45, 3601.84it/s]Loading:  37%|███▋      | 346880/941724 [01:42<02:44, 3611.80it/s]Loading:  37%|███▋      | 347244/941724 [01:42<02:44, 3618.47it/s]Loading:  37%|███▋      | 347606/941724 [01:42<02:44, 3611.55it/s]Loading:  37%|███▋      | 347969/941724 [01:42<02:44, 3616.41it/s]Loading:  37%|███▋      | 348331/941724 [01:42<02:44, 3612.47it/s]Loading:  37%|███▋      | 348695/941724 [01:43<02:43, 3618.85it/s]Loading:  37%|███▋      | 349057/941724 [01:43<02:43, 3616.51it/s]Loading:  37%|███▋      | 349419/941724 [01:43<04:47, 2062.10it/s]Loading:  37%|███▋      | 349717/941724 [01:43<04:24, 2240.70it/s]Loading:  37%|███▋      | 350034/941724 [01:43<04:02, 2442.87it/s]Loading:  37%|███▋      | 350357/941724 [01:43<03:44, 2628.35it/s]Loading:  37%|███▋      | 350708/941724 [01:43<03:27, 2851.38it/s]Loading:  37%|███▋      | 351064/941724 [01:44<03:14, 3038.57it/s]Loading:  37%|███▋      | 351427/941724 [01:44<03:04, 3199.35it/s]Loading:  37%|███▋      | 351784/941724 [01:44<02:58, 3303.75it/s]Loading:  37%|███▋      | 352146/941724 [01:44<02:53, 3392.54it/s]Loading:  37%|███▋      | 352506/941724 [01:44<02:50, 3451.97it/s]Loading:  37%|███▋      | 352868/941724 [01:44<02:48, 3499.73it/s]Loading:  38%|███▊      | 353230/941724 [01:44<02:46, 3533.06it/s]Loading:  38%|███▊      | 353592/941724 [01:44<02:45, 3557.39it/s]Loading:  38%|███▊      | 353953/941724 [01:44<02:44, 3571.94it/s]Loading:  38%|███▊      | 354314/941724 [01:44<02:44, 3581.72it/s]Loading:  38%|███▊      | 354674/941724 [01:45<02:44, 3564.94it/s]Loading:  38%|███▊      | 355032/941724 [01:45<02:44, 3567.62it/s]Loading:  38%|███▊      | 355390/941724 [01:45<02:44, 3562.29it/s]Loading:  38%|███▊      | 355753/941724 [01:45<02:43, 3579.55it/s]Loading:  38%|███▊      | 356112/941724 [01:45<02:43, 3581.27it/s]Loading:  38%|███▊      | 356476/941724 [01:45<02:42, 3596.14it/s]Loading:  38%|███▊      | 356836/941724 [01:45<02:43, 3581.95it/s]Loading:  38%|███▊      | 357195/941724 [01:46<05:01, 1938.10it/s]Loading:  38%|███▊      | 357511/941724 [01:46<04:29, 2166.31it/s]Loading:  38%|███▊      | 357862/941724 [01:46<03:58, 2448.35it/s]Loading:  38%|███▊      | 358222/941724 [01:46<03:34, 2714.30it/s]Loading:  38%|███▊      | 358584/941724 [01:46<03:18, 2939.15it/s]Loading:  38%|███▊      | 358945/941724 [01:46<03:07, 3113.87it/s]Loading:  38%|███▊      | 359308/941724 [01:46<02:58, 3253.94it/s]Loading:  38%|███▊      | 359668/941724 [01:46<02:53, 3350.36it/s]Loading:  38%|███▊      | 360021/941724 [01:47<12:17, 789.16it/s] Loading:  38%|███▊      | 360372/941724 [01:48<09:27, 1024.48it/s]Loading:  38%|███▊      | 360735/941724 [01:48<07:23, 1311.02it/s]Loading:  38%|███▊      | 361096/941724 [01:48<05:57, 1622.66it/s]Loading:  38%|███▊      | 361457/941724 [01:48<04:58, 1945.18it/s]Loading:  38%|███▊      | 361810/941724 [01:48<04:18, 2242.76it/s]Loading:  38%|███▊      | 362170/941724 [01:48<03:49, 2530.12it/s]Loading:  38%|███▊      | 362534/941724 [01:48<03:27, 2786.42it/s]Loading:  39%|███▊      | 362898/941724 [01:48<03:13, 2997.88it/s]Loading:  39%|███▊      | 363262/941724 [01:48<03:02, 3165.04it/s]Loading:  39%|███▊      | 363620/941724 [01:48<02:58, 3241.78it/s]Loading:  39%|███▊      | 363978/941724 [01:49<02:53, 3334.71it/s]Loading:  39%|███▊      | 364340/941724 [01:49<02:49, 3414.29it/s]Loading:  39%|███▊      | 364702/941724 [01:49<02:46, 3473.45it/s]Loading:  39%|███▉      | 365061/941724 [01:49<02:47, 3446.03it/s]Loading:  39%|███▉      | 365414/941724 [01:49<02:47, 3433.44it/s]Loading:  39%|███▉      | 365771/941724 [01:49<02:45, 3470.40it/s]Loading:  39%|███▉      | 366135/941724 [01:49<02:43, 3518.45it/s]Loading:  39%|███▉      | 366496/941724 [01:49<02:42, 3543.49it/s]Loading:  39%|███▉      | 366860/941724 [01:49<02:41, 3569.84it/s]Loading:  39%|███▉      | 367219/941724 [01:50<02:43, 3505.23it/s]Loading:  39%|███▉      | 367575/941724 [01:50<02:43, 3520.34it/s]Loading:  39%|███▉      | 367934/941724 [01:50<02:42, 3540.60it/s]Loading:  39%|███▉      | 368296/941724 [01:50<02:40, 3563.98it/s]Loading:  39%|███▉      | 368653/941724 [01:50<02:41, 3542.89it/s]Loading:  39%|███▉      | 369008/941724 [01:50<02:43, 3502.07it/s]Loading:  39%|███▉      | 369370/941724 [01:50<02:41, 3533.63it/s]Loading:  39%|███▉      | 369732/941724 [01:50<02:40, 3558.29it/s]Loading:  39%|███▉      | 370089/941724 [01:50<02:42, 3520.52it/s]Loading:  39%|███▉      | 370442/941724 [01:50<02:45, 3450.38it/s]Loading:  39%|███▉      | 370788/941724 [01:51<02:47, 3404.85it/s]Loading:  39%|███▉      | 371129/941724 [01:51<02:48, 3384.91it/s]Loading:  39%|███▉      | 371488/941724 [01:51<02:45, 3442.60it/s]Loading:  39%|███▉      | 371833/941724 [01:51<02:48, 3372.78it/s]Loading:  40%|███▉      | 372171/941724 [01:51<02:49, 3359.98it/s]Loading:  40%|███▉      | 372519/941724 [01:51<02:47, 3393.66it/s]Loading:  40%|███▉      | 372881/941724 [01:51<02:44, 3459.87it/s]Loading:  40%|███▉      | 373244/941724 [01:51<02:42, 3508.33it/s]Loading:  40%|███▉      | 373605/941724 [01:51<02:40, 3536.72it/s]Loading:  40%|███▉      | 373970/941724 [01:51<02:39, 3569.43it/s]Loading:  40%|███▉      | 374328/941724 [01:52<02:39, 3566.73it/s]Loading:  40%|███▉      | 374691/941724 [01:52<02:38, 3584.38it/s]Loading:  40%|███▉      | 375050/941724 [01:52<02:40, 3525.58it/s]Loading:  40%|███▉      | 375403/941724 [01:52<02:42, 3486.55it/s]Loading:  40%|███▉      | 375765/941724 [01:52<02:40, 3524.29it/s]Loading:  40%|███▉      | 376118/941724 [01:52<02:40, 3519.08it/s]Loading:  40%|███▉      | 376483/941724 [01:52<02:38, 3556.71it/s]Loading:  40%|████      | 376844/941724 [01:52<02:38, 3571.27it/s]Loading:  40%|████      | 377202/941724 [01:52<02:38, 3560.10it/s]Loading:  40%|████      | 377563/941724 [01:52<02:37, 3572.47it/s]Loading:  40%|████      | 377921/941724 [01:53<02:38, 3562.52it/s]Loading:  40%|████      | 378280/941724 [01:53<02:37, 3569.84it/s]Loading:  40%|████      | 378642/941724 [01:53<02:37, 3584.15it/s]Loading:  40%|████      | 379004/941724 [01:53<02:36, 3593.65it/s]Loading:  40%|████      | 379364/941724 [01:53<02:36, 3590.64it/s]Loading:  40%|████      | 379727/941724 [01:53<02:36, 3601.64it/s]Loading:  40%|████      | 380091/941724 [01:53<02:35, 3611.35it/s]Loading:  40%|████      | 380453/941724 [01:53<02:35, 3610.27it/s]Loading:  40%|████      | 380819/941724 [01:53<02:34, 3623.21it/s]Loading:  40%|████      | 381182/941724 [01:53<02:34, 3619.62it/s]Loading:  41%|████      | 381544/941724 [01:54<02:35, 3611.99it/s]Loading:  41%|████      | 381910/941724 [01:54<02:34, 3625.93it/s]Loading:  41%|████      | 382273/941724 [01:54<02:34, 3620.40it/s]Loading:  41%|████      | 382636/941724 [01:54<02:35, 3603.52it/s]Loading:  41%|████      | 382997/941724 [01:54<02:35, 3597.28it/s]Loading:  41%|████      | 383357/941724 [01:54<02:35, 3584.47it/s]Loading:  41%|████      | 383718/941724 [01:54<02:35, 3590.98it/s]Loading:  41%|████      | 384078/941724 [01:54<02:35, 3587.33it/s]Loading:  41%|████      | 384437/941724 [01:54<02:35, 3587.61it/s]Loading:  41%|████      | 384797/941724 [01:54<02:35, 3589.15it/s]Loading:  41%|████      | 385156/941724 [01:55<02:36, 3561.93it/s]Loading:  41%|████      | 385517/941724 [01:55<02:35, 3574.12it/s]Loading:  41%|████      | 385875/941724 [01:55<02:35, 3574.66it/s]Loading:  41%|████      | 386236/941724 [01:55<02:34, 3584.64it/s]Loading:  41%|████      | 386595/941724 [01:55<02:35, 3575.41it/s]Loading:  41%|████      | 386956/941724 [01:55<02:34, 3585.17it/s]Loading:  41%|████      | 387316/941724 [01:55<02:34, 3587.20it/s]Loading:  41%|████      | 387675/941724 [01:55<02:34, 3586.17it/s]Loading:  41%|████      | 388034/941724 [01:55<02:34, 3580.31it/s]Loading:  41%|████      | 388393/941724 [01:55<02:34, 3582.56it/s]Loading:  41%|████▏     | 388752/941724 [01:56<02:34, 3576.05it/s]Loading:  41%|████▏     | 389114/941724 [01:56<02:33, 3588.53it/s]Loading:  41%|████▏     | 389473/941724 [01:56<02:34, 3573.43it/s]Loading:  41%|████▏     | 389833/941724 [01:56<02:34, 3580.83it/s]Loading:  41%|████▏     | 390192/941724 [01:56<02:35, 3555.21it/s]Loading:  41%|████▏     | 390554/941724 [01:56<02:34, 3571.16it/s]Loading:  42%|████▏     | 390912/941724 [01:57<11:12, 818.92it/s] Loading:  42%|████▏     | 391271/941724 [01:57<08:36, 1065.17it/s]Loading:  42%|████▏     | 391615/941724 [01:57<06:52, 1332.59it/s]Loading:  42%|████▏     | 391942/941724 [01:58<05:43, 1600.98it/s]Loading:  42%|████▏     | 392267/941724 [01:58<04:53, 1872.92it/s]Loading:  42%|████▏     | 392612/941724 [01:58<04:12, 2173.41it/s]Loading:  42%|████▏     | 392966/941724 [01:58<03:42, 2465.77it/s]Loading:  42%|████▏     | 393326/941724 [01:58<03:20, 2730.83it/s]Loading:  42%|████▏     | 393667/941724 [01:58<03:10, 2882.71it/s]Loading:  42%|████▏     | 394006/941724 [01:58<03:06, 2932.93it/s]Loading:  42%|████▏     | 394363/941724 [01:58<02:56, 3100.82it/s]Loading:  42%|████▏     | 394726/941724 [01:58<02:48, 3244.17it/s]Loading:  42%|████▏     | 395076/941724 [01:59<02:44, 3315.40it/s]Loading:  42%|████▏     | 395422/941724 [01:59<02:43, 3349.51it/s]Loading:  42%|████▏     | 395781/941724 [01:59<02:39, 3416.84it/s]Loading:  42%|████▏     | 396131/941724 [01:59<02:42, 3363.65it/s]Loading:  42%|████▏     | 396473/941724 [01:59<02:42, 3363.20it/s]Loading:  42%|████▏     | 396823/941724 [01:59<02:40, 3402.51it/s]Loading:  42%|████▏     | 397166/941724 [01:59<02:42, 3360.03it/s]Loading:  42%|████▏     | 397504/941724 [01:59<02:42, 3356.19it/s]Loading:  42%|████▏     | 397841/941724 [01:59<02:43, 3333.99it/s]Loading:  42%|████▏     | 398176/941724 [01:59<02:43, 3330.81it/s]Loading:  42%|████▏     | 398515/941724 [02:00<02:42, 3347.91it/s]Loading:  42%|████▏     | 398876/941724 [02:00<02:38, 3423.13it/s]Loading:  42%|████▏     | 399233/941724 [02:00<02:36, 3466.38it/s]Loading:  42%|████▏     | 399580/941724 [02:00<02:36, 3454.80it/s]Loading:  42%|████▏     | 399941/941724 [02:00<02:34, 3501.02it/s]Loading:  43%|████▎     | 400303/941724 [02:00<02:33, 3534.50it/s]Loading:  43%|████▎     | 400665/941724 [02:00<02:32, 3557.51it/s]Loading:  43%|████▎     | 401021/941724 [02:00<02:32, 3543.61it/s]Loading:  43%|████▎     | 401376/941724 [02:00<02:35, 3478.46it/s]Loading:  43%|████▎     | 401725/941724 [02:00<02:41, 3348.46it/s]Loading:  43%|████▎     | 402080/941724 [02:01<02:38, 3405.80it/s]Loading:  43%|████▎     | 402422/941724 [02:01<02:39, 3385.15it/s]Loading:  43%|████▎     | 402762/941724 [02:01<02:39, 3385.89it/s]Loading:  43%|████▎     | 403102/941724 [02:01<02:39, 3374.05it/s]Loading:  43%|████▎     | 403460/941724 [02:01<02:36, 3433.83it/s]Loading:  43%|████▎     | 403821/941724 [02:01<02:34, 3485.52it/s]Loading:  43%|████▎     | 404180/941724 [02:01<02:32, 3515.79it/s]Loading:  43%|████▎     | 404540/941724 [02:01<02:31, 3538.84it/s]Loading:  43%|████▎     | 404903/941724 [02:01<02:30, 3565.24it/s]Loading:  43%|████▎     | 405266/941724 [02:01<02:29, 3583.34it/s]Loading:  43%|████▎     | 405625/941724 [02:02<02:30, 3561.28it/s]Loading:  43%|████▎     | 405986/941724 [02:02<02:29, 3573.98it/s]Loading:  43%|████▎     | 406347/941724 [02:02<02:29, 3583.12it/s]Loading:  43%|████▎     | 406706/941724 [02:02<02:29, 3576.76it/s]Loading:  43%|████▎     | 407064/941724 [02:02<02:29, 3577.27it/s]Loading:  43%|████▎     | 407422/941724 [02:02<02:29, 3573.02it/s]Loading:  43%|████▎     | 407780/941724 [02:02<02:29, 3570.40it/s]Loading:  43%|████▎     | 408138/941724 [02:02<02:29, 3558.42it/s]Loading:  43%|████▎     | 408494/941724 [02:02<02:36, 3406.82it/s]Loading:  43%|████▎     | 408849/941724 [02:02<02:34, 3447.11it/s]Loading:  43%|████▎     | 409204/941724 [02:03<02:33, 3477.01it/s]Loading:  43%|████▎     | 409566/941724 [02:03<02:31, 3517.13it/s]Loading:  44%|████▎     | 409928/941724 [02:03<02:29, 3547.23it/s]Loading:  44%|████▎     | 410291/941724 [02:03<02:28, 3571.17it/s]Loading:  44%|████▎     | 410654/941724 [02:03<02:28, 3585.73it/s]Loading:  44%|████▎     | 411019/941724 [02:03<02:27, 3604.76it/s]Loading:  44%|████▎     | 411381/941724 [02:03<02:26, 3607.91it/s]Loading:  44%|████▎     | 411742/941724 [02:03<02:27, 3603.67it/s]Loading:  44%|████▍     | 412107/941724 [02:03<02:26, 3615.35it/s]Loading:  44%|████▍     | 412469/941724 [02:03<02:26, 3608.75it/s]Loading:  44%|████▍     | 412830/941724 [02:04<02:27, 3597.44it/s]Loading:  44%|████▍     | 413190/941724 [02:04<02:27, 3591.88it/s]Loading:  44%|████▍     | 413552/941724 [02:04<02:26, 3597.94it/s]Loading:  44%|████▍     | 413912/941724 [02:04<02:26, 3593.22it/s]Loading:  44%|████▍     | 414272/941724 [02:04<02:28, 3555.81it/s]Loading:  44%|████▍     | 414633/941724 [02:04<02:27, 3570.53it/s]Loading:  44%|████▍     | 414992/941724 [02:04<02:27, 3575.17it/s]Loading:  44%|████▍     | 415350/941724 [02:04<02:27, 3567.42it/s]Loading:  44%|████▍     | 415711/941724 [02:04<02:26, 3579.10it/s]Loading:  44%|████▍     | 416069/941724 [02:04<02:26, 3576.76it/s]Loading:  44%|████▍     | 416427/941724 [02:05<02:27, 3569.48it/s]Loading:  44%|████▍     | 416784/941724 [02:05<02:28, 3542.44it/s]Loading:  44%|████▍     | 417139/941724 [02:05<02:28, 3541.90it/s]Loading:  44%|████▍     | 417494/941724 [02:06<09:52, 885.10it/s] Loading:  44%|████▍     | 417821/941724 [02:06<07:50, 1114.07it/s]Loading:  44%|████▍     | 418183/941724 [02:06<06:09, 1416.20it/s]Loading:  44%|████▍     | 418487/941724 [02:06<05:26, 1604.29it/s]Loading:  44%|████▍     | 418775/941724 [02:06<05:03, 1721.21it/s]Loading:  44%|████▍     | 419041/941724 [02:09<27:12, 320.19it/s] Loading:  45%|████▍     | 419230/941724 [02:10<26:35, 327.55it/s]Loading:  45%|████▍     | 419373/941724 [02:11<35:03, 248.28it/s]Loading:  45%|████▍     | 419373/941724 [02:22<35:03, 248.28it/s]Loading:  45%|████▍     | 419476/941724 [02:22<2:58:59, 48.63it/s]Loading:  45%|████▍     | 419477/941724 [02:22<3:03:09, 47.52it/s]Loading:  45%|████▍     | 419477/941724 [02:42<3:03:09, 47.52it/s]Loading:  45%|████▍     | 419540/941724 [02:42<10:05:42, 14.37it/ssrun: error: frontier06681: task 89: Killed
srun: Terminating StepId=2125921.0
]Loading:  45%|████▍     | 419541/941724 [02:42<10:18:23, 14.07it/s]Loading:  45%|████▍     | 419592/941724 [02:55<15:36:47,  9.29it/s]Loading:  45%|████▍     | 419593/941724 [02:55<15:46:41,  9.19it/s]Loading:  45%|████▍     | 419629/941724 [03:08<24:18:11,  5.97it/s]Loading:  45%|████▍     | 419630/941724 [03:08<24:48:54,  5.84it/s]Loading:  45%|████▍     | 419656/941724 [03:14<26:57:03,  5.38it/s]slurmstepd: error: *** STEP 2125921.0 ON frontier06586 CANCELLED AT 2024-07-23T22:42:03 ***
srun: error: frontier06681: task 94: Killed
srun: error: frontier06681: tasks 88,90-93,95: Killed
srun: error: frontier06664: task 65: Terminated
srun: error: frontier06664: task 66: Terminated
srun: error: frontier06664: tasks 67-70: Terminated
srun: error: frontier06664: task 64: Terminated
srun: error: frontier06668: task 76: Killed
srun: error: frontier06664: task 71: Terminated
srun: error: frontier06668: task 78: Killed
srun: error: frontier06873: task 125: Terminated
srun: error: frontier06668: tasks 72,75: Killed
srun: error: frontier06873: task 123: Terminated
srun: error: frontier06691: task 99: Terminated
srun: error: frontier06873: task 127: Terminated
srun: error: frontier06873: tasks 120,122,124: Terminated
srun: error: frontier06873: tasks 121,126: Terminated
srun: error: frontier06668: tasks 73,79: Killed
srun: error: frontier06668: tasks 74,77: Killed
srun: error: frontier06611: tasks 50,53: Terminated
srun: error: frontier06611: task 51: Terminated
srun: error: frontier06677: task 87: Terminated
srun: error: frontier06677: tasks 83-84: Terminated
srun: error: frontier06677: tasks 82,86: Terminated
srun: error: frontier06677: task 85: Terminated
srun: error: frontier06677: tasks 80-81: Terminated
srun: error: frontier06594: task 27: Terminated
srun: error: frontier06691: tasks 96-98,100-103: Terminated
srun: error: frontier06594: tasks 24,28,30-31: Terminated
srun: error: frontier06594: task 26: Terminated
srun: error: frontier06594: tasks 25,29: Terminated
srun: error: frontier06611: tasks 48,54: Terminated
srun: error: frontier06611: task 52: Terminated
srun: error: frontier06611: task 49: Terminated
srun: error: frontier06611: task 55: Terminated
srun: error: frontier06593: tasks 19,22: Terminated
srun: error: frontier06593: task 16: Terminated
srun: error: frontier06595: task 38: Terminated
srun: error: frontier06593: task 17: Terminated
srun: error: frontier06593: task 23: Terminated
srun: error: frontier06868: task 113: Killed
srun: error: frontier06593: tasks 18,20-21: Terminated
srun: error: frontier06868: tasks 116,118-119: Killed
srun: error: frontier06868: tasks 112,114-115: Killed
srun: error: frontier06868: task 117: Killed
srun: error: frontier06595: task 36: Terminated
srun: error: frontier06663: task 62: Killed
srun: error: frontier06595: task 34: Terminated
srun: error: frontier06663: tasks 56,59: Killed
srun: error: frontier06663: task 58: Killed
srun: error: frontier06663: tasks 60-61,63: Killed
srun: error: frontier06595: tasks 32-33,35,37,39: Terminated
srun: error: frontier06663: task 57: Killed
srun: error: frontier06592: task 12: Terminated
srun: error: frontier06867: tasks 106-107,111: Terminated
srun: error: frontier06592: tasks 9,11,13-14: Terminated
srun: error: frontier06867: tasks 104-105,108-110: Terminated
srun: error: frontier06592: task 15: Terminated
srun: error: frontier06598: tasks 42,45: Terminated
srun: error: frontier06598: tasks 40,46: Terminated
srun: error: frontier06592: task 10: Terminated
srun: error: frontier06598: tasks 41,43-44: Terminated
srun: error: frontier06586: task 5: Terminated
srun: error: frontier06592: task 8: Terminated
srun: error: frontier06586: tasks 0,3,6: Terminated
srun: error: frontier06586: task 2: Terminated
srun: error: frontier06598: task 47: Terminated
srun: error: frontier06586: tasks 1,4,7: Terminated
srun: Force Terminated StepId=2125921.0
+ sleep 5
slurmstepd: error: *** JOB 2125921 ON frontier06586 CANCELLED AT 2024-07-23T22:45:22 ***
