MINICOM=-c on
MIOPEN_DISABLE_CACHE=1
MPICH_ENV_DISPLAY=0
MPICH_OFI_NIC_POLICY=NUMA
MPICH_VERSION_DISPLAY=0
MPICH_DIR=/opt/cray/pe/mpich/8.1.28/ofi/crayclang/17.0
HYDRA_LAUNCHER_EXTRA_ARGS=--external-launcher
HYDRAGNN_VALTEST=0
HYDRAGNN_AGGR_BACKEND=mpi
HYDRAGNN_NUM_WORKERS=0
HYDRA_BOOTSTRAP=slurm
HYDRAGNN_USE_VARIABLE_GRAPH_SIZE=1
NCCL_P2P_LEVEL=NVL
NCCL_PROTO=Simple
NCCL_P2P_DISABLE=1
Running "module reset". Resetting modules to system default. The following $MODULEPATH directories have been removed: None

Lmod is automatically replacing "cce/17.0.0" with "gcc-native/12.3".


Lmod is automatically replacing "PrgEnv-cray/8.5.0" with "PrgEnv-gnu/8.5.0".


Due to MODULEPATH changes, the following have been reloaded:
  1) cray-libsci/23.12.5     2) cray-mpich/8.1.28     3) darshan-runtime/3.4.0-mpi

+ export HYDRAGNN_TRACE_LEVEL=2
+ HYDRAGNN_TRACE_LEVEL=2
+ for MS in MEDIUM LARGE XLARGE XXLARGE
+ for NN in 16
+ srun -N16 -n128 -c7 --gres=gpu:8 python -u ./examples/multidataset/train_deepspeed_exportmem.py --multi_model_list=OC2022 --multi --num_epoch=1 --everyone --ddstore --log=exp-strongfull-MEDIUM-2204373-NN16-VANILLA --inputfile=MEDIUM_MTL.json --use_deepspeed
[2024-08-07 23:52:13,071] [INFO] [real_accelerator.py:203:get_accelerator] Setting ds_accelerator to cuda (auto detect)
[2024-08-07 23:52:13,071] [INFO] [real_accelerator.py:203:get_accelerator] Setting ds_accelerator to cuda (auto detect)
[2024-08-07 23:52:13,071] [INFO] [real_accelerator.py:203:get_accelerator] Setting ds_accelerator to cuda (auto detect)
[2024-08-07 23:52:13,071] [INFO] [real_accelerator.py:203:get_accelerator] Setting ds_accelerator to cuda (auto detect)
[2024-08-07 23:52:13,071] [INFO] [real_accelerator.py:203:get_accelerator] Setting ds_accelerator to cuda (auto detect)
[2024-08-07 23:52:13,071] [INFO] [real_accelerator.py:203:get_accelerator] Setting ds_accelerator to cuda (auto detect)
[2024-08-07 23:52:13,071] [INFO] [real_accelerator.py:203:get_accelerator] Setting ds_accelerator to cuda (auto detect)
[2024-08-07 23:52:13,072] [INFO] [real_accelerator.py:203:get_accelerator] Setting ds_accelerator to cuda (auto detect)
[2024-08-07 23:52:13,077] [INFO] [real_accelerator.py:203:get_accelerator] Setting ds_accelerator to cuda (auto detect)
[2024-08-07 23:52:13,077] [INFO] [real_accelerator.py:203:get_accelerator] Setting ds_accelerator to cuda (auto detect)
[2024-08-07 23:52:13,077] [INFO] [real_accelerator.py:203:get_accelerator] Setting ds_accelerator to cuda (auto detect)
[2024-08-07 23:52:13,077] [INFO] [real_accelerator.py:203:get_accelerator] Setting ds_accelerator to cuda (auto detect)
[2024-08-07 23:52:13,077] [INFO] [real_accelerator.py:203:get_accelerator] Setting ds_accelerator to cuda (auto detect)
[2024-08-07 23:52:13,077] [INFO] [real_accelerator.py:203:get_accelerator] Setting ds_accelerator to cuda (auto detect)
[2024-08-07 23:52:13,077] [INFO] [real_accelerator.py:203:get_accelerator] Setting ds_accelerator to cuda (auto detect)
[2024-08-07 23:52:13,077] [INFO] [real_accelerator.py:203:get_accelerator] Setting ds_accelerator to cuda (auto detect)
[2024-08-07 23:52:13,080] [INFO] [real_accelerator.py:203:get_accelerator] Setting ds_accelerator to cuda (auto detect)
[2024-08-07 23:52:13,080] [INFO] [real_accelerator.py:203:get_accelerator] Setting ds_accelerator to cuda (auto detect)
[2024-08-07 23:52:13,080] [INFO] [real_accelerator.py:203:get_accelerator] Setting ds_accelerator to cuda (auto detect)
[2024-08-07 23:52:13,080] [INFO] [real_accelerator.py:203:get_accelerator] Setting ds_accelerator to cuda (auto detect)
[2024-08-07 23:52:13,081] [INFO] [real_accelerator.py:203:get_accelerator] Setting ds_accelerator to cuda (auto detect)
[2024-08-07 23:52:13,081] [INFO] [real_accelerator.py:203:get_accelerator] Setting ds_accelerator to cuda (auto detect)
[2024-08-07 23:52:13,081] [INFO] [real_accelerator.py:203:get_accelerator] Setting ds_accelerator to cuda (auto detect)
[2024-08-07 23:52:13,081] [INFO] [real_accelerator.py:203:get_accelerator] Setting ds_accelerator to cuda (auto detect)
[2024-08-07 23:52:13,111] [INFO] [real_accelerator.py:203:get_accelerator] Setting ds_accelerator to cuda (auto detect)
[2024-08-07 23:52:13,111] [INFO] [real_accelerator.py:203:get_accelerator] Setting ds_accelerator to cuda (auto detect)
[2024-08-07 23:52:13,111] [INFO] [real_accelerator.py:203:get_accelerator] Setting ds_accelerator to cuda (auto detect)
[2024-08-07 23:52:13,112] [INFO] [real_accelerator.py:203:get_accelerator] Setting ds_accelerator to cuda (auto detect)
[2024-08-07 23:52:13,112] [INFO] [real_accelerator.py:203:get_accelerator] Setting ds_accelerator to cuda (auto detect)
[2024-08-07 23:52:13,112] [INFO] [real_accelerator.py:203:get_accelerator] Setting ds_accelerator to cuda (auto detect)
[2024-08-07 23:52:13,113] [INFO] [real_accelerator.py:203:get_accelerator] Setting ds_accelerator to cuda (auto detect)
[2024-08-07 23:52:13,113] [INFO] [real_accelerator.py:203:get_accelerator] Setting ds_accelerator to cuda (auto detect)
[2024-08-07 23:52:13,118] [INFO] [real_accelerator.py:203:get_accelerator] Setting ds_accelerator to cuda (auto detect)
[2024-08-07 23:52:13,118] [INFO] [real_accelerator.py:203:get_accelerator] Setting ds_accelerator to cuda (auto detect)
[2024-08-07 23:52:13,119] [INFO] [real_accelerator.py:203:get_accelerator] Setting ds_accelerator to cuda (auto detect)
[2024-08-07 23:52:13,121] [INFO] [real_accelerator.py:203:get_accelerator] Setting ds_accelerator to cuda (auto detect)
[2024-08-07 23:52:13,122] [INFO] [real_accelerator.py:203:get_accelerator] Setting ds_accelerator to cuda (auto detect)
[2024-08-07 23:52:13,122] [INFO] [real_accelerator.py:203:get_accelerator] Setting ds_accelerator to cuda (auto detect)
[2024-08-07 23:52:13,122] [INFO] [real_accelerator.py:203:get_accelerator] Setting ds_accelerator to cuda (auto detect)
[2024-08-07 23:52:13,122] [INFO] [real_accelerator.py:203:get_accelerator] Setting ds_accelerator to cuda (auto detect)
[2024-08-07 23:52:13,260] [INFO] [real_accelerator.py:203:get_accelerator] Setting ds_accelerator to cuda (auto detect)
[2024-08-07 23:52:13,260] [INFO] [real_accelerator.py:203:get_accelerator] Setting ds_accelerator to cuda (auto detect)
[2024-08-07 23:52:13,260] [INFO] [real_accelerator.py:203:get_accelerator] Setting ds_accelerator to cuda (auto detect)
[2024-08-07 23:52:13,260] [INFO] [real_accelerator.py:203:get_accelerator] Setting ds_accelerator to cuda (auto detect)
[2024-08-07 23:52:13,260] [INFO] [real_accelerator.py:203:get_accelerator] Setting ds_accelerator to cuda (auto detect)
[2024-08-07 23:52:13,261] [INFO] [real_accelerator.py:203:get_accelerator] Setting ds_accelerator to cuda (auto detect)
[2024-08-07 23:52:13,261] [INFO] [real_accelerator.py:203:get_accelerator] Setting ds_accelerator to cuda (auto detect)
[2024-08-07 23:52:13,263] [INFO] [real_accelerator.py:203:get_accelerator] Setting ds_accelerator to cuda (auto detect)
[2024-08-07 23:52:13,273] [INFO] [real_accelerator.py:203:get_accelerator] Setting ds_accelerator to cuda (auto detect)
[2024-08-07 23:52:13,273] [INFO] [real_accelerator.py:203:get_accelerator] Setting ds_accelerator to cuda (auto detect)
[2024-08-07 23:52:13,273] [INFO] [real_accelerator.py:203:get_accelerator] Setting ds_accelerator to cuda (auto detect)
[2024-08-07 23:52:13,273] [INFO] [real_accelerator.py:203:get_accelerator] Setting ds_accelerator to cuda (auto detect)
[2024-08-07 23:52:13,273] [INFO] [real_accelerator.py:203:get_accelerator] Setting ds_accelerator to cuda (auto detect)
[2024-08-07 23:52:13,274] [INFO] [real_accelerator.py:203:get_accelerator] Setting ds_accelerator to cuda (auto detect)
[2024-08-07 23:52:13,276] [INFO] [real_accelerator.py:203:get_accelerator] Setting ds_accelerator to cuda (auto detect)
[2024-08-07 23:52:13,277] [INFO] [real_accelerator.py:203:get_accelerator] Setting ds_accelerator to cuda (auto detect)
[2024-08-07 23:52:13,301] [INFO] [real_accelerator.py:203:get_accelerator] Setting ds_accelerator to cuda (auto detect)
[2024-08-07 23:52:13,301] [INFO] [real_accelerator.py:203:get_accelerator] Setting ds_accelerator to cuda (auto detect)
[2024-08-07 23:52:13,304] [INFO] [real_accelerator.py:203:get_accelerator] Setting ds_accelerator to cuda (auto detect)
[2024-08-07 23:52:13,305] [INFO] [real_accelerator.py:203:get_accelerator] Setting ds_accelerator to cuda (auto detect)
[2024-08-07 23:52:13,305] [INFO] [real_accelerator.py:203:get_accelerator] Setting ds_accelerator to cuda (auto detect)
[2024-08-07 23:52:13,305] [INFO] [real_accelerator.py:203:get_accelerator] Setting ds_accelerator to cuda (auto detect)
[2024-08-07 23:52:13,306] [INFO] [real_accelerator.py:203:get_accelerator] Setting ds_accelerator to cuda (auto detect)
[2024-08-07 23:52:13,306] [INFO] [real_accelerator.py:203:get_accelerator] Setting ds_accelerator to cuda (auto detect)
[2024-08-07 23:52:13,461] [INFO] [real_accelerator.py:203:get_accelerator] Setting ds_accelerator to cuda (auto detect)
[2024-08-07 23:52:13,461] [INFO] [real_accelerator.py:203:get_accelerator] Setting ds_accelerator to cuda (auto detect)
[2024-08-07 23:52:13,461] [INFO] [real_accelerator.py:203:get_accelerator] Setting ds_accelerator to cuda (auto detect)
[2024-08-07 23:52:13,461] [INFO] [real_accelerator.py:203:get_accelerator] Setting ds_accelerator to cuda (auto detect)
[2024-08-07 23:52:13,461] [INFO] [real_accelerator.py:203:get_accelerator] Setting ds_accelerator to cuda (auto detect)
[2024-08-07 23:52:13,461] [INFO] [real_accelerator.py:203:get_accelerator] Setting ds_accelerator to cuda (auto detect)
[2024-08-07 23:52:13,461] [INFO] [real_accelerator.py:203:get_accelerator] Setting ds_accelerator to cuda (auto detect)
[2024-08-07 23:52:13,461] [INFO] [real_accelerator.py:203:get_accelerator] Setting ds_accelerator to cuda (auto detect)
[2024-08-07 23:52:14,066] [INFO] [real_accelerator.py:203:get_accelerator] Setting ds_accelerator to cuda (auto detect)
[2024-08-07 23:52:14,066] [INFO] [real_accelerator.py:203:get_accelerator] Setting ds_accelerator to cuda (auto detect)
[2024-08-07 23:52:14,066] [INFO] [real_accelerator.py:203:get_accelerator] Setting ds_accelerator to cuda (auto detect)
[2024-08-07 23:52:14,066] [INFO] [real_accelerator.py:203:get_accelerator] Setting ds_accelerator to cuda (auto detect)
[2024-08-07 23:52:14,066] [INFO] [real_accelerator.py:203:get_accelerator] Setting ds_accelerator to cuda (auto detect)
[2024-08-07 23:52:14,066] [INFO] [real_accelerator.py:203:get_accelerator] Setting ds_accelerator to cuda (auto detect)
[2024-08-07 23:52:14,066] [INFO] [real_accelerator.py:203:get_accelerator] Setting ds_accelerator to cuda (auto detect)
[2024-08-07 23:52:14,067] [INFO] [real_accelerator.py:203:get_accelerator] Setting ds_accelerator to cuda (auto detect)
[2024-08-07 23:52:14,232] [INFO] [real_accelerator.py:203:get_accelerator] Setting ds_accelerator to cuda (auto detect)
[2024-08-07 23:52:14,272] [INFO] [real_accelerator.py:203:get_accelerator] Setting ds_accelerator to cuda (auto detect)
[2024-08-07 23:52:14,322] [INFO] [real_accelerator.py:203:get_accelerator] Setting ds_accelerator to cuda (auto detect)
[2024-08-07 23:52:14,323] [INFO] [real_accelerator.py:203:get_accelerator] Setting ds_accelerator to cuda (auto detect)
[2024-08-07 23:52:14,331] [INFO] [real_accelerator.py:203:get_accelerator] Setting ds_accelerator to cuda (auto detect)
[2024-08-07 23:52:14,332] [INFO] [real_accelerator.py:203:get_accelerator] Setting ds_accelerator to cuda (auto detect)
[2024-08-07 23:52:14,333] [INFO] [real_accelerator.py:203:get_accelerator] Setting ds_accelerator to cuda (auto detect)
[2024-08-07 23:52:14,338] [INFO] [real_accelerator.py:203:get_accelerator] Setting ds_accelerator to cuda (auto detect)
[2024-08-07 23:52:14,476] [INFO] [real_accelerator.py:203:get_accelerator] Setting ds_accelerator to cuda (auto detect)
[2024-08-07 23:52:14,489] [INFO] [real_accelerator.py:203:get_accelerator] Setting ds_accelerator to cuda (auto detect)
[2024-08-07 23:52:14,489] [INFO] [real_accelerator.py:203:get_accelerator] Setting ds_accelerator to cuda (auto detect)
[2024-08-07 23:52:14,490] [INFO] [real_accelerator.py:203:get_accelerator] Setting ds_accelerator to cuda (auto detect)
[2024-08-07 23:52:14,492] [INFO] [real_accelerator.py:203:get_accelerator] Setting ds_accelerator to cuda (auto detect)
[2024-08-07 23:52:14,512] [INFO] [real_accelerator.py:203:get_accelerator] Setting ds_accelerator to cuda (auto detect)
[2024-08-07 23:52:14,534] [INFO] [real_accelerator.py:203:get_accelerator] Setting ds_accelerator to cuda (auto detect)
[2024-08-07 23:52:14,541] [INFO] [real_accelerator.py:203:get_accelerator] Setting ds_accelerator to cuda (auto detect)
[2024-08-07 23:52:14,545] [INFO] [real_accelerator.py:203:get_accelerator] Setting ds_accelerator to cuda (auto detect)
[2024-08-07 23:52:14,616] [INFO] [real_accelerator.py:203:get_accelerator] Setting ds_accelerator to cuda (auto detect)
[2024-08-07 23:52:14,616] [INFO] [real_accelerator.py:203:get_accelerator] Setting ds_accelerator to cuda (auto detect)
[2024-08-07 23:52:14,724] [INFO] [real_accelerator.py:203:get_accelerator] Setting ds_accelerator to cuda (auto detect)
[2024-08-07 23:52:14,727] [INFO] [real_accelerator.py:203:get_accelerator] Setting ds_accelerator to cuda (auto detect)
[2024-08-07 23:52:14,745] [INFO] [real_accelerator.py:203:get_accelerator] Setting ds_accelerator to cuda (auto detect)
[2024-08-07 23:52:14,769] [INFO] [real_accelerator.py:203:get_accelerator] Setting ds_accelerator to cuda (auto detect)
[2024-08-07 23:52:14,779] [INFO] [real_accelerator.py:203:get_accelerator] Setting ds_accelerator to cuda (auto detect)
[2024-08-07 23:52:14,885] [INFO] [real_accelerator.py:203:get_accelerator] Setting ds_accelerator to cuda (auto detect)
[2024-08-07 23:52:14,949] [INFO] [real_accelerator.py:203:get_accelerator] Setting ds_accelerator to cuda (auto detect)
[2024-08-07 23:52:14,995] [INFO] [real_accelerator.py:203:get_accelerator] Setting ds_accelerator to cuda (auto detect)
[2024-08-07 23:52:15,003] [INFO] [real_accelerator.py:203:get_accelerator] Setting ds_accelerator to cuda (auto detect)
[2024-08-07 23:52:15,004] [INFO] [real_accelerator.py:203:get_accelerator] Setting ds_accelerator to cuda (auto detect)
[2024-08-07 23:52:15,004] [INFO] [real_accelerator.py:203:get_accelerator] Setting ds_accelerator to cuda (auto detect)
[2024-08-07 23:52:15,005] [INFO] [real_accelerator.py:203:get_accelerator] Setting ds_accelerator to cuda (auto detect)
[2024-08-07 23:52:15,006] [INFO] [real_accelerator.py:203:get_accelerator] Setting ds_accelerator to cuda (auto detect)
[93m [WARNING] [0m async_io requires the dev libaio .so object and headers but these were not found.
[93m [WARNING] [0m async_io requires the dev libaio .so object and headers but these were not found.
[93m [WARNING] [0m async_io requires the dev libaio .so object and headers but these were not found.
[93m [WARNING] [0m async_io requires the dev libaio .so object and headers but these were not found.
[93m [WARNING] [0m async_io requires the dev libaio .so object and headers but these were not found.
[93m [WARNING] [0m async_io requires the dev libaio .so object and headers but these were not found.
[93m [WARNING] [0m async_io requires the dev libaio .so object and headers but these were not found.
[93m [WARNING] [0m async_io requires the dev libaio .so object and headers but these were not found.
[93m [WARNING] [0m If libaio is already installed (perhaps from source), try setting the CFLAGS and LDFLAGS environment variables to where it can be found.
[93m [WARNING] [0m Please specify the CUTLASS repo directory as environment variable $CUTLASS_PATH
[93m [WARNING] [0m If libaio is already installed (perhaps from source), try setting the CFLAGS and LDFLAGS environment variables to where it can be found.
[93m [WARNING] [0m Please specify the CUTLASS repo directory as environment variable $CUTLASS_PATH
[93m [WARNING] [0m If libaio is already installed (perhaps from source), try setting the CFLAGS and LDFLAGS environment variables to where it can be found.
[93m [WARNING] [0m Please specify the CUTLASS repo directory as environment variable $CUTLASS_PATH
[93m [WARNING] [0m If libaio is already installed (perhaps from source), try setting the CFLAGS and LDFLAGS environment variables to where it can be found.
[93m [WARNING] [0m Please specify the CUTLASS repo directory as environment variable $CUTLASS_PATH
[93m [WARNING] [0m If libaio is already installed (perhaps from source), try setting the CFLAGS and LDFLAGS environment variables to where it can be found.
[93m [WARNING] [0m If libaio is already installed (perhaps from source), try setting the CFLAGS and LDFLAGS environment variables to where it can be found.
[93m [WARNING] [0m Please specify the CUTLASS repo directory as environment variable $CUTLASS_PATH
[93m [WARNING] [0m If libaio is already installed (perhaps from source), try setting the CFLAGS and LDFLAGS environment variables to where it can be found.
[93m [WARNING] [0m Please specify the CUTLASS repo directory as environment variable $CUTLASS_PATH
[93m [WARNING] [0m Please specify the CUTLASS repo directory as environment variable $CUTLASS_PATH
[93m [WARNING] [0m If libaio is already installed (perhaps from source), try setting the CFLAGS and LDFLAGS environment variables to where it can be found.
[93m [WARNING] [0m Please specify the CUTLASS repo directory as environment variable $CUTLASS_PATH
[2024-08-07 23:52:15,720] [INFO] [real_accelerator.py:203:get_accelerator] Setting ds_accelerator to cuda (auto detect)
[2024-08-07 23:52:15,720] [INFO] [real_accelerator.py:203:get_accelerator] Setting ds_accelerator to cuda (auto detect)
[2024-08-07 23:52:15,726] [INFO] [real_accelerator.py:203:get_accelerator] Setting ds_accelerator to cuda (auto detect)
[2024-08-07 23:52:15,742] [INFO] [real_accelerator.py:203:get_accelerator] Setting ds_accelerator to cuda (auto detect)
[2024-08-07 23:52:15,776] [INFO] [real_accelerator.py:203:get_accelerator] Setting ds_accelerator to cuda (auto detect)
[2024-08-07 23:52:15,792] [INFO] [real_accelerator.py:203:get_accelerator] Setting ds_accelerator to cuda (auto detect)
[2024-08-07 23:52:15,793] [INFO] [real_accelerator.py:203:get_accelerator] Setting ds_accelerator to cuda (auto detect)
[2024-08-07 23:52:15,796] [INFO] [real_accelerator.py:203:get_accelerator] Setting ds_accelerator to cuda (auto detect)
[93m [WARNING] [0m async_io requires the dev libaio .so object and headers but these were not found.
[93m [WARNING] [0m async_io requires the dev libaio .so object and headers but these were not found.
[93m [WARNING] [0m async_io requires the dev libaio .so object and headers but these were not found.
[93m [WARNING] [0m async_io requires the dev libaio .so object and headers but these were not found.
[93m [WARNING] [0m async_io requires the dev libaio .so object and headers but these were not found.
[93m [WARNING] [0m async_io requires the dev libaio .so object and headers but these were not found.
[93m [WARNING] [0m async_io requires the dev libaio .so object and headers but these were not found.
[93m [WARNING] [0m async_io requires the dev libaio .so object and headers but these were not found.
[2024-08-07 23:52:16,036] [INFO] [real_accelerator.py:203:get_accelerator] Setting ds_accelerator to cuda (auto detect)
[93m [WARNING] [0m If libaio is already installed (perhaps from source), try setting the CFLAGS and LDFLAGS environment variables to where it can be found.
[93m [WARNING] [0m Please specify the CUTLASS repo directory as environment variable $CUTLASS_PATH
[93m [WARNING] [0m If libaio is already installed (perhaps from source), try setting the CFLAGS and LDFLAGS environment variables to where it can be found.
[93m [WARNING] [0m Please specify the CUTLASS repo directory as environment variable $CUTLASS_PATH
[93m [WARNING] [0m If libaio is already installed (perhaps from source), try setting the CFLAGS and LDFLAGS environment variables to where it can be found.
[93m [WARNING] [0m Please specify the CUTLASS repo directory as environment variable $CUTLASS_PATH
[93m [WARNING] [0m If libaio is already installed (perhaps from source), try setting the CFLAGS and LDFLAGS environment variables to where it can be found.
[93m [WARNING] [0m Please specify the CUTLASS repo directory as environment variable $CUTLASS_PATH
[93m [WARNING] [0m If libaio is already installed (perhaps from source), try setting the CFLAGS and LDFLAGS environment variables to where it can be found.
[93m [WARNING] [0m Please specify the CUTLASS repo directory as environment variable $CUTLASS_PATH
[93m [WARNING] [0m If libaio is already installed (perhaps from source), try setting the CFLAGS and LDFLAGS environment variables to where it can be found.
[93m [WARNING] [0m Please specify the CUTLASS repo directory as environment variable $CUTLASS_PATH
[93m [WARNING] [0m If libaio is already installed (perhaps from source), try setting the CFLAGS and LDFLAGS environment variables to where it can be found.
[93m [WARNING] [0m Please specify the CUTLASS repo directory as environment variable $CUTLASS_PATH
[93m [WARNING] [0m If libaio is already installed (perhaps from source), try setting the CFLAGS and LDFLAGS environment variables to where it can be found.
[93m [WARNING] [0m Please specify the CUTLASS repo directory as environment variable $CUTLASS_PATH
[2024-08-07 23:52:16,114] [INFO] [real_accelerator.py:203:get_accelerator] Setting ds_accelerator to cuda (auto detect)
[2024-08-07 23:52:16,115] [INFO] [real_accelerator.py:203:get_accelerator] Setting ds_accelerator to cuda (auto detect)
[2024-08-07 23:52:16,115] [INFO] [real_accelerator.py:203:get_accelerator] Setting ds_accelerator to cuda (auto detect)
[2024-08-07 23:52:16,116] [INFO] [real_accelerator.py:203:get_accelerator] Setting ds_accelerator to cuda (auto detect)
[2024-08-07 23:52:16,116] [INFO] [real_accelerator.py:203:get_accelerator] Setting ds_accelerator to cuda (auto detect)
[2024-08-07 23:52:16,117] [INFO] [real_accelerator.py:203:get_accelerator] Setting ds_accelerator to cuda (auto detect)
[2024-08-07 23:52:16,119] [INFO] [real_accelerator.py:203:get_accelerator] Setting ds_accelerator to cuda (auto detect)
[93m [WARNING] [0m async_io requires the dev libaio .so object and headers but these were not found.
[93m [WARNING] [0m async_io requires the dev libaio .so object and headers but these were not found.
[93m [WARNING] [0m async_io requires the dev libaio .so object and headers but these were not found.
[93m [WARNING] [0m async_io requires the dev libaio .so object and headers but these were not found.
[93m [WARNING] [0m async_io requires the dev libaio .so object and headers but these were not found.
[93m [WARNING] [0m async_io requires the dev libaio .so object and headers but these were not found.
[93m [WARNING] [0m async_io requires the dev libaio .so object and headers but these were not found.
[93m [WARNING] [0m async_io requires the dev libaio .so object and headers but these were not found.
[93m [WARNING] [0m sparse_attn is not compatible with ROCM
[93m [WARNING] [0m sparse_attn is not compatible with ROCM
[93m [WARNING] [0m sparse_attn is not compatible with ROCM
[93m [WARNING] [0m sparse_attn is not compatible with ROCM
[93m [WARNING] [0m sparse_attn is not compatible with ROCM
[93m [WARNING] [0m sparse_attn is not compatible with ROCM
[93m [WARNING] [0m sparse_attn is not compatible with ROCM
[93m [WARNING] [0m sparse_attn is not compatible with ROCM
[93m [WARNING] [0m If libaio is already installed (perhaps from source), try setting the CFLAGS and LDFLAGS environment variables to where it can be found.
[93m [WARNING] [0m Please specify the CUTLASS repo directory as environment variable $CUTLASS_PATH
[93m [WARNING] [0m If libaio is already installed (perhaps from source), try setting the CFLAGS and LDFLAGS environment variables to where it can be found.
[93m [WARNING] [0m Please specify the CUTLASS repo directory as environment variable $CUTLASS_PATH
[93m [WARNING] [0m If libaio is already installed (perhaps from source), try setting the CFLAGS and LDFLAGS environment variables to where it can be found.
[93m [WARNING] [0m Please specify the CUTLASS repo directory as environment variable $CUTLASS_PATH
[93m [WARNING] [0m If libaio is already installed (perhaps from source), try setting the CFLAGS and LDFLAGS environment variables to where it can be found.
[93m [WARNING] [0m Please specify the CUTLASS repo directory as environment variable $CUTLASS_PATH
[93m [WARNING] [0m If libaio is already installed (perhaps from source), try setting the CFLAGS and LDFLAGS environment variables to where it can be found.
[93m [WARNING] [0m If libaio is already installed (perhaps from source), try setting the CFLAGS and LDFLAGS environment variables to where it can be found.
[93m [WARNING] [0m If libaio is already installed (perhaps from source), try setting the CFLAGS and LDFLAGS environment variables to where it can be found.
[93m [WARNING] [0m Please specify the CUTLASS repo directory as environment variable $CUTLASS_PATH
[93m [WARNING] [0m Please specify the CUTLASS repo directory as environment variable $CUTLASS_PATH
[93m [WARNING] [0m Please specify the CUTLASS repo directory as environment variable $CUTLASS_PATH
[93m [WARNING] [0m If libaio is already installed (perhaps from source), try setting the CFLAGS and LDFLAGS environment variables to where it can be found.
[93m [WARNING] [0m Please specify the CUTLASS repo directory as environment variable $CUTLASS_PATH
[93m [WARNING] [0m async_io requires the dev libaio .so object and headers but these were not found.
[93m [WARNING] [0m async_io requires the dev libaio .so object and headers but these were not found.
[93m [WARNING] [0m async_io requires the dev libaio .so object and headers but these were not found.
[93m [WARNING] [0m async_io requires the dev libaio .so object and headers but these were not found.
[93m [WARNING] [0m async_io requires the dev libaio .so object and headers but these were not found.
[93m [WARNING] [0m async_io requires the dev libaio .so object and headers but these were not found.
[93m [WARNING] [0m async_io requires the dev libaio .so object and headers but these were not found.
[93m [WARNING] [0m async_io requires the dev libaio .so object and headers but these were not found.
[93m [WARNING] [0m async_io requires the dev libaio .so object and headers but these were not found.
[93m [WARNING] [0m async_io requires the dev libaio .so object and headers but these were not found.
[93m [WARNING] [0m async_io requires the dev libaio .so object and headers but these were not found.
[93m [WARNING] [0m async_io requires the dev libaio .so object and headers but these were not found.
[93m [WARNING] [0m async_io requires the dev libaio .so object and headers but these were not found.
[93m [WARNING] [0m async_io requires the dev libaio .so object and headers but these were not found.
[93m [WARNING] [0m async_io requires the dev libaio .so object and headers but these were not found.
[93m [WARNING] [0m async_io requires the dev libaio .so object and headers but these were not found.
[93m [WARNING] [0m If libaio is already installed (perhaps from source), try setting the CFLAGS and LDFLAGS environment variables to where it can be found.
[93m [WARNING] [0m Please specify the CUTLASS repo directory as environment variable $CUTLASS_PATH
[93m [WARNING] [0m If libaio is already installed (perhaps from source), try setting the CFLAGS and LDFLAGS environment variables to where it can be found.
[93m [WARNING] [0m Please specify the CUTLASS repo directory as environment variable $CUTLASS_PATH
[93m [WARNING] [0m If libaio is already installed (perhaps from source), try setting the CFLAGS and LDFLAGS environment variables to where it can be found.
[93m [WARNING] [0m Please specify the CUTLASS repo directory as environment variable $CUTLASS_PATH
[93m [WARNING] [0m If libaio is already installed (perhaps from source), try setting the CFLAGS and LDFLAGS environment variables to where it can be found.
[93m [WARNING] [0m Please specify the CUTLASS repo directory as environment variable $CUTLASS_PATH
[93m [WARNING] [0m If libaio is already installed (perhaps from source), try setting the CFLAGS and LDFLAGS environment variables to where it can be found.
[93m [WARNING] [0m If libaio is already installed (perhaps from source), try setting the CFLAGS and LDFLAGS environment variables to where it can be found.
[93m [WARNING] [0m Please specify the CUTLASS repo directory as environment variable $CUTLASS_PATH
[93m [WARNING] [0m Please specify the CUTLASS repo directory as environment variable $CUTLASS_PATH
[93m [WARNING] [0m If libaio is already installed (perhaps from source), try setting the CFLAGS and LDFLAGS environment variables to where it can be found.
[93m [WARNING] [0m Please specify the CUTLASS repo directory as environment variable $CUTLASS_PATH
[93m [WARNING] [0m If libaio is already installed (perhaps from source), try setting the CFLAGS and LDFLAGS environment variables to where it can be found.
[93m [WARNING] [0m Please specify the CUTLASS repo directory as environment variable $CUTLASS_PATH
[93m [WARNING] [0m sparse_attn is not compatible with ROCM
[93m [WARNING] [0m sparse_attn is not compatible with ROCM
[93m [WARNING] [0m sparse_attn is not compatible with ROCM
[93m [WARNING] [0m sparse_attn is not compatible with ROCM
[93m [WARNING] [0m sparse_attn is not compatible with ROCM
[93m [WARNING] [0m sparse_attn is not compatible with ROCM
[93m [WARNING] [0m If libaio is already installed (perhaps from source), try setting the CFLAGS and LDFLAGS environment variables to where it can be found.
[93m [WARNING] [0m Please specify the CUTLASS repo directory as environment variable $CUTLASS_PATH
[93m [WARNING] [0m If libaio is already installed (perhaps from source), try setting the CFLAGS and LDFLAGS environment variables to where it can be found.
[93m [WARNING] [0m Please specify the CUTLASS repo directory as environment variable $CUTLASS_PATH
[93m [WARNING] [0m If libaio is already installed (perhaps from source), try setting the CFLAGS and LDFLAGS environment variables to where it can be found.
[93m [WARNING] [0m Please specify the CUTLASS repo directory as environment variable $CUTLASS_PATH
[93m [WARNING] [0m If libaio is already installed (perhaps from source), try setting the CFLAGS and LDFLAGS environment variables to where it can be found.
[93m [WARNING] [0m Please specify the CUTLASS repo directory as environment variable $CUTLASS_PATH
[93m [WARNING] [0m If libaio is already installed (perhaps from source), try setting the CFLAGS and LDFLAGS environment variables to where it can be found.
[93m [WARNING] [0m Please specify the CUTLASS repo directory as environment variable $CUTLASS_PATH
[93m [WARNING] [0m If libaio is already installed (perhaps from source), try setting the CFLAGS and LDFLAGS environment variables to where it can be found.
[93m [WARNING] [0m If libaio is already installed (perhaps from source), try setting the CFLAGS and LDFLAGS environment variables to where it can be found.
[93m [WARNING] [0m Please specify the CUTLASS repo directory as environment variable $CUTLASS_PATH
[93m [WARNING] [0m Please specify the CUTLASS repo directory as environment variable $CUTLASS_PATH
[93m [WARNING] [0m If libaio is already installed (perhaps from source), try setting the CFLAGS and LDFLAGS environment variables to where it can be found.
[93m [WARNING] [0m Please specify the CUTLASS repo directory as environment variable $CUTLASS_PATH
[93m [WARNING] [0m sparse_attn is not compatible with ROCM
[93m [WARNING] [0m sparse_attn is not compatible with ROCM
[93m [WARNING] [0m async_io requires the dev libaio .so object and headers but these were not found.
[93m [WARNING] [0m async_io requires the dev libaio .so object and headers but these were not found.
[93m [WARNING] [0m async_io requires the dev libaio .so object and headers but these were not found.
[93m [WARNING] [0m async_io requires the dev libaio .so object and headers but these were not found.
[93m [WARNING] [0m async_io requires the dev libaio .so object and headers but these were not found.
[93m [WARNING] [0m async_io requires the dev libaio .so object and headers but these were not found.
[93m [WARNING] [0m async_io requires the dev libaio .so object and headers but these were not found.
[93m [WARNING] [0m async_io requires the dev libaio .so object and headers but these were not found.
[93m [WARNING] [0m If libaio is already installed (perhaps from source), try setting the CFLAGS and LDFLAGS environment variables to where it can be found.
[93m [WARNING] [0m Please specify the CUTLASS repo directory as environment variable $CUTLASS_PATH
[93m [WARNING] [0m If libaio is already installed (perhaps from source), try setting the CFLAGS and LDFLAGS environment variables to where it can be found.
[93m [WARNING] [0m Please specify the CUTLASS repo directory as environment variable $CUTLASS_PATH
[93m [WARNING] [0m If libaio is already installed (perhaps from source), try setting the CFLAGS and LDFLAGS environment variables to where it can be found.
[93m [WARNING] [0m Please specify the CUTLASS repo directory as environment variable $CUTLASS_PATH
[93m [WARNING] [0m If libaio is already installed (perhaps from source), try setting the CFLAGS and LDFLAGS environment variables to where it can be found.
[93m [WARNING] [0m Please specify the CUTLASS repo directory as environment variable $CUTLASS_PATH
[93m [WARNING] [0m If libaio is already installed (perhaps from source), try setting the CFLAGS and LDFLAGS environment variables to where it can be found.
[93m [WARNING] [0m If libaio is already installed (perhaps from source), try setting the CFLAGS and LDFLAGS environment variables to where it can be found.
[93m [WARNING] [0m Please specify the CUTLASS repo directory as environment variable $CUTLASS_PATH
[93m [WARNING] [0m Please specify the CUTLASS repo directory as environment variable $CUTLASS_PATH
[93m [WARNING] [0m If libaio is already installed (perhaps from source), try setting the CFLAGS and LDFLAGS environment variables to where it can be found.
[93m [WARNING] [0m Please specify the CUTLASS repo directory as environment variable $CUTLASS_PATH
[93m [WARNING] [0m If libaio is already installed (perhaps from source), try setting the CFLAGS and LDFLAGS environment variables to where it can be found.
[93m [WARNING] [0m Please specify the CUTLASS repo directory as environment variable $CUTLASS_PATH
[93m [WARNING] [0m async_io requires the dev libaio .so object and headers but these were not found.
[93m [WARNING] [0m async_io requires the dev libaio .so object and headers but these were not found.
[93m [WARNING] [0m async_io requires the dev libaio .so object and headers but these were not found.
[93m [WARNING] [0m async_io requires the dev libaio .so object and headers but these were not found.
[93m [WARNING] [0m async_io requires the dev libaio .so object and headers but these were not found.
[93m [WARNING] [0m async_io requires the dev libaio .so object and headers but these were not found.
[93m [WARNING] [0m async_io requires the dev libaio .so object and headers but these were not found.
[93m [WARNING] [0m async_io requires the dev libaio .so object and headers but these were not found.
[93m [WARNING] [0m If libaio is already installed (perhaps from source), try setting the CFLAGS and LDFLAGS environment variables to where it can be found.
[93m [WARNING] [0m Please specify the CUTLASS repo directory as environment variable $CUTLASS_PATH
[93m [WARNING] [0m If libaio is already installed (perhaps from source), try setting the CFLAGS and LDFLAGS environment variables to where it can be found.
[93m [WARNING] [0m Please specify the CUTLASS repo directory as environment variable $CUTLASS_PATH
[93m [WARNING] [0m If libaio is already installed (perhaps from source), try setting the CFLAGS and LDFLAGS environment variables to where it can be found.
[93m [WARNING] [0m Please specify the CUTLASS repo directory as environment variable $CUTLASS_PATH
[93m [WARNING] [0m If libaio is already installed (perhaps from source), try setting the CFLAGS and LDFLAGS environment variables to where it can be found.
[93m [WARNING] [0m If libaio is already installed (perhaps from source), try setting the CFLAGS and LDFLAGS environment variables to where it can be found.
[93m [WARNING] [0m Please specify the CUTLASS repo directory as environment variable $CUTLASS_PATH
[93m [WARNING] [0m If libaio is already installed (perhaps from source), try setting the CFLAGS and LDFLAGS environment variables to where it can be found.
[93m [WARNING] [0m Please specify the CUTLASS repo directory as environment variable $CUTLASS_PATH
[93m [WARNING] [0m If libaio is already installed (perhaps from source), try setting the CFLAGS and LDFLAGS environment variables to where it can be found.
[93m [WARNING] [0m Please specify the CUTLASS repo directory as environment variable $CUTLASS_PATH
[93m [WARNING] [0m Please specify the CUTLASS repo directory as environment variable $CUTLASS_PATH
[93m [WARNING] [0m If libaio is already installed (perhaps from source), try setting the CFLAGS and LDFLAGS environment variables to where it can be found.
[93m [WARNING] [0m Please specify the CUTLASS repo directory as environment variable $CUTLASS_PATH
[93m [WARNING] [0m async_io requires the dev libaio .so object and headers but these were not found.
[93m [WARNING] [0m async_io requires the dev libaio .so object and headers but these were not found.
[93m [WARNING] [0m async_io requires the dev libaio .so object and headers but these were not found.
[93m [WARNING] [0m async_io requires the dev libaio .so object and headers but these were not found.
[93m [WARNING] [0m async_io requires the dev libaio .so object and headers but these were not found.
[93m [WARNING] [0m async_io requires the dev libaio .so object and headers but these were not found.
[93m [WARNING] [0m async_io requires the dev libaio .so object and headers but these were not found.
[93m [WARNING] [0m async_io requires the dev libaio .so object and headers but these were not found.
[93m [WARNING] [0m If libaio is already installed (perhaps from source), try setting the CFLAGS and LDFLAGS environment variables to where it can be found.
[93m [WARNING] [0m If libaio is already installed (perhaps from source), try setting the CFLAGS and LDFLAGS environment variables to where it can be found.
[93m [WARNING] [0m Please specify the CUTLASS repo directory as environment variable $CUTLASS_PATH
[93m [WARNING] [0m Please specify the CUTLASS repo directory as environment variable $CUTLASS_PATH
[93m [WARNING] [0m If libaio is already installed (perhaps from source), try setting the CFLAGS and LDFLAGS environment variables to where it can be found.
[93m [WARNING] [0m Please specify the CUTLASS repo directory as environment variable $CUTLASS_PATH
[93m [WARNING] [0m If libaio is already installed (perhaps from source), try setting the CFLAGS and LDFLAGS environment variables to where it can be found.
[93m [WARNING] [0m If libaio is already installed (perhaps from source), try setting the CFLAGS and LDFLAGS environment variables to where it can be found.
[93m [WARNING] [0m Please specify the CUTLASS repo directory as environment variable $CUTLASS_PATH
[93m [WARNING] [0m If libaio is already installed (perhaps from source), try setting the CFLAGS and LDFLAGS environment variables to where it can be found.
[93m [WARNING] [0m Please specify the CUTLASS repo directory as environment variable $CUTLASS_PATH
[93m [WARNING] [0m Please specify the CUTLASS repo directory as environment variable $CUTLASS_PATH
[93m [WARNING] [0m If libaio is already installed (perhaps from source), try setting the CFLAGS and LDFLAGS environment variables to where it can be found.
[93m [WARNING] [0m Please specify the CUTLASS repo directory as environment variable $CUTLASS_PATH
[93m [WARNING] [0m If libaio is already installed (perhaps from source), try setting the CFLAGS and LDFLAGS environment variables to where it can be found.
[93m [WARNING] [0m Please specify the CUTLASS repo directory as environment variable $CUTLASS_PATH
[93m [WARNING] [0m sparse_attn is not compatible with ROCM
[93m [WARNING] [0m sparse_attn is not compatible with ROCM
[93m [WARNING] [0m sparse_attn is not compatible with ROCM
[93m [WARNING] [0m sparse_attn is not compatible with ROCM
[93m [WARNING] [0m sparse_attn is not compatible with ROCM
[93m [WARNING] [0m sparse_attn is not compatible with ROCM
[93m [WARNING] [0m sparse_attn is not compatible with ROCM
[93m [WARNING] [0m sparse_attn is not compatible with ROCM
[93m [WARNING] [0m async_io requires the dev libaio .so object and headers but these were not found.
[93m [WARNING] [0m async_io requires the dev libaio .so object and headers but these were not found.
[93m [WARNING] [0m async_io requires the dev libaio .so object and headers but these were not found.
[93m [WARNING] [0m async_io requires the dev libaio .so object and headers but these were not found.
[93m [WARNING] [0m async_io requires the dev libaio .so object and headers but these were not found.
[93m [WARNING] [0m async_io requires the dev libaio .so object and headers but these were not found.
[93m [WARNING] [0m async_io requires the dev libaio .so object and headers but these were not found.
[93m [WARNING] [0m async_io requires the dev libaio .so object and headers but these were not found.
[93m [WARNING] [0m If libaio is already installed (perhaps from source), try setting the CFLAGS and LDFLAGS environment variables to where it can be found.
[93m [WARNING] [0m Please specify the CUTLASS repo directory as environment variable $CUTLASS_PATH
[93m [WARNING] [0m If libaio is already installed (perhaps from source), try setting the CFLAGS and LDFLAGS environment variables to where it can be found.
[93m [WARNING] [0m Please specify the CUTLASS repo directory as environment variable $CUTLASS_PATH
[93m [WARNING] [0m If libaio is already installed (perhaps from source), try setting the CFLAGS and LDFLAGS environment variables to where it can be found.
[93m [WARNING] [0m Please specify the CUTLASS repo directory as environment variable $CUTLASS_PATH
[93m [WARNING] [0m If libaio is already installed (perhaps from source), try setting the CFLAGS and LDFLAGS environment variables to where it can be found.
[93m [WARNING] [0m Please specify the CUTLASS repo directory as environment variable $CUTLASS_PATH
[93m [WARNING] [0m If libaio is already installed (perhaps from source), try setting the CFLAGS and LDFLAGS environment variables to where it can be found.
[93m [WARNING] [0m Please specify the CUTLASS repo directory as environment variable $CUTLASS_PATH
[93m [WARNING] [0m If libaio is already installed (perhaps from source), try setting the CFLAGS and LDFLAGS environment variables to where it can be found.
[93m [WARNING] [0m Please specify the CUTLASS repo directory as environment variable $CUTLASS_PATH
[93m [WARNING] [0m If libaio is already installed (perhaps from source), try setting the CFLAGS and LDFLAGS environment variables to where it can be found.
[93m [WARNING] [0m Please specify the CUTLASS repo directory as environment variable $CUTLASS_PATH
[93m [WARNING] [0m If libaio is already installed (perhaps from source), try setting the CFLAGS and LDFLAGS environment variables to where it can be found.
[93m [WARNING] [0m Please specify the CUTLASS repo directory as environment variable $CUTLASS_PATH
[93m [WARNING] [0m sparse_attn is not compatible with ROCM
[93m [WARNING] [0m sparse_attn is not compatible with ROCM
[93m [WARNING] [0m sparse_attn is not compatible with ROCM
[93m [WARNING] [0m sparse_attn is not compatible with ROCM
[93m [WARNING] [0m sparse_attn is not compatible with ROCM
[93m [WARNING] [0m sparse_attn is not compatible with ROCM
[93m [WARNING] [0m sparse_attn is not compatible with ROCM
[93m [WARNING] [0m sparse_attn is not compatible with ROCM
[93m [WARNING] [0m sparse_attn is not compatible with ROCM
[93m [WARNING] [0m sparse_attn is not compatible with ROCM
[93m [WARNING] [0m sparse_attn is not compatible with ROCM
[93m [WARNING] [0m sparse_attn is not compatible with ROCM
[93m [WARNING] [0m sparse_attn is not compatible with ROCM
[93m [WARNING] [0m sparse_attn is not compatible with ROCM
[93m [WARNING] [0m sparse_attn is not compatible with ROCM
[93m [WARNING] [0m sparse_attn is not compatible with ROCM
[93m [WARNING] [0m sparse_attn is not compatible with ROCM
[93m [WARNING] [0m sparse_attn is not compatible with ROCM
[93m [WARNING] [0m sparse_attn is not compatible with ROCM
[93m [WARNING] [0m sparse_attn is not compatible with ROCM
[93m [WARNING] [0m sparse_attn is not compatible with ROCM
[93m [WARNING] [0m sparse_attn is not compatible with ROCM
[93m [WARNING] [0m sparse_attn is not compatible with ROCM
[93m [WARNING] [0m sparse_attn is not compatible with ROCM
[93m [WARNING] [0m sparse_attn is not compatible with ROCM
[93m [WARNING] [0m sparse_attn is not compatible with ROCM
[93m [WARNING] [0m sparse_attn is not compatible with ROCM
[93m [WARNING] [0m sparse_attn is not compatible with ROCM
[93m [WARNING] [0m sparse_attn is not compatible with ROCM
[93m [WARNING] [0m sparse_attn is not compatible with ROCM
[93m [WARNING] [0m sparse_attn is not compatible with ROCM
[93m [WARNING] [0m sparse_attn is not compatible with ROCM
[93m [WARNING] [0m sparse_attn is not compatible with ROCM
[93m [WARNING] [0m sparse_attn is not compatible with ROCM
[93m [WARNING] [0m sparse_attn is not compatible with ROCM
[93m [WARNING] [0m sparse_attn is not compatible with ROCM
[93m [WARNING] [0m sparse_attn is not compatible with ROCM
[93m [WARNING] [0m sparse_attn is not compatible with ROCM
[93m [WARNING] [0m sparse_attn is not compatible with ROCM
[93m [WARNING] [0m sparse_attn is not compatible with ROCM
[93m [WARNING] [0m sparse_attn is not compatible with ROCM
[93m [WARNING] [0m sparse_attn is not compatible with ROCM
[93m [WARNING] [0m sparse_attn is not compatible with ROCM
[93m [WARNING] [0m sparse_attn is not compatible with ROCM
[93m [WARNING] [0m sparse_attn is not compatible with ROCM
[93m [WARNING] [0m sparse_attn is not compatible with ROCM
[93m [WARNING] [0m sparse_attn is not compatible with ROCM
[93m [WARNING] [0m sparse_attn is not compatible with ROCM
[93m [WARNING] [0m async_io requires the dev libaio .so object and headers but these were not found.
[93m [WARNING] [0m async_io requires the dev libaio .so object and headers but these were not found.
[93m [WARNING] [0m async_io requires the dev libaio .so object and headers but these were not found.
[93m [WARNING] [0m async_io requires the dev libaio .so object and headers but these were not found.
[93m [WARNING] [0m async_io requires the dev libaio .so object and headers but these were not found.
[93m [WARNING] [0m async_io requires the dev libaio .so object and headers but these were not found.
[93m [WARNING] [0m async_io requires the dev libaio .so object and headers but these were not found.
[93m [WARNING] [0m async_io requires the dev libaio .so object and headers but these were not found.
[93m [WARNING] [0m If libaio is already installed (perhaps from source), try setting the CFLAGS and LDFLAGS environment variables to where it can be found.
[93m [WARNING] [0m Please specify the CUTLASS repo directory as environment variable $CUTLASS_PATH
[93m [WARNING] [0m If libaio is already installed (perhaps from source), try setting the CFLAGS and LDFLAGS environment variables to where it can be found.
[93m [WARNING] [0m Please specify the CUTLASS repo directory as environment variable $CUTLASS_PATH
[93m [WARNING] [0m If libaio is already installed (perhaps from source), try setting the CFLAGS and LDFLAGS environment variables to where it can be found.
[93m [WARNING] [0m If libaio is already installed (perhaps from source), try setting the CFLAGS and LDFLAGS environment variables to where it can be found.
[93m [WARNING] [0m Please specify the CUTLASS repo directory as environment variable $CUTLASS_PATH
[93m [WARNING] [0m If libaio is already installed (perhaps from source), try setting the CFLAGS and LDFLAGS environment variables to where it can be found.
[93m [WARNING] [0m Please specify the CUTLASS repo directory as environment variable $CUTLASS_PATH
[93m [WARNING] [0m Please specify the CUTLASS repo directory as environment variable $CUTLASS_PATH
[93m [WARNING] [0m If libaio is already installed (perhaps from source), try setting the CFLAGS and LDFLAGS environment variables to where it can be found.
[93m [WARNING] [0m Please specify the CUTLASS repo directory as environment variable $CUTLASS_PATH
[93m [WARNING] [0m If libaio is already installed (perhaps from source), try setting the CFLAGS and LDFLAGS environment variables to where it can be found.
[93m [WARNING] [0m Please specify the CUTLASS repo directory as environment variable $CUTLASS_PATH
[93m [WARNING] [0m If libaio is already installed (perhaps from source), try setting the CFLAGS and LDFLAGS environment variables to where it can be found.
[93m [WARNING] [0m Please specify the CUTLASS repo directory as environment variable $CUTLASS_PATH
[93m [WARNING] [0m async_io requires the dev libaio .so object and headers but these were not found.
[93m [WARNING] [0m async_io requires the dev libaio .so object and headers but these were not found.
[93m [WARNING] [0m async_io requires the dev libaio .so object and headers but these were not found.
[93m [WARNING] [0m async_io requires the dev libaio .so object and headers but these were not found.
[93m [WARNING] [0m async_io requires the dev libaio .so object and headers but these were not found.
[93m [WARNING] [0m async_io requires the dev libaio .so object and headers but these were not found.
[93m [WARNING] [0m async_io requires the dev libaio .so object and headers but these were not found.
[93m [WARNING] [0m async_io requires the dev libaio .so object and headers but these were not found.
[93m [WARNING] [0m If libaio is already installed (perhaps from source), try setting the CFLAGS and LDFLAGS environment variables to where it can be found.
[93m [WARNING] [0m Please specify the CUTLASS repo directory as environment variable $CUTLASS_PATH
[93m [WARNING] [0m If libaio is already installed (perhaps from source), try setting the CFLAGS and LDFLAGS environment variables to where it can be found.
[93m [WARNING] [0m Please specify the CUTLASS repo directory as environment variable $CUTLASS_PATH
[93m [WARNING] [0m If libaio is already installed (perhaps from source), try setting the CFLAGS and LDFLAGS environment variables to where it can be found.
[93m [WARNING] [0m Please specify the CUTLASS repo directory as environment variable $CUTLASS_PATH
[93m [WARNING] [0m If libaio is already installed (perhaps from source), try setting the CFLAGS and LDFLAGS environment variables to where it can be found.
[93m [WARNING] [0m Please specify the CUTLASS repo directory as environment variable $CUTLASS_PATH
[93m [WARNING] [0m If libaio is already installed (perhaps from source), try setting the CFLAGS and LDFLAGS environment variables to where it can be found.
[93m [WARNING] [0m Please specify the CUTLASS repo directory as environment variable $CUTLASS_PATH
[93m [WARNING] [0m If libaio is already installed (perhaps from source), try setting the CFLAGS and LDFLAGS environment variables to where it can be found.
[93m [WARNING] [0m Please specify the CUTLASS repo directory as environment variable $CUTLASS_PATH
[93m [WARNING] [0m If libaio is already installed (perhaps from source), try setting the CFLAGS and LDFLAGS environment variables to where it can be found.
[93m [WARNING] [0m Please specify the CUTLASS repo directory as environment variable $CUTLASS_PATH
[93m [WARNING] [0m If libaio is already installed (perhaps from source), try setting the CFLAGS and LDFLAGS environment variables to where it can be found.
[93m [WARNING] [0m Please specify the CUTLASS repo directory as environment variable $CUTLASS_PATH
[93m [WARNING] [0m sparse_attn is not compatible with ROCM
[93m [WARNING] [0m sparse_attn is not compatible with ROCM
[93m [WARNING] [0m sparse_attn is not compatible with ROCM
[93m [WARNING] [0m sparse_attn is not compatible with ROCM
[93m [WARNING] [0m sparse_attn is not compatible with ROCM
[93m [WARNING] [0m sparse_attn is not compatible with ROCM
[93m [WARNING] [0m sparse_attn is not compatible with ROCM
[93m [WARNING] [0m sparse_attn is not compatible with ROCM
[93m [WARNING] [0m async_io requires the dev libaio .so object and headers but these were not found.
[93m [WARNING] [0m async_io requires the dev libaio .so object and headers but these were not found.
[93m [WARNING] [0m async_io requires the dev libaio .so object and headers but these were not found.
[93m [WARNING] [0m async_io requires the dev libaio .so object and headers but these were not found.
[93m [WARNING] [0m async_io requires the dev libaio .so object and headers but these were not found.
[93m [WARNING] [0m async_io requires the dev libaio .so object and headers but these were not found.
[93m [WARNING] [0m async_io requires the dev libaio .so object and headers but these were not found.
[93m [WARNING] [0m async_io requires the dev libaio .so object and headers but these were not found.
[93m [WARNING] [0m If libaio is already installed (perhaps from source), try setting the CFLAGS and LDFLAGS environment variables to where it can be found.
[93m [WARNING] [0m If libaio is already installed (perhaps from source), try setting the CFLAGS and LDFLAGS environment variables to where it can be found.
[93m [WARNING] [0m Please specify the CUTLASS repo directory as environment variable $CUTLASS_PATH
[93m [WARNING] [0m Please specify the CUTLASS repo directory as environment variable $CUTLASS_PATH
[93m [WARNING] [0m If libaio is already installed (perhaps from source), try setting the CFLAGS and LDFLAGS environment variables to where it can be found.
[93m [WARNING] [0m Please specify the CUTLASS repo directory as environment variable $CUTLASS_PATH
[93m [WARNING] [0m If libaio is already installed (perhaps from source), try setting the CFLAGS and LDFLAGS environment variables to where it can be found.
[93m [WARNING] [0m Please specify the CUTLASS repo directory as environment variable $CUTLASS_PATH
[93m [WARNING] [0m If libaio is already installed (perhaps from source), try setting the CFLAGS and LDFLAGS environment variables to where it can be found.
[93m [WARNING] [0m Please specify the CUTLASS repo directory as environment variable $CUTLASS_PATH
[93m [WARNING] [0m If libaio is already installed (perhaps from source), try setting the CFLAGS and LDFLAGS environment variables to where it can be found.
[93m [WARNING] [0m Please specify the CUTLASS repo directory as environment variable $CUTLASS_PATH
[93m [WARNING] [0m If libaio is already installed (perhaps from source), try setting the CFLAGS and LDFLAGS environment variables to where it can be found.
[93m [WARNING] [0m Please specify the CUTLASS repo directory as environment variable $CUTLASS_PATH
[93m [WARNING] [0m If libaio is already installed (perhaps from source), try setting the CFLAGS and LDFLAGS environment variables to where it can be found.
[93m [WARNING] [0m Please specify the CUTLASS repo directory as environment variable $CUTLASS_PATH
[93m [WARNING] [0m sparse_attn is not compatible with ROCM
[93m [WARNING] [0m sparse_attn is not compatible with ROCM
[93m [WARNING] [0m sparse_attn is not compatible with ROCM
[93m [WARNING] [0m sparse_attn is not compatible with ROCM
[93m [WARNING] [0m sparse_attn is not compatible with ROCM
[93m [WARNING] [0m sparse_attn is not compatible with ROCM
[93m [WARNING] [0m sparse_attn is not compatible with ROCM
[93m [WARNING] [0m sparse_attn is not compatible with ROCM
[93m [WARNING] [0m async_io requires the dev libaio .so object and headers but these were not found.
[93m [WARNING] [0m async_io requires the dev libaio .so object and headers but these were not found.
[93m [WARNING] [0m async_io requires the dev libaio .so object and headers but these were not found.
[93m [WARNING] [0m async_io requires the dev libaio .so object and headers but these were not found.
[93m [WARNING] [0m async_io requires the dev libaio .so object and headers but these were not found.
[93m [WARNING] [0m async_io requires the dev libaio .so object and headers but these were not found.
[93m [WARNING] [0m async_io requires the dev libaio .so object and headers but these were not found.
[93m [WARNING] [0m async_io requires the dev libaio .so object and headers but these were not found.
[93m [WARNING] [0m sparse_attn is not compatible with ROCM
[93m [WARNING] [0m sparse_attn is not compatible with ROCM
[93m [WARNING] [0m sparse_attn is not compatible with ROCM
[93m [WARNING] [0m sparse_attn is not compatible with ROCM
[93m [WARNING] [0m sparse_attn is not compatible with ROCM
[93m [WARNING] [0m sparse_attn is not compatible with ROCM
[93m [WARNING] [0m sparse_attn is not compatible with ROCM
[93m [WARNING] [0m sparse_attn is not compatible with ROCM
[93m [WARNING] [0m If libaio is already installed (perhaps from source), try setting the CFLAGS and LDFLAGS environment variables to where it can be found.
[93m [WARNING] [0m Please specify the CUTLASS repo directory as environment variable $CUTLASS_PATH
[93m [WARNING] [0m If libaio is already installed (perhaps from source), try setting the CFLAGS and LDFLAGS environment variables to where it can be found.
[93m [WARNING] [0m Please specify the CUTLASS repo directory as environment variable $CUTLASS_PATH
[93m [WARNING] [0m If libaio is already installed (perhaps from source), try setting the CFLAGS and LDFLAGS environment variables to where it can be found.
[93m [WARNING] [0m Please specify the CUTLASS repo directory as environment variable $CUTLASS_PATH
[93m [WARNING] [0m If libaio is already installed (perhaps from source), try setting the CFLAGS and LDFLAGS environment variables to where it can be found.
[93m [WARNING] [0m Please specify the CUTLASS repo directory as environment variable $CUTLASS_PATH
[93m [WARNING] [0m If libaio is already installed (perhaps from source), try setting the CFLAGS and LDFLAGS environment variables to where it can be found.
[93m [WARNING] [0m Please specify the CUTLASS repo directory as environment variable $CUTLASS_PATH
[93m [WARNING] [0m If libaio is already installed (perhaps from source), try setting the CFLAGS and LDFLAGS environment variables to where it can be found.
[93m [WARNING] [0m Please specify the CUTLASS repo directory as environment variable $CUTLASS_PATH
[93m [WARNING] [0m If libaio is already installed (perhaps from source), try setting the CFLAGS and LDFLAGS environment variables to where it can be found.
[93m [WARNING] [0m Please specify the CUTLASS repo directory as environment variable $CUTLASS_PATH
[93m [WARNING] [0m If libaio is already installed (perhaps from source), try setting the CFLAGS and LDFLAGS environment variables to where it can be found.
[93m [WARNING] [0m Please specify the CUTLASS repo directory as environment variable $CUTLASS_PATH
[93m [WARNING] [0m async_io requires the dev libaio .so object and headers but these were not found.
[93m [WARNING] [0m async_io requires the dev libaio .so object and headers but these were not found.
[93m [WARNING] [0m async_io requires the dev libaio .so object and headers but these were not found.
[93m [WARNING] [0m async_io requires the dev libaio .so object and headers but these were not found.
[93m [WARNING] [0m async_io requires the dev libaio .so object and headers but these were not found.
[93m [WARNING] [0m async_io requires the dev libaio .so object and headers but these were not found.
[93m [WARNING] [0m async_io requires the dev libaio .so object and headers but these were not found.
[93m [WARNING] [0m async_io requires the dev libaio .so object and headers but these were not found.
[93m [WARNING] [0m If libaio is already installed (perhaps from source), try setting the CFLAGS and LDFLAGS environment variables to where it can be found.
[93m [WARNING] [0m Please specify the CUTLASS repo directory as environment variable $CUTLASS_PATH
[93m [WARNING] [0m If libaio is already installed (perhaps from source), try setting the CFLAGS and LDFLAGS environment variables to where it can be found.
[93m [WARNING] [0m Please specify the CUTLASS repo directory as environment variable $CUTLASS_PATH
[93m [WARNING] [0m If libaio is already installed (perhaps from source), try setting the CFLAGS and LDFLAGS environment variables to where it can be found.
[93m [WARNING] [0m Please specify the CUTLASS repo directory as environment variable $CUTLASS_PATH
[93m [WARNING] [0m If libaio is already installed (perhaps from source), try setting the CFLAGS and LDFLAGS environment variables to where it can be found.
[93m [WARNING] [0m Please specify the CUTLASS repo directory as environment variable $CUTLASS_PATH
[93m [WARNING] [0m If libaio is already installed (perhaps from source), try setting the CFLAGS and LDFLAGS environment variables to where it can be found.
[93m [WARNING] [0m Please specify the CUTLASS repo directory as environment variable $CUTLASS_PATH
[93m [WARNING] [0m async_io requires the dev libaio .so object and headers but these were not found.
[93m [WARNING] [0m async_io requires the dev libaio .so object and headers but these were not found.
[93m [WARNING] [0m async_io requires the dev libaio .so object and headers but these were not found.
[93m [WARNING] [0m async_io requires the dev libaio .so object and headers but these were not found.
[93m [WARNING] [0m async_io requires the dev libaio .so object and headers but these were not found.
[93m [WARNING] [0m async_io requires the dev libaio .so object and headers but these were not found.
[93m [WARNING] [0m async_io requires the dev libaio .so object and headers but these were not found.
[93m [WARNING] [0m async_io requires the dev libaio .so object and headers but these were not found.
[93m [WARNING] [0m If libaio is already installed (perhaps from source), try setting the CFLAGS and LDFLAGS environment variables to where it can be found.
[93m [WARNING] [0m Please specify the CUTLASS repo directory as environment variable $CUTLASS_PATH
[93m [WARNING] [0m If libaio is already installed (perhaps from source), try setting the CFLAGS and LDFLAGS environment variables to where it can be found.
[93m [WARNING] [0m Please specify the CUTLASS repo directory as environment variable $CUTLASS_PATH
[93m [WARNING] [0m If libaio is already installed (perhaps from source), try setting the CFLAGS and LDFLAGS environment variables to where it can be found.
[93m [WARNING] [0m Please specify the CUTLASS repo directory as environment variable $CUTLASS_PATH
[93m [WARNING] [0m If libaio is already installed (perhaps from source), try setting the CFLAGS and LDFLAGS environment variables to where it can be found.
[93m [WARNING] [0m Please specify the CUTLASS repo directory as environment variable $CUTLASS_PATH
[93m [WARNING] [0m If libaio is already installed (perhaps from source), try setting the CFLAGS and LDFLAGS environment variables to where it can be found.
[93m [WARNING] [0m Please specify the CUTLASS repo directory as environment variable $CUTLASS_PATH
[93m [WARNING] [0m If libaio is already installed (perhaps from source), try setting the CFLAGS and LDFLAGS environment variables to where it can be found.
[93m [WARNING] [0m Please specify the CUTLASS repo directory as environment variable $CUTLASS_PATH
[93m [WARNING] [0m If libaio is already installed (perhaps from source), try setting the CFLAGS and LDFLAGS environment variables to where it can be found.
[93m [WARNING] [0m Please specify the CUTLASS repo directory as environment variable $CUTLASS_PATH
[93m [WARNING] [0m If libaio is already installed (perhaps from source), try setting the CFLAGS and LDFLAGS environment variables to where it can be found.
[93m [WARNING] [0m Please specify the CUTLASS repo directory as environment variable $CUTLASS_PATH
[93m [WARNING] [0m If libaio is already installed (perhaps from source), try setting the CFLAGS and LDFLAGS environment variables to where it can be found.
[93m [WARNING] [0m Please specify the CUTLASS repo directory as environment variable $CUTLASS_PATH
[93m [WARNING] [0m If libaio is already installed (perhaps from source), try setting the CFLAGS and LDFLAGS environment variables to where it can be found.
[93m [WARNING] [0m Please specify the CUTLASS repo directory as environment variable $CUTLASS_PATH
[93m [WARNING] [0m If libaio is already installed (perhaps from source), try setting the CFLAGS and LDFLAGS environment variables to where it can be found.
[93m [WARNING] [0m Please specify the CUTLASS repo directory as environment variable $CUTLASS_PATH
[93m [WARNING] [0m sparse_attn is not compatible with ROCM
[93m [WARNING] [0m sparse_attn is not compatible with ROCM
[93m [WARNING] [0m sparse_attn is not compatible with ROCM
[93m [WARNING] [0m sparse_attn is not compatible with ROCM
[93m [WARNING] [0m sparse_attn is not compatible with ROCM
[93m [WARNING] [0m sparse_attn is not compatible with ROCM
[93m [WARNING] [0m sparse_attn is not compatible with ROCM
[93m [WARNING] [0m sparse_attn is not compatible with ROCM
[93m [WARNING] [0m sparse_attn is not compatible with ROCM
[93m [WARNING] [0m sparse_attn is not compatible with ROCM
[93m [WARNING] [0m sparse_attn is not compatible with ROCM
[93m [WARNING] [0m sparse_attn is not compatible with ROCM
[93m [WARNING] [0m sparse_attn is not compatible with ROCM
[93m [WARNING] [0m sparse_attn is not compatible with ROCM
[93m [WARNING] [0m sparse_attn is not compatible with ROCM
[93m [WARNING] [0m sparse_attn is not compatible with ROCM
[93m [WARNING] [0m sparse_attn is not compatible with ROCM
[93m [WARNING] [0m sparse_attn is not compatible with ROCM
[93m [WARNING] [0m sparse_attn is not compatible with ROCM
[93m [WARNING] [0m sparse_attn is not compatible with ROCM
[93m [WARNING] [0m sparse_attn is not compatible with ROCM
[93m [WARNING] [0m sparse_attn is not compatible with ROCM
[93m [WARNING] [0m sparse_attn is not compatible with ROCM
[93m [WARNING] [0m sparse_attn is not compatible with ROCM
[93m [WARNING] [0m async_io requires the dev libaio .so object and headers but these were not found.
[93m [WARNING] [0m async_io requires the dev libaio .so object and headers but these were not found.
[93m [WARNING] [0m async_io requires the dev libaio .so object and headers but these were not found.
[93m [WARNING] [0m async_io requires the dev libaio .so object and headers but these were not found.
[93m [WARNING] [0m async_io requires the dev libaio .so object and headers but these were not found.
[93m [WARNING] [0m async_io requires the dev libaio .so object and headers but these were not found.
[93m [WARNING] [0m async_io requires the dev libaio .so object and headers but these were not found.
[93m [WARNING] [0m async_io requires the dev libaio .so object and headers but these were not found.
[93m [WARNING] [0m If libaio is already installed (perhaps from source), try setting the CFLAGS and LDFLAGS environment variables to where it can be found.
[93m [WARNING] [0m Please specify the CUTLASS repo directory as environment variable $CUTLASS_PATH
[93m [WARNING] [0m If libaio is already installed (perhaps from source), try setting the CFLAGS and LDFLAGS environment variables to where it can be found.
[93m [WARNING] [0m Please specify the CUTLASS repo directory as environment variable $CUTLASS_PATH
[93m [WARNING] [0m If libaio is already installed (perhaps from source), try setting the CFLAGS and LDFLAGS environment variables to where it can be found.
[93m [WARNING] [0m Please specify the CUTLASS repo directory as environment variable $CUTLASS_PATH
[93m [WARNING] [0m If libaio is already installed (perhaps from source), try setting the CFLAGS and LDFLAGS environment variables to where it can be found.
[93m [WARNING] [0m Please specify the CUTLASS repo directory as environment variable $CUTLASS_PATH
[93m [WARNING] [0m If libaio is already installed (perhaps from source), try setting the CFLAGS and LDFLAGS environment variables to where it can be found.
[93m [WARNING] [0m Please specify the CUTLASS repo directory as environment variable $CUTLASS_PATH
[93m [WARNING] [0m If libaio is already installed (perhaps from source), try setting the CFLAGS and LDFLAGS environment variables to where it can be found.
[93m [WARNING] [0m Please specify the CUTLASS repo directory as environment variable $CUTLASS_PATH
[93m [WARNING] [0m If libaio is already installed (perhaps from source), try setting the CFLAGS and LDFLAGS environment variables to where it can be found.
[93m [WARNING] [0m Please specify the CUTLASS repo directory as environment variable $CUTLASS_PATH
[93m [WARNING] [0m If libaio is already installed (perhaps from source), try setting the CFLAGS and LDFLAGS environment variables to where it can be found.
[93m [WARNING] [0m Please specify the CUTLASS repo directory as environment variable $CUTLASS_PATH
[2024-08-07 23:52:29,159] [INFO] [comm.py:637:init_distributed] cdb=None
[2024-08-07 23:52:29,159] [INFO] [comm.py:637:init_distributed] cdb=None
[2024-08-07 23:52:29,159] [INFO] [comm.py:637:init_distributed] cdb=None
[2024-08-07 23:52:29,159] [INFO] [comm.py:637:init_distributed] cdb=None
[2024-08-07 23:52:29,159] [INFO] [comm.py:637:init_distributed] cdb=None
[2024-08-07 23:52:29,159] [INFO] [comm.py:637:init_distributed] cdb=None
[2024-08-07 23:52:29,159] [INFO] [comm.py:637:init_distributed] cdb=None
[2024-08-07 23:52:29,159] [INFO] [comm.py:637:init_distributed] cdb=None
[W socket.cpp:697] [c10d] The client socket cannot be initialized to connect to [frontier05120.frontier.olcf.ornl.gov]:8889 (errno: 97 - Address family not supported by protocol).
[W socket.cpp:697] [c10d] The client socket cannot be initialized to connect to [frontier05120.frontier.olcf.ornl.gov]:8889 (errno: 97 - Address family not supported by protocol).
[W socket.cpp:697] [c10d] The client socket cannot be initialized to connect to [frontier05120.frontier.olcf.ornl.gov]:8889 (errno: 97 - Address family not supported by protocol).
[W socket.cpp:697] [c10d] The client socket cannot be initialized to connect to [frontier05120.frontier.olcf.ornl.gov]:8889 (errno: 97 - Address family not supported by protocol).
[W socket.cpp:697] [c10d] The client socket cannot be initialized to connect to [frontier05120.frontier.olcf.ornl.gov]:8889 (errno: 97 - Address family not supported by protocol).
[W socket.cpp:697] [c10d] The client socket cannot be initialized to connect to [frontier05120.frontier.olcf.ornl.gov]:8889 (errno: 97 - Address family not supported by protocol).
[W socket.cpp:697] [c10d] The client socket cannot be initialized to connect to [frontier05120.frontier.olcf.ornl.gov]:8889 (errno: 97 - Address family not supported by protocol).
[W socket.cpp:697] [c10d] The client socket cannot be initialized to connect to [frontier05120.frontier.olcf.ornl.gov]:8889 (errno: 97 - Address family not supported by protocol).
[93m [WARNING] [0m sparse_attn is not compatible with ROCM
[93m [WARNING] [0m sparse_attn is not compatible with ROCM
[93m [WARNING] [0m sparse_attn is not compatible with ROCM
[93m [WARNING] [0m sparse_attn is not compatible with ROCM
[93m [WARNING] [0m sparse_attn is not compatible with ROCM
[93m [WARNING] [0m sparse_attn is not compatible with ROCM
[93m [WARNING] [0m sparse_attn is not compatible with ROCM
[93m [WARNING] [0m sparse_attn is not compatible with ROCM
[2024-08-07 23:52:33,248] [INFO] [comm.py:637:init_distributed] cdb=None
[2024-08-07 23:52:33,248] [INFO] [comm.py:637:init_distributed] cdb=None
[2024-08-07 23:52:33,248] [INFO] [comm.py:637:init_distributed] cdb=None
[2024-08-07 23:52:33,248] [INFO] [comm.py:637:init_distributed] cdb=None
[2024-08-07 23:52:33,248] [INFO] [comm.py:637:init_distributed] cdb=None
[2024-08-07 23:52:33,248] [INFO] [comm.py:637:init_distributed] cdb=None
[2024-08-07 23:52:33,248] [INFO] [comm.py:637:init_distributed] cdb=None
[2024-08-07 23:52:33,248] [INFO] [comm.py:637:init_distributed] cdb=None
[W socket.cpp:697] [c10d] The client socket cannot be initialized to connect to [frontier05120.frontier.olcf.ornl.gov]:8889 (errno: 97 - Address family not supported by protocol).
[W socket.cpp:697] [c10d] The client socket cannot be initialized to connect to [frontier05120.frontier.olcf.ornl.gov]:8889 (errno: 97 - Address family not supported by protocol).
[W socket.cpp:697] [c10d] The client socket cannot be initialized to connect to [frontier05120.frontier.olcf.ornl.gov]:8889 (errno: 97 - Address family not supported by protocol).
[W socket.cpp:697] [c10d] The client socket cannot be initialized to connect to [frontier05120.frontier.olcf.ornl.gov]:8889 (errno: 97 - Address family not supported by protocol).
[W socket.cpp:697] [c10d] The client socket cannot be initialized to connect to [frontier05120.frontier.olcf.ornl.gov]:8889 (errno: 97 - Address family not supported by protocol).
[W socket.cpp:697] [c10d] The client socket cannot be initialized to connect to [frontier05120.frontier.olcf.ornl.gov]:8889 (errno: 97 - Address family not supported by protocol).
[W socket.cpp:697] [c10d] The client socket cannot be initialized to connect to [frontier05120.frontier.olcf.ornl.gov]:8889 (errno: 97 - Address family not supported by protocol).
[W socket.cpp:697] [c10d] The client socket cannot be initialized to connect to [frontier05120.frontier.olcf.ornl.gov]:8889 (errno: 97 - Address family not supported by protocol).
[2024-08-07 23:52:33,484] [INFO] [comm.py:637:init_distributed] cdb=None
[2024-08-07 23:52:33,484] [INFO] [comm.py:637:init_distributed] cdb=None
[2024-08-07 23:52:33,484] [INFO] [comm.py:637:init_distributed] cdb=None
[2024-08-07 23:52:33,484] [INFO] [comm.py:637:init_distributed] cdb=None
[2024-08-07 23:52:33,484] [INFO] [comm.py:637:init_distributed] cdb=None
[2024-08-07 23:52:33,484] [INFO] [comm.py:637:init_distributed] cdb=None
[2024-08-07 23:52:33,484] [INFO] [comm.py:637:init_distributed] cdb=None
[2024-08-07 23:52:33,484] [INFO] [comm.py:637:init_distributed] cdb=None
[W socket.cpp:697] [c10d] The client socket cannot be initialized to connect to [frontier05120.frontier.olcf.ornl.gov]:8889 (errno: 97 - Address family not supported by protocol).
[W socket.cpp:697] [c10d] The client socket cannot be initialized to connect to [frontier05120.frontier.olcf.ornl.gov]:8889 (errno: 97 - Address family not supported by protocol).
[W socket.cpp:697] [c10d] The client socket cannot be initialized to connect to [frontier05120.frontier.olcf.ornl.gov]:8889 (errno: 97 - Address family not supported by protocol).
[W socket.cpp:697] [c10d] The client socket cannot be initialized to connect to [frontier05120.frontier.olcf.ornl.gov]:8889 (errno: 97 - Address family not supported by protocol).
[W socket.cpp:697] [c10d] The client socket cannot be initialized to connect to [frontier05120.frontier.olcf.ornl.gov]:8889 (errno: 97 - Address family not supported by protocol).
[W socket.cpp:697] [c10d] The client socket cannot be initialized to connect to [frontier05120.frontier.olcf.ornl.gov]:8889 (errno: 97 - Address family not supported by protocol).
[W socket.cpp:697] [c10d] The client socket cannot be initialized to connect to [frontier05120.frontier.olcf.ornl.gov]:8889 (errno: 97 - Address family not supported by protocol).
[W socket.cpp:697] [c10d] The client socket cannot be initialized to connect to [frontier05120.frontier.olcf.ornl.gov]:8889 (errno: 97 - Address family not supported by protocol).
[2024-08-07 23:52:34,232] [INFO] [comm.py:637:init_distributed] cdb=None
[2024-08-07 23:52:34,232] [INFO] [comm.py:637:init_distributed] cdb=None
[2024-08-07 23:52:34,232] [INFO] [comm.py:637:init_distributed] cdb=None
[2024-08-07 23:52:34,232] [INFO] [comm.py:637:init_distributed] cdb=None
[2024-08-07 23:52:34,232] [INFO] [comm.py:637:init_distributed] cdb=None
[2024-08-07 23:52:34,232] [INFO] [comm.py:637:init_distributed] cdb=None
[2024-08-07 23:52:34,232] [INFO] [comm.py:637:init_distributed] cdb=None
[2024-08-07 23:52:34,232] [INFO] [comm.py:637:init_distributed] cdb=None
[2024-08-07 23:52:34,255] [INFO] [comm.py:637:init_distributed] cdb=None
[2024-08-07 23:52:34,255] [INFO] [comm.py:637:init_distributed] cdb=None
[2024-08-07 23:52:34,255] [INFO] [comm.py:637:init_distributed] cdb=None
[2024-08-07 23:52:34,255] [INFO] [comm.py:637:init_distributed] cdb=None
[2024-08-07 23:52:34,255] [INFO] [comm.py:637:init_distributed] cdb=None
[2024-08-07 23:52:34,255] [INFO] [comm.py:637:init_distributed] cdb=None
[2024-08-07 23:52:34,255] [INFO] [comm.py:637:init_distributed] cdb=None
[2024-08-07 23:52:34,255] [INFO] [comm.py:637:init_distributed] cdb=None
[W socket.cpp:697] [c10d] The client socket cannot be initialized to connect to [frontier05120.frontier.olcf.ornl.gov]:8889 (errno: 97 - Address family not supported by protocol).
[W socket.cpp:697] [c10d] The client socket cannot be initialized to connect to [frontier05120.frontier.olcf.ornl.gov]:8889 (errno: 97 - Address family not supported by protocol).
[W socket.cpp:697] [c10d] The client socket cannot be initialized to connect to [frontier05120.frontier.olcf.ornl.gov]:8889 (errno: 97 - Address family not supported by protocol).
[W socket.cpp:697] [c10d] The client socket cannot be initialized to connect to [frontier05120.frontier.olcf.ornl.gov]:8889 (errno: 97 - Address family not supported by protocol).
[W socket.cpp:697] [c10d] The client socket cannot be initialized to connect to [frontier05120.frontier.olcf.ornl.gov]:8889 (errno: 97 - Address family not supported by protocol).
[W socket.cpp:697] [c10d] The client socket cannot be initialized to connect to [frontier05120.frontier.olcf.ornl.gov]:8889 (errno: 97 - Address family not supported by protocol).
[W socket.cpp:697] [c10d] The client socket cannot be initialized to connect to [frontier05120.frontier.olcf.ornl.gov]:8889 (errno: 97 - Address family not supported by protocol).
[W socket.cpp:697] [c10d] The client socket cannot be initialized to connect to [frontier05120.frontier.olcf.ornl.gov]:8889 (errno: 97 - Address family not supported by protocol).
[W socket.cpp:697] [c10d] The client socket cannot be initialized to connect to [frontier05120.frontier.olcf.ornl.gov]:8889 (errno: 97 - Address family not supported by protocol).
[W socket.cpp:697] [c10d] The client socket cannot be initialized to connect to [frontier05120.frontier.olcf.ornl.gov]:8889 (errno: 97 - Address family not supported by protocol).
[W socket.cpp:697] [c10d] The client socket cannot be initialized to connect to [frontier05120.frontier.olcf.ornl.gov]:8889 (errno: 97 - Address family not supported by protocol).
[W socket.cpp:697] [c10d] The client socket cannot be initialized to connect to [frontier05120.frontier.olcf.ornl.gov]:8889 (errno: 97 - Address family not supported by protocol).
[W socket.cpp:697] [c10d] The client socket cannot be initialized to connect to [frontier05120.frontier.olcf.ornl.gov]:8889 (errno: 97 - Address family not supported by protocol).
[W socket.cpp:697] [c10d] The client socket cannot be initialized to connect to [frontier05120.frontier.olcf.ornl.gov]:8889 (errno: 97 - Address family not supported by protocol).
[W socket.cpp:697] [c10d] The client socket cannot be initialized to connect to [frontier05120.frontier.olcf.ornl.gov]:8889 (errno: 97 - Address family not supported by protocol).
[W socket.cpp:697] [c10d] The client socket cannot be initialized to connect to [frontier05120.frontier.olcf.ornl.gov]:8889 (errno: 97 - Address family not supported by protocol).
[2024-08-07 23:52:41,655] [INFO] [comm.py:637:init_distributed] cdb=None
[2024-08-07 23:52:41,655] [INFO] [comm.py:637:init_distributed] cdb=None
[2024-08-07 23:52:41,655] [INFO] [comm.py:637:init_distributed] cdb=None
[2024-08-07 23:52:41,655] [INFO] [comm.py:637:init_distributed] cdb=None
[2024-08-07 23:52:41,655] [INFO] [comm.py:637:init_distributed] cdb=None
[2024-08-07 23:52:41,655] [INFO] [comm.py:637:init_distributed] cdb=None
[2024-08-07 23:52:41,655] [INFO] [comm.py:637:init_distributed] cdb=None
[2024-08-07 23:52:41,655] [INFO] [comm.py:637:init_distributed] cdb=None
[W socket.cpp:697] [c10d] The client socket cannot be initialized to connect to [frontier05120.frontier.olcf.ornl.gov]:8889 (errno: 97 - Address family not supported by protocol).
[W socket.cpp:697] [c10d] The client socket cannot be initialized to connect to [frontier05120.frontier.olcf.ornl.gov]:8889 (errno: 97 - Address family not supported by protocol).
[W socket.cpp:697] [c10d] The client socket cannot be initialized to connect to [frontier05120.frontier.olcf.ornl.gov]:8889 (errno: 97 - Address family not supported by protocol).
[W socket.cpp:697] [c10d] The client socket cannot be initialized to connect to [frontier05120.frontier.olcf.ornl.gov]:8889 (errno: 97 - Address family not supported by protocol).
[W socket.cpp:697] [c10d] The client socket cannot be initialized to connect to [frontier05120.frontier.olcf.ornl.gov]:8889 (errno: 97 - Address family not supported by protocol).
[W socket.cpp:697] [c10d] The client socket cannot be initialized to connect to [frontier05120.frontier.olcf.ornl.gov]:8889 (errno: 97 - Address family not supported by protocol).
[W socket.cpp:697] [c10d] The client socket cannot be initialized to connect to [frontier05120.frontier.olcf.ornl.gov]:8889 (errno: 97 - Address family not supported by protocol).
[W socket.cpp:697] [c10d] The client socket cannot be initialized to connect to [frontier05120.frontier.olcf.ornl.gov]:8889 (errno: 97 - Address family not supported by protocol).
[2024-08-07 23:52:43,925] [INFO] [comm.py:637:init_distributed] cdb=None
[2024-08-07 23:52:43,925] [INFO] [comm.py:637:init_distributed] cdb=None
[2024-08-07 23:52:43,925] [INFO] [comm.py:637:init_distributed] cdb=None
[2024-08-07 23:52:43,925] [INFO] [comm.py:637:init_distributed] cdb=None
[2024-08-07 23:52:43,925] [INFO] [comm.py:637:init_distributed] cdb=None
[2024-08-07 23:52:43,925] [INFO] [comm.py:637:init_distributed] cdb=None
[2024-08-07 23:52:43,925] [INFO] [comm.py:637:init_distributed] cdb=None
[2024-08-07 23:52:43,925] [INFO] [comm.py:637:init_distributed] cdb=None
[W socket.cpp:697] [c10d] The client socket cannot be initialized to connect to [frontier05120.frontier.olcf.ornl.gov]:8889 (errno: 97 - Address family not supported by protocol).
[W socket.cpp:697] [c10d] The client socket cannot be initialized to connect to [frontier05120.frontier.olcf.ornl.gov]:8889 (errno: 97 - Address family not supported by protocol).
[W socket.cpp:697] [c10d] The client socket cannot be initialized to connect to [frontier05120.frontier.olcf.ornl.gov]:8889 (errno: 97 - Address family not supported by protocol).
[W socket.cpp:697] [c10d] The client socket cannot be initialized to connect to [frontier05120.frontier.olcf.ornl.gov]:8889 (errno: 97 - Address family not supported by protocol).
[W socket.cpp:697] [c10d] The client socket cannot be initialized to connect to [frontier05120.frontier.olcf.ornl.gov]:8889 (errno: 97 - Address family not supported by protocol).
[W socket.cpp:697] [c10d] The client socket cannot be initialized to connect to [frontier05120.frontier.olcf.ornl.gov]:8889 (errno: 97 - Address family not supported by protocol).
[W socket.cpp:697] [c10d] The client socket cannot be initialized to connect to [frontier05120.frontier.olcf.ornl.gov]:8889 (errno: 97 - Address family not supported by protocol).
[W socket.cpp:697] [c10d] The client socket cannot be initialized to connect to [frontier05120.frontier.olcf.ornl.gov]:8889 (errno: 97 - Address family not supported by protocol).
[2024-08-07 23:52:44,095] [INFO] [comm.py:637:init_distributed] cdb=None
[2024-08-07 23:52:44,095] [INFO] [comm.py:637:init_distributed] cdb=None
[2024-08-07 23:52:44,095] [INFO] [comm.py:637:init_distributed] cdb=None
[2024-08-07 23:52:44,095] [INFO] [comm.py:637:init_distributed] cdb=None
[2024-08-07 23:52:44,095] [INFO] [comm.py:637:init_distributed] cdb=None
[2024-08-07 23:52:44,095] [INFO] [comm.py:637:init_distributed] cdb=None
[2024-08-07 23:52:44,095] [INFO] [comm.py:637:init_distributed] cdb=None
[2024-08-07 23:52:44,095] [INFO] [comm.py:637:init_distributed] cdb=None
[W socket.cpp:697] [c10d] The client socket cannot be initialized to connect to [frontier05120.frontier.olcf.ornl.gov]:8889 (errno: 97 - Address family not supported by protocol).
[W socket.cpp:697] [c10d] The client socket cannot be initialized to connect to [frontier05120.frontier.olcf.ornl.gov]:8889 (errno: 97 - Address family not supported by protocol).
[W socket.cpp:697] [c10d] The client socket cannot be initialized to connect to [frontier05120.frontier.olcf.ornl.gov]:8889 (errno: 97 - Address family not supported by protocol).
[W socket.cpp:697] [c10d] The client socket cannot be initialized to connect to [frontier05120.frontier.olcf.ornl.gov]:8889 (errno: 97 - Address family not supported by protocol).
[W socket.cpp:697] [c10d] The client socket cannot be initialized to connect to [frontier05120.frontier.olcf.ornl.gov]:8889 (errno: 97 - Address family not supported by protocol).
[W socket.cpp:697] [c10d] The client socket cannot be initialized to connect to [frontier05120.frontier.olcf.ornl.gov]:8889 (errno: 97 - Address family not supported by protocol).
[W socket.cpp:697] [c10d] The client socket cannot be initialized to connect to [frontier05120.frontier.olcf.ornl.gov]:8889 (errno: 97 - Address family not supported by protocol).
[W socket.cpp:697] [c10d] The client socket cannot be initialized to connect to [frontier05120.frontier.olcf.ornl.gov]:8889 (errno: 97 - Address family not supported by protocol).
[2024-08-07 23:52:44,558] [INFO] [comm.py:637:init_distributed] cdb=None
[2024-08-07 23:52:44,558] [INFO] [comm.py:637:init_distributed] cdb=None
[2024-08-07 23:52:44,558] [INFO] [comm.py:637:init_distributed] cdb=None
[2024-08-07 23:52:44,558] [INFO] [comm.py:637:init_distributed] cdb=None
[2024-08-07 23:52:44,558] [INFO] [comm.py:637:init_distributed] cdb=None
[2024-08-07 23:52:44,558] [INFO] [comm.py:637:init_distributed] cdb=None
[2024-08-07 23:52:44,558] [INFO] [comm.py:637:init_distributed] cdb=None
[2024-08-07 23:52:44,558] [INFO] [comm.py:637:init_distributed] cdb=None
[W socket.cpp:697] [c10d] The client socket cannot be initialized to connect to [frontier05120.frontier.olcf.ornl.gov]:8889 (errno: 97 - Address family not supported by protocol).
[W socket.cpp:697] [c10d] The client socket cannot be initialized to connect to [frontier05120.frontier.olcf.ornl.gov]:8889 (errno: 97 - Address family not supported by protocol).
[W socket.cpp:697] [c10d] The client socket cannot be initialized to connect to [frontier05120.frontier.olcf.ornl.gov]:8889 (errno: 97 - Address family not supported by protocol).
[W socket.cpp:697] [c10d] The client socket cannot be initialized to connect to [frontier05120.frontier.olcf.ornl.gov]:8889 (errno: 97 - Address family not supported by protocol).
[W socket.cpp:697] [c10d] The client socket cannot be initialized to connect to [frontier05120.frontier.olcf.ornl.gov]:8889 (errno: 97 - Address family not supported by protocol).
[W socket.cpp:697] [c10d] The client socket cannot be initialized to connect to [frontier05120.frontier.olcf.ornl.gov]:8889 (errno: 97 - Address family not supported by protocol).
[W socket.cpp:697] [c10d] The client socket cannot be initialized to connect to [frontier05120.frontier.olcf.ornl.gov]:8889 (errno: 97 - Address family not supported by protocol).
[W socket.cpp:697] [c10d] The client socket cannot be initialized to connect to [frontier05120.frontier.olcf.ornl.gov]:8889 (errno: 97 - Address family not supported by protocol).
[2024-08-07 23:53:05,199] [INFO] [comm.py:637:init_distributed] cdb=None
[2024-08-07 23:53:05,199] [INFO] [comm.py:637:init_distributed] cdb=None
[2024-08-07 23:53:05,199] [INFO] [comm.py:637:init_distributed] cdb=None
[2024-08-07 23:53:05,199] [INFO] [comm.py:637:init_distributed] cdb=None
[2024-08-07 23:53:05,199] [INFO] [comm.py:637:init_distributed] cdb=None
[2024-08-07 23:53:05,199] [INFO] [comm.py:637:init_distributed] cdb=None
[2024-08-07 23:53:05,199] [INFO] [comm.py:637:init_distributed] cdb=None
[2024-08-07 23:53:05,199] [INFO] [comm.py:637:init_distributed] cdb=None
[W socket.cpp:697] [c10d] The client socket cannot be initialized to connect to [frontier05120.frontier.olcf.ornl.gov]:8889 (errno: 97 - Address family not supported by protocol).
[W socket.cpp:697] [c10d] The client socket cannot be initialized to connect to [frontier05120.frontier.olcf.ornl.gov]:8889 (errno: 97 - Address family not supported by protocol).
[W socket.cpp:697] [c10d] The client socket cannot be initialized to connect to [frontier05120.frontier.olcf.ornl.gov]:8889 (errno: 97 - Address family not supported by protocol).
[W socket.cpp:697] [c10d] The client socket cannot be initialized to connect to [frontier05120.frontier.olcf.ornl.gov]:8889 (errno: 97 - Address family not supported by protocol).
[W socket.cpp:697] [c10d] The client socket cannot be initialized to connect to [frontier05120.frontier.olcf.ornl.gov]:8889 (errno: 97 - Address family not supported by protocol).
[W socket.cpp:697] [c10d] The client socket cannot be initialized to connect to [frontier05120.frontier.olcf.ornl.gov]:8889 (errno: 97 - Address family not supported by protocol).
[W socket.cpp:697] [c10d] The client socket cannot be initialized to connect to [frontier05120.frontier.olcf.ornl.gov]:8889 (errno: 97 - Address family not supported by protocol).
[W socket.cpp:697] [c10d] The client socket cannot be initialized to connect to [frontier05120.frontier.olcf.ornl.gov]:8889 (errno: 97 - Address family not supported by protocol).
[2024-08-07 23:53:09,671] [INFO] [comm.py:637:init_distributed] cdb=None
[2024-08-07 23:53:09,671] [INFO] [comm.py:637:init_distributed] cdb=None
[2024-08-07 23:53:09,671] [INFO] [comm.py:637:init_distributed] cdb=None
[2024-08-07 23:53:09,671] [INFO] [comm.py:637:init_distributed] cdb=None
[2024-08-07 23:53:09,671] [INFO] [comm.py:637:init_distributed] cdb=None
[2024-08-07 23:53:09,671] [INFO] [comm.py:637:init_distributed] cdb=None
[2024-08-07 23:53:09,671] [INFO] [comm.py:637:init_distributed] cdb=None
[2024-08-07 23:53:09,671] [INFO] [comm.py:637:init_distributed] cdb=None
[W socket.cpp:697] [c10d] The client socket cannot be initialized to connect to [frontier05120.frontier.olcf.ornl.gov]:8889 (errno: 97 - Address family not supported by protocol).
[W socket.cpp:697] [c10d] The client socket cannot be initialized to connect to [frontier05120.frontier.olcf.ornl.gov]:8889 (errno: 97 - Address family not supported by protocol).
[W socket.cpp:697] [c10d] The client socket cannot be initialized to connect to [frontier05120.frontier.olcf.ornl.gov]:8889 (errno: 97 - Address family not supported by protocol).
[W socket.cpp:697] [c10d] The client socket cannot be initialized to connect to [frontier05120.frontier.olcf.ornl.gov]:8889 (errno: 97 - Address family not supported by protocol).
[W socket.cpp:697] [c10d] The client socket cannot be initialized to connect to [frontier05120.frontier.olcf.ornl.gov]:8889 (errno: 97 - Address family not supported by protocol).
[W socket.cpp:697] [c10d] The client socket cannot be initialized to connect to [frontier05120.frontier.olcf.ornl.gov]:8889 (errno: 97 - Address family not supported by protocol).
[W socket.cpp:697] [c10d] The client socket cannot be initialized to connect to [frontier05120.frontier.olcf.ornl.gov]:8889 (errno: 97 - Address family not supported by protocol).
[W socket.cpp:697] [c10d] The client socket cannot be initialized to connect to [frontier05120.frontier.olcf.ornl.gov]:8889 (errno: 97 - Address family not supported by protocol).
[2024-08-07 23:53:10,601] [INFO] [comm.py:637:init_distributed] cdb=None
[2024-08-07 23:53:10,601] [INFO] [comm.py:637:init_distributed] cdb=None
[2024-08-07 23:53:10,601] [INFO] [comm.py:637:init_distributed] cdb=None
[2024-08-07 23:53:10,601] [INFO] [comm.py:637:init_distributed] cdb=None
[2024-08-07 23:53:10,601] [INFO] [comm.py:637:init_distributed] cdb=None
[2024-08-07 23:53:10,601] [INFO] [comm.py:637:init_distributed] cdb=None
[2024-08-07 23:53:10,601] [INFO] [comm.py:637:init_distributed] cdb=None
[2024-08-07 23:53:10,601] [INFO] [comm.py:637:init_distributed] cdb=None
[W socket.cpp:697] [c10d] The client socket cannot be initialized to connect to [frontier05120.frontier.olcf.ornl.gov]:8889 (errno: 97 - Address family not supported by protocol).
[W socket.cpp:697] [c10d] The client socket cannot be initialized to connect to [frontier05120.frontier.olcf.ornl.gov]:8889 (errno: 97 - Address family not supported by protocol).
[W socket.cpp:697] [c10d] The client socket cannot be initialized to connect to [frontier05120.frontier.olcf.ornl.gov]:8889 (errno: 97 - Address family not supported by protocol).
[W socket.cpp:697] [c10d] The client socket cannot be initialized to connect to [frontier05120.frontier.olcf.ornl.gov]:8889 (errno: 97 - Address family not supported by protocol).
[W socket.cpp:697] [c10d] The client socket cannot be initialized to connect to [frontier05120.frontier.olcf.ornl.gov]:8889 (errno: 97 - Address family not supported by protocol).
[W socket.cpp:697] [c10d] The client socket cannot be initialized to connect to [frontier05120.frontier.olcf.ornl.gov]:8889 (errno: 97 - Address family not supported by protocol).
[W socket.cpp:697] [c10d] The client socket cannot be initialized to connect to [frontier05120.frontier.olcf.ornl.gov]:8889 (errno: 97 - Address family not supported by protocol).
[W socket.cpp:697] [c10d] The client socket cannot be initialized to connect to [frontier05120.frontier.olcf.ornl.gov]:8889 (errno: 97 - Address family not supported by protocol).
[2024-08-07 23:53:12,774] [INFO] [comm.py:637:init_distributed] cdb=None
[2024-08-07 23:53:12,774] [INFO] [comm.py:637:init_distributed] cdb=None
[2024-08-07 23:53:12,774] [INFO] [comm.py:637:init_distributed] cdb=None
[2024-08-07 23:53:12,774] [INFO] [comm.py:637:init_distributed] cdb=None
[2024-08-07 23:53:12,774] [INFO] [comm.py:637:init_distributed] cdb=None
[2024-08-07 23:53:12,774] [INFO] [comm.py:637:init_distributed] cdb=None
[2024-08-07 23:53:12,774] [INFO] [comm.py:637:init_distributed] cdb=None
[2024-08-07 23:53:12,774] [INFO] [comm.py:637:init_distributed] cdb=None
[W socket.cpp:697] [c10d] The client socket cannot be initialized to connect to [frontier05120.frontier.olcf.ornl.gov]:8889 (errno: 97 - Address family not supported by protocol).
[W socket.cpp:697] [c10d] The client socket cannot be initialized to connect to [frontier05120.frontier.olcf.ornl.gov]:8889 (errno: 97 - Address family not supported by protocol).
[W socket.cpp:697] [c10d] The client socket cannot be initialized to connect to [frontier05120.frontier.olcf.ornl.gov]:8889 (errno: 97 - Address family not supported by protocol).
[W socket.cpp:697] [c10d] The client socket cannot be initialized to connect to [frontier05120.frontier.olcf.ornl.gov]:8889 (errno: 97 - Address family not supported by protocol).
[W socket.cpp:697] [c10d] The client socket cannot be initialized to connect to [frontier05120.frontier.olcf.ornl.gov]:8889 (errno: 97 - Address family not supported by protocol).
[W socket.cpp:697] [c10d] The client socket cannot be initialized to connect to [frontier05120.frontier.olcf.ornl.gov]:8889 (errno: 97 - Address family not supported by protocol).
[2024-08-07 23:53:12,892] [INFO] [comm.py:637:init_distributed] cdb=None
[2024-08-07 23:53:12,892] [INFO] [comm.py:637:init_distributed] cdb=None
[2024-08-07 23:53:12,892] [INFO] [comm.py:637:init_distributed] cdb=None
[2024-08-07 23:53:12,892] [INFO] [comm.py:637:init_distributed] cdb=None
[2024-08-07 23:53:12,892] [INFO] [comm.py:637:init_distributed] cdb=None
[2024-08-07 23:53:12,892] [INFO] [comm.py:637:init_distributed] cdb=None
[2024-08-07 23:53:12,892] [INFO] [comm.py:637:init_distributed] cdb=None
[2024-08-07 23:53:12,892] [INFO] [comm.py:637:init_distributed] cdb=None
[W socket.cpp:697] [c10d] The client socket cannot be initialized to connect to [frontier05120.frontier.olcf.ornl.gov]:8889 (errno: 97 - Address family not supported by protocol).
[W socket.cpp:697] [c10d] The client socket cannot be initialized to connect to [frontier05120.frontier.olcf.ornl.gov]:8889 (errno: 97 - Address family not supported by protocol).
[W socket.cpp:697] [c10d] The client socket cannot be initialized to connect to [frontier05120.frontier.olcf.ornl.gov]:8889 (errno: 97 - Address family not supported by protocol).
[W socket.cpp:697] [c10d] The client socket cannot be initialized to connect to [frontier05120.frontier.olcf.ornl.gov]:8889 (errno: 97 - Address family not supported by protocol).
[W socket.cpp:697] [c10d] The client socket cannot be initialized to connect to [frontier05120.frontier.olcf.ornl.gov]:8889 (errno: 97 - Address family not supported by protocol).
[W socket.cpp:697] [c10d] The client socket cannot be initialized to connect to [frontier05120.frontier.olcf.ornl.gov]:8889 (errno: 97 - Address family not supported by protocol).
[W socket.cpp:697] [c10d] The client socket cannot be initialized to connect to [frontier05120.frontier.olcf.ornl.gov]:8889 (errno: 97 - Address family not supported by protocol).
[W socket.cpp:697] [c10d] The client socket cannot be initialized to connect to [frontier05120.frontier.olcf.ornl.gov]:8889 (errno: 97 - Address family not supported by protocol).
[W socket.cpp:697] [c10d] The client socket cannot be initialized to connect to [frontier05120.frontier.olcf.ornl.gov]:8889 (errno: 97 - Address family not supported by protocol).
[W socket.cpp:697] [c10d] The client socket cannot be initialized to connect to [frontier05120.frontier.olcf.ornl.gov]:8889 (errno: 97 - Address family not supported by protocol).
[2024-08-07 23:53:14,534] [INFO] [comm.py:637:init_distributed] cdb=None
[2024-08-07 23:53:14,534] [INFO] [comm.py:637:init_distributed] cdb=None
[2024-08-07 23:53:14,534] [INFO] [comm.py:637:init_distributed] cdb=None
[2024-08-07 23:53:14,534] [INFO] [comm.py:637:init_distributed] cdb=None
[2024-08-07 23:53:14,534] [INFO] [comm.py:637:init_distributed] cdb=None
[2024-08-07 23:53:14,534] [INFO] [comm.py:637:init_distributed] cdb=None
[2024-08-07 23:53:14,534] [INFO] [comm.py:637:init_distributed] cdb=None
[2024-08-07 23:53:14,534] [INFO] [comm.py:637:init_distributed] cdb=None
[W socket.cpp:697] [c10d] The client socket cannot be initialized to connect to [frontier05120.frontier.olcf.ornl.gov]:8889 (errno: 97 - Address family not supported by protocol).
[W socket.cpp:697] [c10d] The client socket cannot be initialized to connect to [frontier05120.frontier.olcf.ornl.gov]:8889 (errno: 97 - Address family not supported by protocol).
[W socket.cpp:697] [c10d] The client socket cannot be initialized to connect to [frontier05120.frontier.olcf.ornl.gov]:8889 (errno: 97 - Address family not supported by protocol).
[W socket.cpp:697] [c10d] The client socket cannot be initialized to connect to [frontier05120.frontier.olcf.ornl.gov]:8889 (errno: 97 - Address family not supported by protocol).
[W socket.cpp:697] [c10d] The client socket cannot be initialized to connect to [frontier05120.frontier.olcf.ornl.gov]:8889 (errno: 97 - Address family not supported by protocol).
[W socket.cpp:697] [c10d] The client socket cannot be initialized to connect to [frontier05120.frontier.olcf.ornl.gov]:8889 (errno: 97 - Address family not supported by protocol).
[W socket.cpp:697] [c10d] The client socket cannot be initialized to connect to [frontier05120.frontier.olcf.ornl.gov]:8889 (errno: 97 - Address family not supported by protocol).
[W socket.cpp:697] [c10d] The client socket cannot be initialized to connect to [frontier05120.frontier.olcf.ornl.gov]:8889 (errno: 97 - Address family not supported by protocol).
[2024-08-07 23:53:18,786] [INFO] [comm.py:637:init_distributed] cdb=None
Distributed data parallel: nccl master at frontier05120:8889
[2024-08-07 23:53:18,786] [INFO] [comm.py:637:init_distributed] cdb=None
[2024-08-07 23:53:18,786] [INFO] [comm.py:637:init_distributed] cdb=None
[2024-08-07 23:53:18,786] [INFO] [comm.py:637:init_distributed] cdb=None
[2024-08-07 23:53:18,786] [INFO] [comm.py:637:init_distributed] cdb=None
[2024-08-07 23:53:18,786] [INFO] [comm.py:637:init_distributed] cdb=None
[2024-08-07 23:53:18,786] [INFO] [comm.py:637:init_distributed] cdb=None
[2024-08-07 23:53:18,786] [INFO] [comm.py:637:init_distributed] cdb=None
[2024-08-07 23:53:18,786] [INFO] [comm.py:668:init_distributed] Initializing TorchBackend in DeepSpeed with backend nccl
[W socket.cpp:464] [c10d] The server socket cannot be initialized on [::]:8889 (errno: 97 - Address family not supported by protocol).
[W socket.cpp:697] [c10d] The client socket cannot be initialized to connect to [frontier05120.frontier.olcf.ornl.gov]:8889 (errno: 97 - Address family not supported by protocol).
[W socket.cpp:697] [c10d] The client socket cannot be initialized to connect to [frontier05120.frontier.olcf.ornl.gov]:8889 (errno: 97 - Address family not supported by protocol).
[W socket.cpp:697] [c10d] The client socket cannot be initialized to connect to [frontier05120.frontier.olcf.ornl.gov]:8889 (errno: 97 - Address family not supported by protocol).
[W socket.cpp:697] [c10d] The client socket cannot be initialized to connect to [frontier05120.frontier.olcf.ornl.gov]:8889 (errno: 97 - Address family not supported by protocol).
[W socket.cpp:697] [c10d] The client socket cannot be initialized to connect to [frontier05120.frontier.olcf.ornl.gov]:8889 (errno: 97 - Address family not supported by protocol).
[W socket.cpp:697] [c10d] The client socket cannot be initialized to connect to [frontier05120.frontier.olcf.ornl.gov]:8889 (errno: 97 - Address family not supported by protocol).
[W socket.cpp:697] [c10d] The client socket cannot be initialized to connect to [frontier05120.frontier.olcf.ornl.gov]:8889 (errno: 97 - Address family not supported by protocol).
[W socket.cpp:697] [c10d] The client socket cannot be initialized to connect to [frontier05120.frontier.olcf.ornl.gov]:8889 (errno: 97 - Address family not supported by protocol).
0: Command: ./examples/multidataset/train_deepspeed_exportmem.py --multi_model_list=OC2022 --multi --num_epoch=1 --everyone --ddstore --log=exp-strongfull-MEDIUM-2204373-NN16-VANILLA --inputfile=MEDIUM_MTL.json --use_deepspeed

0: Adios reading: /lustre/orion/lrn031/scratch/zye327/HydraGNN_ds/./examples/multidataset/./dataset/OC2022.bp
0: Read attr time (sec):  0.012996912002563477
0: read and bcast: trainset/x/variable_count 7.1498801708221436
0: read and bcast: trainset/x/variable_offset 7.721138954162598
0: read and bcast: trainset/x/variable_dim 7.721451044082642
0: read and bcast: trainset/edge_index/variable_count 12.659704446792603
0: read and bcast: trainset/edge_index/variable_offset 13.220519781112671
0: read and bcast: trainset/edge_index/variable_dim 13.238709926605225
0: read and bcast: trainset/edge_attr/variable_count 17.985410928726196
0: read and bcast: trainset/edge_attr/variable_offset 18.557862997055054
0: read and bcast: trainset/edge_attr/variable_dim 18.577789783477783
0: read and bcast: trainset/pos/variable_count 23.388964891433716
0: read and bcast: trainset/pos/variable_offset 23.95461916923523
0: read and bcast: trainset/pos/variable_dim 23.974441051483154
0: read and bcast: trainset/y/variable_count 24.75593900680542
0: read and bcast: trainset/y/variable_offset 25.418760061264038
0: read and bcast: trainset/y/variable_dim 25.43812322616577
0: Overall time (sec):  25.45129156112671
0: DDStore adding time (sec):  0.0
0: Data loading time (sec):  25.468013048171997
0: Adios reading: /lustre/orion/lrn031/scratch/zye327/HydraGNN_ds/./examples/multidataset/./dataset/OC2022.bp
0: Read attr time (sec):  0.005724906921386719
0: read and bcast: valset/x/variable_count 4.611254930496216
0: read and bcast: valset/x/variable_offset 4.724493980407715
0: read and bcast: valset/x/variable_dim 4.724732160568237
0: read and bcast: valset/edge_index/variable_count 9.134064197540283
0: read and bcast: valset/edge_index/variable_offset 9.194649934768677
0: read and bcast: valset/edge_index/variable_dim 9.194867134094238
0: read and bcast: valset/edge_attr/variable_count 13.817986011505127
0: read and bcast: valset/edge_attr/variable_offset 13.901731491088867
0: read and bcast: valset/edge_attr/variable_dim 13.901943683624268
0: read and bcast: valset/pos/variable_count 17.869072437286377
0: read and bcast: valset/pos/variable_offset 17.95453429222107
0: read and bcast: valset/pos/variable_dim 17.95475459098816
0: read and bcast: valset/y/variable_count 18.049815893173218
0: read and bcast: valset/y/variable_offset 18.13521409034729
0: read and bcast: valset/y/variable_dim 18.135469675064087
0: Overall time (sec):  18.14133095741272
0: DDStore adding time (sec):  0.0
0: Data loading time (sec):  18.14668846130371
0: Adios reading: /lustre/orion/lrn031/scratch/zye327/HydraGNN_ds/./examples/multidataset/./dataset/OC2022.bp
0: Read attr time (sec):  0.005763530731201172
0: read and bcast: testset/x/variable_count 4.536801338195801
0: read and bcast: testset/x/variable_offset 4.578579664230347
0: read and bcast: testset/x/variable_dim 4.578733682632446
0: read and bcast: testset/edge_index/variable_count 8.941017389297485
0: read and bcast: testset/edge_index/variable_offset 8.980210781097412
0: read and bcast: testset/edge_index/variable_dim 8.98035717010498
0: read and bcast: testset/edge_attr/variable_count 13.294553756713867
0: read and bcast: testset/edge_attr/variable_offset 13.336578369140625
0: read and bcast: testset/edge_attr/variable_dim 13.336731672286987
0: read and bcast: testset/pos/variable_count 15.911628007888794
0: read and bcast: testset/pos/variable_offset 15.971078157424927
0: read and bcast: testset/pos/variable_dim 15.971235752105713
0: read and bcast: testset/y/variable_count 16.012873649597168
0: read and bcast: testset/y/variable_offset 16.053556442260742
0: read and bcast: testset/y/variable_dim 16.053707122802734
0: Overall time (sec):  16.059614419937134
0: DDStore adding time (sec):  0.0
0: Data loading time (sec):  16.064330339431763
0: Adios preloading: /lustre/orion/lrn031/scratch/zye327/HydraGNN_ds/./examples/multidataset/./dataset/OC2022.bp
0: Adios reading time (sec):  16.340229749679565
0: Adios preloading: /lustre/orion/lrn031/scratch/zye327/HydraGNN_ds/./examples/multidataset/./dataset/OC2022.bp
0: Adios reading time (sec):  1.3544535636901855
0: Adios preloading: /lustre/orion/lrn031/scratch/zye327/HydraGNN_ds/./examples/multidataset/./dataset/OC2022.bp
0: Adios reading time (sec):  0.47463512420654297
Loading:   0%|          | 0/59255 [00:00<?, ?it/s]Loading:   0%|          | 190/59255 [00:00<00:31, 1898.66it/s]Loading:   1%|          | 479/59255 [00:00<00:23, 2479.41it/s]Loading:   1%|▏         | 755/59255 [00:00<00:22, 2604.72it/s]Loading:   2%|▏         | 1039/59255 [00:00<00:21, 2696.23it/s]Loading:   2%|▏         | 1309/59255 [00:00<00:32, 1776.79it/s]Loading:   3%|▎         | 1592/59255 [00:00<00:28, 2042.11it/s]Loading:   3%|▎         | 1882/59255 [00:00<00:25, 2268.93it/s]Loading:   4%|▎         | 2169/59255 [00:00<00:23, 2433.85it/s]Loading:   4%|▍         | 2461/59255 [00:01<00:22, 2569.19it/s]Loading:   5%|▍         | 2761/59255 [00:01<00:20, 2690.32it/s]Loading:   5%|▌         | 3060/59255 [00:01<00:20, 2777.27it/s]Loading:   6%|▌         | 3351/59255 [00:01<00:19, 2813.85it/s]Loading:   6%|▌         | 3648/59255 [00:01<00:19, 2857.50it/s]Loading:   7%|▋         | 3947/59255 [00:01<00:19, 2895.84it/s]Loading:   7%|▋         | 4240/59255 [00:01<00:19, 2890.57it/s]Loading:   8%|▊         | 4532/59255 [00:01<00:19, 2866.16it/s]Loading:   8%|▊         | 4831/59255 [00:01<00:18, 2901.68it/s]Loading:   9%|▊         | 5123/59255 [00:01<00:18, 2894.88it/s]Loading:   9%|▉         | 5414/59255 [00:02<00:18, 2897.54it/s]Loading:  10%|▉         | 5707/59255 [00:02<00:18, 2905.59it/s]Loading:  10%|█         | 6004/59255 [00:02<00:18, 2921.76it/s]Loading:  11%|█         | 6297/59255 [00:02<00:18, 2909.82it/s]Loading:  11%|█         | 6589/59255 [00:02<00:18, 2887.12it/s]Loading:  12%|█▏        | 6881/59255 [00:02<00:18, 2896.69it/s]Loading:  12%|█▏        | 7171/59255 [00:02<00:17, 2893.81it/s]Loading:  13%|█▎        | 7462/59255 [00:02<00:17, 2898.53it/s]Loading:  13%|█▎        | 7752/59255 [00:02<00:17, 2892.21it/s]Loading:  14%|█▎        | 8042/59255 [00:02<00:17, 2866.34it/s]Loading:  14%|█▍        | 8334/59255 [00:03<00:17, 2882.15it/s]Loading:  15%|█▍        | 8623/59255 [00:03<00:17, 2867.36it/s]Loading:  15%|█▌        | 8915/59255 [00:03<00:17, 2881.35it/s]Loading:  16%|█▌        | 9204/59255 [00:03<00:17, 2882.35it/s]Loading:  16%|█▌        | 9493/59255 [00:03<00:17, 2883.45it/s]Loading:  17%|█▋        | 9793/59255 [00:03<00:16, 2917.19it/s]Loading:  17%|█▋        | 10085/59255 [00:03<00:16, 2915.55it/s]Loading:  18%|█▊        | 10377/59255 [00:03<00:16, 2882.52it/s]Loading:  18%|█▊        | 10666/59255 [00:03<00:17, 2843.80it/s]Loading:  18%|█▊        | 10954/59255 [00:03<00:16, 2852.38it/s]Loading:  19%|█▉        | 11246/59255 [00:04<00:16, 2871.16it/s]Loading:  19%|█▉        | 11540/59255 [00:04<00:16, 2891.10it/s]Loading:  20%|█▉        | 11836/59255 [00:04<00:16, 2910.29it/s]Loading:  20%|██        | 12128/59255 [00:04<00:16, 2893.09it/s]Loading:  21%|██        | 12418/59255 [00:04<00:23, 1988.22it/s]Loading:  21%|██▏       | 12710/59255 [00:04<00:21, 2197.43it/s]Loading:  22%|██▏       | 13009/59255 [00:04<00:19, 2390.37it/s]Loading:  22%|██▏       | 13303/59255 [00:04<00:18, 2532.20it/s]Loading:  23%|██▎       | 13584/59255 [00:05<00:17, 2604.96it/s]Loading:  23%|██▎       | 13867/59255 [00:05<00:17, 2665.73it/s]Loading:  24%|██▍       | 14150/59255 [00:05<00:16, 2710.32it/s]Loading:  24%|██▍       | 14436/59255 [00:05<00:16, 2751.74it/s]Loading:  25%|██▍       | 14722/59255 [00:05<00:16, 2780.23it/s]Loading:  25%|██▌       | 15014/59255 [00:05<00:15, 2820.14it/s]Loading:  26%|██▌       | 15307/59255 [00:05<00:15, 2851.61it/s]Loading:  26%|██▋       | 15604/59255 [00:05<00:15, 2886.23it/s]Loading:  27%|██▋       | 15895/59255 [00:05<00:14, 2891.66it/s]Loading:  27%|██▋       | 16186/59255 [00:05<00:14, 2885.72it/s]Loading:  28%|██▊       | 16476/59255 [00:06<00:14, 2880.47it/s]Loading:  28%|██▊       | 16765/59255 [00:06<00:14, 2877.30it/s]Loading:  29%|██▉       | 17054/59255 [00:06<00:14, 2864.43it/s]Loading:  29%|██▉       | 17343/59255 [00:06<00:14, 2870.10it/s]Loading:  30%|██▉       | 17638/59255 [00:06<00:14, 2892.49it/s]Loading:  30%|███       | 17928/59255 [00:06<00:14, 2863.69it/s]Loading:  31%|███       | 18215/59255 [00:06<00:14, 2859.03it/s]Loading:  31%|███       | 18503/59255 [00:06<00:14, 2863.33it/s]Loading:  32%|███▏      | 18791/59255 [00:06<00:14, 2865.77it/s]Loading:  32%|███▏      | 19078/59255 [00:06<00:14, 2866.15it/s]Loading:  33%|███▎      | 19365/59255 [00:07<00:13, 2850.44it/s]Loading:  33%|███▎      | 19652/59255 [00:07<00:13, 2853.92it/s]Loading:  34%|███▎      | 19946/59255 [00:07<00:13, 2877.09it/s]Loading:  34%|███▍      | 20234/59255 [00:07<00:13, 2865.92it/s]Loading:  35%|███▍      | 20521/59255 [00:07<00:13, 2841.42it/s]Loading:  35%|███▌      | 20814/59255 [00:07<00:13, 2866.38it/s]Loading:  36%|███▌      | 21116/59255 [00:07<00:13, 2911.19it/s]Loading:  36%|███▌      | 21411/59255 [00:07<00:12, 2921.71it/s]Loading:  37%|███▋      | 21704/59255 [00:07<00:12, 2914.39it/s]Loading:  37%|███▋      | 21997/59255 [00:07<00:12, 2918.85it/s]Loading:  38%|███▊      | 22295/59255 [00:08<00:12, 2936.06it/s]Loading:  38%|███▊      | 22596/59255 [00:08<00:12, 2956.37it/s]Loading:  39%|███▊      | 22901/59255 [00:08<00:12, 2982.69it/s]Loading:  39%|███▉      | 23200/59255 [00:08<00:12, 2948.54it/s]Loading:  40%|███▉      | 23495/59255 [00:08<00:12, 2932.02it/s]Loading:  40%|████      | 23789/59255 [00:08<00:12, 2886.55it/s]Loading:  41%|████      | 24078/59255 [00:08<00:12, 2863.85it/s]Loading:  41%|████      | 24376/59255 [00:08<00:12, 2896.29it/s]Loading:  42%|████▏     | 24671/59255 [00:08<00:11, 2909.82it/s]Loading:  42%|████▏     | 24990/59255 [00:08<00:11, 2991.05it/s]Loading:  43%|████▎     | 25302/59255 [00:09<00:11, 3027.87it/s]Loading:  43%|████▎     | 25613/59255 [00:09<00:11, 3049.84it/s]Loading:  44%|████▍     | 25926/59255 [00:09<00:10, 3071.10it/s]Loading:  44%|████▍     | 26234/59255 [00:09<00:16, 2025.85it/s]Loading:  45%|████▍     | 26534/59255 [00:09<00:14, 2239.08it/s]Loading:  45%|████▌     | 26831/59255 [00:09<00:13, 2412.98it/s]Loading:  46%|████▌     | 27137/59255 [00:09<00:12, 2576.25it/s]Loading:  46%|████▋     | 27449/59255 [00:09<00:11, 2718.97it/s]Loading:  47%|████▋     | 27750/59255 [00:10<00:11, 2798.45it/s]Loading:  47%|████▋     | 28047/59255 [00:10<00:10, 2844.57it/s]Loading:  48%|████▊     | 28354/59255 [00:10<00:10, 2906.87it/s]Loading:  48%|████▊     | 28667/59255 [00:10<00:10, 2971.44it/s]Loading:  49%|████▉     | 28970/59255 [00:10<00:10, 2986.25it/s]Loading:  49%|████▉     | 29274/59255 [00:10<00:09, 3000.32it/s]Loading:  50%|████▉     | 29583/59255 [00:10<00:09, 3024.78it/s]Loading:  50%|█████     | 29901/59255 [00:10<00:09, 3068.64it/s]Loading:  51%|█████     | 30210/59255 [00:10<00:09, 3070.86it/s]Loading:  52%|█████▏    | 30521/59255 [00:10<00:09, 3080.23it/s]Loading:  52%|█████▏    | 30845/59255 [00:11<00:09, 3126.75it/s]Loading:  53%|█████▎    | 31167/59255 [00:11<00:08, 3154.15it/s]Loading:  53%|█████▎    | 31486/59255 [00:11<00:08, 3164.65it/s]Loading:  54%|█████▎    | 31803/59255 [00:11<00:08, 3099.40it/s]Loading:  54%|█████▍    | 32114/59255 [00:11<00:08, 3092.41it/s]Loading:  55%|█████▍    | 32424/59255 [00:11<00:08, 3090.73it/s]Loading:  55%|█████▌    | 32739/59255 [00:11<00:08, 3105.99it/s]Loading:  56%|█████▌    | 33050/59255 [00:11<00:08, 3081.77it/s]Loading:  56%|█████▋    | 33359/59255 [00:11<00:08, 3045.40it/s]Loading:  57%|█████▋    | 33664/59255 [00:11<00:08, 3022.38it/s]Loading:  57%|█████▋    | 33967/59255 [00:12<00:08, 3020.43it/s]Loading:  58%|█████▊    | 34272/59255 [00:12<00:08, 3027.85it/s]Loading:  58%|█████▊    | 34585/59255 [00:12<00:08, 3058.07it/s]Loading:  59%|█████▉    | 34893/59255 [00:12<00:07, 3062.80it/s]Loading:  59%|█████▉    | 35212/59255 [00:12<00:07, 3099.00it/s]Loading:  60%|█████▉    | 35524/59255 [00:12<00:07, 3103.96it/s]Loading:  60%|██████    | 35835/59255 [00:12<00:07, 3087.07it/s]Loading:  61%|██████    | 36144/59255 [00:12<00:07, 3073.36it/s]Loading:  62%|██████▏   | 36458/59255 [00:12<00:07, 3090.64it/s]Loading:  62%|██████▏   | 36769/59255 [00:12<00:07, 3094.57it/s]Loading:  63%|██████▎   | 37084/59255 [00:13<00:07, 3110.71it/s]Loading:  63%|██████▎   | 37398/59255 [00:13<00:07, 3116.83it/s]Loading:  64%|██████▎   | 37710/59255 [00:13<00:06, 3115.89it/s]Loading:  64%|██████▍   | 38022/59255 [00:13<00:06, 3072.71it/s]Loading:  65%|██████▍   | 38331/59255 [00:13<00:06, 3076.26it/s]Loading:  65%|██████▌   | 38641/59255 [00:13<00:06, 3082.90it/s]Loading:  66%|██████▌   | 38950/59255 [00:13<00:06, 3064.91it/s]Loading:  66%|██████▋   | 39259/59255 [00:13<00:06, 3069.86it/s]Loading:  67%|██████▋   | 39572/59255 [00:13<00:06, 3085.29it/s]Loading:  67%|██████▋   | 39884/59255 [00:13<00:06, 3095.22it/s]Loading:  68%|██████▊   | 40197/59255 [00:14<00:06, 3105.36it/s]Loading:  68%|██████▊   | 40513/59255 [00:14<00:06, 3121.26it/s]Loading:  69%|██████▉   | 40831/59255 [00:14<00:05, 3135.97it/s]Loading:  69%|██████▉   | 41145/59255 [00:14<00:05, 3127.54it/s]Loading:  70%|██████▉   | 41458/59255 [00:14<00:05, 3100.71it/s]Loading:  70%|███████   | 41769/59255 [00:14<00:05, 3101.42it/s]Loading:  71%|███████   | 42085/59255 [00:14<00:05, 3116.87it/s]Loading:  72%|███████▏  | 42397/59255 [00:14<00:05, 3115.67it/s]Loading:  72%|███████▏  | 42711/59255 [00:14<00:05, 3121.07it/s]Loading:  73%|███████▎  | 43024/59255 [00:14<00:05, 3108.42it/s]Loading:  73%|███████▎  | 43335/59255 [00:15<00:05, 3100.50it/s]Loading:  74%|███████▎  | 43646/59255 [00:15<00:08, 1904.14it/s]Loading:  74%|███████▍  | 43955/59255 [00:15<00:07, 2149.04it/s]Loading:  75%|███████▍  | 44257/59255 [00:15<00:06, 2346.38it/s]Loading:  75%|███████▌  | 44559/59255 [00:15<00:05, 2510.09it/s]Loading:  76%|███████▌  | 44864/59255 [00:15<00:05, 2648.95it/s]Loading:  76%|███████▌  | 45176/59255 [00:15<00:05, 2776.15it/s]Loading:  77%|███████▋  | 45484/59255 [00:15<00:04, 2858.83it/s]Loading:  77%|███████▋  | 45784/59255 [00:16<00:04, 2875.39it/s]Loading:  78%|███████▊  | 46093/59255 [00:16<00:04, 2936.11it/s]Loading:  78%|███████▊  | 46400/59255 [00:16<00:04, 2973.86it/s]Loading:  79%|███████▉  | 46714/59255 [00:16<00:04, 3021.85it/s]Loading:  79%|███████▉  | 47028/59255 [00:16<00:04, 3054.93it/s]Loading:  80%|███████▉  | 47338/59255 [00:16<00:03, 3067.82it/s]Loading:  80%|████████  | 47649/59255 [00:16<00:03, 3079.25it/s]Loading:  81%|████████  | 47961/59255 [00:16<00:03, 3089.15it/s]Loading:  81%|████████▏ | 48278/59255 [00:16<00:03, 3110.49it/s]Loading:  82%|████████▏ | 48590/59255 [00:17<00:03, 3096.24it/s]Loading:  83%|████████▎ | 48901/59255 [00:17<00:03, 3099.39it/s]Loading:  83%|████████▎ | 49212/59255 [00:17<00:03, 3095.12it/s]Loading:  84%|████████▎ | 49527/59255 [00:17<00:03, 3111.06it/s]Loading:  84%|████████▍ | 49839/59255 [00:17<00:03, 3105.82it/s]Loading:  85%|████████▍ | 50150/59255 [00:17<00:02, 3078.87it/s]Loading:  85%|████████▌ | 50459/59255 [00:17<00:02, 3058.70it/s]Loading:  86%|████████▌ | 50775/59255 [00:17<00:02, 3086.63it/s]Loading:  86%|████████▌ | 51084/59255 [00:17<00:02, 3042.10it/s]Loading:  87%|████████▋ | 51389/59255 [00:17<00:02, 3008.88it/s]Loading:  87%|████████▋ | 51700/59255 [00:18<00:02, 3035.90it/s]Loading:  88%|████████▊ | 52006/59255 [00:18<00:02, 3042.74it/s]Loading:  88%|████████▊ | 52311/59255 [00:18<00:02, 3027.12it/s]Loading:  89%|████████▉ | 52619/59255 [00:18<00:02, 3040.68it/s]Loading:  89%|████████▉ | 52932/59255 [00:18<00:02, 3067.10it/s]Loading:  90%|████████▉ | 53239/59255 [00:18<00:01, 3067.19it/s]Loading:  90%|█████████ | 53546/59255 [00:18<00:01, 3060.44it/s]Loading:  91%|█████████ | 53860/59255 [00:18<00:01, 3083.84it/s]Loading:  91%|█████████▏| 54169/59255 [00:18<00:01, 3085.40it/s]Loading:  92%|█████████▏| 54488/59255 [00:18<00:01, 3114.61it/s]Loading:  92%|█████████▏| 54800/59255 [00:19<00:01, 3108.54it/s]Loading:  93%|█████████▎| 55114/59255 [00:19<00:01, 3116.90it/s]Loading:  94%|█████████▎| 55426/59255 [00:19<00:01, 3089.30it/s]Loading:  94%|█████████▍| 55735/59255 [00:19<00:01, 3067.06it/s]Loading:  95%|█████████▍| 56042/59255 [00:19<00:01, 3054.84it/s]Loading:  95%|█████████▌| 56353/59255 [00:19<00:00, 3070.32it/s]Loading:  96%|█████████▌| 56661/59255 [00:19<00:00, 3059.81it/s]Loading:  96%|█████████▌| 56968/59255 [00:19<00:00, 3047.07it/s]Loading:  97%|█████████▋| 57277/59255 [00:19<00:00, 3058.34it/s]Loading:  97%|█████████▋| 57583/59255 [00:19<00:00, 3043.42it/s]Loading:  98%|█████████▊| 57888/59255 [00:20<00:00, 3030.59it/s]Loading:  98%|█████████▊| 58206/59255 [00:20<00:00, 3072.57it/s]Loading:  99%|█████████▉| 58522/59255 [00:20<00:00, 3098.59it/s]Loading:  99%|█████████▉| 58832/59255 [00:20<00:00, 3043.63it/s]Loading: 100%|█████████▉| 59137/59255 [00:20<00:00, 3024.24it/s]Loading: 100%|██████████| 59255/59255 [00:20<00:00, 2892.15it/s]
0: DDStore add: ('trainset/edge_attr', 0, dtype('float32'), (128224860, 1), 547075400.0, 0.47767482697963715)
0: DDStore add: ('trainset/edge_index', 1, dtype('int64'), (128224860, 2), 11878652361, 1.9106993079185486)
0: DDStore add: ('trainset/pos', 0, dtype('float32'), (4795746, 3), 150768850.0, 0.05359663814306259)
0: DDStore add: ('trainset/x', 0, dtype('float32'), (4795746, 4), 252415140.0, 0.07146218419075012)
0: DDStore add: ('trainset/y', 0, dtype('float32'), (14446493, 1), -357729.47, 0.05381738021969795)
0: DDStore add: ('trainset/y_loc', 0, dtype('int64'), (59255, 3), 14505748, 0.0013244524598121643)
0: DDStore total (GB): 2.5685747899115086
Loading:   0%|          | 0/6585 [00:00<?, ?it/s]Loading:   5%|▌         | 337/6585 [00:00<00:01, 3367.88it/s]Loading:  10%|█         | 680/6585 [00:00<00:01, 3402.12it/s]Loading:  16%|█▌        | 1021/6585 [00:00<00:01, 3404.73it/s]Loading:  21%|██        | 1362/6585 [00:00<00:01, 3389.74it/s]Loading:  26%|██▌       | 1701/6585 [00:00<00:01, 3324.36it/s]Loading:  31%|███       | 2034/6585 [00:00<00:01, 3223.18it/s]Loading:  36%|███▌      | 2357/6585 [00:00<00:01, 3202.83it/s]Loading:  41%|████      | 2678/6585 [00:00<00:01, 3202.41it/s]Loading:  46%|████▌     | 2999/6585 [00:00<00:01, 3200.53it/s]Loading:  50%|█████     | 3320/6585 [00:01<00:01, 1809.19it/s]Loading:  55%|█████▌    | 3645/6585 [00:01<00:01, 2093.24it/s]Loading:  60%|██████    | 3958/6585 [00:01<00:01, 2320.88it/s]Loading:  65%|██████▍   | 4267/6585 [00:01<00:00, 2502.95it/s]Loading:  69%|██████▉   | 4568/6585 [00:01<00:00, 2629.97it/s]Loading:  74%|███████▍  | 4882/6585 [00:01<00:00, 2765.16it/s]Loading:  79%|███████▊  | 5184/6585 [00:01<00:00, 2835.06it/s]Loading:  83%|████████▎ | 5498/6585 [00:01<00:00, 2920.52it/s]Loading:  88%|████████▊ | 5819/6585 [00:02<00:00, 3002.64it/s]Loading:  93%|█████████▎| 6138/6585 [00:02<00:00, 3055.29it/s]Loading:  98%|█████████▊| 6462/6585 [00:02<00:00, 3109.13it/s]Loading: 100%|██████████| 6585/6585 [00:02<00:00, 2844.03it/s]
0: DDStore add: ('valset/edge_attr', 0, dtype('float32'), (13671208, 1), 58309930.0, 0.05092921853065491)
0: DDStore add: ('valset/edge_index', 1, dtype('int64'), (13671208, 2), 1328668416, 0.20371687412261963)
0: DDStore add: ('valset/pos', 0, dtype('float32'), (526425, 3), 17769488.0, 0.005883257836103439)
0: DDStore add: ('valset/x', 0, dtype('float32'), (526425, 4), 31238396.0, 0.007844343781471252)
0: DDStore add: ('valset/y', 0, dtype('float32'), (1585860, 1), -42179.387, 0.005907788872718811)
0: DDStore add: ('valset/y_loc', 0, dtype('int64'), (6585, 3), 1592445, 0.00014718621969223022)
0: DDStore total (GB): 0.27442866936326027
Loading:   0%|          | 0/3183 [00:00<?, ?it/s]Loading:  11%|█         | 342/3183 [00:00<00:00, 3412.92it/s]Loading:  21%|██▏       | 684/3183 [00:00<00:00, 3412.69it/s]Loading:  32%|███▏      | 1026/3183 [00:00<00:00, 3394.63it/s]Loading:  43%|████▎     | 1366/3183 [00:00<00:00, 3383.83it/s]Loading:  54%|█████▎    | 1705/3183 [00:00<00:00, 3371.75it/s]Loading:  64%|██████▍   | 2043/3183 [00:00<00:00, 3259.61it/s]Loading:  74%|███████▍  | 2370/3183 [00:00<00:00, 3237.61it/s]Loading:  85%|████████▍ | 2695/3183 [00:00<00:00, 3222.86it/s]Loading:  95%|█████████▍| 3018/3183 [00:00<00:00, 3220.44it/s]Loading: 100%|██████████| 3183/3183 [00:00<00:00, 3271.14it/s]
0: DDStore add: ('testset/edge_attr', 0, dtype('float32'), (6685284, 1), 28360668.0, 0.02490462362766266)
0: DDStore add: ('testset/edge_index', 1, dtype('int64'), (6685284, 2), 557089918, 0.09961849451065063)
0: DDStore add: ('testset/pos', 0, dtype('float32'), (241919, 3), 7302729.0, 0.0027036555111408234)
0: DDStore add: ('testset/x', 0, dtype('float32'), (241919, 4), 12574320.0, 0.003604874014854431)
0: DDStore add: ('testset/y', 0, dtype('float32'), (728940, 1), -19235.979, 0.0027155131101608276)
0: DDStore add: ('testset/y_loc', 0, dtype('int64'), (3183, 3), 732123, 7.114559412002563e-05)
0: DDStore total (GB): 0.1336183063685894
0: trainset,valset,testset size: 7584541 842810 407409
0: Using GPU
0:           graph_convs.0.module_0.edge_mlp.0.weight	           [500, 10]	      5000
0:             graph_convs.0.module_0.edge_mlp.0.bias	               [500]	       500
0:           graph_convs.0.module_0.edge_mlp.2.weight	          [500, 500]	    250000
0:             graph_convs.0.module_0.edge_mlp.2.bias	               [500]	       500
0:           graph_convs.0.module_0.node_mlp.0.weight	          [500, 504]	    252000
0:             graph_convs.0.module_0.node_mlp.0.bias	               [500]	       500
0:           graph_convs.0.module_0.node_mlp.2.weight	          [500, 500]	    250000
0:             graph_convs.0.module_0.node_mlp.2.bias	               [500]	       500
0:          graph_convs.0.module_0.coord_mlp.0.weight	          [500, 500]	    250000
0:            graph_convs.0.module_0.coord_mlp.0.bias	               [500]	       500
0:          graph_convs.0.module_0.coord_mlp.2.weight	            [1, 500]	       500
0:           graph_convs.1.module_0.edge_mlp.0.weight	         [500, 1002]	    501000
0:             graph_convs.1.module_0.edge_mlp.0.bias	               [500]	       500
0:           graph_convs.1.module_0.edge_mlp.2.weight	          [500, 500]	    250000
0:             graph_convs.1.module_0.edge_mlp.2.bias	               [500]	       500
0:           graph_convs.1.module_0.node_mlp.0.weight	         [500, 1000]	    500000
0:             graph_convs.1.module_0.node_mlp.0.bias	               [500]	       500
0:           graph_convs.1.module_0.node_mlp.2.weight	          [500, 500]	    250000
0:             graph_convs.1.module_0.node_mlp.2.bias	               [500]	       500
0:          graph_convs.1.module_0.coord_mlp.0.weight	          [500, 500]	    250000
0:            graph_convs.1.module_0.coord_mlp.0.bias	               [500]	       500
0:          graph_convs.1.module_0.coord_mlp.2.weight	            [1, 500]	       500
0:           graph_convs.2.module_0.edge_mlp.0.weight	         [500, 1002]	    501000
0:             graph_convs.2.module_0.edge_mlp.0.bias	               [500]	       500
0:           graph_convs.2.module_0.edge_mlp.2.weight	          [500, 500]	    250000
0:             graph_convs.2.module_0.edge_mlp.2.bias	               [500]	       500
0:           graph_convs.2.module_0.node_mlp.0.weight	         [500, 1000]	    500000
0:             graph_convs.2.module_0.node_mlp.0.bias	               [500]	       500
0:           graph_convs.2.module_0.node_mlp.2.weight	          [500, 500]	    250000
0:             graph_convs.2.module_0.node_mlp.2.bias	               [500]	       500
0:          graph_convs.2.module_0.coord_mlp.0.weight	          [500, 500]	    250000
0:            graph_convs.2.module_0.coord_mlp.0.bias	               [500]	       500
0:          graph_convs.2.module_0.coord_mlp.2.weight	            [1, 500]	       500
0:           graph_convs.3.module_0.edge_mlp.0.weight	         [500, 1002]	    501000
0:             graph_convs.3.module_0.edge_mlp.0.bias	               [500]	       500
0:           graph_convs.3.module_0.edge_mlp.2.weight	          [500, 500]	    250000
0:             graph_convs.3.module_0.edge_mlp.2.bias	               [500]	       500
0:           graph_convs.3.module_0.node_mlp.0.weight	         [500, 1000]	    500000
0:             graph_convs.3.module_0.node_mlp.0.bias	               [500]	       500
0:           graph_convs.3.module_0.node_mlp.2.weight	          [500, 500]	    250000
0:             graph_convs.3.module_0.node_mlp.2.bias	               [500]	       500
0:          graph_convs.3.module_0.coord_mlp.0.weight	          [500, 500]	    250000
0:            graph_convs.3.module_0.coord_mlp.0.bias	               [500]	       500
0:          graph_convs.3.module_0.coord_mlp.2.weight	            [1, 500]	       500
0:           graph_convs.4.module_0.edge_mlp.0.weight	         [500, 1002]	    501000
0:             graph_convs.4.module_0.edge_mlp.0.bias	               [500]	       500
0:           graph_convs.4.module_0.edge_mlp.2.weight	          [500, 500]	    250000
0:             graph_convs.4.module_0.edge_mlp.2.bias	               [500]	       500
0:           graph_convs.4.module_0.node_mlp.0.weight	         [500, 1000]	    500000
0:             graph_convs.4.module_0.node_mlp.0.bias	               [500]	       500
0:           graph_convs.4.module_0.node_mlp.2.weight	          [500, 500]	    250000
0:             graph_convs.4.module_0.node_mlp.2.bias	               [500]	       500
0:          graph_convs.4.module_0.coord_mlp.0.weight	          [500, 500]	    250000
0:            graph_convs.4.module_0.coord_mlp.0.bias	               [500]	       500
0:          graph_convs.4.module_0.coord_mlp.2.weight	            [1, 500]	       500
0:           graph_convs.5.module_0.edge_mlp.0.weight	         [500, 1002]	    501000
0:             graph_convs.5.module_0.edge_mlp.0.bias	               [500]	       500
0:           graph_convs.5.module_0.edge_mlp.2.weight	          [500, 500]	    250000
0:             graph_convs.5.module_0.edge_mlp.2.bias	               [500]	       500
0:           graph_convs.5.module_0.node_mlp.0.weight	         [500, 1000]	    500000
0:             graph_convs.5.module_0.node_mlp.0.bias	               [500]	       500
0:           graph_convs.5.module_0.node_mlp.2.weight	          [500, 500]	    250000
0:             graph_convs.5.module_0.node_mlp.2.bias	               [500]	       500
0:                                heads_NN.0.0.weight	        [1000, 1000]	   1000000
0:                                  heads_NN.0.0.bias	              [1000]	      1000
0:                                heads_NN.0.2.weight	        [1000, 1000]	   1000000
0:                                  heads_NN.0.2.bias	              [1000]	      1000
0:                                heads_NN.0.4.weight	           [1, 1000]	      1000
0:                                  heads_NN.0.4.bias	                 [1]	         1
0:                          heads_NN.1.mlp.0.0.weight	         [1000, 500]	    500000
0:                            heads_NN.1.mlp.0.0.bias	              [1000]	      1000
0:                          heads_NN.1.mlp.0.2.weight	        [1000, 1000]	   1000000
0:                            heads_NN.1.mlp.0.2.bias	              [1000]	      1000
0:                          heads_NN.1.mlp.0.4.weight	           [3, 1000]	      3000
0:                            heads_NN.1.mlp.0.4.bias	                 [3]	         3
0:                              graph_shared.0.weight	         [1000, 500]	    500000
0:                                graph_shared.0.bias	              [1000]	      1000
0:                              graph_shared.2.weight	        [1000, 1000]	   1000000
0:                                graph_shared.2.bias	              [1000]	      1000
0: --------------------------------------------------
0:                                              Total	                    	  14539004
0: All (total, MB): 14539004 55.4619
[2024-08-07 23:55:13,546] [INFO] [logging.py:96:log_dist] [Rank 0] DeepSpeed info: version=0.14.4, git-hash=unknown, git-branch=unknown
[2024-08-07 23:55:13,799] [INFO] [logging.py:96:log_dist] [Rank 0] DeepSpeed Flops Profiler Enabled: False
[2024-08-07 23:55:13,804] [INFO] [logging.py:96:log_dist] [Rank 0] Using client Optimizer as basic optimizer
[2024-08-07 23:55:13,804] [INFO] [logging.py:96:log_dist] [Rank 0] Removing param_group that has no 'params' in the basic Optimizer
[2024-08-07 23:55:13,805] [INFO] [logging.py:96:log_dist] [Rank 0] DeepSpeed Basic Optimizer = AdamW
[2024-08-07 23:55:13,805] [INFO] [logging.py:96:log_dist] [Rank 0] DeepSpeed Final Optimizer = AdamW
[2024-08-07 23:55:13,805] [INFO] [logging.py:96:log_dist] [Rank 0] DeepSpeed using client LR scheduler
[2024-08-07 23:55:13,806] [INFO] [logging.py:96:log_dist] [Rank 0] DeepSpeed LR Scheduler = None
[2024-08-07 23:55:13,806] [INFO] [logging.py:96:log_dist] [Rank 0] step=0, skipped=0, lr=[1e-05], mom=[(0.9, 0.999)]
[2024-08-07 23:55:13,806] [INFO] [config.py:997:print] DeepSpeedEngine configuration:
[2024-08-07 23:55:13,806] [INFO] [config.py:1001:print]   activation_checkpointing_config  {
    "partition_activations": false, 
    "contiguous_memory_optimization": false, 
    "cpu_checkpointing": false, 
    "number_checkpoints": null, 
    "synchronize_checkpoint_boundary": false, 
    "profile": false
}
[2024-08-07 23:55:13,806] [INFO] [config.py:1001:print]   aio_config ................... {'block_size': 1048576, 'queue_depth': 8, 'thread_count': 1, 'single_submit': False, 'overlap_events': True}
[2024-08-07 23:55:13,806] [INFO] [config.py:1001:print]   amp_enabled .................. False
[2024-08-07 23:55:13,806] [INFO] [config.py:1001:print]   amp_params ................... False
[2024-08-07 23:55:13,807] [INFO] [config.py:1001:print]   autotuning_config ............ {
    "enabled": false, 
    "start_step": null, 
    "end_step": null, 
    "metric_path": null, 
    "arg_mappings": null, 
    "metric": "throughput", 
    "model_info": null, 
    "results_dir": "autotuning_results", 
    "exps_dir": "autotuning_exps", 
    "overwrite": true, 
    "fast": true, 
    "start_profile_step": 3, 
    "end_profile_step": 5, 
    "tuner_type": "gridsearch", 
    "tuner_early_stopping": 5, 
    "tuner_num_trials": 50, 
    "model_info_path": null, 
    "mp_size": 1, 
    "max_train_batch_size": null, 
    "min_train_batch_size": 1, 
    "max_train_micro_batch_size_per_gpu": 1.024000e+03, 
    "min_train_micro_batch_size_per_gpu": 1, 
    "num_tuning_micro_batch_sizes": 3
}
[2024-08-07 23:55:13,807] [INFO] [config.py:1001:print]   bfloat16_enabled ............. False
[2024-08-07 23:55:13,807] [INFO] [config.py:1001:print]   bfloat16_immediate_grad_update  False
[2024-08-07 23:55:13,807] [INFO] [config.py:1001:print]   checkpoint_parallel_write_pipeline  False
[2024-08-07 23:55:13,807] [INFO] [config.py:1001:print]   checkpoint_tag_validation_enabled  True
[2024-08-07 23:55:13,807] [INFO] [config.py:1001:print]   checkpoint_tag_validation_fail  False
[2024-08-07 23:55:13,807] [INFO] [config.py:1001:print]   comms_config ................. <deepspeed.comm.config.DeepSpeedCommsConfig object at 0x7ff531956010>
[2024-08-07 23:55:13,807] [INFO] [config.py:1001:print]   communication_data_type ...... None
[2024-08-07 23:55:13,807] [INFO] [config.py:1001:print]   compression_config ........... {'weight_quantization': {'shared_parameters': {'enabled': False, 'quantizer_kernel': False, 'schedule_offset': 0, 'quantize_groups': 1, 'quantize_verbose': False, 'quantization_type': 'symmetric', 'quantize_weight_in_forward': False, 'rounding': 'nearest', 'fp16_mixed_quantize': False, 'quantize_change_ratio': 0.001}, 'different_groups': {}}, 'activation_quantization': {'shared_parameters': {'enabled': False, 'quantization_type': 'symmetric', 'range_calibration': 'dynamic', 'schedule_offset': 1000}, 'different_groups': {}}, 'sparse_pruning': {'shared_parameters': {'enabled': False, 'method': 'l1', 'schedule_offset': 1000}, 'different_groups': {}}, 'row_pruning': {'shared_parameters': {'enabled': False, 'method': 'l1', 'schedule_offset': 1000}, 'different_groups': {}}, 'head_pruning': {'shared_parameters': {'enabled': False, 'method': 'topk', 'schedule_offset': 1000}, 'different_groups': {}}, 'channel_pruning': {'shared_pa[rank33]:[W unwind.cpp:201] Warning: Unsupported unwinding pattern: Address not in range (function unwinderFor)
[rank35]:[W unwind.cpp:201] Warning: Unsupported unwinding pattern: Address not in range (function unwinderFor)
[rank38]:[W unwind.cpp:201] Warning: Unsupported unwinding pattern: Address not in range (function unwinderFor)
[rank32]:[W unwind.cpp:201] Warning: Unsupported unwinding pattern: Address not in range (function unwinderFor)
[rank34]:[W unwind.cpp:201] Warning: Unsupported unwinding pattern: Address not in range (function unwinderFor)
[rank36]:[W unwind.cpp:201] Warning: Unsupported unwinding pattern: Address not in range (function unwinderFor)
[rank37]:[W unwind.cpp:201] Warning: Unsupported unwinding pattern: Address not in range (function unwinderFor)
[rank39]:[W unwind.cpp:201] Warning: Unsupported unwinding pattern: Address not in range (function unwinderFor)
[rank42]:[W unwind.cpp:201] Warning: Unsupported unwinding pattern: Address not in range (function unwinderFor)
[rank59]:[W unwind.cpp:201] Warning: Unsupported unwinding pattern: Address not in range (function unwinderFor)
[rank105]:[W unwind.cpp:201] Warning: Unsupported unwinding pattern: Address not in range (function unwinderFor)
[rank44]:[W unwind.cpp:201] Warning: Unsupported unwinding pattern: Address not in range (function unwinderFor)
[rank109]:[W unwind.cpp:201] Warning: Unsupported unwinding pattern: Address not in range (function unwinderFor)
[rank40]:[W unwind.cpp:201] Warning: Unsupported unwinding pattern: Address not in range (function unwinderFor)
[rank61]:[W unwind.cpp:201] Warning: Unsupported unwinding pattern: Address not in range (function unwinderFor)
[rank104]:[W unwind.cpp:201] Warning: Unsupported unwinding pattern: Address not in range (function unwinderFor)
[rank41]:[W unwind.cpp:201] Warning: Unsupported unwinding pattern: Address not in range (function unwinderFor)
[rank63]:[W unwind.cpp:201] Warning: Unsupported unwinding pattern: Address not in range (function unwinderFor)
[rank106]:[W unwind.cpp:201] Warning: Unsupported unwinding pattern: Address not in range (function unwinderFor)
[rank43]:[W unwind.cpp:201] Warning: Unsupported unwinding pattern: Address not in range (function unwinderFor)
[rank56]:[W unwind.cpp:201] Warning: Unsupported unwinding pattern: Address not in range (function unwinderFor)
[rank107]:[W unwind.cpp:201] Warning: Unsupported unwinding pattern: Address not in range (function unwinderFor)
[rank45]:[W unwind.cpp:201] Warning: Unsupported unwinding pattern: Address not in range (function unwinderFor)
[rank57]:[W unwind.cpp:201] Warning: Unsupported unwinding pattern: Address not in range (function unwinderFor)
[rank108]:[W unwind.cpp:201] Warning: Unsupported unwinding pattern: Address not in range (function unwinderFor)
[rank46]:[W unwind.cpp:201] Warning: Unsupported unwinding pattern: Address not in range (function unwinderFor)
[rank58]:[W unwind.cpp:201] Warning: Unsupported unwinding pattern: Address not in range (function unwinderFor)
[rank110]:[W unwind.cpp:201] Warning: Unsupported unwinding pattern: Address not in range (function unwinderFor)
[rank47]:[W unwind.cpp:201] Warning: Unsupported unwinding pattern: Address not in range (function unwinderFor)
[rank60]:[W unwind.cpp:201] Warning: Unsupported unwinding pattern: Address not in range (function unwinderFor)
[rank111]:[W unwind.cpp:201] Warning: Unsupported unwinding pattern: Address not in range (function unwinderFor)
[rank62]:[W unwind.cpp:201] Warning: Unsupported unwinding pattern: Address not in range (function unwinderFor)
[rank49]:[W unwind.cpp:201] Warning: Unsupported unwinding pattern: Address not in range (function unwinderFor)
[rank50]:[W unwind.cpp:201] Warning: Unsupported unwinding pattern: Address not in range (function unwinderFor)
[rank53]:[W unwind.cpp:201] Warning: Unsupported unwinding pattern: Address not in range (function unwinderFor)
[rank55]:[W unwind.cpp:201] Warning: Unsupported unwinding pattern: Address not in range (function unwinderFor)
[rank48]:[W unwind.cpp:201] Warning: Unsupported unwinding pattern: Address not in range (function unwinderFor)
[rank51]:[W unwind.cpp:201] Warning: Unsupported unwinding pattern: Address not in range (function unwinderFor)
[rank52]:[W unwind.cpp:201] Warning: Unsupported unwinding pattern: Address not in range (function unwinderFor)
[rank54]:[W unwind.cpp:201] Warning: Unsupported unwinding pattern: Address not in range (function unwinderFor)
[rank120]:[W unwind.cpp:201] Warning: Unsupported unwinding pattern: Address not in range (function unwinderFor)
[rank123]:[W unwind.cpp:201] Warning: Unsupported unwinding pattern: Address not in range (function unwinderFor)
[rank121]:[W unwind.cpp:201] Warning: Unsupported unwinding pattern: Address not in range (function unwinderFor)
[rank122]:[W unwind.cpp:201] Warning: Unsupported unwinding pattern: Address not in range (function unwinderFor)
[rank124]:[W unwind.cpp:201] Warning: Unsupported unwinding pattern: Address not in range (function unwinderFor)
[rank125]:[W unwind.cpp:201] Warning: Unsupported unwinding pattern: Address not in range (function unwinderFor)
[rank126]:[W unwind.cpp:201] Warning: Unsupported unwinding pattern: Address not in range (function unwinderFor)
[rank127]:[W unwind.cpp:201] Warning: Unsupported unwinding pattern: Address not in range (function unwinderFor)
[rank25]:[W unwind.cpp:201] Warning: Unsupported unwinding pattern: Address not in range (function unwinderFor)
[rank24]:[W unwind.cpp:201] Warning: Unsupported unwinding pattern: Address not in range (function unwinderFor)
[rank26]:[W unwind.cpp:201] Warning: Unsupported unwinding pattern: Address not in range (function unwinderFor)
[rank27]:[W unwind.cpp:201] Warning: Unsupported unwinding pattern: Address not in range (function unwinderFor)
[rank28]:[W unwind.cpp:201] Warning: Unsupported unwinding pattern: Address not in range (function unwinderFor)
[rank29]:[W unwind.cpp:201] Warning: Unsupported unwinding pattern: Address not in range (function unwinderFor)
[rank30]:[W unwind.cpp:201] Warning: Unsupported unwinding pattern: Address not in range (function unwinderFor)
[rank31]:[W unwind.cpp:201] Warning: Unsupported unwinding pattern: Address not in range (function unwinderFor)
[rank68]:[W unwind.cpp:201] Warning: Unsupported unwinding pattern: Address not in range (function unwinderFor)
[rank64]:[W unwind.cpp:201] Warning: Unsupported unwinding pattern: Address not in range (function unwinderFor)
[rank65]:[W unwind.cpp:201] Warning: Unsupported unwinding pattern: Address not in range (function unwinderFor)
[rank66]:[W unwind.cpp:201] Warning: Unsupported unwinding pattern: Address not in range (function unwinderFor)
[rank67]:[W unwind.cpp:201] Warning: Unsupported unwinding pattern: Address not in range (function unwinderFor)
[rank69]:[W unwind.cpp:201] Warning: Unsupported unwinding pattern: Address not in range (function unwinderFor)
[rank70]:[W unwind.cpp:201] Warning: Unsupported unwinding pattern: Address not in range (function unwinderFor)
[rank71]:[W unwind.cpp:201] Warning: Unsupported unwinding pattern: Address not in range (function unwinderFor)
[rank72]:[W unwind.cpp:201] Warning: Unsupported unwinding pattern: Address not in range (function unwinderFor)
[rank79]:[W unwind.cpp:201] Warning: Unsupported unwinding pattern: Address not in range (function unwinderFor)
[rank73]:[W unwind.cpp:201] Warning: Unsupported unwinding pattern: Address not in range (function unwinderFor)
[rank74]:[W unwind.cpp:201] Warning: Unsupported unwinding pattern: Address not in range (function unwinderFor)
[rank75]:[W unwind.cpp:201] Warning: Unsupported unwinding pattern: Address not in range (function unwinderFor)
[rank76]:[W unwind.cpp:201] Warning: Unsupported unwinding pattern: Address not in range (function unwinderFor)
[rank77]:[W unwind.cpp:201] Warning: Unsupported unwinding pattern: Address not in range (function unwinderFor)
[rank78]:[W unwind.cpp:201] Warning: Unsupported unwinding pattern: Address not in range (function unwinderFor)
[rank82]:[W unwind.cpp:201] Warning: Unsupported unwinding pattern: Address not in range (function unwinderFor)
[rank113]:[W unwind.cpp:201] Warning: Unsupported unwinding pattern: Address not in range (function unwinderFor)
[rank84]:[W unwind.cpp:201] Warning: Unsupported unwinding pattern: Address not in range (function unwinderFor)
[rank114]:[W unwind.cpp:201] Warning: Unsupported unwinding pattern: Address not in range (function unwinderFor)
[rank85]:[W unwind.cpp:201] Warning: Unsupported unwinding pattern: Address not in range (function unwinderFor)
[rank116]:[W unwind.cpp:201] Warning: Unsupported unwinding pattern: Address not in range (function unwinderFor)
[rank87]:[W unwind.cpp:201] Warning: Unsupported unwinding pattern: Address not in range (function unwinderFor)
[rank117]:[W unwind.cpp:201] Warning: Unsupported unwinding pattern: Address not in range (function unwinderFor)
[rank80]:[W unwind.cpp:201] Warning: Unsupported unwinding pattern: Address not in range (function unwinderFor)
[rank118]:[W unwind.cpp:201] Warning: Unsupported unwinding pattern: Address not in range (function unwinderFor)
[rank81]:[W unwind.cpp:201] Warning: Unsupported unwinding pattern: Address not in range (function unwinderFor)
[rank119]:[W unwind.cpp:201] Warning: Unsupported unwinding pattern: Address not in range (function unwinderFor)
[rank83]:[W unwind.cpp:201] Warning: Unsupported unwinding pattern: Address not in range (function unwinderFor)
[rank112]:[W unwind.cpp:201] Warning: Unsupported unwinding pattern: Address not in range (function unwinderFor)
[rank86]:[W unwind.cpp:201] Warning: Unsupported unwinding pattern: Address not in range (function unwinderFor)
[rank115]:[W unwind.cpp:201] Warning: Unsupported unwinding pattern: Address not in range (function unwinderFor)
[rank97]:[W unwind.cpp:201] Warning: Unsupported unwinding pattern: Address not in range (function unwinderFor)
[rank96]:[W unwind.cpp:201] Warning: Unsupported unwinding pattern: Address not in range (function unwinderFor)
[rank98]:[W unwind.cpp:201] Warning: Unsupported unwinding pattern: Address not in range (function unwinderFor)
[rank99]:[W unwind.cpp:201] Warning: Unsupported unwinding pattern: Address not in range (function unwinderFor)
[rank100]:[W unwind.cpp:201] Warning: Unsupported unwinding pattern: Address not in range (function unwinderFor)
[rank101]:[W unwind.cpp:201] Warning: Unsupported unwinding pattern: Address not in range (function unwinderFor)
[rank102]:[W unwind.cpp:201] Warning: Unsupported unwinding pattern: Address not in range (function unwinderFor)
[rank103]:[W unwind.cpp:201] Warning: Unsupported unwinding pattern: Address not in range (function unwinderFor)
[rank18]:[W unwind.cpp:201] Warning: Unsupported unwinding pattern: Address not in range (function unwinderFor)
[rank19]:[W unwind.cpp:201] Warning: Unsupported unwinding pattern: Address not in range (function unwinderFor)
[rank20]:[W unwind.cpp:201] Warning: Unsupported unwinding pattern: Address not in range (function unwinderFor)
[rank21]:[W unwind.cpp:201] Warning: Unsupported unwinding pattern: Address not in range (function unwinderFor)
[rank16]:[W unwind.cpp:201] Warning: Unsupported unwinding pattern: Address not in range (function unwinderFor)
[rank17]:[W unwind.cpp:201] Warning: Unsupported unwinding pattern: Address not in range (function unwinderFor)
[rank22]:[W unwind.cpp:201] Warning: Unsupported unwinding pattern: Address not in range (function unwinderFor)
[rank23]:[W unwind.cpp:201] Warning: Unsupported unwinding pattern: Address not in range (function unwinderFor)
[rank9]:[W unwind.cpp:201] Warning: Unsupported unwinding pattern: Address not in range (function unwinderFor)
[rank10]:[W unwind.cpp:201] Warning: Unsupported unwinding pattern: Address not in range (function unwinderFor)
[rank14]:[W unwind.cpp:201] Warning: Unsupported unwinding pattern: Address not in range (function unwinderFor)
[rank8]:[W unwind.cpp:201] Warning: Unsupported unwinding pattern: Address not in range (function unwinderFor)
[rank11]:[W unwind.cpp:201] Warning: Unsupported unwinding pattern: Address not in range (function unwinderFor)
[rank12]:[W unwind.cpp:201] Warning: Unsupported unwinding pattern: Address not in range (function unwinderFor)
[rank13]:[W unwind.cpp:201] Warning: Unsupported unwinding pattern: Address not in range (function unwinderFor)
[rank15]:[W unwind.cpp:201] Warning: Unsupported unwinding pattern: Address not in range (function unwinderFor)
rameters': {'enabled': False, 'method': 'l1', 'schedule_offset': 1000}, 'different_groups': {}}, 'layer_reduction': {'enabled': False}}
[2024-08-07 23:55:13,807] [INFO] [config.py:1001:print]   curriculum_enabled_legacy .... False
[2024-08-07 23:55:13,807] [INFO] [config.py:1001:print]   curriculum_params_legacy ..... False
[2024-08-07 23:55:13,807] [INFO] [config.py:1001:print]   data_efficiency_config ....... {'enabled': False, 'seed': 1234, 'data_sampling': {'enabled': False, 'num_epochs': 1000, 'num_workers': 0, 'curriculum_learning': {'enabled': False}}, 'data_routing': {'enabled': False, 'random_ltd': {'enabled': False, 'layer_token_lr_schedule': {'enabled': False}}}}
[2024-08-07 23:55:13,807] [INFO] [config.py:1001:print]   data_efficiency_enabled ...... False
[2024-08-07 23:55:13,807] [INFO] [config.py:1001:print]   dataloader_drop_last ......... False
[2024-08-07 23:55:13,807] [INFO] [config.py:1001:print]   disable_allgather ............ False
[2024-08-07 23:55:13,807] [INFO] [config.py:1001:print]   dump_state ................... False
[2024-08-07 23:55:13,807] [INFO] [config.py:1001:print]   dynamic_loss_scale_args ...... None
[2024-08-07 23:55:13,807] [INFO] [config.py:1001:print]   eigenvalue_enabled ........... False
[2024-08-07 23:55:13,807] [INFO] [config.py:1001:print]   eigenvalue_gas_boundary_resolution  1
[2024-08-07 23:55:13,807] [INFO] [config.py:1001:print]   eigenvalue_layer_name ........ bert.encoder.layer
[2024-08-07 23:55:13,807] [INFO] [config.py:1001:print]   eigenvalue_layer_num ......... 0
[2024-08-07 23:55:13,807] [INFO] [config.py:1001:print]   eigenvalue_max_iter .......... 100
[2024-08-07 23:55:13,807] [INFO] [config.py:1001:print]   eigenvalue_stability ......... 1e-06
[2024-08-07 23:55:13,807] [INFO] [config.py:1001:print]   eigenvalue_tol ............... 0.01
[2024-08-07 23:55:13,807] [INFO] [config.py:1001:print]   eigenvalue_verbose ........... False
[2024-08-07 23:55:13,807] [INFO] [config.py:1001:print]   elasticity_enabled ........... False
[2024-08-07 23:55:13,807] [INFO] [config.py:1001:print]   flops_profiler_config ........ {
    "enabled": false, 
    "recompute_fwd_factor": 0.0, 
    "profile_step": 1, 
    "module_depth": -1, 
    "top_modules": 1, 
    "detailed": true, 
    "output_file": null
}
[2024-08-07 23:55:13,807] [INFO] [config.py:1001:print]   fp16_auto_cast ............... None
[2024-08-07 23:55:13,807] [INFO] [config.py:1001:print]   fp16_enabled ................. False
[2024-08-07 23:55:13,807] [INFO] [config.py:1001:print]   fp16_master_weights_and_gradients  False
[2024-08-07 23:55:13,807] [INFO] [config.py:1001:print]   global_rank .................. 0
[2024-08-07 23:55:13,807] [INFO] [config.py:1001:print]   grad_accum_dtype ............. None
[2024-08-07 23:55:13,807] [INFO] [config.py:1001:print]   gradient_accumulation_steps .. 1
[2024-08-07 23:55:13,807] [INFO] [config.py:1001:print]   gradient_clipping ............ 0.0
[2024-08-07 23:55:13,807] [INFO] [config.py:1001:print]   gradient_predivide_factor .... 1.0
[2024-08-07 23:55:13,807] [INFO] [config.py:1001:print]   graph_harvesting ............. False
[2024-08-07 23:55:13,807] [INFO] [config.py:1001:print]   hybrid_engine ................ enabled=False max_out_tokens=512 inference_tp_size=1 release_inference_cache=False pin_parameters=True tp_gather_partition_size=8
[2024-08-07 23:55:13,807] [INFO] [config.py:1001:print]   initial_dynamic_scale ........ 65536
[2024-08-07 23:55:13,807] [INFO] [config.py:1001:print]   load_universal_checkpoint .... False
[2024-08-07 23:55:13,808] [INFO] [config.py:1001:print]   loss_scale ................... 0
[2024-08-07 23:55:13,808] [INFO] [config.py:1001:print]   memory_breakdown ............. False
[2024-08-07 23:55:13,808] [INFO] [config.py:1001:print]   mics_hierarchial_params_gather  False
[2024-08-07 23:55:13,808] [INFO] [config.py:1001:print]   mics_shard_size .............. -1
[2024-08-07 23:55:13,808] [INFO] [config.py:1001:print]   monitor_config ............... tensorboard=TensorBoardConfig(enabled=False, output_path='', job_name='DeepSpeedJobName') comet=CometConfig(enabled=False, samples_log_interval=100, project=None, workspace=None, api_key=None, experiment_name=None, experiment_key=None, online=None, mode=None) wandb=WandbConfig(enabled=False, group=None, team=None, project='deepspeed') csv_monitor=CSVConfig(enabled=False, output_path='', job_name='DeepSpeedJobName') enabled=False
[2024-08-07 23:55:13,808] [INFO] [config.py:1001:print]   nebula_config ................ {
    "enabled": false, 
    "persistent_storage_path": null, 
    "persistent_time_interval": 100, 
    "num_of_version_in_retention": 2, 
    "enable_nebula_load": true, 
    "load_path": null
}
[2024-08-07 23:55:13,808] [INFO] [config.py:1001:print]   optimizer_legacy_fusion ...... False
[2024-08-07 23:55:13,808] [INFO] [config.py:1001:print]   optimizer_name ............... None
[2024-08-07 23:55:13,808] [INFO] [config.py:1001:print]   optimizer_params ............. None
[2024-08-07 23:55:13,808] [INFO] [config.py:1001:print]   pipeline ..................... {'stages': 'auto', 'partition': 'best', 'seed_layers': False, 'activation_checkpoint_interval': 0, 'pipe_partitioned': True, 'grad_partitioned': True}
[2024-08-07 23:55:13,808] [INFO] [config.py:1001:print]   pld_enabled .................. False
[2024-08-07 23:55:13,808] [INFO] [config.py:1001:print]   pld_params ................... False
[2024-08-07 23:55:13,808] [INFO] [config.py:1001:print]   prescale_gradients ........... False
[2024-08-07 23:55:13,808] [INFO] [config.py:1001:print]   scheduler_name ............... None
[2024-08-07 23:55:13,808] [INFO] [config.py:1001:print]   scheduler_params ............. None
[2024-08-07 23:55:13,808] [INFO] [config.py:1001:print]   seq_parallel_communication_data_type  torch.float32
[2024-08-07 23:55:13,808] [INFO] [config.py:1001:print]   sparse_attention ............. None
[2024-08-07 23:55:13,808] [INFO] [config.py:1001:print]   sparse_gradients_enabled ..... False
[2024-08-07 23:55:13,808] [INFO] [config.py:1001:print]   steps_per_print .............. 1000000000.0
[2024-08-07 23:55:13,808] [INFO] [config.py:1001:print]   timers_config ................ enabled=True synchronized=True
[2024-08-07 23:55:13,808] [INFO] [config.py:1001:print]   train_batch_size ............. 4096
[2024-08-07 23:55:13,808] [INFO] [config.py:1001:print]   train_micro_batch_size_per_gpu  32
[2024-08-07 23:55:13,808] [INFO] [config.py:1001:print]   use_data_before_expert_parallel_  False
[2024-08-07 23:55:13,808] [INFO] [config.py:1001:print]   use_node_local_storage ....... False
[2024-08-07 23:55:13,808] [INFO] [config.py:1001:print]   wall_clock_breakdown ......... False
[2024-08-07 23:55:13,808] [INFO] [config.py:1001:print]   weight_quantization_config ... None
[2024-08-07 23:55:13,808] [INFO] [config.py:1001:print]   world_size ................... 128
[2024-08-07 23:55:13,808] [INFO] [config.py:1001:print]   zero_allow_untested_optimizer  False
[2024-08-07 23:55:13,808] [INFO] [config.py:1001:print]   zero_config .................. stage=0 contiguous_gradients=True reduce_scatter=True reduce_bucket_size=500,000,000 use_multi_rank_bucket_allreduce=True allgather_partitions=True allgather_bucket_size=500,000,000 overlap_comm=False load_from_fp32_weights=True elastic_checkpoint=False offload_param=None offload_optimizer=None sub_group_size=1,000,000,000 cpu_offload_param=None cpu_offload_use_pin_memory=None cpu_offload=None prefetch_bucket_size=50,000,000 param_persistence_threshold=100,000 model_persistence_threshold=sys.maxsize max_live_parameters=1,000,000,000 max_reuse_distance=1,000,000,000 gather_16bit_weights_on_model_save=False use_all_reduce_for_fetch_params=False stage3_gather_fp16_weights_on_model_save=False ignore_unused_parameters=True legacy_stage1=False round_robin_gradients=False zero_hpz_partition_size=1 zero_quantized_weights=False zero_quantized_nontrainable_weights=False zero_quantized_gradients=False mics_shard_size=-1 mics_hierarchical_params_gather=False memory_efficient_linear=True pipeline_loading_checkpoint=False override_module_apply=True
[2024-08-07 23:55:13,808] [INFO] [config.py:1001:print]   zero_enabled ................. False
[2024-08-07 23:55:13,808] [INFO] [config.py:1001:print]   zero_force_ds_cpu_optimizer .. True
[2024-08-07 23:55:13,808] [INFO] [config.py:1001:print]   zero_optimization_stage ...... 0
[2024-08-07 23:55:13,808] [INFO] [config.py:987:print_user_config]   json = {
    "train_micro_batch_size_per_gpu": 32, 
    "gradient_accumulation_steps": 1, 
    "steps_per_print": 1.000000e+09
}
[rank6]:[W unwind.cpp:201] Warning: Unsupported unwinding pattern: Address not in range (function unwinderFor)
[rank0]:[W unwind.cpp:201] Warning: Unsupported unwinding pattern: Address not in range (function unwinderFor)
[rank1]:[W unwind.cpp:201] Warning: Unsupported unwinding pattern: Address not in range (function unwinderFor)
[rank2]:[W unwind.cpp:201] Warning: Unsupported unwinding pattern: Address not in range (function unwinderFor)
[rank3]:[W unwind.cpp:201] Warning: Unsupported unwinding pattern: Address not in range (function unwinderFor)
[rank4]:[W unwind.cpp:201] Warning: Unsupported unwinding pattern: Address not in range (function unwinderFor)
[rank5]:[W unwind.cpp:201] Warning: Unsupported unwinding pattern: Address not in range (function unwinderFor)
[rank7]:[W unwind.cpp:201] Warning: Unsupported unwinding pattern: Address not in range (function unwinderFor)
[rank91]:[W unwind.cpp:201] Warning: Unsupported unwinding pattern: Address not in range (function unwinderFor)
[rank94]:[W unwind.cpp:201] Warning: Unsupported unwinding pattern: Address not in range (function unwinderFor)
[rank88]:[W unwind.cpp:201] Warning: Unsupported unwinding pattern: Address not in range (function unwinderFor)
[rank89]:[W unwind.cpp:201] Warning: Unsupported unwinding pattern: Address not in range (function unwinderFor)
[rank90]:[W unwind.cpp:201] Warning: Unsupported unwinding pattern: Address not in range (function unwinderFor)
[rank92]:[W unwind.cpp:201] Warning: Unsupported unwinding pattern: Address not in range (function unwinderFor)
[rank93]:[W unwind.cpp:201] Warning: Unsupported unwinding pattern: Address not in range (function unwinderFor)
[rank95]:[W unwind.cpp:201] Warning: Unsupported unwinding pattern: Address not in range (function unwinderFor)
WARNNING: ONly training for 2 epochs
WARNNING: ONly training for 2 epochs
WARNNING: ONly training for 2 epochs
WARNNING: ONly training for 2 epochs
WARNNING: ONly training for 2 epochs
WARNNING: ONly training for 2 epochs
WARNNING: ONly training for 2 epochs
WARNNING: ONly training for 2 epochs
WARNNING: ONly training for 2 epochs
WARNNING: ONly training for 2 epochs
WARNNING: ONly training for 2 epochs
WARNNING: ONly training for 2 epochs
WARNNING: ONly training for 2 epochs
WARNNING: ONly training for 2 epochs
WARNNING: ONly training for 2 epochs
WARNNING: ONly training for 2 epochs
WARNNING: ONly training for 2 epochs
WARNNING: ONly training for 2 epochs
WARNNING: ONly training for 2 epochs
WARNNING: ONly training for 2 epochs
WARNNING: ONly training for 2 epochs
WARNNING: ONly training for 2 epochs
WARNNING: ONly training for 2 epochs
WARNNING: ONly training for 2 epochs
WARNNING: ONly training for 2 epochs
WARNNING: ONly training for 2 epochs
WARNNING: ONly training for 2 epochs
WARNNING: ONly training for 2 epochs
WARNNING: ONly training for 2 epochs
WARNNING: ONly training for 2 epochs
WARNNING: ONly training for 2 epochs
WARNNING: ONly training for 2 epochs
WARNNING: ONly training for 2 epochs
WARNNING: ONly training for 2 epochs
WARNNING: ONly training for 2 epochs
WARNNING: ONly training for 2 epochs
WARNNING: ONly training for 2 epochs
WARNNING: ONly training for 2 epochs
WARNNING: ONly training for 2 epochs
WARNNING: ONly training for 2 epochs
WARNNING: ONly training for 2 epochs
WARNNING: ONly training for 2 epochs
WARNNING: ONly training for 2 epochs
WARNNING: ONly training for 2 epochs
WARNNING: ONly training for 2 epochs
WARNNING: ONly training for 2 epochs
WARNNING: ONly training for 2 epochs
WARNNING: ONly training for 2 epochs
WARNNING: ONly training for 2 epochs
WARNNING: ONly training for 2 epochs
WARNNING: ONly training for 2 epochs
WARNNING: ONly training for 2 epochs
WARNNING: ONly training for 2 epochs
WARNNING: ONly training for 2 epochs
WARNNING: ONly training for 2 epochs
WARNNING: ONly training for 2 epochs
WARNNING: ONly training for 2 epochs
WARNNING: ONly training for 2 epochs
WARNNING: ONly training for 2 epochs
WARNNING: ONly training for 2 epochs
WARNNING: ONly training for 2 epochs
WARNNING: ONly training for 2 epochs
WARNNING: ONly training for 2 epochs
WARNNING: ONly training for 2 epochs
WARNNING: ONly training for 2 epochs
WARNNING: ONly training for 2 epochs
WARNNING: ONly training for 2 epochs
WARNNING: ONly training for 2 epochs
WARNNING: ONly training for 2 epochs
WARNNING: ONly training for 2 epochs
WARNNING: ONly training for 2 epochs
WARNNING: ONly training for 2 epochs
WARNNING: ONly training for 2 epochs
WARNNING: ONly training for 2 epochs
WARNNING: ONly training for 2 epochs
WARNNING: ONly training for 2 epochs
WARNNING: ONly training for 2 epochs
WARNNING: ONly training for 2 epochs
WARNNING: ONly training for 2 epochs
WARNNING: ONly training for 2 epochs
WARNNING: ONly training for 2 epochs
WARNNING: ONly training for 2 epochs
WARNNING: ONly training for 2 epochs
WARNNING: ONly training for 2 epochs
WARNNING: ONly training for 2 epochs
WARNNING: ONly training for 2 epochs
WARNNING: ONly training for 2 epochs
WARNNING: ONly training for 2 epochs
WARNNING: ONly training for 2 epochs
WARNNING: ONly training for 2 epochs
WARNNING: ONly training for 2 epochs
WARNNING: ONly training for 2 epochs
WARNNING: ONly training for 2 epochs
WARNNING: ONly training for 2 epochs
WARNNING: ONly training for 2 epochs
WARNNING: ONly training for 2 epochs
WARNNING: ONly training for 2 epochs
WARNNING: ONly training for 2 epochs
WARNNING: ONly training for 2 epochs
WARNNING: ONly training for 2 epochs
WARNNING: ONly training for 2 epochs
WARNNING: ONly training for 2 epochs
WARNNING: ONly training for 2 epochs
WARNNING: ONly training for 2 epochs
WARNNING: ONly training for 2 epochs
WARNNING: ONly training for 2 epochs
WARNNING: ONly training for 2 epochs
WARNNING: ONly training for 2 epochs
WARNNING: ONly training for 2 epochs
WARNNING: ONly training for 2 epochs
WARNNING: ONly training for 2 epochs
WARNNING: ONly training for 2 epochs
WARNNING: ONly training for 2 epochs
WARNNING: ONly training for 2 epochs
WARNNING: ONly training for 2 epochs
WARNNING: ONly training for 2 epochs
WARNNING: ONly training for 2 epochs
WARNNING: ONly training for 2 epochs
WARNNING: ONly training for 2 epochs
WARNNING: ONly training for 2 epochs
WARNNING: ONly training for 2 epochs
WARNNING: ONly training for 2 epochs
WARNNING: ONly training for 2 epochs
WARNNING: ONly training for 2 epochs
WARNNING: ONly training for 2 epochs
WARNNING: ONly training for 2 epochs
WARNNING: ONly training for 2 epochs
WARNNING: ONly training for 2 epochs
Train:   0%|          | 0/2 [00:00<?, ?it/s]Train:  50%|█████     | 1/2 [00:09<00:09,  9.93s/it]Train: 100%|██████████| 2/2 [00:10<00:00,  4.45s/it]Train: 100%|██████████| 2/2 [00:10<00:00,  5.28s/it]
0: Peak Memory Usage
0: 4488.65576171875
0: Process 0 - Local timer:  load_data  :  111.26
0: Process 0 - Local timer:  create_model  :  0.18
0: Process 0 - Local timer:  train_validate_test  :  0.0
0: Minimum timers: 
0: load_data  :  111.26
0: create_model  :  0.12
0: train_validate_test  :  0.0
0: Maximum timers: 
0: load_data  :  112.26
0: create_model  :  0.18
0: train_validate_test  :  0.0
0: Average timers: 
0: load_data  :  111.72
0: create_model  :  0.13
0: train_validate_test  :  0.0
0: Number of calls to timers: 
0: {'load_data': 1, 'create_model': 1, 'train_validate_test': 0}
+ for MS in MEDIUM LARGE XLARGE XXLARGE
+ for NN in 16
+ srun -N16 -n128 -c7 --gres=gpu:8 python -u ./examples/multidataset/train_deepspeed_exportmem.py --multi_model_list=OC2022 --multi --num_epoch=1 --everyone --ddstore --log=exp-strongfull-LARGE-2204373-NN16-VANILLA --inputfile=LARGE_MTL.json --use_deepspeed
srun: Step created for StepId=2204373.1
[2024-08-07 23:55:45,196] [INFO] [real_accelerator.py:203:get_accelerator] Setting ds_accelerator to cuda (auto detect)
[2024-08-07 23:55:45,198] [INFO] [real_accelerator.py:203:get_accelerator] Setting ds_accelerator to cuda (auto detect)
[2024-08-07 23:55:45,200] [INFO] [real_accelerator.py:203:get_accelerator] Setting ds_accelerator to cuda (auto detect)
[2024-08-07 23:55:45,204] [INFO] [real_accelerator.py:203:get_accelerator] Setting ds_accelerator to cuda (auto detect)
[2024-08-07 23:55:45,204] [INFO] [real_accelerator.py:203:get_accelerator] Setting ds_accelerator to cuda (auto detect)
[2024-08-07 23:55:45,205] [INFO] [real_accelerator.py:203:get_accelerator] Setting ds_accelerator to cuda (auto detect)
[2024-08-07 23:55:45,205] [INFO] [real_accelerator.py:203:get_accelerator] Setting ds_accelerator to cuda (auto detect)
[2024-08-07 23:55:45,205] [INFO] [real_accelerator.py:203:get_accelerator] Setting ds_accelerator to cuda (auto detect)
[2024-08-07 23:55:45,205] [INFO] [real_accelerator.py:203:get_accelerator] Setting ds_accelerator to cuda (auto detect)
[2024-08-07 23:55:45,205] [INFO] [real_accelerator.py:203:get_accelerator] Setting ds_accelerator to cuda (auto detect)
[2024-08-07 23:55:45,206] [INFO] [real_accelerator.py:203:get_accelerator] Setting ds_accelerator to cuda (auto detect)
[2024-08-07 23:55:45,207] [INFO] [real_accelerator.py:203:get_accelerator] Setting ds_accelerator to cuda (auto detect)
[2024-08-07 23:55:45,207] [INFO] [real_accelerator.py:203:get_accelerator] Setting ds_accelerator to cuda (auto detect)
[2024-08-07 23:55:45,207] [INFO] [real_accelerator.py:203:get_accelerator] Setting ds_accelerator to cuda (auto detect)
[2024-08-07 23:55:45,207] [INFO] [real_accelerator.py:203:get_accelerator] Setting ds_accelerator to cuda (auto detect)
[2024-08-07 23:55:45,207] [INFO] [real_accelerator.py:203:get_accelerator] Setting ds_accelerator to cuda (auto detect)
[2024-08-07 23:55:45,211] [INFO] [real_accelerator.py:203:get_accelerator] Setting ds_accelerator to cuda (auto detect)
[2024-08-07 23:55:45,215] [INFO] [real_accelerator.py:203:get_accelerator] Setting ds_accelerator to cuda (auto detect)
[2024-08-07 23:55:45,221] [INFO] [real_accelerator.py:203:get_accelerator] Setting ds_accelerator to cuda (auto detect)
[2024-08-07 23:55:45,221] [INFO] [real_accelerator.py:203:get_accelerator] Setting ds_accelerator to cuda (auto detect)
[2024-08-07 23:55:45,221] [INFO] [real_accelerator.py:203:get_accelerator] Setting ds_accelerator to cuda (auto detect)
[2024-08-07 23:55:45,221] [INFO] [real_accelerator.py:203:get_accelerator] Setting ds_accelerator to cuda (auto detect)
[2024-08-07 23:55:45,221] [INFO] [real_accelerator.py:203:get_accelerator] Setting ds_accelerator to cuda (auto detect)
[2024-08-07 23:55:45,222] [INFO] [real_accelerator.py:203:get_accelerator] Setting ds_accelerator to cuda (auto detect)
[2024-08-07 23:55:45,284] [INFO] [real_accelerator.py:203:get_accelerator] Setting ds_accelerator to cuda (auto detect)
[2024-08-07 23:55:45,286] [INFO] [real_accelerator.py:203:get_accelerator] Setting ds_accelerator to cuda (auto detect)
[2024-08-07 23:55:45,288] [INFO] [real_accelerator.py:203:get_accelerator] Setting ds_accelerator to cuda (auto detect)
[2024-08-07 23:55:45,288] [INFO] [real_accelerator.py:203:get_accelerator] Setting ds_accelerator to cuda (auto detect)
[2024-08-07 23:55:45,291] [INFO] [real_accelerator.py:203:get_accelerator] Setting ds_accelerator to cuda (auto detect)
[2024-08-07 23:55:45,294] [INFO] [real_accelerator.py:203:get_accelerator] Setting ds_accelerator to cuda (auto detect)
[2024-08-07 23:55:45,294] [INFO] [real_accelerator.py:203:get_accelerator] Setting ds_accelerator to cuda (auto detect)
[2024-08-07 23:55:45,295] [INFO] [real_accelerator.py:203:get_accelerator] Setting ds_accelerator to cuda (auto detect)
[2024-08-07 23:55:45,295] [INFO] [real_accelerator.py:203:get_accelerator] Setting ds_accelerator to cuda (auto detect)
[2024-08-07 23:55:45,295] [INFO] [real_accelerator.py:203:get_accelerator] Setting ds_accelerator to cuda (auto detect)
[2024-08-07 23:55:45,295] [INFO] [real_accelerator.py:203:get_accelerator] Setting ds_accelerator to cuda (auto detect)
[2024-08-07 23:55:45,295] [INFO] [real_accelerator.py:203:get_accelerator] Setting ds_accelerator to cuda (auto detect)
[2024-08-07 23:55:45,299] [INFO] [real_accelerator.py:203:get_accelerator] Setting ds_accelerator to cuda (auto detect)
[2024-08-07 23:55:45,300] [INFO] [real_accelerator.py:203:get_accelerator] Setting ds_accelerator to cuda (auto detect)
[2024-08-07 23:55:45,300] [INFO] [real_accelerator.py:203:get_accelerator] Setting ds_accelerator to cuda (auto detect)
[2024-08-07 23:55:45,300] [INFO] [real_accelerator.py:203:get_accelerator] Setting ds_accelerator to cuda (auto detect)
[2024-08-07 23:55:45,339] [INFO] [real_accelerator.py:203:get_accelerator] Setting ds_accelerator to cuda (auto detect)
[2024-08-07 23:55:45,339] [INFO] [real_accelerator.py:203:get_accelerator] Setting ds_accelerator to cuda (auto detect)
[2024-08-07 23:55:45,339] [INFO] [real_accelerator.py:203:get_accelerator] Setting ds_accelerator to cuda (auto detect)
[2024-08-07 23:55:45,340] [INFO] [real_accelerator.py:203:get_accelerator] Setting ds_accelerator to cuda (auto detect)
[2024-08-07 23:55:45,341] [INFO] [real_accelerator.py:203:get_accelerator] Setting ds_accelerator to cuda (auto detect)
[2024-08-07 23:55:45,341] [INFO] [real_accelerator.py:203:get_accelerator] Setting ds_accelerator to cuda (auto detect)
[2024-08-07 23:55:45,341] [INFO] [real_accelerator.py:203:get_accelerator] Setting ds_accelerator to cuda (auto detect)
[2024-08-07 23:55:45,341] [INFO] [real_accelerator.py:203:get_accelerator] Setting ds_accelerator to cuda (auto detect)
[2024-08-07 23:55:45,355] [INFO] [real_accelerator.py:203:get_accelerator] Setting ds_accelerator to cuda (auto detect)
[2024-08-07 23:55:45,360] [INFO] [real_accelerator.py:203:get_accelerator] Setting ds_accelerator to cuda (auto detect)
[2024-08-07 23:55:45,370] [INFO] [real_accelerator.py:203:get_accelerator] Setting ds_accelerator to cuda (auto detect)
[2024-08-07 23:55:45,372] [INFO] [real_accelerator.py:203:get_accelerator] Setting ds_accelerator to cuda (auto detect)
[2024-08-07 23:55:45,373] [INFO] [real_accelerator.py:203:get_accelerator] Setting ds_accelerator to cuda (auto detect)
[2024-08-07 23:55:45,373] [INFO] [real_accelerator.py:203:get_accelerator] Setting ds_accelerator to cuda (auto detect)
[2024-08-07 23:55:45,374] [INFO] [real_accelerator.py:203:get_accelerator] Setting ds_accelerator to cuda (auto detect)
[2024-08-07 23:55:45,374] [INFO] [real_accelerator.py:203:get_accelerator] Setting ds_accelerator to cuda (auto detect)
[2024-08-07 23:55:45,438] [INFO] [real_accelerator.py:203:get_accelerator] Setting ds_accelerator to cuda (auto detect)
[2024-08-07 23:55:45,445] [INFO] [real_accelerator.py:203:get_accelerator] Setting ds_accelerator to cuda (auto detect)
[2024-08-07 23:55:45,446] [INFO] [real_accelerator.py:203:get_accelerator] Setting ds_accelerator to cuda (auto detect)
[2024-08-07 23:55:45,446] [INFO] [real_accelerator.py:203:get_accelerator] Setting ds_accelerator to cuda (auto detect)
[2024-08-07 23:55:45,446] [INFO] [real_accelerator.py:203:get_accelerator] Setting ds_accelerator to cuda (auto detect)
[2024-08-07 23:55:45,446] [INFO] [real_accelerator.py:203:get_accelerator] Setting ds_accelerator to cuda (auto detect)
[2024-08-07 23:55:45,446] [INFO] [real_accelerator.py:203:get_accelerator] Setting ds_accelerator to cuda (auto detect)
[2024-08-07 23:55:45,447] [INFO] [real_accelerator.py:203:get_accelerator] Setting ds_accelerator to cuda (auto detect)
[2024-08-07 23:55:45,469] [INFO] [real_accelerator.py:203:get_accelerator] Setting ds_accelerator to cuda (auto detect)
[2024-08-07 23:55:45,490] [INFO] [real_accelerator.py:203:get_accelerator] Setting ds_accelerator to cuda (auto detect)
[2024-08-07 23:55:45,522] [INFO] [real_accelerator.py:203:get_accelerator] Setting ds_accelerator to cuda (auto detect)
[2024-08-07 23:55:45,524] [INFO] [real_accelerator.py:203:get_accelerator] Setting ds_accelerator to cuda (auto detect)
[2024-08-07 23:55:45,527] [INFO] [real_accelerator.py:203:get_accelerator] Setting ds_accelerator to cuda (auto detect)
[2024-08-07 23:55:45,528] [INFO] [real_accelerator.py:203:get_accelerator] Setting ds_accelerator to cuda (auto detect)
[2024-08-07 23:55:45,529] [INFO] [real_accelerator.py:203:get_accelerator] Setting ds_accelerator to cuda (auto detect)
[2024-08-07 23:55:45,530] [INFO] [real_accelerator.py:203:get_accelerator] Setting ds_accelerator to cuda (auto detect)
[93m [WARNING] [0m async_io requires the dev libaio .so object and headers but these were not found.
[93m [WARNING] [0m async_io requires the dev libaio .so object and headers but these were not found.
[93m [WARNING] [0m async_io requires the dev libaio .so object and headers but these were not found.
[93m [WARNING] [0m async_io requires the dev libaio .so object and headers but these were not found.
[93m [WARNING] [0m async_io requires the dev libaio .so object and headers but these were not found.
[93m [WARNING] [0m async_io requires the dev libaio .so object and headers but these were not found.
[93m [WARNING] [0m async_io requires the dev libaio .so object and headers but these were not found.
[93m [WARNING] [0m async_io requires the dev libaio .so object and headers but these were not found.
[93m [WARNING] [0m If libaio is already installed (perhaps from source), try setting the CFLAGS and LDFLAGS environment variables to where it can be found.
[93m [WARNING] [0m Please specify the CUTLASS repo directory as environment variable $CUTLASS_PATH
[93m [WARNING] [0m If libaio is already installed (perhaps from source), try setting the CFLAGS and LDFLAGS environment variables to where it can be found.
[93m [WARNING] [0m Please specify the CUTLASS repo directory as environment variable $CUTLASS_PATH
[93m [WARNING] [0m If libaio is already installed (perhaps from source), try setting the CFLAGS and LDFLAGS environment variables to where it can be found.
[93m [WARNING] [0m Please specify the CUTLASS repo directory as environment variable $CUTLASS_PATH
[93m [WARNING] [0m If libaio is already installed (perhaps from source), try setting the CFLAGS and LDFLAGS environment variables to where it can be found.
[93m [WARNING] [0m Please specify the CUTLASS repo directory as environment variable $CUTLASS_PATH
[93m [WARNING] [0m If libaio is already installed (perhaps from source), try setting the CFLAGS and LDFLAGS environment variables to where it can be found.
[93m [WARNING] [0m Please specify the CUTLASS repo directory as environment variable $CUTLASS_PATH
[93m [WARNING] [0m If libaio is already installed (perhaps from source), try setting the CFLAGS and LDFLAGS environment variables to where it can be found.
[93m [WARNING] [0m Please specify the CUTLASS repo directory as environment variable $CUTLASS_PATH
[93m [WARNING] [0m If libaio is already installed (perhaps from source), try setting the CFLAGS and LDFLAGS environment variables to where it can be found.
[93m [WARNING] [0m Please specify the CUTLASS repo directory as environment variable $CUTLASS_PATH
[93m [WARNING] [0m If libaio is already installed (perhaps from source), try setting the CFLAGS and LDFLAGS environment variables to where it can be found.
[93m [WARNING] [0m Please specify the CUTLASS repo directory as environment variable $CUTLASS_PATH
[93m [WARNING] [0m async_io requires the dev libaio .so object and headers but these were not found.
[93m [WARNING] [0m async_io requires the dev libaio .so object and headers but these were not found.
[93m [WARNING] [0m async_io requires the dev libaio .so object and headers but these were not found.
[93m [WARNING] [0m async_io requires the dev libaio .so object and headers but these were not found.
[93m [WARNING] [0m async_io requires the dev libaio .so object and headers but these were not found.
[93m [WARNING] [0m async_io requires the dev libaio .so object and headers but these were not found.
[93m [WARNING] [0m async_io requires the dev libaio .so object and headers but these were not found.
[93m [WARNING] [0m async_io requires the dev libaio .so object and headers but these were not found.
[93m [WARNING] [0m If libaio is already installed (perhaps from source), try setting the CFLAGS and LDFLAGS environment variables to where it can be found.
[93m [WARNING] [0m Please specify the CUTLASS repo directory as environment variable $CUTLASS_PATH
[93m [WARNING] [0m If libaio is already installed (perhaps from source), try setting the CFLAGS and LDFLAGS environment variables to where it can be found.
[93m [WARNING] [0m Please specify the CUTLASS repo directory as environment variable $CUTLASS_PATH
[93m [WARNING] [0m If libaio is already installed (perhaps from source), try setting the CFLAGS and LDFLAGS environment variables to where it can be found.
[93m [WARNING] [0m Please specify the CUTLASS repo directory as environment variable $CUTLASS_PATH
[93m [WARNING] [0m If libaio is already installed (perhaps from source), try setting the CFLAGS and LDFLAGS environment variables to where it can be found.
[93m [WARNING] [0m Please specify the CUTLASS repo directory as environment variable $CUTLASS_PATH
[93m [WARNING] [0m If libaio is already installed (perhaps from source), try setting the CFLAGS and LDFLAGS environment variables to where it can be found.
[93m [WARNING] [0m Please specify the CUTLASS repo directory as environment variable $CUTLASS_PATH
[93m [WARNING] [0m If libaio is already installed (perhaps from source), try setting the CFLAGS and LDFLAGS environment variables to where it can be found.
[93m [WARNING] [0m Please specify the CUTLASS repo directory as environment variable $CUTLASS_PATH
[93m [WARNING] [0m If libaio is already installed (perhaps from source), try setting the CFLAGS and LDFLAGS environment variables to where it can be found.
[93m [WARNING] [0m Please specify the CUTLASS repo directory as environment variable $CUTLASS_PATH
[93m [WARNING] [0m If libaio is already installed (perhaps from source), try setting the CFLAGS and LDFLAGS environment variables to where it can be found.
[93m [WARNING] [0m Please specify the CUTLASS repo directory as environment variable $CUTLASS_PATH
[93m [WARNING] [0m async_io requires the dev libaio .so object and headers but these were not found.
[93m [WARNING] [0m async_io requires the dev libaio .so object and headers but these were not found.
[93m [WARNING] [0m async_io requires the dev libaio .so object and headers but these were not found.
[93m [WARNING] [0m async_io requires the dev libaio .so object and headers but these were not found.
[93m [WARNING] [0m async_io requires the dev libaio .so object and headers but these were not found.
[93m [WARNING] [0m async_io requires the dev libaio .so object and headers but these were not found.
[93m [WARNING] [0m async_io requires the dev libaio .so object and headers but these were not found.
[93m [WARNING] [0m async_io requires the dev libaio .so object and headers but these were not found.
[93m [WARNING] [0m If libaio is already installed (perhaps from source), try setting the CFLAGS and LDFLAGS environment variables to where it can be found.
[93m [WARNING] [0m Please specify the CUTLASS repo directory as environment variable $CUTLASS_PATH
[93m [WARNING] [0m If libaio is already installed (perhaps from source), try setting the CFLAGS and LDFLAGS environment variables to where it can be found.
[93m [WARNING] [0m Please specify the CUTLASS repo directory as environment variable $CUTLASS_PATH
[93m [WARNING] [0m If libaio is already installed (perhaps from source), try setting the CFLAGS and LDFLAGS environment variables to where it can be found.
[93m [WARNING] [0m Please specify the CUTLASS repo directory as environment variable $CUTLASS_PATH
[93m [WARNING] [0m If libaio is already installed (perhaps from source), try setting the CFLAGS and LDFLAGS environment variables to where it can be found.
[93m [WARNING] [0m Please specify the CUTLASS repo directory as environment variable $CUTLASS_PATH
[93m [WARNING] [0m If libaio is already installed (perhaps from source), try setting the CFLAGS and LDFLAGS environment variables to where it can be found.
[93m [WARNING] [0m Please specify the CUTLASS repo directory as environment variable $CUTLASS_PATH
[93m [WARNING] [0m If libaio is already installed (perhaps from source), try setting the CFLAGS and LDFLAGS environment variables to where it can be found.
[93m [WARNING] [0m Please specify the CUTLASS repo directory as environment variable $CUTLASS_PATH
[93m [WARNING] [0m If libaio is already installed (perhaps from source), try setting the CFLAGS and LDFLAGS environment variables to where it can be found.
[93m [WARNING] [0m Please specify the CUTLASS repo directory as environment variable $CUTLASS_PATH
[93m [WARNING] [0m If libaio is already installed (perhaps from source), try setting the CFLAGS and LDFLAGS environment variables to where it can be found.
[93m [WARNING] [0m Please specify the CUTLASS repo directory as environment variable $CUTLASS_PATH
[93m [WARNING] [0m sparse_attn is not compatible with ROCM
[93m [WARNING] [0m sparse_attn is not compatible with ROCM
[93m [WARNING] [0m sparse_attn is not compatible with ROCM
[93m [WARNING] [0m sparse_attn is not compatible with ROCM
[93m [WARNING] [0m sparse_attn is not compatible with ROCM
[93m [WARNING] [0m sparse_attn is not compatible with ROCM
[93m [WARNING] [0m sparse_attn is not compatible with ROCM
[93m [WARNING] [0m sparse_attn is not compatible with ROCM
[93m [WARNING] [0m async_io requires the dev libaio .so object and headers but these were not found.
[93m [WARNING] [0m async_io requires the dev libaio .so object and headers but these were not found.
[93m [WARNING] [0m async_io requires the dev libaio .so object and headers but these were not found.
[93m [WARNING] [0m async_io requires the dev libaio .so object and headers but these were not found.
[93m [WARNING] [0m async_io requires the dev libaio .so object and headers but these were not found.
[93m [WARNING] [0m async_io requires the dev libaio .so object and headers but these were not found.
[93m [WARNING] [0m async_io requires the dev libaio .so object and headers but these were not found.
[93m [WARNING] [0m async_io requires the dev libaio .so object and headers but these were not found.
[93m [WARNING] [0m If libaio is already installed (perhaps from source), try setting the CFLAGS and LDFLAGS environment variables to where it can be found.
[93m [WARNING] [0m Please specify the CUTLASS repo directory as environment variable $CUTLASS_PATH
[93m [WARNING] [0m If libaio is already installed (perhaps from source), try setting the CFLAGS and LDFLAGS environment variables to where it can be found.
[93m [WARNING] [0m Please specify the CUTLASS repo directory as environment variable $CUTLASS_PATH
[93m [WARNING] [0m sparse_attn is not compatible with ROCM
[93m [WARNING] [0m sparse_attn is not compatible with ROCM
[93m [WARNING] [0m sparse_attn is not compatible with ROCM
[93m [WARNING] [0m If libaio is already installed (perhaps from source), try setting the CFLAGS and LDFLAGS environment variables to where it can be found.
[93m [WARNING] [0m Please specify the CUTLASS repo directory as environment variable $CUTLASS_PATH
[93m [WARNING] [0m sparse_attn is not compatible with ROCM
[93m [WARNING] [0m If libaio is already installed (perhaps from source), try setting the CFLAGS and LDFLAGS environment variables to where it can be found.
[93m [WARNING] [0m Please specify the CUTLASS repo directory as environment variable $CUTLASS_PATH
[93m [WARNING] [0m If libaio is already installed (perhaps from source), try setting the CFLAGS and LDFLAGS environment variables to where it can be found.
[93m [WARNING] [0m Please specify the CUTLASS repo directory as environment variable $CUTLASS_PATH
[93m [WARNING] [0m sparse_attn is not compatible with ROCM
[93m [WARNING] [0m sparse_attn is not compatible with ROCM
[93m [WARNING] [0m sparse_attn is not compatible with ROCM
[93m [WARNING] [0m If libaio is already installed (perhaps from source), try setting the CFLAGS and LDFLAGS environment variables to where it can be found.
[93m [WARNING] [0m Please specify the CUTLASS repo directory as environment variable $CUTLASS_PATH
[93m [WARNING] [0m If libaio is already installed (perhaps from source), try setting the CFLAGS and LDFLAGS environment variables to where it can be found.
[93m [WARNING] [0m Please specify the CUTLASS repo directory as environment variable $CUTLASS_PATH
[93m [WARNING] [0m If libaio is already installed (perhaps from source), try setting the CFLAGS and LDFLAGS environment variables to where it can be found.
[93m [WARNING] [0m Please specify the CUTLASS repo directory as environment variable $CUTLASS_PATH
[93m [WARNING] [0m sparse_attn is not compatible with ROCM
[93m [WARNING] [0m sparse_attn is not compatible with ROCM
[93m [WARNING] [0m sparse_attn is not compatible with ROCM
[93m [WARNING] [0m sparse_attn is not compatible with ROCM
[93m [WARNING] [0m sparse_attn is not compatible with ROCM
[93m [WARNING] [0m sparse_attn is not compatible with ROCM
[93m [WARNING] [0m sparse_attn is not compatible with ROCM
[93m [WARNING] [0m sparse_attn is not compatible with ROCM
[93m [WARNING] [0m sparse_attn is not compatible with ROCM
[93m [WARNING] [0m async_io requires the dev libaio .so object and headers but these were not found.
[93m [WARNING] [0m async_io requires the dev libaio .so object and headers but these were not found.
[93m [WARNING] [0m async_io requires the dev libaio .so object and headers but these were not found.
[93m [WARNING] [0m async_io requires the dev libaio .so object and headers but these were not found.
[93m [WARNING] [0m async_io requires the dev libaio .so object and headers but these were not found.
[93m [WARNING] [0m async_io requires the dev libaio .so object and headers but these were not found.
[93m [WARNING] [0m If libaio is already installed (perhaps from source), try setting the CFLAGS and LDFLAGS environment variables to where it can be found.
[93m [WARNING] [0m Please specify the CUTLASS repo directory as environment variable $CUTLASS_PATH
[93m [WARNING] [0m async_io requires the dev libaio .so object and headers but these were not found.
[93m [WARNING] [0m If libaio is already installed (perhaps from source), try setting the CFLAGS and LDFLAGS environment variables to where it can be found.
[93m [WARNING] [0m Please specify the CUTLASS repo directory as environment variable $CUTLASS_PATH
[93m [WARNING] [0m async_io requires the dev libaio .so object and headers but these were not found.
[93m [WARNING] [0m async_io requires the dev libaio .so object and headers but these were not found.
[93m [WARNING] [0m async_io requires the dev libaio .so object and headers but these were not found.
[93m [WARNING] [0m async_io requires the dev libaio .so object and headers but these were not found.
[93m [WARNING] [0m async_io requires the dev libaio .so object and headers but these were not found.
[93m [WARNING] [0m async_io requires the dev libaio .so object and headers but these were not found.
[93m [WARNING] [0m async_io requires the dev libaio .so object and headers but these were not found.
[93m [WARNING] [0m If libaio is already installed (perhaps from source), try setting the CFLAGS and LDFLAGS environment variables to where it can be found.
[93m [WARNING] [0m Please specify the CUTLASS repo directory as environment variable $CUTLASS_PATH
[93m [WARNING] [0m If libaio is already installed (perhaps from source), try setting the CFLAGS and LDFLAGS environment variables to where it can be found.
[93m [WARNING] [0m Please specify the CUTLASS repo directory as environment variable $CUTLASS_PATH
[93m [WARNING] [0m async_io requires the dev libaio .so object and headers but these were not found.
[93m [WARNING] [0m async_io requires the dev libaio .so object and headers but these were not found.
[93m [WARNING] [0m If libaio is already installed (perhaps from source), try setting the CFLAGS and LDFLAGS environment variables to where it can be found.
[93m [WARNING] [0m Please specify the CUTLASS repo directory as environment variable $CUTLASS_PATH
[93m [WARNING] [0m If libaio is already installed (perhaps from source), try setting the CFLAGS and LDFLAGS environment variables to where it can be found.
[93m [WARNING] [0m Please specify the CUTLASS repo directory as environment variable $CUTLASS_PATH
[93m [WARNING] [0m If libaio is already installed (perhaps from source), try setting the CFLAGS and LDFLAGS environment variables to where it can be found.
[93m [WARNING] [0m Please specify the CUTLASS repo directory as environment variable $CUTLASS_PATH
[93m [WARNING] [0m If libaio is already installed (perhaps from source), try setting the CFLAGS and LDFLAGS environment variables to where it can be found.
[93m [WARNING] [0m Please specify the CUTLASS repo directory as environment variable $CUTLASS_PATH
[93m [WARNING] [0m If libaio is already installed (perhaps from source), try setting the CFLAGS and LDFLAGS environment variables to where it can be found.
[93m [WARNING] [0m Please specify the CUTLASS repo directory as environment variable $CUTLASS_PATH
[93m [WARNING] [0m If libaio is already installed (perhaps from source), try setting the CFLAGS and LDFLAGS environment variables to where it can be found.
[93m [WARNING] [0m Please specify the CUTLASS repo directory as environment variable $CUTLASS_PATH
[93m [WARNING] [0m If libaio is already installed (perhaps from source), try setting the CFLAGS and LDFLAGS environment variables to where it can be found.
[93m [WARNING] [0m Please specify the CUTLASS repo directory as environment variable $CUTLASS_PATH
[93m [WARNING] [0m If libaio is already installed (perhaps from source), try setting the CFLAGS and LDFLAGS environment variables to where it can be found.
[93m [WARNING] [0m Please specify the CUTLASS repo directory as environment variable $CUTLASS_PATH
[93m [WARNING] [0m If libaio is already installed (perhaps from source), try setting the CFLAGS and LDFLAGS environment variables to where it can be found.
[93m [WARNING] [0m Please specify the CUTLASS repo directory as environment variable $CUTLASS_PATH
[93m [WARNING] [0m If libaio is already installed (perhaps from source), try setting the CFLAGS and LDFLAGS environment variables to where it can be found.
[93m [WARNING] [0m Please specify the CUTLASS repo directory as environment variable $CUTLASS_PATH
[93m [WARNING] [0m If libaio is already installed (perhaps from source), try setting the CFLAGS and LDFLAGS environment variables to where it can be found.
[93m [WARNING] [0m Please specify the CUTLASS repo directory as environment variable $CUTLASS_PATH
[93m [WARNING] [0m If libaio is already installed (perhaps from source), try setting the CFLAGS and LDFLAGS environment variables to where it can be found.
[93m [WARNING] [0m Please specify the CUTLASS repo directory as environment variable $CUTLASS_PATH
[93m [WARNING] [0m sparse_attn is not compatible with ROCM
[93m [WARNING] [0m sparse_attn is not compatible with ROCM
[93m [WARNING] [0m sparse_attn is not compatible with ROCM
[93m [WARNING] [0m sparse_attn is not compatible with ROCM
[93m [WARNING] [0m sparse_attn is not compatible with ROCM
[93m [WARNING] [0m sparse_attn is not compatible with ROCM
[93m [WARNING] [0m sparse_attn is not compatible with ROCM
[93m [WARNING] [0m sparse_attn is not compatible with ROCM
[93m [WARNING] [0m async_io requires the dev libaio .so object and headers but these were not found.
[93m [WARNING] [0m async_io requires the dev libaio .so object and headers but these were not found.
[93m [WARNING] [0m async_io requires the dev libaio .so object and headers but these were not found.
[93m [WARNING] [0m async_io requires the dev libaio .so object and headers but these were not found.
[93m [WARNING] [0m async_io requires the dev libaio .so object and headers but these were not found.
[93m [WARNING] [0m If libaio is already installed (perhaps from source), try setting the CFLAGS and LDFLAGS environment variables to where it can be found.
[93m [WARNING] [0m Please specify the CUTLASS repo directory as environment variable $CUTLASS_PATH
[93m [WARNING] [0m async_io requires the dev libaio .so object and headers but these were not found.
[93m [WARNING] [0m If libaio is already installed (perhaps from source), try setting the CFLAGS and LDFLAGS environment variables to where it can be found.
[93m [WARNING] [0m Please specify the CUTLASS repo directory as environment variable $CUTLASS_PATH
[93m [WARNING] [0m async_io requires the dev libaio .so object and headers but these were not found.
[93m [WARNING] [0m async_io requires the dev libaio .so object and headers but these were not found.
[93m [WARNING] [0m If libaio is already installed (perhaps from source), try setting the CFLAGS and LDFLAGS environment variables to where it can be found.
[93m [WARNING] [0m Please specify the CUTLASS repo directory as environment variable $CUTLASS_PATH
[93m [WARNING] [0m If libaio is already installed (perhaps from source), try setting the CFLAGS and LDFLAGS environment variables to where it can be found.
[93m [WARNING] [0m Please specify the CUTLASS repo directory as environment variable $CUTLASS_PATH
[93m [WARNING] [0m If libaio is already installed (perhaps from source), try setting the CFLAGS and LDFLAGS environment variables to where it can be found.
[93m [WARNING] [0m Please specify the CUTLASS repo directory as environment variable $CUTLASS_PATH
[93m [WARNING] [0m If libaio is already installed (perhaps from source), try setting the CFLAGS and LDFLAGS environment variables to where it can be found.
[93m [WARNING] [0m Please specify the CUTLASS repo directory as environment variable $CUTLASS_PATH
[93m [WARNING] [0m If libaio is already installed (perhaps from source), try setting the CFLAGS and LDFLAGS environment variables to where it can be found.
[93m [WARNING] [0m Please specify the CUTLASS repo directory as environment variable $CUTLASS_PATH
[93m [WARNING] [0m async_io requires the dev libaio .so object and headers but these were not found.
[93m [WARNING] [0m If libaio is already installed (perhaps from source), try setting the CFLAGS and LDFLAGS environment variables to where it can be found.
[93m [WARNING] [0m Please specify the CUTLASS repo directory as environment variable $CUTLASS_PATH
[93m [WARNING] [0m async_io requires the dev libaio .so object and headers but these were not found.
[93m [WARNING] [0m If libaio is already installed (perhaps from source), try setting the CFLAGS and LDFLAGS environment variables to where it can be found.
[93m [WARNING] [0m Please specify the CUTLASS repo directory as environment variable $CUTLASS_PATH
[93m [WARNING] [0m async_io requires the dev libaio .so object and headers but these were not found.
[93m [WARNING] [0m async_io requires the dev libaio .so object and headers but these were not found.
[93m [WARNING] [0m async_io requires the dev libaio .so object and headers but these were not found.
[93m [WARNING] [0m If libaio is already installed (perhaps from source), try setting the CFLAGS and LDFLAGS environment variables to where it can be found.
[93m [WARNING] [0m Please specify the CUTLASS repo directory as environment variable $CUTLASS_PATH
[93m [WARNING] [0m async_io requires the dev libaio .so object and headers but these were not found.
[93m [WARNING] [0m async_io requires the dev libaio .so object and headers but these were not found.
[93m [WARNING] [0m async_io requires the dev libaio .so object and headers but these were not found.
[93m [WARNING] [0m If libaio is already installed (perhaps from source), try setting the CFLAGS and LDFLAGS environment variables to where it can be found.
[93m [WARNING] [0m Please specify the CUTLASS repo directory as environment variable $CUTLASS_PATH
[93m [WARNING] [0m If libaio is already installed (perhaps from source), try setting the CFLAGS and LDFLAGS environment variables to where it can be found.
[93m [WARNING] [0m Please specify the CUTLASS repo directory as environment variable $CUTLASS_PATH
[93m [WARNING] [0m If libaio is already installed (perhaps from source), try setting the CFLAGS and LDFLAGS environment variables to where it can be found.
[93m [WARNING] [0m Please specify the CUTLASS repo directory as environment variable $CUTLASS_PATH
[93m [WARNING] [0m If libaio is already installed (perhaps from source), try setting the CFLAGS and LDFLAGS environment variables to where it can be found.
[93m [WARNING] [0m Please specify the CUTLASS repo directory as environment variable $CUTLASS_PATH
[93m [WARNING] [0m If libaio is already installed (perhaps from source), try setting the CFLAGS and LDFLAGS environment variables to where it can be found.
[93m [WARNING] [0m Please specify the CUTLASS repo directory as environment variable $CUTLASS_PATH
[93m [WARNING] [0m If libaio is already installed (perhaps from source), try setting the CFLAGS and LDFLAGS environment variables to where it can be found.
[93m [WARNING] [0m Please specify the CUTLASS repo directory as environment variable $CUTLASS_PATH
[93m [WARNING] [0m sparse_attn is not compatible with ROCM
[93m [WARNING] [0m sparse_attn is not compatible with ROCM
[93m [WARNING] [0m sparse_attn is not compatible with ROCM
[93m [WARNING] [0m sparse_attn is not compatible with ROCM
[93m [WARNING] [0m sparse_attn is not compatible with ROCM
[93m [WARNING] [0m sparse_attn is not compatible with ROCM
[93m [WARNING] [0m sparse_attn is not compatible with ROCM
[93m [WARNING] [0m sparse_attn is not compatible with ROCM
[93m [WARNING] [0m sparse_attn is not compatible with ROCM
[93m [WARNING] [0m sparse_attn is not compatible with ROCM
[93m [WARNING] [0m sparse_attn is not compatible with ROCM
[93m [WARNING] [0m sparse_attn is not compatible with ROCM
[93m [WARNING] [0m sparse_attn is not compatible with ROCM
[93m [WARNING] [0m sparse_attn is not compatible with ROCM
[93m [WARNING] [0m sparse_attn is not compatible with ROCM
[93m [WARNING] [0m sparse_attn is not compatible with ROCM
[2024-08-07 23:55:47,179] [INFO] [real_accelerator.py:203:get_accelerator] Setting ds_accelerator to cuda (auto detect)
[2024-08-07 23:55:47,182] [INFO] [real_accelerator.py:203:get_accelerator] Setting ds_accelerator to cuda (auto detect)
[2024-08-07 23:55:47,245] [INFO] [real_accelerator.py:203:get_accelerator] Setting ds_accelerator to cuda (auto detect)
[2024-08-07 23:55:47,252] [INFO] [real_accelerator.py:203:get_accelerator] Setting ds_accelerator to cuda (auto detect)
[2024-08-07 23:55:47,253] [INFO] [real_accelerator.py:203:get_accelerator] Setting ds_accelerator to cuda (auto detect)
[2024-08-07 23:55:47,268] [INFO] [real_accelerator.py:203:get_accelerator] Setting ds_accelerator to cuda (auto detect)
[2024-08-07 23:55:47,322] [INFO] [real_accelerator.py:203:get_accelerator] Setting ds_accelerator to cuda (auto detect)
[93m [WARNING] [0m sparse_attn is not compatible with ROCM
[93m [WARNING] [0m sparse_attn is not compatible with ROCM
[93m [WARNING] [0m sparse_attn is not compatible with ROCM
[93m [WARNING] [0m sparse_attn is not compatible with ROCM
[93m [WARNING] [0m sparse_attn is not compatible with ROCM
[93m [WARNING] [0m sparse_attn is not compatible with ROCM
[93m [WARNING] [0m sparse_attn is not compatible with ROCM
[93m [WARNING] [0m sparse_attn is not compatible with ROCM
[93m [WARNING] [0m sparse_attn is not compatible with ROCM
[93m [WARNING] [0m sparse_attn is not compatible with ROCM
[93m [WARNING] [0m sparse_attn is not compatible with ROCM
[93m [WARNING] [0m sparse_attn is not compatible with ROCM
[93m [WARNING] [0m sparse_attn is not compatible with ROCM
[93m [WARNING] [0m sparse_attn is not compatible with ROCM
[93m [WARNING] [0m sparse_attn is not compatible with ROCM
[93m [WARNING] [0m sparse_attn is not compatible with ROCM
[2024-08-07 23:55:47,413] [INFO] [real_accelerator.py:203:get_accelerator] Setting ds_accelerator to cuda (auto detect)
[2024-08-07 23:55:47,415] [INFO] [real_accelerator.py:203:get_accelerator] Setting ds_accelerator to cuda (auto detect)
[2024-08-07 23:55:47,417] [INFO] [real_accelerator.py:203:get_accelerator] Setting ds_accelerator to cuda (auto detect)
[2024-08-07 23:55:47,420] [INFO] [real_accelerator.py:203:get_accelerator] Setting ds_accelerator to cuda (auto detect)
[2024-08-07 23:55:47,422] [INFO] [real_accelerator.py:203:get_accelerator] Setting ds_accelerator to cuda (auto detect)
[2024-08-07 23:55:47,427] [INFO] [real_accelerator.py:203:get_accelerator] Setting ds_accelerator to cuda (auto detect)
[2024-08-07 23:55:47,428] [INFO] [real_accelerator.py:203:get_accelerator] Setting ds_accelerator to cuda (auto detect)
[2024-08-07 23:55:47,434] [INFO] [real_accelerator.py:203:get_accelerator] Setting ds_accelerator to cuda (auto detect)
[2024-08-07 23:55:47,438] [INFO] [real_accelerator.py:203:get_accelerator] Setting ds_accelerator to cuda (auto detect)
[2024-08-07 23:55:47,455] [INFO] [real_accelerator.py:203:get_accelerator] Setting ds_accelerator to cuda (auto detect)
[2024-08-07 23:55:47,469] [INFO] [real_accelerator.py:203:get_accelerator] Setting ds_accelerator to cuda (auto detect)
[2024-08-07 23:55:47,480] [INFO] [real_accelerator.py:203:get_accelerator] Setting ds_accelerator to cuda (auto detect)
[2024-08-07 23:55:47,508] [INFO] [real_accelerator.py:203:get_accelerator] Setting ds_accelerator to cuda (auto detect)
[2024-08-07 23:55:47,528] [INFO] [real_accelerator.py:203:get_accelerator] Setting ds_accelerator to cuda (auto detect)
[2024-08-07 23:55:47,534] [INFO] [real_accelerator.py:203:get_accelerator] Setting ds_accelerator to cuda (auto detect)
[2024-08-07 23:55:47,554] [INFO] [real_accelerator.py:203:get_accelerator] Setting ds_accelerator to cuda (auto detect)
[2024-08-07 23:55:47,597] [INFO] [real_accelerator.py:203:get_accelerator] Setting ds_accelerator to cuda (auto detect)
[2024-08-07 23:55:47,599] [INFO] [real_accelerator.py:203:get_accelerator] Setting ds_accelerator to cuda (auto detect)
[2024-08-07 23:55:47,604] [INFO] [real_accelerator.py:203:get_accelerator] Setting ds_accelerator to cuda (auto detect)
[2024-08-07 23:55:47,641] [INFO] [real_accelerator.py:203:get_accelerator] Setting ds_accelerator to cuda (auto detect)
[2024-08-07 23:55:47,680] [INFO] [real_accelerator.py:203:get_accelerator] Setting ds_accelerator to cuda (auto detect)
[2024-08-07 23:55:47,740] [INFO] [real_accelerator.py:203:get_accelerator] Setting ds_accelerator to cuda (auto detect)
[2024-08-07 23:55:47,746] [INFO] [real_accelerator.py:203:get_accelerator] Setting ds_accelerator to cuda (auto detect)
[2024-08-07 23:55:47,748] [INFO] [real_accelerator.py:203:get_accelerator] Setting ds_accelerator to cuda (auto detect)
[2024-08-07 23:55:47,752] [INFO] [real_accelerator.py:203:get_accelerator] Setting ds_accelerator to cuda (auto detect)
[2024-08-07 23:55:47,771] [INFO] [real_accelerator.py:203:get_accelerator] Setting ds_accelerator to cuda (auto detect)
[2024-08-07 23:55:47,775] [INFO] [real_accelerator.py:203:get_accelerator] Setting ds_accelerator to cuda (auto detect)
[2024-08-07 23:55:47,775] [INFO] [real_accelerator.py:203:get_accelerator] Setting ds_accelerator to cuda (auto detect)
[2024-08-07 23:55:47,847] [INFO] [real_accelerator.py:203:get_accelerator] Setting ds_accelerator to cuda (auto detect)
[93m [WARNING] [0m async_io requires the dev libaio .so object and headers but these were not found.
[93m [WARNING] [0m async_io requires the dev libaio .so object and headers but these were not found.
[93m [WARNING] [0m async_io requires the dev libaio .so object and headers but these were not found.
[93m [WARNING] [0m async_io requires the dev libaio .so object and headers but these were not found.
[93m [WARNING] [0m async_io requires the dev libaio .so object and headers but these were not found.
[93m [WARNING] [0m If libaio is already installed (perhaps from source), try setting the CFLAGS and LDFLAGS environment variables to where it can be found.
[93m [WARNING] [0m Please specify the CUTLASS repo directory as environment variable $CUTLASS_PATH
[93m [WARNING] [0m async_io requires the dev libaio .so object and headers but these were not found.
[93m [WARNING] [0m async_io requires the dev libaio .so object and headers but these were not found.
[93m [WARNING] [0m If libaio is already installed (perhaps from source), try setting the CFLAGS and LDFLAGS environment variables to where it can be found.
[93m [WARNING] [0m Please specify the CUTLASS repo directory as environment variable $CUTLASS_PATH
[93m [WARNING] [0m async_io requires the dev libaio .so object and headers but these were not found.
[93m [WARNING] [0m If libaio is already installed (perhaps from source), try setting the CFLAGS and LDFLAGS environment variables to where it can be found.
[93m [WARNING] [0m Please specify the CUTLASS repo directory as environment variable $CUTLASS_PATH
[93m [WARNING] [0m If libaio is already installed (perhaps from source), try setting the CFLAGS and LDFLAGS environment variables to where it can be found.
[93m [WARNING] [0m Please specify the CUTLASS repo directory as environment variable $CUTLASS_PATH
[93m [WARNING] [0m If libaio is already installed (perhaps from source), try setting the CFLAGS and LDFLAGS environment variables to where it can be found.
[93m [WARNING] [0m Please specify the CUTLASS repo directory as environment variable $CUTLASS_PATH
[93m [WARNING] [0m If libaio is already installed (perhaps from source), try setting the CFLAGS and LDFLAGS environment variables to where it can be found.
[93m [WARNING] [0m Please specify the CUTLASS repo directory as environment variable $CUTLASS_PATH
[2024-08-07 23:55:47,919] [INFO] [real_accelerator.py:203:get_accelerator] Setting ds_accelerator to cuda (auto detect)
[93m [WARNING] [0m If libaio is already installed (perhaps from source), try setting the CFLAGS and LDFLAGS environment variables to where it can be found.
[93m [WARNING] [0m Please specify the CUTLASS repo directory as environment variable $CUTLASS_PATH
[93m [WARNING] [0m If libaio is already installed (perhaps from source), try setting the CFLAGS and LDFLAGS environment variables to where it can be found.
[93m [WARNING] [0m Please specify the CUTLASS repo directory as environment variable $CUTLASS_PATH
[2024-08-07 23:55:47,989] [INFO] [real_accelerator.py:203:get_accelerator] Setting ds_accelerator to cuda (auto detect)
[2024-08-07 23:55:48,076] [INFO] [real_accelerator.py:203:get_accelerator] Setting ds_accelerator to cuda (auto detect)
[2024-08-07 23:55:48,101] [INFO] [real_accelerator.py:203:get_accelerator] Setting ds_accelerator to cuda (auto detect)
[93m [WARNING] [0m sparse_attn is not compatible with ROCM
[93m [WARNING] [0m sparse_attn is not compatible with ROCM
[93m [WARNING] [0m sparse_attn is not compatible with ROCM
[93m [WARNING] [0m sparse_attn is not compatible with ROCM
[93m [WARNING] [0m sparse_attn is not compatible with ROCM
[93m [WARNING] [0m sparse_attn is not compatible with ROCM
[93m [WARNING] [0m sparse_attn is not compatible with ROCM
[93m [WARNING] [0m sparse_attn is not compatible with ROCM
[2024-08-07 23:55:50,697] [INFO] [real_accelerator.py:203:get_accelerator] Setting ds_accelerator to cuda (auto detect)
[2024-08-07 23:55:50,741] [INFO] [comm.py:637:init_distributed] cdb=None
[2024-08-07 23:55:50,741] [INFO] [comm.py:637:init_distributed] cdb=None
[2024-08-07 23:55:50,741] [INFO] [comm.py:637:init_distributed] cdb=None
[2024-08-07 23:55:50,741] [INFO] [comm.py:637:init_distributed] cdb=None
[2024-08-07 23:55:50,741] [INFO] [comm.py:637:init_distributed] cdb=None
[2024-08-07 23:55:50,741] [INFO] [comm.py:637:init_distributed] cdb=None
[2024-08-07 23:55:50,741] [INFO] [comm.py:637:init_distributed] cdb=None
[2024-08-07 23:55:50,741] [INFO] [comm.py:637:init_distributed] cdb=None
[2024-08-07 23:55:50,741] [INFO] [comm.py:637:init_distributed] cdb=None
[2024-08-07 23:55:50,741] [INFO] [comm.py:637:init_distributed] cdb=None
[2024-08-07 23:55:50,741] [INFO] [comm.py:637:init_distributed] cdb=None
[2024-08-07 23:55:50,741] [INFO] [comm.py:637:init_distributed] cdb=None
[2024-08-07 23:55:50,741] [INFO] [comm.py:637:init_distributed] cdb=None
[2024-08-07 23:55:50,741] [INFO] [comm.py:637:init_distributed] cdb=None
[2024-08-07 23:55:50,741] [INFO] [comm.py:637:init_distributed] cdb=None
[2024-08-07 23:55:50,741] [INFO] [comm.py:637:init_distributed] cdb=None
[W socket.cpp:697] [c10d] The client socket cannot be initialized to connect to [frontier05120.frontier.olcf.ornl.gov]:8889 (errno: 97 - Address family not supported by protocol).
[W socket.cpp:697] [c10d] The client socket cannot be initialized to connect to [frontier05120.frontier.olcf.ornl.gov]:8889 (errno: 97 - Address family not supported by protocol).
[W socket.cpp:697] [c10d] The client socket cannot be initialized to connect to [frontier05120.frontier.olcf.ornl.gov]:8889 (errno: 97 - Address family not supported by protocol).
[W socket.cpp:697] [c10d] The client socket cannot be initialized to connect to [frontier05120.frontier.olcf.ornl.gov]:8889 (errno: 97 - Address family not supported by protocol).
[W socket.cpp:697] [c10d] The client socket cannot be initialized to connect to [frontier05120.frontier.olcf.ornl.gov]:8889 (errno: 97 - Address family not supported by protocol).
[W socket.cpp:697] [c10d] The client socket cannot be initialized to connect to [frontier05120.frontier.olcf.ornl.gov]:8889 (errno: 97 - Address family not supported by protocol).
[W socket.cpp:697] [c10d] The client socket cannot be initialized to connect to [frontier05120.frontier.olcf.ornl.gov]:8889 (errno: 97 - Address family not supported by protocol).
[W socket.cpp:697] [c10d] The client socket cannot be initialized to connect to [frontier05120.frontier.olcf.ornl.gov]:8889 (errno: 97 - Address family not supported by protocol).
[W socket.cpp:697] [c10d] The client socket cannot be initialized to connect to [frontier05120.frontier.olcf.ornl.gov]:8889 (errno: 97 - Address family not supported by protocol).
[W socket.cpp:697] [c10d] The client socket cannot be initialized to connect to [frontier05120.frontier.olcf.ornl.gov]:8889 (errno: 97 - Address family not supported by protocol).
[W socket.cpp:697] [c10d] The client socket cannot be initialized to connect to [frontier05120.frontier.olcf.ornl.gov]:8889 (errno: 97 - Address family not supported by protocol).
[W socket.cpp:697] [c10d] The client socket cannot be initialized to connect to [frontier05120.frontier.olcf.ornl.gov]:8889 (errno: 97 - Address family not supported by protocol).
[W socket.cpp:697] [c10d] The client socket cannot be initialized to connect to [frontier05120.frontier.olcf.ornl.gov]:8889 (errno: 97 - Address family not supported by protocol).
[W socket.cpp:697] [c10d] The client socket cannot be initialized to connect to [frontier05120.frontier.olcf.ornl.gov]:8889 (errno: 97 - Address family not supported by protocol).
[W socket.cpp:697] [c10d] The client socket cannot be initialized to connect to [frontier05120.frontier.olcf.ornl.gov]:8889 (errno: 97 - Address family not supported by protocol).
[W socket.cpp:697] [c10d] The client socket cannot be initialized to connect to [frontier05120.frontier.olcf.ornl.gov]:8889 (errno: 97 - Address family not supported by protocol).
[2024-08-07 23:55:50,872] [INFO] [real_accelerator.py:203:get_accelerator] Setting ds_accelerator to cuda (auto detect)
[2024-08-07 23:55:50,924] [INFO] [real_accelerator.py:203:get_accelerator] Setting ds_accelerator to cuda (auto detect)
[2024-08-07 23:55:50,925] [INFO] [comm.py:637:init_distributed] cdb=None
[2024-08-07 23:55:50,925] [INFO] [comm.py:637:init_distributed] cdb=None
[2024-08-07 23:55:50,926] [INFO] [comm.py:637:init_distributed] cdb=None
[2024-08-07 23:55:50,926] [INFO] [comm.py:637:init_distributed] cdb=None
[2024-08-07 23:55:50,926] [INFO] [comm.py:637:init_distributed] cdb=None
[2024-08-07 23:55:50,926] [INFO] [comm.py:637:init_distributed] cdb=None
[2024-08-07 23:55:50,926] [INFO] [comm.py:637:init_distributed] cdb=None
[2024-08-07 23:55:50,926] [INFO] [comm.py:637:init_distributed] cdb=None
[2024-08-07 23:55:50,928] [INFO] [real_accelerator.py:203:get_accelerator] Setting ds_accelerator to cuda (auto detect)
[2024-08-07 23:55:50,941] [INFO] [real_accelerator.py:203:get_accelerator] Setting ds_accelerator to cuda (auto detect)
[W socket.cpp:697] [c10d] The client socket cannot be initialized to connect to [frontier05120.frontier.olcf.ornl.gov]:8889 (errno: 97 - Address family not supported by protocol).
[W socket.cpp:697] [c10d] The client socket cannot be initialized to connect to [frontier05120.frontier.olcf.ornl.gov]:8889 (errno: 97 - Address family not supported by protocol).
[W socket.cpp:697] [c10d] The client socket cannot be initialized to connect to [frontier05120.frontier.olcf.ornl.gov]:8889 (errno: 97 - Address family not supported by protocol).
[2024-08-07 23:55:50,994] [INFO] [real_accelerator.py:203:get_accelerator] Setting ds_accelerator to cuda (auto detect)
[W socket.cpp:697] [c10d] The client socket cannot be initialized to connect to [frontier05120.frontier.olcf.ornl.gov]:8889 (errno: 97 - Address family not supported by protocol).
[W socket.cpp:697] [c10d] The client socket cannot be initialized to connect to [frontier05120.frontier.olcf.ornl.gov]:8889 (errno: 97 - Address family not supported by protocol).
[W socket.cpp:697] [c10d] The client socket cannot be initialized to connect to [frontier05120.frontier.olcf.ornl.gov]:8889 (errno: 97 - Address family not supported by protocol).
[2024-08-07 23:55:51,015] [INFO] [real_accelerator.py:203:get_accelerator] Setting ds_accelerator to cuda (auto detect)
[2024-08-07 23:55:51,016] [INFO] [real_accelerator.py:203:get_accelerator] Setting ds_accelerator to cuda (auto detect)
[2024-08-07 23:55:51,021] [INFO] [real_accelerator.py:203:get_accelerator] Setting ds_accelerator to cuda (auto detect)
[W socket.cpp:697] [c10d] The client socket cannot be initialized to connect to [frontier05120.frontier.olcf.ornl.gov]:8889 (errno: 97 - Address family not supported by protocol).
[W socket.cpp:697] [c10d] The client socket cannot be initialized to connect to [frontier05120.frontier.olcf.ornl.gov]:8889 (errno: 97 - Address family not supported by protocol).
[2024-08-07 23:55:51,043] [INFO] [real_accelerator.py:203:get_accelerator] Setting ds_accelerator to cuda (auto detect)
[2024-08-07 23:55:51,103] [INFO] [real_accelerator.py:203:get_accelerator] Setting ds_accelerator to cuda (auto detect)
[2024-08-07 23:55:51,103] [INFO] [real_accelerator.py:203:get_accelerator] Setting ds_accelerator to cuda (auto detect)
[2024-08-07 23:55:51,109] [INFO] [real_accelerator.py:203:get_accelerator] Setting ds_accelerator to cuda (auto detect)
[2024-08-07 23:55:51,123] [INFO] [real_accelerator.py:203:get_accelerator] Setting ds_accelerator to cuda (auto detect)
[2024-08-07 23:55:51,134] [INFO] [real_accelerator.py:203:get_accelerator] Setting ds_accelerator to cuda (auto detect)
[2024-08-07 23:55:51,145] [INFO] [real_accelerator.py:203:get_accelerator] Setting ds_accelerator to cuda (auto detect)
[2024-08-07 23:55:51,678] [INFO] [comm.py:637:init_distributed] cdb=None
[2024-08-07 23:55:51,678] [INFO] [comm.py:637:init_distributed] cdb=None
[2024-08-07 23:55:51,678] [INFO] [comm.py:637:init_distributed] cdb=None
[2024-08-07 23:55:51,678] [INFO] [comm.py:637:init_distributed] cdb=None
[2024-08-07 23:55:51,678] [INFO] [comm.py:637:init_distributed] cdb=None
[2024-08-07 23:55:51,678] [INFO] [comm.py:637:init_distributed] cdb=None
[2024-08-07 23:55:51,678] [INFO] [comm.py:637:init_distributed] cdb=None
[2024-08-07 23:55:51,678] [INFO] [comm.py:637:init_distributed] cdb=None
[W socket.cpp:697] [c10d] The client socket cannot be initialized to connect to [frontier05120.frontier.olcf.ornl.gov]:8889 (errno: 97 - Address family not supported by protocol).
[W socket.cpp:697] [c10d] The client socket cannot be initialized to connect to [frontier05120.frontier.olcf.ornl.gov]:8889 (errno: 97 - Address family not supported by protocol).
[W socket.cpp:697] [c10d] The client socket cannot be initialized to connect to [frontier05120.frontier.olcf.ornl.gov]:8889 (errno: 97 - Address family not supported by protocol).
[W socket.cpp:697] [c10d] The client socket cannot be initialized to connect to [frontier05120.frontier.olcf.ornl.gov]:8889 (errno: 97 - Address family not supported by protocol).
[W socket.cpp:697] [c10d] The client socket cannot be initialized to connect to [frontier05120.frontier.olcf.ornl.gov]:8889 (errno: 97 - Address family not supported by protocol).
[W socket.cpp:697] [c10d] The client socket cannot be initialized to connect to [frontier05120.frontier.olcf.ornl.gov]:8889 (errno: 97 - Address family not supported by protocol).
[W socket.cpp:697] [c10d] The client socket cannot be initialized to connect to [frontier05120.frontier.olcf.ornl.gov]:8889 (errno: 97 - Address family not supported by protocol).
[W socket.cpp:697] [c10d] The client socket cannot be initialized to connect to [frontier05120.frontier.olcf.ornl.gov]:8889 (errno: 97 - Address family not supported by protocol).
[2024-08-07 23:55:52,923] [INFO] [comm.py:637:init_distributed] cdb=None
[2024-08-07 23:55:52,923] [INFO] [comm.py:637:init_distributed] cdb=None
[2024-08-07 23:55:52,923] [INFO] [comm.py:637:init_distributed] cdb=None
[2024-08-07 23:55:52,923] [INFO] [comm.py:637:init_distributed] cdb=None
[2024-08-07 23:55:52,923] [INFO] [comm.py:637:init_distributed] cdb=None
[2024-08-07 23:55:52,923] [INFO] [comm.py:637:init_distributed] cdb=None
[2024-08-07 23:55:52,923] [INFO] [comm.py:637:init_distributed] cdb=None
[2024-08-07 23:55:52,923] [INFO] [comm.py:637:init_distributed] cdb=None
[W socket.cpp:697] [c10d] The client socket cannot be initialized to connect to [frontier05120.frontier.olcf.ornl.gov]:8889 (errno: 97 - Address family not supported by protocol).
[2024-08-07 23:55:52,953] [INFO] [comm.py:637:init_distributed] cdb=None
[W socket.cpp:697] [c10d] The client socket cannot be initialized to connect to [frontier05120.frontier.olcf.ornl.gov]:8889 (errno: 97 - Address family not supported by protocol).
[W socket.cpp:697] [c10d] The client socket cannot be initialized to connect to [frontier05120.frontier.olcf.ornl.gov]:8889 (errno: 97 - Address family not supported by protocol).
[2024-08-07 23:55:52,967] [INFO] [comm.py:637:init_distributed] cdb=None
[2024-08-07 23:55:52,967] [INFO] [comm.py:637:init_distributed] cdb=None
[2024-08-07 23:55:52,968] [INFO] [comm.py:637:init_distributed] cdb=None
[2024-08-07 23:55:52,968] [INFO] [comm.py:637:init_distributed] cdb=None
[2024-08-07 23:55:52,968] [INFO] [comm.py:637:init_distributed] cdb=None
[2024-08-07 23:55:52,968] [INFO] [comm.py:637:init_distributed] cdb=None
[2024-08-07 23:55:52,968] [INFO] [comm.py:637:init_distributed] cdb=None
[W socket.cpp:697] [c10d] The client socket cannot be initialized to connect to [frontier05120.frontier.olcf.ornl.gov]:8889 (errno: 97 - Address family not supported by protocol).
[W socket.cpp:697] [c10d] The client socket cannot be initialized to connect to [frontier05120.frontier.olcf.ornl.gov]:8889 (errno: 97 - Address family not supported by protocol).
[W socket.cpp:697] [c10d] The client socket cannot be initialized to connect to [frontier05120.frontier.olcf.ornl.gov]:8889 (errno: 97 - Address family not supported by protocol).
[W socket.cpp:697] [c10d] The client socket cannot be initialized to connect to [frontier05120.frontier.olcf.ornl.gov]:8889 (errno: 97 - Address family not supported by protocol).
[W socket.cpp:697] [c10d] The client socket cannot be initialized to connect to [frontier05120.frontier.olcf.ornl.gov]:8889 (errno: 97 - Address family not supported by protocol).
[W socket.cpp:697] [c10d] The client socket cannot be initialized to connect to [frontier05120.frontier.olcf.ornl.gov]:8889 (errno: 97 - Address family not supported by protocol).
[W socket.cpp:697] [c10d] The client socket cannot be initialized to connect to [frontier05120.frontier.olcf.ornl.gov]:8889 (errno: 97 - Address family not supported by protocol).
[W socket.cpp:697] [c10d] The client socket cannot be initialized to connect to [frontier05120.frontier.olcf.ornl.gov]:8889 (errno: 97 - Address family not supported by protocol).
[2024-08-07 23:55:53,034] [INFO] [comm.py:637:init_distributed] cdb=None
[W socket.cpp:697] [c10d] The client socket cannot be initialized to connect to [frontier05120.frontier.olcf.ornl.gov]:8889 (errno: 97 - Address family not supported by protocol).
[W socket.cpp:697] [c10d] The client socket cannot be initialized to connect to [frontier05120.frontier.olcf.ornl.gov]:8889 (errno: 97 - Address family not supported by protocol).
[2024-08-07 23:55:53,043] [INFO] [comm.py:637:init_distributed] cdb=None
[2024-08-07 23:55:53,043] [INFO] [comm.py:637:init_distributed] cdb=None
[W socket.cpp:697] [c10d] The client socket cannot be initialized to connect to [frontier05120.frontier.olcf.ornl.gov]:8889 (errno: 97 - Address family not supported by protocol).
[W socket.cpp:697] [c10d] The client socket cannot be initialized to connect to [frontier05120.frontier.olcf.ornl.gov]:8889 (errno: 97 - Address family not supported by protocol).
[W socket.cpp:697] [c10d] The client socket cannot be initialized to connect to [frontier05120.frontier.olcf.ornl.gov]:8889 (errno: 97 - Address family not supported by protocol).
[W socket.cpp:697] [c10d] The client socket cannot be initialized to connect to [frontier05120.frontier.olcf.ornl.gov]:8889 (errno: 97 - Address family not supported by protocol).
[W socket.cpp:697] [c10d] The client socket cannot be initialized to connect to [frontier05120.frontier.olcf.ornl.gov]:8889 (errno: 97 - Address family not supported by protocol).
[2024-08-07 23:55:53,096] [INFO] [comm.py:637:init_distributed] cdb=None
[2024-08-07 23:55:53,096] [INFO] [comm.py:637:init_distributed] cdb=None
[2024-08-07 23:55:53,096] [INFO] [comm.py:637:init_distributed] cdb=None
[2024-08-07 23:55:53,096] [INFO] [comm.py:637:init_distributed] cdb=None
[2024-08-07 23:55:53,096] [INFO] [comm.py:637:init_distributed] cdb=None
[2024-08-07 23:55:53,097] [INFO] [comm.py:637:init_distributed] cdb=None
[2024-08-07 23:55:53,097] [INFO] [comm.py:637:init_distributed] cdb=None
[2024-08-07 23:55:53,108] [INFO] [comm.py:637:init_distributed] cdb=None
[2024-08-07 23:55:53,108] [INFO] [comm.py:637:init_distributed] cdb=None
[2024-08-07 23:55:53,108] [INFO] [comm.py:637:init_distributed] cdb=None
[2024-08-07 23:55:53,108] [INFO] [comm.py:637:init_distributed] cdb=None
[2024-08-07 23:55:53,108] [INFO] [comm.py:637:init_distributed] cdb=None
[2024-08-07 23:55:53,108] [INFO] [comm.py:637:init_distributed] cdb=None
[W socket.cpp:697] [c10d] The client socket cannot be initialized to connect to [frontier05120.frontier.olcf.ornl.gov]:8889 (errno: 97 - Address family not supported by protocol).
[W socket.cpp:697] [c10d] The client socket cannot be initialized to connect to [frontier05120.frontier.olcf.ornl.gov]:8889 (errno: 97 - Address family not supported by protocol).
[W socket.cpp:697] [c10d] The client socket cannot be initialized to connect to [frontier05120.frontier.olcf.ornl.gov]:8889 (errno: 97 - Address family not supported by protocol).
[W socket.cpp:697] [c10d] The client socket cannot be initialized to connect to [frontier05120.frontier.olcf.ornl.gov]:8889 (errno: 97 - Address family not supported by protocol).
[W socket.cpp:697] [c10d] The client socket cannot be initialized to connect to [frontier05120.frontier.olcf.ornl.gov]:8889 (errno: 97 - Address family not supported by protocol).
[W socket.cpp:697] [c10d] The client socket cannot be initialized to connect to [frontier05120.frontier.olcf.ornl.gov]:8889 (errno: 97 - Address family not supported by protocol).
[W socket.cpp:697] [c10d] The client socket cannot be initialized to connect to [frontier05120.frontier.olcf.ornl.gov]:8889 (errno: 97 - Address family not supported by protocol).
[W socket.cpp:697] [c10d] The client socket cannot be initialized to connect to [frontier05120.frontier.olcf.ornl.gov]:8889 (errno: 97 - Address family not supported by protocol).
[W socket.cpp:697] [c10d] The client socket cannot be initialized to connect to [frontier05120.frontier.olcf.ornl.gov]:8889 (errno: 97 - Address family not supported by protocol).
[W socket.cpp:697] [c10d] The client socket cannot be initialized to connect to [frontier05120.frontier.olcf.ornl.gov]:8889 (errno: 97 - Address family not supported by protocol).
[W socket.cpp:697] [c10d] The client socket cannot be initialized to connect to [frontier05120.frontier.olcf.ornl.gov]:8889 (errno: 97 - Address family not supported by protocol).
[W socket.cpp:697] [c10d] The client socket cannot be initialized to connect to [frontier05120.frontier.olcf.ornl.gov]:8889 (errno: 97 - Address family not supported by protocol).
[W socket.cpp:697] [c10d] The client socket cannot be initialized to connect to [frontier05120.frontier.olcf.ornl.gov]:8889 (errno: 97 - Address family not supported by protocol).
[W socket.cpp:697] [c10d] The client socket cannot be initialized to connect to [frontier05120.frontier.olcf.ornl.gov]:8889 (errno: 97 - Address family not supported by protocol).
[2024-08-07 23:55:53,951] [INFO] [comm.py:637:init_distributed] cdb=None
[2024-08-07 23:55:53,975] [INFO] [comm.py:637:init_distributed] cdb=None
[2024-08-07 23:55:53,976] [INFO] [comm.py:637:init_distributed] cdb=None
[2024-08-07 23:55:53,977] [INFO] [comm.py:637:init_distributed] cdb=None
[2024-08-07 23:55:53,978] [INFO] [comm.py:637:init_distributed] cdb=None
[2024-08-07 23:55:53,978] [INFO] [comm.py:637:init_distributed] cdb=None
[2024-08-07 23:55:53,978] [INFO] [comm.py:637:init_distributed] cdb=None
[2024-08-07 23:55:53,978] [INFO] [comm.py:637:init_distributed] cdb=None
[W socket.cpp:697] [c10d] The client socket cannot be initialized to connect to [frontier05120.frontier.olcf.ornl.gov]:8889 (errno: 97 - Address family not supported by protocol).
[W socket.cpp:697] [c10d] The client socket cannot be initialized to connect to [frontier05120.frontier.olcf.ornl.gov]:8889 (errno: 97 - Address family not supported by protocol).
[W socket.cpp:697] [c10d] The client socket cannot be initialized to connect to [frontier05120.frontier.olcf.ornl.gov]:8889 (errno: 97 - Address family not supported by protocol).
[W socket.cpp:697] [c10d] The client socket cannot be initialized to connect to [frontier05120.frontier.olcf.ornl.gov]:8889 (errno: 97 - Address family not supported by protocol).
[W socket.cpp:697] [c10d] The client socket cannot be initialized to connect to [frontier05120.frontier.olcf.ornl.gov]:8889 (errno: 97 - Address family not supported by protocol).
[W socket.cpp:697] [c10d] The client socket cannot be initialized to connect to [frontier05120.frontier.olcf.ornl.gov]:8889 (errno: 97 - Address family not supported by protocol).
[W socket.cpp:697] [c10d] The client socket cannot be initialized to connect to [frontier05120.frontier.olcf.ornl.gov]:8889 (errno: 97 - Address family not supported by protocol).
[W socket.cpp:697] [c10d] The client socket cannot be initialized to connect to [frontier05120.frontier.olcf.ornl.gov]:8889 (errno: 97 - Address family not supported by protocol).
[93m [WARNING] [0m async_io requires the dev libaio .so object and headers but these were not found.
[93m [WARNING] [0m If libaio is already installed (perhaps from source), try setting the CFLAGS and LDFLAGS environment variables to where it can be found.
[93m [WARNING] [0m Please specify the CUTLASS repo directory as environment variable $CUTLASS_PATH
[93m [WARNING] [0m async_io requires the dev libaio .so object and headers but these were not found.
[93m [WARNING] [0m async_io requires the dev libaio .so object and headers but these were not found.
[93m [WARNING] [0m async_io requires the dev libaio .so object and headers but these were not found.
[93m [WARNING] [0m async_io requires the dev libaio .so object and headers but these were not found.
[93m [WARNING] [0m async_io requires the dev libaio .so object and headers but these were not found.
[93m [WARNING] [0m If libaio is already installed (perhaps from source), try setting the CFLAGS and LDFLAGS environment variables to where it can be found.
[93m [WARNING] [0m Please specify the CUTLASS repo directory as environment variable $CUTLASS_PATH
[93m [WARNING] [0m async_io requires the dev libaio .so object and headers but these were not found.
[93m [WARNING] [0m If libaio is already installed (perhaps from source), try setting the CFLAGS and LDFLAGS environment variables to where it can be found.
[93m [WARNING] [0m Please specify the CUTLASS repo directory as environment variable $CUTLASS_PATH
[93m [WARNING] [0m If libaio is already installed (perhaps from source), try setting the CFLAGS and LDFLAGS environment variables to where it can be found.
[93m [WARNING] [0m Please specify the CUTLASS repo directory as environment variable $CUTLASS_PATH
[93m [WARNING] [0m If libaio is already installed (perhaps from source), try setting the CFLAGS and LDFLAGS environment variables to where it can be found.
[93m [WARNING] [0m Please specify the CUTLASS repo directory as environment variable $CUTLASS_PATH
[93m [WARNING] [0m async_io requires the dev libaio .so object and headers but these were not found.
[93m [WARNING] [0m async_io requires the dev libaio .so object and headers but these were not found.
[93m [WARNING] [0m If libaio is already installed (perhaps from source), try setting the CFLAGS and LDFLAGS environment variables to where it can be found.
[93m [WARNING] [0m Please specify the CUTLASS repo directory as environment variable $CUTLASS_PATH
[93m [WARNING] [0m If libaio is already installed (perhaps from source), try setting the CFLAGS and LDFLAGS environment variables to where it can be found.
[93m [WARNING] [0m Please specify the CUTLASS repo directory as environment variable $CUTLASS_PATH
[93m [WARNING] [0m async_io requires the dev libaio .so object and headers but these were not found.
[93m [WARNING] [0m async_io requires the dev libaio .so object and headers but these were not found.
[93m [WARNING] [0m If libaio is already installed (perhaps from source), try setting the CFLAGS and LDFLAGS environment variables to where it can be found.
[93m [WARNING] [0m Please specify the CUTLASS repo directory as environment variable $CUTLASS_PATH
[93m [WARNING] [0m If libaio is already installed (perhaps from source), try setting the CFLAGS and LDFLAGS environment variables to where it can be found.
[93m [WARNING] [0m Please specify the CUTLASS repo directory as environment variable $CUTLASS_PATH
[93m [WARNING] [0m If libaio is already installed (perhaps from source), try setting the CFLAGS and LDFLAGS environment variables to where it can be found.
[93m [WARNING] [0m Please specify the CUTLASS repo directory as environment variable $CUTLASS_PATH
[93m [WARNING] [0m If libaio is already installed (perhaps from source), try setting the CFLAGS and LDFLAGS environment variables to where it can be found.
[93m [WARNING] [0m Please specify the CUTLASS repo directory as environment variable $CUTLASS_PATH
[93m [WARNING] [0m sparse_attn is not compatible with ROCM
[93m [WARNING] [0m sparse_attn is not compatible with ROCM
[93m [WARNING] [0m sparse_attn is not compatible with ROCM
[93m [WARNING] [0m sparse_attn is not compatible with ROCM
[93m [WARNING] [0m sparse_attn is not compatible with ROCM
[93m [WARNING] [0m sparse_attn is not compatible with ROCM
[93m [WARNING] [0m sparse_attn is not compatible with ROCM
[93m [WARNING] [0m async_io requires the dev libaio .so object and headers but these were not found.
[93m [WARNING] [0m async_io requires the dev libaio .so object and headers but these were not found.
[93m [WARNING] [0m async_io requires the dev libaio .so object and headers but these were not found.
[93m [WARNING] [0m async_io requires the dev libaio .so object and headers but these were not found.
[93m [WARNING] [0m async_io requires the dev libaio .so object and headers but these were not found.
[93m [WARNING] [0m sparse_attn is not compatible with ROCM
[93m [WARNING] [0m sparse_attn is not compatible with ROCM
[93m [WARNING] [0m If libaio is already installed (perhaps from source), try setting the CFLAGS and LDFLAGS environment variables to where it can be found.
[93m [WARNING] [0m Please specify the CUTLASS repo directory as environment variable $CUTLASS_PATH
[93m [WARNING] [0m If libaio is already installed (perhaps from source), try setting the CFLAGS and LDFLAGS environment variables to where it can be found.
[93m [WARNING] [0m Please specify the CUTLASS repo directory as environment variable $CUTLASS_PATH
[93m [WARNING] [0m sparse_attn is not compatible with ROCM
[93m [WARNING] [0m sparse_attn is not compatible with ROCM
[93m [WARNING] [0m If libaio is already installed (perhaps from source), try setting the CFLAGS and LDFLAGS environment variables to where it can be found.
[93m [WARNING] [0m Please specify the CUTLASS repo directory as environment variable $CUTLASS_PATH
[93m [WARNING] [0m If libaio is already installed (perhaps from source), try setting the CFLAGS and LDFLAGS environment variables to where it can be found.
[93m [WARNING] [0m Please specify the CUTLASS repo directory as environment variable $CUTLASS_PATH
[93m [WARNING] [0m If libaio is already installed (perhaps from source), try setting the CFLAGS and LDFLAGS environment variables to where it can be found.
[93m [WARNING] [0m Please specify the CUTLASS repo directory as environment variable $CUTLASS_PATH
[93m [WARNING] [0m async_io requires the dev libaio .so object and headers but these were not found.
[93m [WARNING] [0m If libaio is already installed (perhaps from source), try setting the CFLAGS and LDFLAGS environment variables to where it can be found.
[93m [WARNING] [0m Please specify the CUTLASS repo directory as environment variable $CUTLASS_PATH
[93m [WARNING] [0m async_io requires the dev libaio .so object and headers but these were not found.
[93m [WARNING] [0m If libaio is already installed (perhaps from source), try setting the CFLAGS and LDFLAGS environment variables to where it can be found.
[93m [WARNING] [0m Please specify the CUTLASS repo directory as environment variable $CUTLASS_PATH
[93m [WARNING] [0m async_io requires the dev libaio .so object and headers but these were not found.
[93m [WARNING] [0m async_io requires the dev libaio .so object and headers but these were not found.
[93m [WARNING] [0m If libaio is already installed (perhaps from source), try setting the CFLAGS and LDFLAGS environment variables to where it can be found.
[93m [WARNING] [0m Please specify the CUTLASS repo directory as environment variable $CUTLASS_PATH
[93m [WARNING] [0m sparse_attn is not compatible with ROCM
[93m [WARNING] [0m sparse_attn is not compatible with ROCM
[93m [WARNING] [0m sparse_attn is not compatible with ROCM
[93m [WARNING] [0m sparse_attn is not compatible with ROCM
[93m [WARNING] [0m async_io requires the dev libaio .so object and headers but these were not found.
[93m [WARNING] [0m async_io requires the dev libaio .so object and headers but these were not found.
[93m [WARNING] [0m sparse_attn is not compatible with ROCM
[93m [WARNING] [0m async_io requires the dev libaio .so object and headers but these were not found.
[93m [WARNING] [0m async_io requires the dev libaio .so object and headers but these were not found.
[93m [WARNING] [0m If libaio is already installed (perhaps from source), try setting the CFLAGS and LDFLAGS environment variables to where it can be found.
[93m [WARNING] [0m Please specify the CUTLASS repo directory as environment variable $CUTLASS_PATH
[93m [WARNING] [0m If libaio is already installed (perhaps from source), try setting the CFLAGS and LDFLAGS environment variables to where it can be found.
[93m [WARNING] [0m Please specify the CUTLASS repo directory as environment variable $CUTLASS_PATH
[93m [WARNING] [0m async_io requires the dev libaio .so object and headers but these were not found.
[93m [WARNING] [0m If libaio is already installed (perhaps from source), try setting the CFLAGS and LDFLAGS environment variables to where it can be found.
[93m [WARNING] [0m Please specify the CUTLASS repo directory as environment variable $CUTLASS_PATH
[93m [WARNING] [0m async_io requires the dev libaio .so object and headers but these were not found.
[93m [WARNING] [0m If libaio is already installed (perhaps from source), try setting the CFLAGS and LDFLAGS environment variables to where it can be found.
[93m [WARNING] [0m Please specify the CUTLASS repo directory as environment variable $CUTLASS_PATH
[93m [WARNING] [0m If libaio is already installed (perhaps from source), try setting the CFLAGS and LDFLAGS environment variables to where it can be found.
[93m [WARNING] [0m Please specify the CUTLASS repo directory as environment variable $CUTLASS_PATH
[93m [WARNING] [0m async_io requires the dev libaio .so object and headers but these were not found.
[93m [WARNING] [0m sparse_attn is not compatible with ROCM
[93m [WARNING] [0m If libaio is already installed (perhaps from source), try setting the CFLAGS and LDFLAGS environment variables to where it can be found.
[93m [WARNING] [0m Please specify the CUTLASS repo directory as environment variable $CUTLASS_PATH
[93m [WARNING] [0m async_io requires the dev libaio .so object and headers but these were not found.
[93m [WARNING] [0m async_io requires the dev libaio .so object and headers but these were not found.
[93m [WARNING] [0m If libaio is already installed (perhaps from source), try setting the CFLAGS and LDFLAGS environment variables to where it can be found.
[93m [WARNING] [0m Please specify the CUTLASS repo directory as environment variable $CUTLASS_PATH
[93m [WARNING] [0m sparse_attn is not compatible with ROCM
[93m [WARNING] [0m If libaio is already installed (perhaps from source), try setting the CFLAGS and LDFLAGS environment variables to where it can be found.
[93m [WARNING] [0m Please specify the CUTLASS repo directory as environment variable $CUTLASS_PATH
[93m [WARNING] [0m If libaio is already installed (perhaps from source), try setting the CFLAGS and LDFLAGS environment variables to where it can be found.
[93m [WARNING] [0m Please specify the CUTLASS repo directory as environment variable $CUTLASS_PATH
[93m [WARNING] [0m If libaio is already installed (perhaps from source), try setting the CFLAGS and LDFLAGS environment variables to where it can be found.
[93m [WARNING] [0m Please specify the CUTLASS repo directory as environment variable $CUTLASS_PATH
[93m [WARNING] [0m async_io requires the dev libaio .so object and headers but these were not found.
[93m [WARNING] [0m async_io requires the dev libaio .so object and headers but these were not found.
[93m [WARNING] [0m async_io requires the dev libaio .so object and headers but these were not found.
[93m [WARNING] [0m sparse_attn is not compatible with ROCM
[93m [WARNING] [0m If libaio is already installed (perhaps from source), try setting the CFLAGS and LDFLAGS environment variables to where it can be found.
[93m [WARNING] [0m Please specify the CUTLASS repo directory as environment variable $CUTLASS_PATH
[93m [WARNING] [0m If libaio is already installed (perhaps from source), try setting the CFLAGS and LDFLAGS environment variables to where it can be found.
[93m [WARNING] [0m Please specify the CUTLASS repo directory as environment variable $CUTLASS_PATH
[93m [WARNING] [0m If libaio is already installed (perhaps from source), try setting the CFLAGS and LDFLAGS environment variables to where it can be found.
[93m [WARNING] [0m Please specify the CUTLASS repo directory as environment variable $CUTLASS_PATH
[93m [WARNING] [0m sparse_attn is not compatible with ROCM
[93m [WARNING] [0m sparse_attn is not compatible with ROCM
[93m [WARNING] [0m sparse_attn is not compatible with ROCM
[93m [WARNING] [0m sparse_attn is not compatible with ROCM
[93m [WARNING] [0m sparse_attn is not compatible with ROCM
[93m [WARNING] [0m sparse_attn is not compatible with ROCM
[93m [WARNING] [0m sparse_attn is not compatible with ROCM
[93m [WARNING] [0m sparse_attn is not compatible with ROCM
[93m [WARNING] [0m sparse_attn is not compatible with ROCM
[93m [WARNING] [0m sparse_attn is not compatible with ROCM
[93m [WARNING] [0m async_io requires the dev libaio .so object and headers but these were not found.
[93m [WARNING] [0m sparse_attn is not compatible with ROCM
[93m [WARNING] [0m sparse_attn is not compatible with ROCM
[93m [WARNING] [0m sparse_attn is not compatible with ROCM
[93m [WARNING] [0m If libaio is already installed (perhaps from source), try setting the CFLAGS and LDFLAGS environment variables to where it can be found.
[93m [WARNING] [0m Please specify the CUTLASS repo directory as environment variable $CUTLASS_PATH
[93m [WARNING] [0m async_io requires the dev libaio .so object and headers but these were not found.
[93m [WARNING] [0m If libaio is already installed (perhaps from source), try setting the CFLAGS and LDFLAGS environment variables to where it can be found.
[93m [WARNING] [0m Please specify the CUTLASS repo directory as environment variable $CUTLASS_PATH
[93m [WARNING] [0m sparse_attn is not compatible with ROCM
[93m [WARNING] [0m sparse_attn is not compatible with ROCM
[93m [WARNING] [0m async_io requires the dev libaio .so object and headers but these were not found.
[93m [WARNING] [0m async_io requires the dev libaio .so object and headers but these were not found.
[93m [WARNING] [0m async_io requires the dev libaio .so object and headers but these were not found.
[93m [WARNING] [0m async_io requires the dev libaio .so object and headers but these were not found.
[93m [WARNING] [0m async_io requires the dev libaio .so object and headers but these were not found.
[93m [WARNING] [0m async_io requires the dev libaio .so object and headers but these were not found.
[93m [WARNING] [0m If libaio is already installed (perhaps from source), try setting the CFLAGS and LDFLAGS environment variables to where it can be found.
[93m [WARNING] [0m Please specify the CUTLASS repo directory as environment variable $CUTLASS_PATH
[93m [WARNING] [0m If libaio is already installed (perhaps from source), try setting the CFLAGS and LDFLAGS environment variables to where it can be found.
[93m [WARNING] [0m Please specify the CUTLASS repo directory as environment variable $CUTLASS_PATH
[93m [WARNING] [0m If libaio is already installed (perhaps from source), try setting the CFLAGS and LDFLAGS environment variables to where it can be found.
[93m [WARNING] [0m Please specify the CUTLASS repo directory as environment variable $CUTLASS_PATH
[93m [WARNING] [0m If libaio is already installed (perhaps from source), try setting the CFLAGS and LDFLAGS environment variables to where it can be found.
[93m [WARNING] [0m Please specify the CUTLASS repo directory as environment variable $CUTLASS_PATH
[93m [WARNING] [0m If libaio is already installed (perhaps from source), try setting the CFLAGS and LDFLAGS environment variables to where it can be found.
[93m [WARNING] [0m Please specify the CUTLASS repo directory as environment variable $CUTLASS_PATH
[93m [WARNING] [0m If libaio is already installed (perhaps from source), try setting the CFLAGS and LDFLAGS environment variables to where it can be found.
[93m [WARNING] [0m Please specify the CUTLASS repo directory as environment variable $CUTLASS_PATH
[93m [WARNING] [0m sparse_attn is not compatible with ROCM
[93m [WARNING] [0m sparse_attn is not compatible with ROCM
[93m [WARNING] [0m sparse_attn is not compatible with ROCM
[93m [WARNING] [0m sparse_attn is not compatible with ROCM
[93m [WARNING] [0m sparse_attn is not compatible with ROCM
[93m [WARNING] [0m sparse_attn is not compatible with ROCM
[93m [WARNING] [0m async_io requires the dev libaio .so object and headers but these were not found.
[93m [WARNING] [0m async_io requires the dev libaio .so object and headers but these were not found.
[93m [WARNING] [0m async_io requires the dev libaio .so object and headers but these were not found.
[93m [WARNING] [0m If libaio is already installed (perhaps from source), try setting the CFLAGS and LDFLAGS environment variables to where it can be found.
[93m [WARNING] [0m Please specify the CUTLASS repo directory as environment variable $CUTLASS_PATH
[93m [WARNING] [0m async_io requires the dev libaio .so object and headers but these were not found.
[93m [WARNING] [0m If libaio is already installed (perhaps from source), try setting the CFLAGS and LDFLAGS environment variables to where it can be found.
[93m [WARNING] [0m Please specify the CUTLASS repo directory as environment variable $CUTLASS_PATH
[93m [WARNING] [0m If libaio is already installed (perhaps from source), try setting the CFLAGS and LDFLAGS environment variables to where it can be found.
[93m [WARNING] [0m Please specify the CUTLASS repo directory as environment variable $CUTLASS_PATH
[93m [WARNING] [0m If libaio is already installed (perhaps from source), try setting the CFLAGS and LDFLAGS environment variables to where it can be found.
[93m [WARNING] [0m Please specify the CUTLASS repo directory as environment variable $CUTLASS_PATH
[93m [WARNING] [0m async_io requires the dev libaio .so object and headers but these were not found.
[93m [WARNING] [0m async_io requires the dev libaio .so object and headers but these were not found.
[93m [WARNING] [0m If libaio is already installed (perhaps from source), try setting the CFLAGS and LDFLAGS environment variables to where it can be found.
[93m [WARNING] [0m Please specify the CUTLASS repo directory as environment variable $CUTLASS_PATH
[93m [WARNING] [0m async_io requires the dev libaio .so object and headers but these were not found.
[93m [WARNING] [0m If libaio is already installed (perhaps from source), try setting the CFLAGS and LDFLAGS environment variables to where it can be found.
[93m [WARNING] [0m Please specify the CUTLASS repo directory as environment variable $CUTLASS_PATH
[93m [WARNING] [0m async_io requires the dev libaio .so object and headers but these were not found.
[93m [WARNING] [0m If libaio is already installed (perhaps from source), try setting the CFLAGS and LDFLAGS environment variables to where it can be found.
[93m [WARNING] [0m Please specify the CUTLASS repo directory as environment variable $CUTLASS_PATH
[93m [WARNING] [0m If libaio is already installed (perhaps from source), try setting the CFLAGS and LDFLAGS environment variables to where it can be found.
[93m [WARNING] [0m Please specify the CUTLASS repo directory as environment variable $CUTLASS_PATH
[93m [WARNING] [0m sparse_attn is not compatible with ROCM
[93m [WARNING] [0m sparse_attn is not compatible with ROCM
[93m [WARNING] [0m sparse_attn is not compatible with ROCM
[93m [WARNING] [0m sparse_attn is not compatible with ROCM
[93m [WARNING] [0m async_io requires the dev libaio .so object and headers but these were not found.
[93m [WARNING] [0m async_io requires the dev libaio .so object and headers but these were not found.
[93m [WARNING] [0m async_io requires the dev libaio .so object and headers but these were not found.
[93m [WARNING] [0m async_io requires the dev libaio .so object and headers but these were not found.
[93m [WARNING] [0m If libaio is already installed (perhaps from source), try setting the CFLAGS and LDFLAGS environment variables to where it can be found.
[93m [WARNING] [0m Please specify the CUTLASS repo directory as environment variable $CUTLASS_PATH
[93m [WARNING] [0m sparse_attn is not compatible with ROCM
[93m [WARNING] [0m sparse_attn is not compatible with ROCM
[93m [WARNING] [0m If libaio is already installed (perhaps from source), try setting the CFLAGS and LDFLAGS environment variables to where it can be found.
[93m [WARNING] [0m Please specify the CUTLASS repo directory as environment variable $CUTLASS_PATH
[93m [WARNING] [0m async_io requires the dev libaio .so object and headers but these were not found.
[93m [WARNING] [0m async_io requires the dev libaio .so object and headers but these were not found.
[93m [WARNING] [0m async_io requires the dev libaio .so object and headers but these were not found.
[93m [WARNING] [0m If libaio is already installed (perhaps from source), try setting the CFLAGS and LDFLAGS environment variables to where it can be found.
[93m [WARNING] [0m Please specify the CUTLASS repo directory as environment variable $CUTLASS_PATH
[93m [WARNING] [0m async_io requires the dev libaio .so object and headers but these were not found.
[93m [WARNING] [0m If libaio is already installed (perhaps from source), try setting the CFLAGS and LDFLAGS environment variables to where it can be found.
[93m [WARNING] [0m sparse_attn is not compatible with ROCM
[93m [WARNING] [0m Please specify the CUTLASS repo directory as environment variable $CUTLASS_PATH
[93m [WARNING] [0m sparse_attn is not compatible with ROCM
[93m [WARNING] [0m If libaio is already installed (perhaps from source), try setting the CFLAGS and LDFLAGS environment variables to where it can be found.
[93m [WARNING] [0m Please specify the CUTLASS repo directory as environment variable $CUTLASS_PATH
[93m [WARNING] [0m If libaio is already installed (perhaps from source), try setting the CFLAGS and LDFLAGS environment variables to where it can be found.
[93m [WARNING] [0m Please specify the CUTLASS repo directory as environment variable $CUTLASS_PATH
[93m [WARNING] [0m If libaio is already installed (perhaps from source), try setting the CFLAGS and LDFLAGS environment variables to where it can be found.
[93m [WARNING] [0m Please specify the CUTLASS repo directory as environment variable $CUTLASS_PATH
[93m [WARNING] [0m If libaio is already installed (perhaps from source), try setting the CFLAGS and LDFLAGS environment variables to where it can be found.
[93m [WARNING] [0m Please specify the CUTLASS repo directory as environment variable $CUTLASS_PATH
[93m [WARNING] [0m sparse_attn is not compatible with ROCM
[93m [WARNING] [0m sparse_attn is not compatible with ROCM
[93m [WARNING] [0m sparse_attn is not compatible with ROCM
[93m [WARNING] [0m sparse_attn is not compatible with ROCM
[93m [WARNING] [0m sparse_attn is not compatible with ROCM
[93m [WARNING] [0m sparse_attn is not compatible with ROCM
[93m [WARNING] [0m sparse_attn is not compatible with ROCM
[93m [WARNING] [0m sparse_attn is not compatible with ROCM
[2024-08-07 23:56:44,202] [INFO] [comm.py:637:init_distributed] cdb=None
[2024-08-07 23:56:44,218] [INFO] [comm.py:637:init_distributed] cdb=None
[2024-08-07 23:56:44,226] [INFO] [comm.py:637:init_distributed] cdb=None
[W socket.cpp:697] [c10d] The client socket cannot be initialized to connect to [frontier05120.frontier.olcf.ornl.gov]:8889 (errno: 97 - Address family not supported by protocol).
[2024-08-07 23:56:44,242] [INFO] [comm.py:637:init_distributed] cdb=None
[2024-08-07 23:56:44,259] [INFO] [comm.py:637:init_distributed] cdb=None
[2024-08-07 23:56:44,260] [INFO] [comm.py:637:init_distributed] cdb=None
[2024-08-07 23:56:44,262] [INFO] [comm.py:637:init_distributed] cdb=None
[2024-08-07 23:56:44,264] [INFO] [comm.py:637:init_distributed] cdb=None
[2024-08-07 23:56:44,266] [INFO] [comm.py:637:init_distributed] cdb=None
[W socket.cpp:697] [c10d] The client socket cannot be initialized to connect to [frontier05120.frontier.olcf.ornl.gov]:8889 (errno: 97 - Address family not supported by protocol).
[W socket.cpp:697] [c10d] The client socket cannot be initialized to connect to [frontier05120.frontier.olcf.ornl.gov]:8889 (errno: 97 - Address family not supported by protocol).
[W socket.cpp:697] [c10d] The client socket cannot be initialized to connect to [frontier05120.frontier.olcf.ornl.gov]:8889 (errno: 97 - Address family not supported by protocol).
[W socket.cpp:697] [c10d] The client socket cannot be initialized to connect to [frontier05120.frontier.olcf.ornl.gov]:8889 (errno: 97 - Address family not supported by protocol).
[W socket.cpp:697] [c10d] The client socket cannot be initialized to connect to [frontier05120.frontier.olcf.ornl.gov]:8889 (errno: 97 - Address family not supported by protocol).
[2024-08-07 23:56:44,322] [INFO] [comm.py:637:init_distributed] cdb=None
[W socket.cpp:697] [c10d] The client socket cannot be initialized to connect to [frontier05120.frontier.olcf.ornl.gov]:8889 (errno: 97 - Address family not supported by protocol).
[W socket.cpp:697] [c10d] The client socket cannot be initialized to connect to [frontier05120.frontier.olcf.ornl.gov]:8889 (errno: 97 - Address family not supported by protocol).
[2024-08-07 23:56:44,348] [INFO] [comm.py:637:init_distributed] cdb=None
[2024-08-07 23:56:44,350] [INFO] [comm.py:637:init_distributed] cdb=None
[W socket.cpp:697] [c10d] The client socket cannot be initialized to connect to [frontier05120.frontier.olcf.ornl.gov]:8889 (errno: 97 - Address family not supported by protocol).
[2024-08-07 23:56:44,366] [INFO] [comm.py:637:init_distributed] cdb=None
[W socket.cpp:697] [c10d] The client socket cannot be initialized to connect to [frontier05120.frontier.olcf.ornl.gov]:8889 (errno: 97 - Address family not supported by protocol).
[W socket.cpp:697] [c10d] The client socket cannot be initialized to connect to [frontier05120.frontier.olcf.ornl.gov]:8889 (errno: 97 - Address family not supported by protocol).
[W socket.cpp:697] [c10d] The client socket cannot be initialized to connect to [frontier05120.frontier.olcf.ornl.gov]:8889 (errno: 97 - Address family not supported by protocol).
[2024-08-07 23:56:44,419] [INFO] [comm.py:637:init_distributed] cdb=None
[W socket.cpp:697] [c10d] The client socket cannot be initialized to connect to [frontier05120.frontier.olcf.ornl.gov]:8889 (errno: 97 - Address family not supported by protocol).
[2024-08-07 23:56:44,446] [INFO] [comm.py:637:init_distributed] cdb=None
[2024-08-07 23:56:44,504] [INFO] [comm.py:637:init_distributed] cdb=None
[W socket.cpp:697] [c10d] The client socket cannot be initialized to connect to [frontier05120.frontier.olcf.ornl.gov]:8889 (errno: 97 - Address family not supported by protocol).
[W socket.cpp:697] [c10d] The client socket cannot be initialized to connect to [frontier05120.frontier.olcf.ornl.gov]:8889 (errno: 97 - Address family not supported by protocol).
[W socket.cpp:697] [c10d] The client socket cannot be initialized to connect to [frontier05120.frontier.olcf.ornl.gov]:8889 (errno: 97 - Address family not supported by protocol).
[2024-08-07 23:56:44,908] [INFO] [comm.py:637:init_distributed] cdb=None
[W socket.cpp:697] [c10d] The client socket cannot be initialized to connect to [frontier05120.frontier.olcf.ornl.gov]:8889 (errno: 97 - Address family not supported by protocol).
[2024-08-07 23:56:44,939] [INFO] [comm.py:637:init_distributed] cdb=None
[W socket.cpp:697] [c10d] The client socket cannot be initialized to connect to [frontier05120.frontier.olcf.ornl.gov]:8889 (errno: 97 - Address family not supported by protocol).
[2024-08-07 23:56:45,001] [INFO] [comm.py:637:init_distributed] cdb=None
[2024-08-07 23:56:45,011] [INFO] [comm.py:637:init_distributed] cdb=None
[2024-08-07 23:56:45,015] [INFO] [comm.py:637:init_distributed] cdb=None
[2024-08-07 23:56:45,016] [INFO] [comm.py:637:init_distributed] cdb=None
[2024-08-07 23:56:45,016] [INFO] [comm.py:637:init_distributed] cdb=None
[2024-08-07 23:56:45,019] [INFO] [comm.py:637:init_distributed] cdb=None
[W socket.cpp:697] [c10d] The client socket cannot be initialized to connect to [frontier05120.frontier.olcf.ornl.gov]:8889 (errno: 97 - Address family not supported by protocol).
[2024-08-07 23:56:45,035] [INFO] [comm.py:637:init_distributed] cdb=None
[W socket.cpp:697] [c10d] The client socket cannot be initialized to connect to [frontier05120.frontier.olcf.ornl.gov]:8889 (errno: 97 - Address family not supported by protocol).
[W socket.cpp:697] [c10d] The client socket cannot be initialized to connect to [frontier05120.frontier.olcf.ornl.gov]:8889 (errno: 97 - Address family not supported by protocol).
[W socket.cpp:697] [c10d] The client socket cannot be initialized to connect to [frontier05120.frontier.olcf.ornl.gov]:8889 (errno: 97 - Address family not supported by protocol).
[W socket.cpp:697] [c10d] The client socket cannot be initialized to connect to [frontier05120.frontier.olcf.ornl.gov]:8889 (errno: 97 - Address family not supported by protocol).
[W socket.cpp:697] [c10d] The client socket cannot be initialized to connect to [frontier05120.frontier.olcf.ornl.gov]:8889 (errno: 97 - Address family not supported by protocol).
[W socket.cpp:697] [c10d] The client socket cannot be initialized to connect to [frontier05120.frontier.olcf.ornl.gov]:8889 (errno: 97 - Address family not supported by protocol).
[2024-08-07 23:56:45,104] [INFO] [comm.py:637:init_distributed] cdb=None
[2024-08-07 23:56:45,211] [INFO] [comm.py:637:init_distributed] cdb=None
[2024-08-07 23:56:45,223] [INFO] [comm.py:637:init_distributed] cdb=None
[2024-08-07 23:56:45,229] [INFO] [comm.py:637:init_distributed] cdb=None
[2024-08-07 23:56:45,229] [INFO] [comm.py:637:init_distributed] cdb=None
[W socket.cpp:697] [c10d] The client socket cannot be initialized to connect to [frontier05120.frontier.olcf.ornl.gov]:8889 (errno: 97 - Address family not supported by protocol).
[2024-08-07 23:56:45,244] [INFO] [comm.py:637:init_distributed] cdb=None
[2024-08-07 23:56:45,281] [INFO] [comm.py:637:init_distributed] cdb=None
[W socket.cpp:697] [c10d] The client socket cannot be initialized to connect to [frontier05120.frontier.olcf.ornl.gov]:8889 (errno: 97 - Address family not supported by protocol).
[W socket.cpp:697] [c10d] The client socket cannot be initialized to connect to [frontier05120.frontier.olcf.ornl.gov]:8889 (errno: 97 - Address family not supported by protocol).
[W socket.cpp:697] [c10d] The client socket cannot be initialized to connect to [frontier05120.frontier.olcf.ornl.gov]:8889 (errno: 97 - Address family not supported by protocol).
[W socket.cpp:697] [c10d] The client socket cannot be initialized to connect to [frontier05120.frontier.olcf.ornl.gov]:8889 (errno: 97 - Address family not supported by protocol).
[W socket.cpp:697] [c10d] The client socket cannot be initialized to connect to [frontier05120.frontier.olcf.ornl.gov]:8889 (errno: 97 - Address family not supported by protocol).
[W socket.cpp:697] [c10d] The client socket cannot be initialized to connect to [frontier05120.frontier.olcf.ornl.gov]:8889 (errno: 97 - Address family not supported by protocol).
[2024-08-07 23:56:47,041] [INFO] [comm.py:637:init_distributed] cdb=None
[2024-08-07 23:56:47,042] [INFO] [comm.py:637:init_distributed] cdb=None
[2024-08-07 23:56:47,042] [INFO] [comm.py:637:init_distributed] cdb=None
[2024-08-07 23:56:47,048] [INFO] [comm.py:637:init_distributed] cdb=None
[W socket.cpp:697] [c10d] The client socket cannot be initialized to connect to [frontier05120.frontier.olcf.ornl.gov]:8889 (errno: 97 - Address family not supported by protocol).
[2024-08-07 23:56:47,050] [INFO] [comm.py:637:init_distributed] cdb=None
[2024-08-07 23:56:47,052] [INFO] [comm.py:637:init_distributed] cdb=None
[2024-08-07 23:56:47,055] [INFO] [comm.py:637:init_distributed] cdb=None
[2024-08-07 23:56:47,058] [INFO] [comm.py:637:init_distributed] cdb=None
[W socket.cpp:697] [c10d] The client socket cannot be initialized to connect to [frontier05120.frontier.olcf.ornl.gov]:8889 (errno: 97 - Address family not supported by protocol).
[W socket.cpp:697] [c10d] The client socket cannot be initialized to connect to [frontier05120.frontier.olcf.ornl.gov]:8889 (errno: 97 - Address family not supported by protocol).
[W socket.cpp:697] [c10d] The client socket cannot be initialized to connect to [frontier05120.frontier.olcf.ornl.gov]:8889 (errno: 97 - Address family not supported by protocol).
[W socket.cpp:697] [c10d] The client socket cannot be initialized to connect to [frontier05120.frontier.olcf.ornl.gov]:8889 (errno: 97 - Address family not supported by protocol).
[W socket.cpp:697] [c10d] The client socket cannot be initialized to connect to [frontier05120.frontier.olcf.ornl.gov]:8889 (errno: 97 - Address family not supported by protocol).
[W socket.cpp:697] [c10d] The client socket cannot be initialized to connect to [frontier05120.frontier.olcf.ornl.gov]:8889 (errno: 97 - Address family not supported by protocol).
[W socket.cpp:697] [c10d] The client socket cannot be initialized to connect to [frontier05120.frontier.olcf.ornl.gov]:8889 (errno: 97 - Address family not supported by protocol).
[2024-08-07 23:56:48,316] [INFO] [comm.py:637:init_distributed] cdb=None
Distributed data parallel: nccl master at frontier05120:8889
[2024-08-07 23:56:48,316] [INFO] [comm.py:637:init_distributed] cdb=None
[2024-08-07 23:56:48,316] [INFO] [comm.py:637:init_distributed] cdb=None
[2024-08-07 23:56:48,316] [INFO] [comm.py:637:init_distributed] cdb=None
[2024-08-07 23:56:48,316] [INFO] [comm.py:637:init_distributed] cdb=None
[2024-08-07 23:56:48,316] [INFO] [comm.py:637:init_distributed] cdb=None
[2024-08-07 23:56:48,316] [INFO] [comm.py:637:init_distributed] cdb=None
[2024-08-07 23:56:48,316] [INFO] [comm.py:637:init_distributed] cdb=None
[2024-08-07 23:56:48,316] [INFO] [comm.py:668:init_distributed] Initializing TorchBackend in DeepSpeed with backend nccl
[W socket.cpp:464] [c10d] The server socket cannot be initialized on [::]:8889 (errno: 97 - Address family not supported by protocol).
[W socket.cpp:697] [c10d] The client socket cannot be initialized to connect to [frontier05120.frontier.olcf.ornl.gov]:8889 (errno: 97 - Address family not supported by protocol).
[W socket.cpp:697] [c10d] The client socket cannot be initialized to connect to [frontier05120.frontier.olcf.ornl.gov]:8889 (errno: 97 - Address family not supported by protocol).
[W socket.cpp:697] [c10d] The client socket cannot be initialized to connect to [frontier05120.frontier.olcf.ornl.gov]:8889 (errno: 97 - Address family not supported by protocol).
[W socket.cpp:697] [c10d] The client socket cannot be initialized to connect to [frontier05120.frontier.olcf.ornl.gov]:8889 (errno: 97 - Address family not supported by protocol).
[W socket.cpp:697] [c10d] The client socket cannot be initialized to connect to [frontier05120.frontier.olcf.ornl.gov]:8889 (errno: 97 - Address family not supported by protocol).
[W socket.cpp:697] [c10d] The client socket cannot be initialized to connect to [frontier05120.frontier.olcf.ornl.gov]:8889 (errno: 97 - Address family not supported by protocol).
[W socket.cpp:697] [c10d] The client socket cannot be initialized to connect to [frontier05120.frontier.olcf.ornl.gov]:8889 (errno: 97 - Address family not supported by protocol).
[W socket.cpp:697] [c10d] The client socket cannot be initialized to connect to [frontier05120.frontier.olcf.ornl.gov]:8889 (errno: 97 - Address family not supported by protocol).
[2024-08-07 23:56:48,977] [INFO] [comm.py:637:init_distributed] cdb=None
[2024-08-07 23:56:48,977] [INFO] [comm.py:637:init_distributed] cdb=None
[2024-08-07 23:56:48,977] [INFO] [comm.py:637:init_distributed] cdb=None
[2024-08-07 23:56:48,977] [INFO] [comm.py:637:init_distributed] cdb=None
[2024-08-07 23:56:48,977] [INFO] [comm.py:637:init_distributed] cdb=None
[2024-08-07 23:56:48,977] [INFO] [comm.py:637:init_distributed] cdb=None
[2024-08-07 23:56:48,977] [INFO] [comm.py:637:init_distributed] cdb=None
[2024-08-07 23:56:48,977] [INFO] [comm.py:637:init_distributed] cdb=None
[W socket.cpp:697] [c10d] The client socket cannot be initialized to connect to [frontier05120.frontier.olcf.ornl.gov]:8889 (errno: 97 - Address family not supported by protocol).
[W socket.cpp:697] [c10d] The client socket cannot be initialized to connect to [frontier05120.frontier.olcf.ornl.gov]:8889 (errno: 97 - Address family not supported by protocol).
[W socket.cpp:697] [c10d] The client socket cannot be initialized to connect to [frontier05120.frontier.olcf.ornl.gov]:8889 (errno: 97 - Address family not supported by protocol).
[W socket.cpp:697] [c10d] The client socket cannot be initialized to connect to [frontier05120.frontier.olcf.ornl.gov]:8889 (errno: 97 - Address family not supported by protocol).
[W socket.cpp:697] [c10d] The client socket cannot be initialized to connect to [frontier05120.frontier.olcf.ornl.gov]:8889 (errno: 97 - Address family not supported by protocol).
[W socket.cpp:697] [c10d] The client socket cannot be initialized to connect to [frontier05120.frontier.olcf.ornl.gov]:8889 (errno: 97 - Address family not supported by protocol).
[W socket.cpp:697] [c10d] The client socket cannot be initialized to connect to [frontier05120.frontier.olcf.ornl.gov]:8889 (errno: 97 - Address family not supported by protocol).
[W socket.cpp:697] [c10d] The client socket cannot be initialized to connect to [frontier05120.frontier.olcf.ornl.gov]:8889 (errno: 97 - Address family not supported by protocol).
0: Command: ./examples/multidataset/train_deepspeed_exportmem.py --multi_model_list=OC2022 --multi --num_epoch=1 --everyone --ddstore --log=exp-strongfull-LARGE-2204373-NN16-VANILLA --inputfile=LARGE_MTL.json --use_deepspeed

0: Adios reading: /lustre/orion/lrn031/scratch/zye327/HydraGNN_ds/./examples/multidataset/./dataset/OC2022.bp
0: Read attr time (sec):  0.008458137512207031
0: read and bcast: trainset/x/variable_count 0.2760446071624756
0: read and bcast: trainset/x/variable_offset 0.5567939281463623
0: read and bcast: trainset/x/variable_dim 0.5571351051330566
0: read and bcast: trainset/edge_index/variable_count 0.8421390056610107
0: read and bcast: trainset/edge_index/variable_offset 1.1225521564483643
0: read and bcast: trainset/edge_index/variable_dim 1.137296438217163
0: read and bcast: trainset/edge_attr/variable_count 1.418602705001831
0: read and bcast: trainset/edge_attr/variable_offset 1.7018449306488037
0: read and bcast: trainset/edge_attr/variable_dim 1.717665195465088
0: read and bcast: trainset/pos/variable_count 1.9997270107269287
0: read and bcast: trainset/pos/variable_offset 2.2850852012634277
0: read and bcast: trainset/pos/variable_dim 2.30123233795166
0: read and bcast: trainset/y/variable_count 2.580510377883911
0: read and bcast: trainset/y/variable_offset 2.864076852798462
0: read and bcast: trainset/y/variable_dim 2.8805861473083496
0: Overall time (sec):  2.889195203781128
0: DDStore adding time (sec):  0.0
0: Data loading time (sec):  2.9072415828704834
0: Adios reading: /lustre/orion/lrn031/scratch/zye327/HydraGNN_ds/./examples/multidataset/./dataset/OC2022.bp
0: Read attr time (sec):  0.005391836166381836
0: read and bcast: valset/x/variable_count 0.03229522705078125
0: read and bcast: valset/x/variable_offset 0.061532020568847656
0: read and bcast: valset/x/variable_dim 0.0617673397064209
0: read and bcast: valset/edge_index/variable_count 0.08850431442260742
0: read and bcast: valset/edge_index/variable_offset 0.11497330665588379
0: read and bcast: valset/edge_index/variable_dim 0.11519336700439453
0: read and bcast: valset/edge_attr/variable_count 0.14310336112976074
0: read and bcast: valset/edge_attr/variable_offset 0.16948890686035156
0: read and bcast: valset/edge_attr/variable_dim 0.1697075366973877
0: read and bcast: valset/pos/variable_count 0.19581937789916992
0: read and bcast: valset/pos/variable_offset 0.22211599349975586
0: read and bcast: valset/pos/variable_dim 0.22233200073242188
0: read and bcast: valset/y/variable_count 0.24855899810791016
0: read and bcast: valset/y/variable_offset 0.2750973701477051
0: read and bcast: valset/y/variable_dim 0.2753031253814697
0: Overall time (sec):  0.28081703186035156
0: DDStore adding time (sec):  0.0
0: Data loading time (sec):  0.2848033905029297
0: Adios reading: /lustre/orion/lrn031/scratch/zye327/HydraGNN_ds/./examples/multidataset/./dataset/OC2022.bp
0: Read attr time (sec):  0.005647420883178711
0: read and bcast: testset/x/variable_count 0.01210165023803711
0: read and bcast: testset/x/variable_offset 0.023832321166992188
0: read and bcast: testset/x/variable_dim 0.02397632598876953
0: read and bcast: testset/edge_index/variable_count 0.03551173210144043
0: read and bcast: testset/edge_index/variable_offset 0.04716801643371582
0: read and bcast: testset/edge_index/variable_dim 0.04728579521179199
0: read and bcast: testset/edge_attr/variable_count 0.059006690979003906
0: read and bcast: testset/edge_attr/variable_offset 0.07120370864868164
0: read and bcast: testset/edge_attr/variable_dim 0.07132649421691895
0: read and bcast: testset/pos/variable_count 0.08308148384094238
0: read and bcast: testset/pos/variable_offset 0.09490966796875
0: read and bcast: testset/pos/variable_dim 0.09503507614135742
0: read and bcast: testset/y/variable_count 0.10691666603088379
0: read and bcast: testset/y/variable_offset 0.11849141120910645
0: read and bcast: testset/y/variable_dim 0.11861658096313477
0: Overall time (sec):  0.12438726425170898
0: DDStore adding time (sec):  0.0
0: Data loading time (sec):  0.12834668159484863
0: Adios preloading: /lustre/orion/lrn031/scratch/zye327/HydraGNN_ds/./examples/multidataset/./dataset/OC2022.bp
0: Adios reading time (sec):  1.7329845428466797
0: Adios preloading: /lustre/orion/lrn031/scratch/zye327/HydraGNN_ds/./examples/multidataset/./dataset/OC2022.bp
0: Adios reading time (sec):  0.1927478313446045
0: Adios preloading: /lustre/orion/lrn031/scratch/zye327/HydraGNN_ds/./examples/multidataset/./dataset/OC2022.bp
0: Adios reading time (sec):  0.09110498428344727
Loading:   0%|          | 0/59255 [00:00<?, ?it/s]Loading:   1%|          | 321/59255 [00:00<00:18, 3202.19it/s]Loading:   1%|          | 642/59255 [00:00<00:19, 3057.03it/s]Loading:   2%|▏         | 949/59255 [00:00<00:19, 3035.03it/s]Loading:   2%|▏         | 1253/59255 [00:00<00:30, 1931.61it/s]Loading:   3%|▎         | 1545/59255 [00:00<00:26, 2187.54it/s]Loading:   3%|▎         | 1857/59255 [00:00<00:23, 2439.47it/s]Loading:   4%|▎         | 2168/59255 [00:00<00:21, 2625.67it/s]Loading:   4%|▍         | 2481/59255 [00:00<00:20, 2767.33it/s]Loading:   5%|▍         | 2803/59255 [00:01<00:19, 2897.07it/s]Loading:   5%|▌         | 3125/59255 [00:01<00:18, 2989.43it/s]Loading:   6%|▌         | 3438/59255 [00:01<00:18, 3029.64it/s]Loading:   6%|▋         | 3757/59255 [00:01<00:18, 3075.96it/s]Loading:   7%|▋         | 4076/59255 [00:01<00:17, 3108.63it/s]Loading:   7%|▋         | 4391/59255 [00:01<00:17, 3086.03it/s]Loading:   8%|▊         | 4713/59255 [00:01<00:17, 3123.27it/s]Loading:   8%|▊         | 5028/59255 [00:01<00:17, 3124.22it/s]Loading:   9%|▉         | 5342/59255 [00:01<00:17, 3115.87it/s]Loading:  10%|▉         | 5658/59255 [00:01<00:17, 3128.67it/s]Loading:  10%|█         | 5978/59255 [00:02<00:16, 3149.59it/s]Loading:  11%|█         | 6294/59255 [00:02<00:16, 3138.14it/s]Loading:  11%|█         | 6609/59255 [00:02<00:16, 3109.02it/s]Loading:  12%|█▏        | 6925/59255 [00:02<00:16, 3122.17it/s]Loading:  12%|█▏        | 7238/59255 [00:02<00:16, 3110.86it/s]Loading:  13%|█▎        | 7554/59255 [00:02<00:16, 3123.44it/s]Loading:  13%|█▎        | 7867/59255 [00:02<00:16, 3098.78it/s]Loading:  14%|█▍        | 8177/59255 [00:02<00:16, 3088.17it/s]Loading:  14%|█▍        | 8488/59255 [00:02<00:16, 3093.55it/s]Loading:  15%|█▍        | 8799/59255 [00:02<00:16, 3096.44it/s]Loading:  15%|█▌        | 9112/59255 [00:03<00:16, 3105.67it/s]Loading:  16%|█▌        | 9423/59255 [00:03<00:16, 3103.74it/s]Loading:  16%|█▋        | 9745/59255 [00:03<00:15, 3136.07it/s]Loading:  17%|█▋        | 10062/59255 [00:03<00:15, 3144.32it/s]Loading:  18%|█▊        | 10377/59255 [00:03<00:15, 3114.14it/s]Loading:  18%|█▊        | 10689/59255 [00:03<00:15, 3068.45it/s]Loading:  19%|█▊        | 11002/59255 [00:03<00:15, 3086.05it/s]Loading:  19%|█▉        | 11314/59255 [00:03<00:15, 3094.69it/s]Loading:  20%|█▉        | 11624/59255 [00:03<00:15, 3077.93it/s]Loading:  20%|██        | 11940/59255 [00:03<00:15, 3100.47it/s]Loading:  21%|██        | 12251/59255 [00:04<00:22, 2134.57it/s]Loading:  21%|██        | 12559/59255 [00:04<00:19, 2348.21it/s]Loading:  22%|██▏       | 12874/59255 [00:04<00:18, 2542.49it/s]Loading:  22%|██▏       | 13196/59255 [00:04<00:16, 2717.19it/s]Loading:  23%|██▎       | 13496/59255 [00:04<00:16, 2793.46it/s]Loading:  23%|██▎       | 13798/59255 [00:04<00:15, 2854.68it/s]Loading:  24%|██▍       | 14101/59255 [00:04<00:15, 2903.93it/s]Loading:  24%|██▍       | 14414/59255 [00:04<00:15, 2968.57it/s]Loading:  25%|██▍       | 14721/59255 [00:05<00:14, 2997.04it/s]Loading:  25%|██▌       | 15036/59255 [00:05<00:14, 3040.92it/s]Loading:  26%|██▌       | 15349/59255 [00:05<00:14, 3065.19it/s]Loading:  26%|██▋       | 15668/59255 [00:05<00:14, 3099.45it/s]Loading:  27%|██▋       | 15980/59255 [00:05<00:13, 3095.28it/s]Loading:  28%|██▊       | 16296/59255 [00:05<00:13, 3113.56it/s]Loading:  28%|██▊       | 16609/59255 [00:05<00:13, 3090.49it/s]Loading:  29%|██▊       | 16919/59255 [00:05<00:13, 3070.70it/s]Loading:  29%|██▉       | 17227/59255 [00:05<00:13, 3066.44it/s]Loading:  30%|██▉       | 17543/59255 [00:05<00:13, 3092.99it/s]Loading:  30%|███       | 17853/59255 [00:06<00:13, 3068.79it/s]Loading:  31%|███       | 18161/59255 [00:06<00:13, 3063.56it/s]Loading:  31%|███       | 18469/59255 [00:06<00:13, 3067.51it/s]Loading:  32%|███▏      | 18776/59255 [00:06<00:13, 3067.29it/s]Loading:  32%|███▏      | 19083/59255 [00:06<00:13, 3060.63it/s]Loading:  33%|███▎      | 19390/59255 [00:06<00:13, 3051.46it/s]Loading:  33%|███▎      | 19697/59255 [00:06<00:12, 3054.45it/s]Loading:  34%|███▍      | 20011/59255 [00:06<00:12, 3079.60it/s]Loading:  34%|███▍      | 20319/59255 [00:06<00:12, 3062.30it/s]Loading:  35%|███▍      | 20626/59255 [00:06<00:12, 3044.45it/s]Loading:  35%|███▌      | 20949/59255 [00:07<00:12, 3098.02it/s]Loading:  36%|███▌      | 21265/59255 [00:07<00:12, 3116.47it/s]Loading:  36%|███▋      | 21577/59255 [00:07<00:12, 3111.35it/s]Loading:  37%|███▋      | 21892/59255 [00:07<00:11, 3120.43it/s]Loading:  37%|███▋      | 22209/59255 [00:07<00:11, 3132.82it/s]Loading:  38%|███▊      | 22531/59255 [00:07<00:11, 3158.26it/s]Loading:  39%|███▊      | 22853/59255 [00:07<00:11, 3176.12it/s]Loading:  39%|███▉      | 23171/59255 [00:07<00:11, 3148.69it/s]Loading:  40%|███▉      | 23486/59255 [00:07<00:11, 3137.63it/s]Loading:  40%|████      | 23800/59255 [00:07<00:11, 3095.43it/s]Loading:  41%|████      | 24110/59255 [00:08<00:11, 3055.41it/s]Loading:  41%|████      | 24416/59255 [00:08<00:11, 3035.13it/s]Loading:  42%|████▏     | 24720/59255 [00:08<00:11, 3022.95it/s]Loading:  42%|████▏     | 25041/59255 [00:08<00:11, 3075.36it/s]Loading:  43%|████▎     | 25350/59255 [00:08<00:11, 3079.31it/s]Loading:  43%|████▎     | 25665/59255 [00:08<00:10, 3097.56it/s]Loading:  44%|████▍     | 25978/59255 [00:08<00:10, 3106.97it/s]Loading:  44%|████▍     | 26289/59255 [00:08<00:16, 2039.11it/s]Loading:  45%|████▍     | 26579/59255 [00:09<00:14, 2227.23it/s]Loading:  45%|████▌     | 26878/59255 [00:09<00:13, 2407.97it/s]Loading:  46%|████▌     | 27188/59255 [00:09<00:12, 2583.29it/s]Loading:  46%|████▋     | 27506/59255 [00:09<00:11, 2740.83it/s]Loading:  47%|████▋     | 27810/59255 [00:09<00:11, 2821.37it/s]Loading:  47%|████▋     | 28113/59255 [00:09<00:10, 2878.77it/s]Loading:  48%|████▊     | 28422/59255 [00:09<00:10, 2938.48it/s]Loading:  49%|████▊     | 28740/59255 [00:09<00:10, 3006.28it/s]Loading:  49%|████▉     | 29047/59255 [00:09<00:10, 3011.88it/s]Loading:  50%|████▉     | 29356/59255 [00:09<00:09, 3033.66it/s]Loading:  50%|█████     | 29669/59255 [00:10<00:09, 3060.11it/s]Loading:  51%|█████     | 29985/59255 [00:10<00:09, 3089.45it/s]Loading:  51%|█████     | 30296/59255 [00:10<00:09, 3085.26it/s]Loading:  52%|█████▏    | 30612/59255 [00:10<00:09, 3105.34it/s]Loading:  52%|█████▏    | 30941/59255 [00:10<00:08, 3159.25it/s]Loading:  53%|█████▎    | 31266/59255 [00:10<00:08, 3185.31it/s]Loading:  53%|█████▎    | 31585/59255 [00:10<00:08, 3160.02it/s]Loading:  54%|█████▍    | 31902/59255 [00:10<00:08, 3115.61it/s]Loading:  54%|█████▍    | 32214/59255 [00:10<00:08, 3111.95it/s]Loading:  55%|█████▍    | 32526/59255 [00:10<00:08, 3110.24it/s]Loading:  55%|█████▌    | 32847/59255 [00:11<00:08, 3139.45it/s]Loading:  56%|█████▌    | 33162/59255 [00:11<00:08, 3087.58it/s]Loading:  56%|█████▋    | 33472/59255 [00:11<00:08, 3052.39it/s]Loading:  57%|█████▋    | 33778/59255 [00:11<00:08, 3024.68it/s]Loading:  58%|█████▊    | 34087/59255 [00:11<00:08, 3043.62it/s]Loading:  58%|█████▊    | 34397/59255 [00:11<00:08, 3060.26it/s]Loading:  59%|█████▊    | 34716/59255 [00:11<00:07, 3098.13it/s]Loading:  59%|█████▉    | 35030/59255 [00:11<00:07, 3110.34it/s]Loading:  60%|█████▉    | 35349/59255 [00:11<00:07, 3131.28it/s]Loading:  60%|██████    | 35663/59255 [00:11<00:07, 3124.95it/s]Loading:  61%|██████    | 35976/59255 [00:12<00:07, 3092.66it/s]Loading:  61%|██████    | 36289/59255 [00:12<00:07, 3103.29it/s]Loading:  62%|██████▏   | 36600/59255 [00:12<00:07, 3104.83it/s]Loading:  62%|██████▏   | 36917/59255 [00:12<00:07, 3122.07it/s]Loading:  63%|██████▎   | 37230/59255 [00:12<00:07, 3123.74it/s]Loading:  63%|██████▎   | 37544/59255 [00:12<00:06, 3125.78it/s]Loading:  64%|██████▍   | 37857/59255 [00:12<00:06, 3114.48it/s]Loading:  64%|██████▍   | 38169/59255 [00:12<00:06, 3089.13it/s]Loading:  65%|██████▍   | 38483/59255 [00:12<00:06, 3102.14it/s]Loading:  65%|██████▌   | 38794/59255 [00:12<00:06, 3100.09it/s]Loading:  66%|██████▌   | 39105/59255 [00:13<00:06, 3090.23it/s]Loading:  67%|██████▋   | 39416/59255 [00:13<00:06, 3095.18it/s]Loading:  67%|██████▋   | 39729/59255 [00:13<00:06, 3102.95it/s]Loading:  68%|██████▊   | 40043/59255 [00:13<00:06, 3113.57it/s]Loading:  68%|██████▊   | 40359/59255 [00:13<00:06, 3124.52it/s]Loading:  69%|██████▊   | 40677/59255 [00:13<00:05, 3139.20it/s]Loading:  69%|██████▉   | 40995/59255 [00:13<00:05, 3149.58it/s]Loading:  70%|██████▉   | 41310/59255 [00:13<00:05, 3124.84it/s]Loading:  70%|███████   | 41623/59255 [00:13<00:05, 3110.16it/s]Loading:  71%|███████   | 41941/59255 [00:14<00:05, 3129.83it/s]Loading:  71%|███████▏  | 42255/59255 [00:14<00:05, 3132.78it/s]Loading:  72%|███████▏  | 42572/59255 [00:14<00:05, 3141.85it/s]Loading:  72%|███████▏  | 42887/59255 [00:14<00:05, 3118.36it/s]Loading:  73%|███████▎  | 43199/59255 [00:14<00:05, 3113.59it/s]Loading:  73%|███████▎  | 43511/59255 [00:14<00:08, 1903.20it/s]Loading:  74%|███████▍  | 43821/59255 [00:14<00:07, 2149.33it/s]Loading:  74%|███████▍  | 44126/59255 [00:14<00:06, 2353.12it/s]Loading:  75%|███████▍  | 44427/59255 [00:15<00:05, 2513.73it/s]Loading:  75%|███████▌  | 44732/59255 [00:15<00:05, 2651.26it/s]Loading:  76%|███████▌  | 45043/59255 [00:15<00:05, 2774.70it/s]Loading:  77%|███████▋  | 45356/59255 [00:15<00:04, 2873.58it/s]Loading:  77%|███████▋  | 45658/59255 [00:15<00:04, 2904.57it/s]Loading:  78%|███████▊  | 45970/59255 [00:15<00:04, 2966.04it/s]Loading:  78%|███████▊  | 46280/59255 [00:15<00:04, 3004.29it/s]Loading:  79%|███████▊  | 46595/59255 [00:15<00:04, 3045.92it/s]Loading:  79%|███████▉  | 46910/59255 [00:15<00:04, 3076.12it/s]Loading:  80%|███████▉  | 47226/59255 [00:15<00:03, 3100.50it/s]Loading:  80%|████████  | 47538/59255 [00:16<00:03, 3099.85it/s]Loading:  81%|████████  | 47853/59255 [00:16<00:03, 3113.40it/s]Loading:  81%|████████▏ | 48172/59255 [00:16<00:03, 3135.66it/s]Loading:  82%|████████▏ | 48487/59255 [00:16<00:03, 3120.96it/s]Loading:  82%|████████▏ | 48800/59255 [00:16<00:03, 3121.89it/s]Loading:  83%|████████▎ | 49113/59255 [00:16<00:03, 3111.55it/s]Loading:  83%|████████▎ | 49431/59255 [00:16<00:03, 3129.07it/s]Loading:  84%|████████▍ | 49749/59255 [00:16<00:03, 3141.97it/s]Loading:  84%|████████▍ | 50064/59255 [00:16<00:02, 3117.33it/s]Loading:  85%|████████▌ | 50376/59255 [00:16<00:02, 3085.82it/s]Loading:  86%|████████▌ | 50695/59255 [00:17<00:02, 3115.71it/s]Loading:  86%|████████▌ | 51007/59255 [00:17<00:02, 3091.03it/s]Loading:  87%|████████▋ | 51317/59255 [00:17<00:02, 3048.18it/s]Loading:  87%|████████▋ | 51630/59255 [00:17<00:02, 3069.59it/s]Loading:  88%|████████▊ | 51938/59255 [00:17<00:02, 3072.26it/s]Loading:  88%|████████▊ | 52246/59255 [00:17<00:02, 3068.69it/s]Loading:  89%|████████▊ | 52555/59255 [00:17<00:02, 3073.19it/s]Loading:  89%|████████▉ | 52869/59255 [00:17<00:02, 3092.10it/s]Loading:  90%|████████▉ | 53181/59255 [00:17<00:01, 3098.70it/s]Loading:  90%|█████████ | 53491/59255 [00:17<00:01, 3083.70it/s]Loading:  91%|█████████ | 53809/59255 [00:18<00:01, 3111.53it/s]Loading:  91%|█████████▏| 54125/59255 [00:18<00:01, 3124.44it/s]Loading:  92%|█████████▏| 54448/59255 [00:18<00:01, 3155.66it/s]Loading:  92%|█████████▏| 54764/59255 [00:18<00:01, 3148.55it/s]Loading:  93%|█████████▎| 55080/59255 [00:18<00:01, 3150.03it/s]Loading:  93%|█████████▎| 55396/59255 [00:18<00:01, 3123.74it/s]Loading:  94%|█████████▍| 55709/59255 [00:18<00:01, 3096.51it/s]Loading:  95%|█████████▍| 56019/59255 [00:18<00:01, 3080.13it/s]Loading:  95%|█████████▌| 56333/59255 [00:18<00:00, 3097.73it/s]Loading:  96%|█████████▌| 56643/59255 [00:18<00:00, 3092.03it/s]Loading:  96%|█████████▌| 56953/59255 [00:19<00:00, 3080.26it/s]Loading:  97%|█████████▋| 57264/59255 [00:19<00:00, 3087.68it/s]Loading:  97%|█████████▋| 57573/59255 [00:19<00:00, 3067.11it/s]Loading:  98%|█████████▊| 57880/59255 [00:19<00:00, 3060.20it/s]Loading:  98%|█████████▊| 58201/59255 [00:19<00:00, 3102.22it/s]Loading:  99%|█████████▉| 58522/59255 [00:19<00:00, 3133.16it/s]Loading:  99%|█████████▉| 58836/59255 [00:19<00:00, 3083.53it/s]Loading: 100%|█████████▉| 59145/59255 [00:19<00:00, 3067.10it/s]Loading: 100%|██████████| 59255/59255 [00:19<00:00, 2992.06it/s]
0: DDStore add: ('trainset/edge_attr', 0, dtype('float32'), (128224860, 1), 547075400.0, 0.47767482697963715)
0: DDStore add: ('trainset/edge_index', 1, dtype('int64'), (128224860, 2), 11878652361, 1.9106993079185486)
0: DDStore add: ('trainset/pos', 0, dtype('float32'), (4795746, 3), 150768850.0, 0.05359663814306259)
0: DDStore add: ('trainset/x', 0, dtype('float32'), (4795746, 4), 252415140.0, 0.07146218419075012)
0: DDStore add: ('trainset/y', 0, dtype('float32'), (14446493, 1), -357729.47, 0.05381738021969795)
0: DDStore add: ('trainset/y_loc', 0, dtype('int64'), (59255, 3), 14505748, 0.0013244524598121643)
0: DDStore total (GB): 2.5685747899115086
Loading:   0%|          | 0/6585 [00:00<?, ?it/s]Loading:   5%|▌         | 335/6585 [00:00<00:01, 3346.35it/s]Loading:  10%|█         | 677/6585 [00:00<00:01, 3383.84it/s]Loading:  15%|█▌        | 1017/6585 [00:00<00:01, 3386.99it/s]Loading:  21%|██        | 1356/6585 [00:00<00:01, 3365.21it/s]Loading:  26%|██▌       | 1693/6585 [00:00<00:01, 3303.96it/s]Loading:  31%|███       | 2024/6585 [00:00<00:01, 3209.02it/s]Loading:  36%|███▌      | 2346/6585 [00:00<00:01, 3189.37it/s]Loading:  40%|████      | 2666/6585 [00:00<00:01, 3192.35it/s]Loading:  45%|████▌     | 2987/6585 [00:00<00:01, 3197.69it/s]Loading:  50%|█████     | 3307/6585 [00:01<00:01, 1807.19it/s]Loading:  55%|█████▌    | 3632/6585 [00:01<00:01, 2091.75it/s]Loading:  60%|█████▉    | 3947/6585 [00:01<00:01, 2324.06it/s]Loading:  65%|██████▍   | 4257/6585 [00:01<00:00, 2508.16it/s]Loading:  69%|██████▉   | 4559/6585 [00:01<00:00, 2637.62it/s]Loading:  74%|███████▍  | 4874/6585 [00:01<00:00, 2773.81it/s]Loading:  79%|███████▊  | 5179/6585 [00:01<00:00, 2848.44it/s]Loading:  83%|████████▎ | 5493/6585 [00:01<00:00, 2929.42it/s]Loading:  88%|████████▊ | 5809/6585 [00:02<00:00, 2994.13it/s]Loading:  93%|█████████▎| 6129/6585 [00:02<00:00, 3051.66it/s]Loading:  98%|█████████▊| 6454/6585 [00:02<00:00, 3108.23it/s]Loading: 100%|██████████| 6585/6585 [00:02<00:00, 2842.59it/s]
0: DDStore add: ('valset/edge_attr', 0, dtype('float32'), (13671208, 1), 58309930.0, 0.05092921853065491)
0: DDStore add: ('valset/edge_index', 1, dtype('int64'), (13671208, 2), 1328668416, 0.20371687412261963)
0: DDStore add: ('valset/pos', 0, dtype('float32'), (526425, 3), 17769488.0, 0.005883257836103439)
0: DDStore add: ('valset/x', 0, dtype('float32'), (526425, 4), 31238396.0, 0.007844343781471252)
0: DDStore add: ('valset/y', 0, dtype('float32'), (1585860, 1), -42179.387, 0.005907788872718811)
0: DDStore add: ('valset/y_loc', 0, dtype('int64'), (6585, 3), 1592445, 0.00014718621969223022)
0: DDStore total (GB): 0.27442866936326027
Loading:   0%|          | 0/3183 [00:00<?, ?it/s]Loading:  11%|█         | 343/3183 [00:00<00:00, 3423.20it/s]Loading:  22%|██▏       | 686/3183 [00:00<00:00, 3418.76it/s]Loading:  32%|███▏      | 1028/3183 [00:00<00:00, 3403.27it/s]Loading:  43%|████▎     | 1369/3183 [00:00<00:00, 3392.72it/s]Loading:  54%|█████▎    | 1709/3183 [00:00<00:00, 3381.79it/s]Loading:  64%|██████▍   | 2048/3183 [00:00<00:00, 3265.61it/s]Loading:  75%|███████▍  | 2376/3183 [00:00<00:00, 3248.26it/s]Loading:  85%|████████▍ | 2702/3183 [00:00<00:00, 3242.03it/s]Loading:  95%|█████████▌| 3027/3183 [00:00<00:00, 3240.36it/s]Loading: 100%|██████████| 3183/3183 [00:00<00:00, 3289.87it/s]
0: DDStore add: ('testset/edge_attr', 0, dtype('float32'), (6685284, 1), 28360668.0, 0.02490462362766266)
0: DDStore add: ('testset/edge_index', 1, dtype('int64'), (6685284, 2), 557089918, 0.09961849451065063)
0: DDStore add: ('testset/pos', 0, dtype('float32'), (241919, 3), 7302729.0, 0.0027036555111408234)
0: DDStore add: ('testset/x', 0, dtype('float32'), (241919, 4), 12574320.0, 0.003604874014854431)
0: DDStore add: ('testset/y', 0, dtype('float32'), (728940, 1), -19235.979, 0.0027155131101608276)
0: DDStore add: ('testset/y_loc', 0, dtype('int64'), (3183, 3), 732123, 7.114559412002563e-05)
0: DDStore total (GB): 0.1336183063685894
0: trainset,valset,testset size: 7584541 842810 407409
0: Using GPU
0:           graph_convs.0.module_0.edge_mlp.0.weight	          [2000, 10]	     20000
0:             graph_convs.0.module_0.edge_mlp.0.bias	              [2000]	      2000
0:           graph_convs.0.module_0.edge_mlp.2.weight	        [2000, 2000]	   4000000
0:             graph_convs.0.module_0.edge_mlp.2.bias	              [2000]	      2000
0:           graph_convs.0.module_0.node_mlp.0.weight	        [2000, 2004]	   4008000
0:             graph_convs.0.module_0.node_mlp.0.bias	              [2000]	      2000
0:           graph_convs.0.module_0.node_mlp.2.weight	        [2000, 2000]	   4000000
0:             graph_convs.0.module_0.node_mlp.2.bias	              [2000]	      2000
0:          graph_convs.0.module_0.coord_mlp.0.weight	        [2000, 2000]	   4000000
0:            graph_convs.0.module_0.coord_mlp.0.bias	              [2000]	      2000
0:          graph_convs.0.module_0.coord_mlp.2.weight	           [1, 2000]	      2000
0:           graph_convs.1.module_0.edge_mlp.0.weight	        [2000, 4002]	   8004000
0:             graph_convs.1.module_0.edge_mlp.0.bias	              [2000]	      2000
0:           graph_convs.1.module_0.edge_mlp.2.weight	        [2000, 2000]	   4000000
0:             graph_convs.1.module_0.edge_mlp.2.bias	              [2000]	      2000
0:           graph_convs.1.module_0.node_mlp.0.weight	        [2000, 4000]	   8000000
0:             graph_convs.1.module_0.node_mlp.0.bias	              [2000]	      2000
0:           graph_convs.1.module_0.node_mlp.2.weight	        [2000, 2000]	   4000000
0:             graph_convs.1.module_0.node_mlp.2.bias	              [2000]	      2000
0:          graph_convs.1.module_0.coord_mlp.0.weight	        [2000, 2000]	   4000000
0:            graph_convs.1.module_0.coord_mlp.0.bias	              [2000]	      2000
0:          graph_convs.1.module_0.coord_mlp.2.weight	           [1, 2000]	      2000
0:           graph_convs.2.module_0.edge_mlp.0.weight	        [2000, 4002]	   8004000
0:             graph_convs.2.module_0.edge_mlp.0.bias	              [2000]	      2000
0:           graph_convs.2.module_0.edge_mlp.2.weight	        [2000, 2000]	   4000000
0:             graph_convs.2.module_0.edge_mlp.2.bias	              [2000]	      2000
0:           graph_convs.2.module_0.node_mlp.0.weight	        [2000, 4000]	   8000000
0:             graph_convs.2.module_0.node_mlp.0.bias	              [2000]	      2000
0:           graph_convs.2.module_0.node_mlp.2.weight	        [2000, 2000]	   4000000
0:             graph_convs.2.module_0.node_mlp.2.bias	              [2000]	      2000
0:          graph_convs.2.module_0.coord_mlp.0.weight	        [2000, 2000]	   4000000
0:            graph_convs.2.module_0.coord_mlp.0.bias	              [2000]	      2000
0:          graph_convs.2.module_0.coord_mlp.2.weight	           [1, 2000]	      2000
0:           graph_convs.3.module_0.edge_mlp.0.weight	        [2000, 4002]	   8004000
0:             graph_convs.3.module_0.edge_mlp.0.bias	              [2000]	      2000
0:           graph_convs.3.module_0.edge_mlp.2.weight	        [2000, 2000]	   4000000
0:             graph_convs.3.module_0.edge_mlp.2.bias	              [2000]	      2000
0:           graph_convs.3.module_0.node_mlp.0.weight	        [2000, 4000]	   8000000
0:             graph_convs.3.module_0.node_mlp.0.bias	              [2000]	      2000
0:           graph_convs.3.module_0.node_mlp.2.weight	        [2000, 2000]	   4000000
0:             graph_convs.3.module_0.node_mlp.2.bias	              [2000]	      2000
0:          graph_convs.3.module_0.coord_mlp.0.weight	        [2000, 2000]	   4000000
0:            graph_convs.3.module_0.coord_mlp.0.bias	              [2000]	      2000
0:          graph_convs.3.module_0.coord_mlp.2.weight	           [1, 2000]	      2000
0:           graph_convs.4.module_0.edge_mlp.0.weight	        [2000, 4002]	   8004000
0:             graph_convs.4.module_0.edge_mlp.0.bias	              [2000]	      2000
0:           graph_convs.4.module_0.edge_mlp.2.weight	        [2000, 2000]	   4000000
0:             graph_convs.4.module_0.edge_mlp.2.bias	              [2000]	      2000
0:           graph_convs.4.module_0.node_mlp.0.weight	        [2000, 4000]	   8000000
0:             graph_convs.4.module_0.node_mlp.0.bias	              [2000]	      2000
0:           graph_convs.4.module_0.node_mlp.2.weight	        [2000, 2000]	   4000000
0:             graph_convs.4.module_0.node_mlp.2.bias	              [2000]	      2000
0:          graph_convs.4.module_0.coord_mlp.0.weight	        [2000, 2000]	   4000000
0:            graph_convs.4.module_0.coord_mlp.0.bias	              [2000]	      2000
0:          graph_convs.4.module_0.coord_mlp.2.weight	           [1, 2000]	      2000
0:           graph_convs.5.module_0.edge_mlp.0.weight	        [2000, 4002]	   8004000
0:             graph_convs.5.module_0.edge_mlp.0.bias	              [2000]	      2000
0:           graph_convs.5.module_0.edge_mlp.2.weight	        [2000, 2000]	   4000000
0:             graph_convs.5.module_0.edge_mlp.2.bias	              [2000]	      2000
0:           graph_convs.5.module_0.node_mlp.0.weight	        [2000, 4000]	   8000000
0:             graph_convs.5.module_0.node_mlp.0.bias	              [2000]	      2000
0:           graph_convs.5.module_0.node_mlp.2.weight	        [2000, 2000]	   4000000
0:             graph_convs.5.module_0.node_mlp.2.bias	              [2000]	      2000
0:                                heads_NN.0.0.weight	        [1000, 1000]	   1000000
0:                                  heads_NN.0.0.bias	              [1000]	      1000
0:                                heads_NN.0.2.weight	        [1000, 1000]	   1000000
0:                                  heads_NN.0.2.bias	              [1000]	      1000
0:                                heads_NN.0.4.weight	        [1000, 1000]	   1000000
0:                                  heads_NN.0.4.bias	              [1000]	      1000
0:                                heads_NN.0.6.weight	           [1, 1000]	      1000
0:                                  heads_NN.0.6.bias	                 [1]	         1
0:                          heads_NN.1.mlp.0.0.weight	        [1000, 2000]	   2000000
0:                            heads_NN.1.mlp.0.0.bias	              [1000]	      1000
0:                          heads_NN.1.mlp.0.2.weight	        [1000, 1000]	   1000000
0:                            heads_NN.1.mlp.0.2.bias	              [1000]	      1000
0:                          heads_NN.1.mlp.0.4.weight	        [1000, 1000]	   1000000
0:                            heads_NN.1.mlp.0.4.bias	              [1000]	      1000
0:                          heads_NN.1.mlp.0.6.weight	           [3, 1000]	      3000
0:                            heads_NN.1.mlp.0.6.bias	                 [3]	         3
0:                              graph_shared.0.weight	        [1000, 2000]	   2000000
0:                                graph_shared.0.bias	              [1000]	      1000
0:                              graph_shared.2.weight	        [1000, 1000]	   1000000
0:                                graph_shared.2.bias	              [1000]	      1000
0:                              graph_shared.4.weight	        [1000, 1000]	   1000000
0:                                graph_shared.4.bias	              [1000]	      1000
0: --------------------------------------------------
0:                                              Total	                    	 163129004
0: All (total, MB): 163129004 622.288
[2024-08-07 23:57:31,060] [INFO] [logging.py:96:log_dist] [Rank 0] DeepSpeed info: version=0.14.4, git-hash=unknown, git-branch=unknown
[rank123]:[W unwind.cpp:201] Warning: Unsupported unwinding pattern: Address not in range (function unwinderFor)
[rank125]:[W unwind.cpp:201] Warning: Unsupported unwinding pattern: Address not in range (function unwinderFor)
[rank121]:[W unwind.cpp:201] Warning: Unsupported unwinding pattern: Address not in range (function unwinderFor)
[rank122]:[W unwind.cpp:201] Warning: Unsupported unwinding pattern: Address not in range (function unwinderFor)
[rank115]:[W unwind.cpp:201] Warning: Unsupported unwinding pattern: Address not in range (function unwinderFor)
[2024-08-07 23:57:31,330] [INFO] [logging.py:96:log_dist] [Rank 0] DeepSpeed Flops Profiler Enabled: False
[rank37]:[W unwind.cpp:201] Warning: Unsupported unwinding pattern: Address not in range (function unwinderFor)
[rank35]:[W unwind.cpp:201] Warning: Unsupported unwinding pattern: Address not in range (function unwinderFor)
[rank34]:[W unwind.cpp:201] Warning: Unsupported unwinding pattern: Address not in range (function unwinderFor)
[rank32]:[W unwind.cpp:201] Warning: Unsupported unwinding pattern: Address not in range (function unwinderFor)
[rank39]:[W unwind.cpp:201] Warning: Unsupported unwinding pattern: Address not in range (function unwinderFor)
[rank117]:[W unwind.cpp:201] Warning: Unsupported unwinding pattern: Address not in range (function unwinderFor)
[rank85]:[W unwind.cpp:201] Warning: Unsupported unwinding pattern: Address not in range (function unwinderFor)
[rank33]:[W unwind.cpp:201] Warning: Unsupported unwinding pattern: Address not in range (function unwinderFor)
[rank41]:[W unwind.cpp:201] Warning: Unsupported unwinding pattern: Address not in range (function unwinderFor)
[rank111]:[W unwind.cpp:201] Warning: Unsupported unwinding pattern: Address not in range (function unwinderFor)
[rank124]:[W unwind.cpp:201] Warning: Unsupported unwinding pattern: Address not in range (function unwinderFor)
[rank25]:[W unwind.cpp:201] Warning: Unsupported unwinding pattern: Address not in range (function unwinderFor)
[rank113]:[W unwind.cpp:201] Warning: Unsupported unwinding pattern: Address not in range (function unwinderFor)
[rank67]:[W unwind.cpp:201] Warning: Unsupported unwinding pattern: Address not in range (function unwinderFor)
[rank114]:[W unwind.cpp:201] Warning: Unsupported unwinding pattern: Address not in range (function unwinderFor)
[rank116]:[W unwind.cpp:201] Warning: Unsupported unwinding pattern: Address not in range (function unwinderFor)
[rank119]:[W unwind.cpp:201] Warning: Unsupported unwinding pattern: Address not in range (function unwinderFor)
[rank38]:[W unwind.cpp:201] Warning: Unsupported unwinding pattern: Address not in range (function unwinderFor)
[rank118]:[W unwind.cpp:201] Warning: Unsupported unwinding pattern: Address not in range (function unwinderFor)
[rank47]:[W unwind.cpp:201] Warning: Unsupported unwinding pattern: Address not in range (function unwinderFor)
[rank112]:[W unwind.cpp:201] Warning: Unsupported unwinding pattern: Address not in range (function unwinderFor)
[rank17]:[W unwind.cpp:201] Warning: Unsupported unwinding pattern: Address not in range (function unwinderFor)
[rank40]:[W unwind.cpp:201] Warning: Unsupported unwinding pattern: Address not in range (function unwinderFor)
[rank42]:[W unwind.cpp:201] Warning: Unsupported unwinding pattern: Address not in range (function unwinderFor)
[rank45]:[W unwind.cpp:201] Warning: Unsupported unwinding pattern: Address not in range (function unwinderFor)
[rank44]:[W unwind.cpp:201] Warning: Unsupported unwinding pattern: Address not in range (function unwinderFor)
[rank36]:[W unwind.cpp:201] Warning: Unsupported unwinding pattern: Address not in range (function unwinderFor)
[rank107]:[W unwind.cpp:201] Warning: Unsupported unwinding pattern: Address not in range (function unwinderFor)
[rank104]:[W unwind.cpp:201] Warning: Unsupported unwinding pattern: Address not in range (function unwinderFor)
[rank120]:[W unwind.cpp:201] Warning: Unsupported unwinding pattern: Address not in range (function unwinderFor)
[rank30]:[W unwind.cpp:201] Warning: Unsupported unwinding pattern: Address not in range (function unwinderFor)
[rank127]:[W unwind.cpp:201] Warning: Unsupported unwinding pattern: Address not in range (function unwinderFor)
[2024-08-07 23:57:31,332] [INFO] [logging.py:96:log_dist] [Rank 0] Using client Optimizer as basic optimizer
[rank27]:[W unwind.cpp:201] Warning: Unsupported unwinding pattern: Address not in range (function unwinderFor)
[rank126]:[W unwind.cpp:201] Warning: Unsupported unwinding pattern: Address not in range (function unwinderFor)
[rank69]:[W unwind.cpp:201] Warning: Unsupported unwinding pattern: Address not in range (function unwinderFor)
[2024-08-07 23:57:31,332] [INFO] [logging.py:96:log_dist] [Rank 0] Removing param_group that has no 'params' in the basic Optimizer
[rank28]:[W unwind.cpp:201] Warning: Unsupported unwinding pattern: Address not in range (function unwinderFor)
[rank65]:[W unwind.cpp:201] Warning: Unsupported unwinding pattern: Address not in range (function unwinderFor)
[rank29]:[W unwind.cpp:201] Warning: Unsupported unwinding pattern: Address not in range (function unwinderFor)
[rank24]:[W unwind.cpp:201] Warning: Unsupported unwinding pattern: Address not in range (function unwinderFor)
[rank31]:[W unwind.cpp:201] Warning: Unsupported unwinding pattern: Address not in range (function unwinderFor)
[rank26]:[W unwind.cpp:201] Warning: Unsupported unwinding pattern: Address not in range (function unwinderFor)
[rank78]:[W unwind.cpp:201] Warning: Unsupported unwinding pattern: Address not in range (function unwinderFor)
[rank71]:[W unwind.cpp:201] Warning: Unsupported unwinding pattern: Address not in range (function unwinderFor)
[rank79]:[W unwind.cpp:201] Warning: Unsupported unwinding pattern: Address not in range (function unwinderFor)
[rank74]:[W unwind.cpp:201] Warning: Unsupported unwinding pattern: Address not in range (function unwinderFor)
[rank77]:[W unwind.cpp:201] Warning: Unsupported unwinding pattern: Address not in range (function unwinderFor)
[rank75]:[W unwind.cpp:201] Warning: Unsupported unwinding pattern: Address not in range (function unwinderFor)
[rank76]:[W unwind.cpp:201] Warning: Unsupported unwinding pattern: Address not in range (function unwinderFor)
[rank73]:[W unwind.cpp:201] Warning: Unsupported unwinding pattern: Address not in range (function unwinderFor)
[rank72]:[W unwind.cpp:201] Warning: Unsupported unwinding pattern: Address not in range (function unwinderFor)
[rank68]:[W unwind.cpp:201] Warning: Unsupported unwinding pattern: Address not in range (function unwinderFor)
[rank66]:[W unwind.cpp:201] Warning: Unsupported unwinding pattern: Address not in range (function unwinderFor)
[rank64]:[W unwind.cpp:201] Warning: Unsupported unwinding pattern: Address not in range (function unwinderFor)
[rank99]:[W unwind.cpp:201] Warning: Unsupported unwinding pattern: Address not in range (function unwinderFor)
[rank63]:[W unwind.cpp:201] Warning: Unsupported unwinding pattern: Address not in range (function unwinderFor)
[rank49]:[W unwind.cpp:201] Warning: Unsupported unwinding pattern: Address not in range (function unwinderFor)
[rank70]:[W unwind.cpp:201] Warning: Unsupported unwinding pattern: Address not in range (function unwinderFor)
[rank53]:[W unwind.cpp:201] Warning: Unsupported unwinding pattern: Address not in range (function unwinderFor)
[rank51]:[W unwind.cpp:201] Warning: Unsupported unwinding pattern: Address not in range (function unwinderFor)
[rank55]:[W unwind.cpp:201] Warning: Unsupported unwinding pattern: Address not in range (function unwinderFor)
[rank52]:[W unwind.cpp:201] Warning: Unsupported unwinding pattern: Address not in range (function unwinderFor)
[rank48]:[W unwind.cpp:201] Warning: Unsupported unwinding pattern: Address not in range (function unwinderFor)
[2024-08-07 23:57:31,333] [INFO] [logging.py:96:log_dist] [Rank 0] DeepSpeed Basic Optimizer = AdamW
[2024-08-07 23:57:31,333] [INFO] [logging.py:96:log_dist] [Rank 0] DeepSpeed Final Optimizer = AdamW
[2024-08-07 23:57:31,333] [INFO] [logging.py:96:log_dist] [Rank 0] DeepSpeed using client LR scheduler
[2024-08-07 23:57:31,333] [INFO] [logging.py:96:log_dist] [Rank 0] DeepSpeed LR Scheduler = None
[2024-08-07 23:57:31,333] [INFO] [logging.py:96:log_dist] [Rank 0] step=0, skipped=0, lr=[1e-05], mom=[(0.9, 0.999)]
[2024-08-07 23:57:31,334] [INFO] [config.py:997:print] DeepSpeedEngine configuration:
[2024-08-07 23:57:31,334] [INFO] [config.py:1001:print]   activation_checkpointing_config  {
    "partition_activations": false, 
    "contiguous_memory_optimization": false, 
    "cpu_checkpointing": false, 
    "number_checkpoints": null, 
    "synchronize_checkpoint_boundary": false, 
    "profile": false
}
[2024-08-07 23:57:31,334] [INFO] [config.py:1001:print]   aio_config ................... {'block_size': 1048576, 'queue_depth': 8, 'thread_count': 1, 'single_submit': False, 'overlap_events': True}
[2024-08-07 23:57:31,334] [INFO] [config.py:1001:print]   amp_enabled .................. False
[2024-08-07 23:57:31,334] [INFO] [config.py:1001:print]   amp_params ................... False
[2024-08-07 23:57:31,334] [INFO] [config.py:1001:print]   autotuning_config ............ {
    "enabled": false, 
    "start_step": null, 
    "end_step": null, 
    "metric_path": null, 
    "arg_mappings": null, 
    "metric": "throughput", 
    "model_info": null, 
    "results_dir": "autotuning_results", 
    "exps_dir": "autotuning_exps", 
    "overwrite": true, 
    "fast": true, 
    "start_profile_step": 3, 
    "end_profile_step": 5, 
    "tuner_type": "gridsearch", 
    "tuner_early_stopping": 5, 
    "tuner_num_trials": 50, 
    "model_info_path": null, 
    "mp_size": 1, 
    "max_train_batch_size": null, 
    "min_train_batch_size": 1, 
    "max_train_micro_batch_size_per_gpu": 1.024000e+03, 
    "min_train_micro_batch_size_per_gpu": 1, 
    "num_tuning_micro_batch_sizes": 3
}
[2024-08-07 23:57:31,334] [INFO] [config.py:1001:print]   bfloat16_enabled ............. False
[rank81]:[W unwind.cpp:201] Warning: Unsupported unwinding pattern: Address not in range (function unwinderFor)
[2024-08-07 23:57:31,334] [INFO] [config.py:1001:print]   bfloat16_immediate_grad_update  False
[rank83]:[W unwind.cpp:201] Warning: Unsupported unwinding pattern: Address not in range (function unwinderFor)
[2024-08-07 23:57:31,334] [INFO] [config.py:1001:print]   checkpoint_parallel_write_pipeline  False
[rank80]:[W unwind.cpp:201] Warning: Unsupported unwinding pattern: Address not in range (function unwinderFor)
[2024-08-07 23:57:31,334] [INFO] [config.py:1001:print]   checkpoint_tag_validation_enabled  True
[rank9]:[W unwind.cpp:201] Warning: Unsupported unwinding pattern: Address not in range (function unwinderFor)
[2024-08-07 23:57:31,334] [INFO] [config.py:1001:print]   checkpoint_tag_validation_fail  False
[rank82]:[W unwind.cpp:201] Warning: Unsupported unwinding pattern: Address not in range (function unwinderFor)
[2024-08-07 23:57:31,334] [INFO] [config.py:1001:print]   comms_config ................. <deepspeed.comm.config.DeepSpeedCommsConfig object at 0x7ff5329fa190>
[rank87]:[W unwind.cpp:201] Warning: Unsupported unwinding pattern: Address not in range (function unwinderFor)
[2024-08-07 23:57:31,334] [INFO] [config.py:1001:print]   communication_data_type ...... None
[rank84]:[W unwind.cpp:201] Warning: Unsupported unwinding pattern: Address not in range (function unwinderFor)
[2024-08-07 23:57:31,334] [INFO] [config.py:1001:print]   compression_config ........... {'weight_quantization': {'shared_parameters': {'enabled': False, 'quantizer_kernel': False, 'schedule_offset': 0, 'quantize_groups': 1, 'quantize_verbose': False, 'quantization_type': 'symmetric', 'quantize_weight_in_forward': False, 'rounding': 'nearest', 'fp16_mixed_quantize': False, 'quantize_change_ratio': 0.001}, 'different_groups': {}}, 'activation_quantization': {'shared_parameters': {'enabled': False, 'quantization_type': 'symmetric', 'range_calibration': 'dynamic', 'schedule_offset': 1000}, 'different_groups': {}}, 'sparse_pruning': {'shared_parameters': {'enabled': False, 'method': 'l1', 'schedule_offset': 1000}, 'different_groups': {}}, 'row_pruning': {'shared_parameters': {'enabled': False, 'method': 'l1', 'schedule_offset': 1000}, 'different_groups': {}}, 'head_pruning': {'shared_parameters': {'enabled': False, 'method': 'topk', 'schedule_offset': 1000}, 'different_groups': {}}, 'channel_pruning': {'shared_pa[rank59]:[W unwind.cpp:201] Warning: Unsupported unwinding pattern: Address not in range (function unwinderFor)
rameters': {'enabled': False, 'method': 'l1', 'schedule_offset': 1000}, 'different_groups': {}}, 'layer_reduction': {'enabled': False}}
[rank43]:[W unwind.cpp:201] Warning: Unsupported unwinding pattern: Address not in range (function unwinderFor)
[2024-08-07 23:57:31,334] [INFO] [config.py:1001:print]   curriculum_enabled_legacy .... False
[rank86]:[W unwind.cpp:201] Warning: Unsupported unwinding pattern: Address not in range (function unwinderFor)
[2024-08-07 23:57:31,334] [INFO] [config.py:1001:print]   curriculum_params_legacy ..... False
[rank61]:[W unwind.cpp:201] Warning: Unsupported unwinding pattern: Address not in range (function unwinderFor)
[rank57]:[W unwind.cpp:201] Warning: Unsupported unwinding pattern: Address not in range (function unwinderFor)
[rank106]:[W unwind.cpp:201] Warning: Unsupported unwinding pattern: Address not in range (function unwinderFor)
[rank105]:[W unwind.cpp:201] Warning: Unsupported unwinding pattern: Address not in range (function unwinderFor)
[rank110]:[W unwind.cpp:201] Warning: Unsupported unwinding pattern: Address not in range (function unwinderFor)
[rank108]:[W unwind.cpp:201] Warning: Unsupported unwinding pattern: Address not in range (function unwinderFor)
[rank46]:[W unwind.cpp:201] Warning: Unsupported unwinding pattern: Address not in range (function unwinderFor)
[rank109]:[W unwind.cpp:201] Warning: Unsupported unwinding pattern: Address not in range (function unwinderFor)
[rank13]:[W unwind.cpp:201] Warning: Unsupported unwinding pattern: Address not in range (function unwinderFor)
[rank11]:[W unwind.cpp:201] Warning: Unsupported unwinding pattern: Address not in range (function unwinderFor)
[rank50]:[W unwind.cpp:201] Warning: Unsupported unwinding pattern: Address not in range (function unwinderFor)
[rank54]:[W unwind.cpp:201] Warning: Unsupported unwinding pattern: Address not in range (function unwinderFor)
[rank103]:[W unwind.cpp:201] Warning: Unsupported unwinding pattern: Address not in range (function unwinderFor)
[rank10]:[W unwind.cpp:201] Warning: Unsupported unwinding pattern: Address not in range (function unwinderFor)
[rank62]:[W unwind.cpp:201] Warning: Unsupported unwinding pattern: Address not in range (function unwinderFor)
[rank56]:[W unwind.cpp:201] Warning: Unsupported unwinding pattern: Address not in range (function unwinderFor)
[rank60]:[W unwind.cpp:201] Warning: Unsupported unwinding pattern: Address not in range (function unwinderFor)
[rank58]:[W unwind.cpp:201] Warning: Unsupported unwinding pattern: Address not in range (function unwinderFor)
[rank102]:[W unwind.cpp:201] Warning: Unsupported unwinding pattern: Address not in range (function unwinderFor)
[rank97]:[W unwind.cpp:201] Warning: Unsupported unwinding pattern: Address not in range (function unwinderFor)
[rank96]:[W unwind.cpp:201] Warning: Unsupported unwinding pattern: Address not in range (function unwinderFor)
[rank98]:[W unwind.cpp:201] Warning: Unsupported unwinding pattern: Address not in range (function unwinderFor)
[rank100]:[W unwind.cpp:201] Warning: Unsupported unwinding pattern: Address not in range (function unwinderFor)
[rank101]:[W unwind.cpp:201] Warning: Unsupported unwinding pattern: Address not in range (function unwinderFor)
[rank8]:[W unwind.cpp:201] Warning: Unsupported unwinding pattern: Address not in range (function unwinderFor)
[rank15]:[W unwind.cpp:201] Warning: Unsupported unwinding pattern: Address not in range (function unwinderFor)
[rank12]:[W unwind.cpp:201] Warning: Unsupported unwinding pattern: Address not in range (function unwinderFor)
[rank14]:[W unwind.cpp:201] Warning: Unsupported unwinding pattern: Address not in range (function unwinderFor)
[rank19]:[W unwind.cpp:201] Warning: Unsupported unwinding pattern: Address not in range (function unwinderFor)
[rank21]:[W unwind.cpp:201] Warning: Unsupported unwinding pattern: Address not in range (function unwinderFor)
[rank23]:[W unwind.cpp:201] Warning: Unsupported unwinding pattern: Address not in range (function unwinderFor)
[rank18]:[W unwind.cpp:201] Warning: Unsupported unwinding pattern: Address not in range (function unwinderFor)
[rank22]:[W unwind.cpp:201] Warning: Unsupported unwinding pattern: Address not in range (function unwinderFor)
[rank20]:[W unwind.cpp:201] Warning: Unsupported unwinding pattern: Address not in range (function unwinderFor)
[rank16]:[W unwind.cpp:201] Warning: Unsupported unwinding pattern: Address not in range (function unwinderFor)
[2024-08-07 23:57:31,334] [INFO] [config.py:1001:print]   data_efficiency_config ....... {'enabled': False, 'seed': 1234, 'data_sampling': {'enabled': False, 'num_epochs': 1000, 'num_workers': 0, 'curriculum_learning': {'enabled': False}}, 'data_routing': {'enabled': False, 'random_ltd': {'enabled': False, 'layer_token_lr_schedule': {'enabled': False}}}}
[2024-08-07 23:57:31,334] [INFO] [config.py:1001:print]   data_efficiency_enabled ...... False
[2024-08-07 23:57:31,335] [INFO] [config.py:1001:print]   dataloader_drop_last ......... False
[2024-08-07 23:57:31,335] [INFO] [config.py:1001:print]   disable_allgather ............ False
[2024-08-07 23:57:31,335] [INFO] [config.py:1001:print]   dump_state ................... False
[2024-08-07 23:57:31,335] [INFO] [config.py:1001:print]   dynamic_loss_scale_args ...... None
[2024-08-07 23:57:31,335] [INFO] [config.py:1001:print]   eigenvalue_enabled ........... False
[2024-08-07 23:57:31,335] [INFO] [config.py:1001:print]   eigenvalue_gas_boundary_resolution  1
[2024-08-07 23:57:31,335] [INFO] [config.py:1001:print]   eigenvalue_layer_name ........ bert.encoder.layer
[2024-08-07 23:57:31,335] [INFO] [config.py:1001:print]   eigenvalue_layer_num ......... 0
[2024-08-07 23:57:31,335] [INFO] [config.py:1001:print]   eigenvalue_max_iter .......... 100
[2024-08-07 23:57:31,335] [INFO] [config.py:1001:print]   eigenvalue_stability ......... 1e-06
[2024-08-07 23:57:31,335] [INFO] [config.py:1001:print]   eigenvalue_tol ............... 0.01
[2024-08-07 23:57:31,335] [INFO] [config.py:1001:print]   eigenvalue_verbose ........... False
[2024-08-07 23:57:31,335] [INFO] [config.py:1001:print]   elasticity_enabled ........... False
[2024-08-07 23:57:31,335] [INFO] [config.py:1001:print]   flops_profiler_config ........ {
    "enabled": false, 
    "recompute_fwd_factor": 0.0, 
    "profile_step": 1, 
    "module_depth": -1, 
    "top_modules": 1, 
    "detailed": true, 
    "output_file": null
}
[2024-08-07 23:57:31,335] [INFO] [config.py:1001:print]   fp16_auto_cast ............... None
[2024-08-07 23:57:31,335] [INFO] [config.py:1001:print]   fp16_enabled ................. False
[2024-08-07 23:57:31,335] [INFO] [config.py:1001:print]   fp16_master_weights_and_gradients  False
[2024-08-07 23:57:31,335] [INFO] [config.py:1001:print]   global_rank .................. 0
[2024-08-07 23:57:31,335] [INFO] [config.py:1001:print]   grad_accum_dtype ............. None
[2024-08-07 23:57:31,335] [INFO] [config.py:1001:print]   gradient_accumulation_steps .. 1
[2024-08-07 23:57:31,335] [INFO] [config.py:1001:print]   gradient_clipping ............ 0.0
[2024-08-07 23:57:31,335] [INFO] [config.py:1001:print]   gradient_predivide_factor .... 1.0
[2024-08-07 23:57:31,335] [INFO] [config.py:1001:print]   graph_harvesting ............. False
[2024-08-07 23:57:31,335] [INFO] [config.py:1001:print]   hybrid_engine ................ enabled=False max_out_tokens=512 inference_tp_size=1 release_inference_cache=False pin_parameters=True tp_gather_partition_size=8
[2024-08-07 23:57:31,335] [INFO] [config.py:1001:print]   initial_dynamic_scale ........ 65536
[2024-08-07 23:57:31,335] [INFO] [config.py:1001:print]   load_universal_checkpoint .... False
[2024-08-07 23:57:31,335] [INFO] [config.py:1001:print]   loss_scale ................... 0
[2024-08-07 23:57:31,335] [INFO] [config.py:1001:print]   memory_breakdown ............. False
[2024-08-07 23:57:31,335] [INFO] [config.py:1001:print]   mics_hierarchial_params_gather  False
[2024-08-07 23:57:31,335] [INFO] [config.py:1001:print]   mics_shard_size .............. -1
[2024-08-07 23:57:31,335] [INFO] [config.py:1001:print]   monitor_config ............... tensorboard=TensorBoardConfig(enabled=False, output_path='', job_name='DeepSpeedJobName') comet=CometConfig(enabled=False, samples_log_interval=100, project=None, workspace=None, api_key=None, experiment_name=None, experiment_key=None, online=None, mode=None) wandb=WandbConfig(enabled=False, group=None, team=None, project='deepspeed') csv_monitor=CSVConfig(enabled=False, output_path='', job_name='DeepSpeedJobName') enabled=False
[2024-08-07 23:57:31,335] [INFO] [config.py:1001:print]   nebula_config ................ {
    "enabled": false, 
    "persistent_storage_path": null, 
    "persistent_time_interval": 100, 
    "num_of_version_in_retention": 2, 
    "enable_nebula_load": true, 
    "load_path": null
}
[2024-08-07 23:57:31,335] [INFO] [config.py:1001:print]   optimizer_legacy_fusion ...... False
[2024-08-07 23:57:31,335] [INFO] [config.py:1001:print]   optimizer_name ............... None
[2024-08-07 23:57:31,335] [INFO] [config.py:1001:print]   optimizer_params ............. None
[2024-08-07 23:57:31,335] [INFO] [config.py:1001:print]   pipeline ..................... {'stages': 'auto', 'partition': 'best', 'seed_layers': False, 'activation_checkpoint_interval': 0, 'pipe_partitioned': True, 'grad_partitioned': True}
[2024-08-07 23:57:31,335] [INFO] [config.py:1001:print]   pld_enabled .................. False
[2024-08-07 23:57:31,335] [INFO] [config.py:1001:print]   pld_params ................... False
[2024-08-07 23:57:31,335] [INFO] [config.py:1001:print]   prescale_gradients ........... False
[2024-08-07 23:57:31,335] [INFO] [config.py:1001:print]   scheduler_name ............... None
[2024-08-07 23:57:31,335] [INFO] [config.py:1001:print]   scheduler_params ............. None
[2024-08-07 23:57:31,335] [INFO] [config.py:1001:print]   seq_parallel_communication_data_type  torch.float32
[2024-08-07 23:57:31,335] [INFO] [config.py:1001:print]   sparse_attention ............. None
[2024-08-07 23:57:31,335] [INFO] [config.py:1001:print]   sparse_gradients_enabled ..... False
[2024-08-07 23:57:31,335] [INFO] [config.py:1001:print]   steps_per_print .............. 1000000000.0
[2024-08-07 23:57:31,335] [INFO] [config.py:1001:print]   timers_config ................ enabled=True synchronized=True
[2024-08-07 23:57:31,335] [INFO] [config.py:1001:print]   train_batch_size ............. 4096
[2024-08-07 23:57:31,335] [INFO] [config.py:1001:print]   train_micro_batch_size_per_gpu  32
[2024-08-07 23:57:31,335] [INFO] [config.py:1001:print]   use_data_before_expert_parallel_  False
[2024-08-07 23:57:31,335] [INFO] [config.py:1001:print]   use_node_local_storage ....... False
[2024-08-07 23:57:31,335] [INFO] [config.py:1001:print]   wall_clock_breakdown ......... False
[2024-08-07 23:57:31,335] [INFO] [config.py:1001:print]   weight_quantization_config ... None
[2024-08-07 23:57:31,335] [INFO] [config.py:1001:print]   world_size ................... 128
[2024-08-07 23:57:31,335] [INFO] [config.py:1001:print]   zero_allow_untested_optimizer  False
[2024-08-07 23:57:31,336] [INFO] [config.py:1001:print]   zero_config .................. stage=0 contiguous_gradients=True reduce_scatter=True reduce_bucket_size=500,000,000 use_multi_rank_bucket_allreduce=True allgather_partitions=True allgather_bucket_size=500,000,000 overlap_comm=False load_from_fp32_weights=True elastic_checkpoint=False offload_param=None offload_optimizer=None sub_group_size=1,000,000,000 cpu_offload_param=None cpu_offload_use_pin_memory=None cpu_offload=None prefetch_bucket_size=50,000,000 param_persistence_threshold=100,000 model_persistence_threshold=sys.maxsize max_live_parameters=1,000,000,000 max_reuse_distance=1,000,000,000 gather_16bit_weights_on_model_save=False use_all_reduce_for_fetch_params=False stage3_gather_fp16_weights_on_model_save=False ignore_unused_parameters=True legacy_stage1=False round_robin_gradients=False zero_hpz_partition_size=1 zero_quantized_weights=False zero_quantized_nontrainable_weights=False zero_quantized_gradients=False mics_shard_size=-1 mics_hierarchical_params_gather=False memory_efficient_linear=True pipeline_loading_checkpoint=False override_module_apply=True
[2024-08-07 23:57:31,336] [INFO] [config.py:1001:print]   zero_enabled ................. False
[2024-08-07 23:57:31,336] [INFO] [config.py:1001:print]   zero_force_ds_cpu_optimizer .. True
[2024-08-07 23:57:31,336] [INFO] [config.py:1001:print]   zero_optimization_stage ...... 0
[2024-08-07 23:57:31,336] [INFO] [config.py:987:print_user_config]   json = {
    "train_micro_batch_size_per_gpu": 32, 
    "gradient_accumulation_steps": 1, 
    "steps_per_print": 1.000000e+09
}
[rank89]:[W unwind.cpp:201] Warning: Unsupported unwinding pattern: Address not in range (function unwinderFor)
[rank93]:[W unwind.cpp:201] Warning: Unsupported unwinding pattern: Address not in range (function unwinderFor)
[rank94]:[W unwind.cpp:201] Warning: Unsupported unwinding pattern: Address not in range (function unwinderFor)
[rank88]:[W unwind.cpp:201] Warning: Unsupported unwinding pattern: Address not in range (function unwinderFor)
[rank90]:[W unwind.cpp:201] Warning: Unsupported unwinding pattern: Address not in range (function unwinderFor)
[rank91]:[W unwind.cpp:201] Warning: Unsupported unwinding pattern: Address not in range (function unwinderFor)
[rank92]:[W unwind.cpp:201] Warning: Unsupported unwinding pattern: Address not in range (function unwinderFor)
[rank95]:[W unwind.cpp:201] Warning: Unsupported unwinding pattern: Address not in range (function unwinderFor)
[rank3]:[W unwind.cpp:201] Warning: Unsupported unwinding pattern: Address not in range (function unwinderFor)
[rank5]:[W unwind.cpp:201] Warning: Unsupported unwinding pattern: Address not in range (function unwinderFor)
[rank7]:[W unwind.cpp:201] Warning: Unsupported unwinding pattern: Address not in range (function unwinderFor)
[rank0]:[W unwind.cpp:201] Warning: Unsupported unwinding pattern: Address not in range (function unwinderFor)
[rank1]:[W unwind.cpp:201] Warning: Unsupported unwinding pattern: Address not in range (function unwinderFor)
[rank2]:[W unwind.cpp:201] Warning: Unsupported unwinding pattern: Address not in range (function unwinderFor)
[rank4]:[W unwind.cpp:201] Warning: Unsupported unwinding pattern: Address not in range (function unwinderFor)
[rank6]:[W unwind.cpp:201] Warning: Unsupported unwinding pattern: Address not in range (function unwinderFor)
WARNNING: ONly training for 2 epochs
WARNNING: ONly training for 2 epochs
WARNNING: ONly training for 2 epochs
WARNNING: ONly training for 2 epochs
WARNNING: ONly training for 2 epochs
WARNNING: ONly training for 2 epochs
WARNNING: ONly training for 2 epochs
WARNNING: ONly training for 2 epochs
WARNNING: ONly training for 2 epochs
WARNNING: ONly training for 2 epochs
WARNNING: ONly training for 2 epochs
WARNNING: ONly training for 2 epochs
WARNNING: ONly training for 2 epochs
WARNNING: ONly training for 2 epochs
WARNNING: ONly training for 2 epochs
WARNNING: ONly training for 2 epochs
WARNNING: ONly training for 2 epochs
WARNNING: ONly training for 2 epochs
WARNNING: ONly training for 2 epochs
WARNNING: ONly training for 2 epochs
WARNNING: ONly training for 2 epochs
WARNNING: ONly training for 2 epochs
WARNNING: ONly training for 2 epochs
WARNNING: ONly training for 2 epochs
WARNNING: ONly training for 2 epochs
WARNNING: ONly training for 2 epochs
WARNNING: ONly training for 2 epochs
WARNNING: ONly training for 2 epochs
WARNNING: ONly training for 2 epochs
WARNNING: ONly training for 2 epochs
WARNNING: ONly training for 2 epochs
WARNNING: ONly training for 2 epochs
WARNNING: ONly training for 2 epochs
WARNNING: ONly training for 2 epochs
WARNNING: ONly training for 2 epochs
WARNNING: ONly training for 2 epochs
WARNNING: ONly training for 2 epochs
WARNNING: ONly training for 2 epochs
WARNNING: ONly training for 2 epochs
WARNNING: ONly training for 2 epochs
WARNNING: ONly training for 2 epochs
WARNNING: ONly training for 2 epochs
WARNNING: ONly training for 2 epochs
WARNNING: ONly training for 2 epochs
WARNNING: ONly training for 2 epochs
WARNNING: ONly training for 2 epochs
WARNNING: ONly training for 2 epochs
WARNNING: ONly training for 2 epochs
WARNNING: ONly training for 2 epochs
WARNNING: ONly training for 2 epochs
WARNNING: ONly training for 2 epochs
WARNNING: ONly training for 2 epochs
WARNNING: ONly training for 2 epochs
WARNNING: ONly training for 2 epochs
WARNNING: ONly training for 2 epochs
WARNNING: ONly training for 2 epochs
WARNNING: ONly training for 2 epochs
WARNNING: ONly training for 2 epochs
WARNNING: ONly training for 2 epochs
WARNNING: ONly training for 2 epochs
WARNNING: ONly training for 2 epochs
WARNNING: ONly training for 2 epochs
WARNNING: ONly training for 2 epochs
WARNNING: ONly training for 2 epochs
WARNNING: ONly training for 2 epochs
WARNNING: ONly training for 2 epochs
WARNNING: ONly training for 2 epochs
WARNNING: ONly training for 2 epochs
WARNNING: ONly training for 2 epochs
WARNNING: ONly training for 2 epochs
WARNNING: ONly training for 2 epochs
WARNNING: ONly training for 2 epochs
WARNNING: ONly training for 2 epochs
WARNNING: ONly training for 2 epochs
WARNNING: ONly training for 2 epochs
WARNNING: ONly training for 2 epochs
WARNNING: ONly training for 2 epochs
WARNNING: ONly training for 2 epochs
WARNNING: ONly training for 2 epochs
WARNNING: ONly training for 2 epochs
WARNNING: ONly training for 2 epochs
WARNNING: ONly training for 2 epochs
WARNNING: ONly training for 2 epochs
WARNNING: ONly training for 2 epochs
WARNNING: ONly training for 2 epochs
WARNNING: ONly training for 2 epochs
WARNNING: ONly training for 2 epochs
WARNNING: ONly training for 2 epochs
WARNNING: ONly training for 2 epochs
WARNNING: ONly training for 2 epochs
WARNNING: ONly training for 2 epochs
WARNNING: ONly training for 2 epochs
WARNNING: ONly training for 2 epochs
WARNNING: ONly training for 2 epochs
WARNNING: ONly training for 2 epochs
WARNNING: ONly training for 2 epochs
WARNNING: ONly training for 2 epochs
WARNNING: ONly training for 2 epochs
WARNNING: ONly training for 2 epochs
WARNNING: ONly training for 2 epochs
WARNNING: ONly training for 2 epochs
WARNNING: ONly training for 2 epochs
WARNNING: ONly training for 2 epochs
WARNNING: ONly training for 2 epochs
WARNNING: ONly training for 2 epochs
WARNNING: ONly training for 2 epochs
WARNNING: ONly training for 2 epochs
WARNNING: ONly training for 2 epochs
WARNNING: ONly training for 2 epochs
WARNNING: ONly training for 2 epochs
WARNNING: ONly training for 2 epochs
WARNNING: ONly training for 2 epochs
WARNNING: ONly training for 2 epochs
WARNNING: ONly training for 2 epochs
WARNNING: ONly training for 2 epochs
WARNNING: ONly training for 2 epochs
WARNNING: ONly training for 2 epochs
WARNNING: ONly training for 2 epochs
WARNNING: ONly training for 2 epochs
WARNNING: ONly training for 2 epochs
WARNNING: ONly training for 2 epochs
WARNNING: ONly training for 2 epochs
WARNNING: ONly training for 2 epochs
WARNNING: ONly training for 2 epochs
WARNNING: ONly training for 2 epochs
WARNNING: ONly training for 2 epochs
WARNNING: ONly training for 2 epochs
WARNNING: ONly training for 2 epochs
Train:   0%|          | 0/2 [00:00<?, ?it/s]Train:  50%|█████     | 1/2 [00:17<00:17, 17.56s/it]Train: 100%|██████████| 2/2 [00:24<00:00, 11.12s/it]Train: 100%|██████████| 2/2 [00:24<00:00, 12.10s/it]
0: Peak Memory Usage
0: 18278.69091796875
0: Process 0 - Local timer:  load_data  :  39.04
0: Process 0 - Local timer:  create_model  :  0.92
0: Process 0 - Local timer:  train_validate_test  :  0.0
0: Minimum timers: 
0: load_data  :  39.04
0: create_model  :  0.85
0: train_validate_test  :  0.0
0: Maximum timers: 
0: load_data  :  40.03
0: create_model  :  0.95
0: train_validate_test  :  0.0
0: Average timers: 
0: load_data  :  39.44
0: create_model  :  0.88
0: train_validate_test  :  0.0
0: Number of calls to timers: 
0: {'load_data': 1, 'create_model': 1, 'train_validate_test': 0}
+ for MS in MEDIUM LARGE XLARGE XXLARGE
+ for NN in 16
+ srun -N16 -n128 -c7 --gres=gpu:8 python -u ./examples/multidataset/train_deepspeed_exportmem.py --multi_model_list=OC2022 --multi --num_epoch=1 --everyone --ddstore --log=exp-strongfull-XLARGE-2204373-NN16-VANILLA --inputfile=XLARGE_MTL.json --use_deepspeed
[2024-08-07 23:58:16,205] [INFO] [real_accelerator.py:203:get_accelerator] Setting ds_accelerator to cuda (auto detect)
[2024-08-07 23:58:16,293] [INFO] [real_accelerator.py:203:get_accelerator] Setting ds_accelerator to cuda (auto detect)
[2024-08-07 23:58:16,293] [INFO] [real_accelerator.py:203:get_accelerator] Setting ds_accelerator to cuda (auto detect)
[2024-08-07 23:58:16,293] [INFO] [real_accelerator.py:203:get_accelerator] Setting ds_accelerator to cuda (auto detect)
[2024-08-07 23:58:16,307] [INFO] [real_accelerator.py:203:get_accelerator] Setting ds_accelerator to cuda (auto detect)
[2024-08-07 23:58:16,313] [INFO] [real_accelerator.py:203:get_accelerator] Setting ds_accelerator to cuda (auto detect)
[2024-08-07 23:58:16,314] [INFO] [real_accelerator.py:203:get_accelerator] Setting ds_accelerator to cuda (auto detect)
[2024-08-07 23:58:16,314] [INFO] [real_accelerator.py:203:get_accelerator] Setting ds_accelerator to cuda (auto detect)
[2024-08-07 23:58:16,314] [INFO] [real_accelerator.py:203:get_accelerator] Setting ds_accelerator to cuda (auto detect)
[2024-08-07 23:58:16,364] [INFO] [real_accelerator.py:203:get_accelerator] Setting ds_accelerator to cuda (auto detect)
[2024-08-07 23:58:16,369] [INFO] [real_accelerator.py:203:get_accelerator] Setting ds_accelerator to cuda (auto detect)
[2024-08-07 23:58:16,373] [INFO] [real_accelerator.py:203:get_accelerator] Setting ds_accelerator to cuda (auto detect)
[2024-08-07 23:58:16,374] [INFO] [real_accelerator.py:203:get_accelerator] Setting ds_accelerator to cuda (auto detect)
[2024-08-07 23:58:16,377] [INFO] [real_accelerator.py:203:get_accelerator] Setting ds_accelerator to cuda (auto detect)
[2024-08-07 23:58:16,378] [INFO] [real_accelerator.py:203:get_accelerator] Setting ds_accelerator to cuda (auto detect)
[2024-08-07 23:58:16,378] [INFO] [real_accelerator.py:203:get_accelerator] Setting ds_accelerator to cuda (auto detect)
[2024-08-07 23:58:16,378] [INFO] [real_accelerator.py:203:get_accelerator] Setting ds_accelerator to cuda (auto detect)
[2024-08-07 23:58:16,378] [INFO] [real_accelerator.py:203:get_accelerator] Setting ds_accelerator to cuda (auto detect)
[2024-08-07 23:58:16,379] [INFO] [real_accelerator.py:203:get_accelerator] Setting ds_accelerator to cuda (auto detect)
[2024-08-07 23:58:16,389] [INFO] [real_accelerator.py:203:get_accelerator] Setting ds_accelerator to cuda (auto detect)
[2024-08-07 23:58:16,390] [INFO] [real_accelerator.py:203:get_accelerator] Setting ds_accelerator to cuda (auto detect)
[2024-08-07 23:58:16,390] [INFO] [real_accelerator.py:203:get_accelerator] Setting ds_accelerator to cuda (auto detect)
[2024-08-07 23:58:16,398] [INFO] [real_accelerator.py:203:get_accelerator] Setting ds_accelerator to cuda (auto detect)
[2024-08-07 23:58:16,398] [INFO] [real_accelerator.py:203:get_accelerator] Setting ds_accelerator to cuda (auto detect)
[2024-08-07 23:58:16,403] [INFO] [real_accelerator.py:203:get_accelerator] Setting ds_accelerator to cuda (auto detect)
[2024-08-07 23:58:16,403] [INFO] [real_accelerator.py:203:get_accelerator] Setting ds_accelerator to cuda (auto detect)
[2024-08-07 23:58:16,404] [INFO] [real_accelerator.py:203:get_accelerator] Setting ds_accelerator to cuda (auto detect)
[2024-08-07 23:58:16,404] [INFO] [real_accelerator.py:203:get_accelerator] Setting ds_accelerator to cuda (auto detect)
[2024-08-07 23:58:16,404] [INFO] [real_accelerator.py:203:get_accelerator] Setting ds_accelerator to cuda (auto detect)
[2024-08-07 23:58:16,404] [INFO] [real_accelerator.py:203:get_accelerator] Setting ds_accelerator to cuda (auto detect)
[2024-08-07 23:58:16,404] [INFO] [real_accelerator.py:203:get_accelerator] Setting ds_accelerator to cuda (auto detect)
[2024-08-07 23:58:16,407] [INFO] [real_accelerator.py:203:get_accelerator] Setting ds_accelerator to cuda (auto detect)
[2024-08-07 23:58:16,411] [INFO] [real_accelerator.py:203:get_accelerator] Setting ds_accelerator to cuda (auto detect)
[2024-08-07 23:58:16,411] [INFO] [real_accelerator.py:203:get_accelerator] Setting ds_accelerator to cuda (auto detect)
[2024-08-07 23:58:16,416] [INFO] [real_accelerator.py:203:get_accelerator] Setting ds_accelerator to cuda (auto detect)
[2024-08-07 23:58:16,418] [INFO] [real_accelerator.py:203:get_accelerator] Setting ds_accelerator to cuda (auto detect)
[2024-08-07 23:58:16,418] [INFO] [real_accelerator.py:203:get_accelerator] Setting ds_accelerator to cuda (auto detect)
[2024-08-07 23:58:16,419] [INFO] [real_accelerator.py:203:get_accelerator] Setting ds_accelerator to cuda (auto detect)
[2024-08-07 23:58:16,424] [INFO] [real_accelerator.py:203:get_accelerator] Setting ds_accelerator to cuda (auto detect)
[2024-08-07 23:58:16,425] [INFO] [real_accelerator.py:203:get_accelerator] Setting ds_accelerator to cuda (auto detect)
[2024-08-07 23:58:16,524] [INFO] [real_accelerator.py:203:get_accelerator] Setting ds_accelerator to cuda (auto detect)
[2024-08-07 23:58:16,529] [INFO] [real_accelerator.py:203:get_accelerator] Setting ds_accelerator to cuda (auto detect)
[2024-08-07 23:58:16,535] [INFO] [real_accelerator.py:203:get_accelerator] Setting ds_accelerator to cuda (auto detect)
[2024-08-07 23:58:16,536] [INFO] [real_accelerator.py:203:get_accelerator] Setting ds_accelerator to cuda (auto detect)
[2024-08-07 23:58:16,537] [INFO] [real_accelerator.py:203:get_accelerator] Setting ds_accelerator to cuda (auto detect)
[2024-08-07 23:58:16,543] [INFO] [real_accelerator.py:203:get_accelerator] Setting ds_accelerator to cuda (auto detect)
[2024-08-07 23:58:16,545] [INFO] [real_accelerator.py:203:get_accelerator] Setting ds_accelerator to cuda (auto detect)
[2024-08-07 23:58:16,547] [INFO] [real_accelerator.py:203:get_accelerator] Setting ds_accelerator to cuda (auto detect)
[2024-08-07 23:58:16,606] [INFO] [real_accelerator.py:203:get_accelerator] Setting ds_accelerator to cuda (auto detect)
[2024-08-07 23:58:16,607] [INFO] [real_accelerator.py:203:get_accelerator] Setting ds_accelerator to cuda (auto detect)
[2024-08-07 23:58:16,614] [INFO] [real_accelerator.py:203:get_accelerator] Setting ds_accelerator to cuda (auto detect)
[2024-08-07 23:58:16,621] [INFO] [real_accelerator.py:203:get_accelerator] Setting ds_accelerator to cuda (auto detect)
[2024-08-07 23:58:16,636] [INFO] [real_accelerator.py:203:get_accelerator] Setting ds_accelerator to cuda (auto detect)
[2024-08-07 23:58:16,637] [INFO] [real_accelerator.py:203:get_accelerator] Setting ds_accelerator to cuda (auto detect)
[2024-08-07 23:58:16,637] [INFO] [real_accelerator.py:203:get_accelerator] Setting ds_accelerator to cuda (auto detect)
[2024-08-07 23:58:16,648] [INFO] [real_accelerator.py:203:get_accelerator] Setting ds_accelerator to cuda (auto detect)
[2024-08-07 23:58:16,651] [INFO] [real_accelerator.py:203:get_accelerator] Setting ds_accelerator to cuda (auto detect)
[2024-08-07 23:58:16,651] [INFO] [real_accelerator.py:203:get_accelerator] Setting ds_accelerator to cuda (auto detect)
[2024-08-07 23:58:16,651] [INFO] [real_accelerator.py:203:get_accelerator] Setting ds_accelerator to cuda (auto detect)
[2024-08-07 23:58:16,651] [INFO] [real_accelerator.py:203:get_accelerator] Setting ds_accelerator to cuda (auto detect)
[2024-08-07 23:58:16,651] [INFO] [real_accelerator.py:203:get_accelerator] Setting ds_accelerator to cuda (auto detect)
[2024-08-07 23:58:16,659] [INFO] [real_accelerator.py:203:get_accelerator] Setting ds_accelerator to cuda (auto detect)
[2024-08-07 23:58:16,662] [INFO] [real_accelerator.py:203:get_accelerator] Setting ds_accelerator to cuda (auto detect)
[2024-08-07 23:58:16,662] [INFO] [real_accelerator.py:203:get_accelerator] Setting ds_accelerator to cuda (auto detect)
[2024-08-07 23:58:16,688] [INFO] [real_accelerator.py:203:get_accelerator] Setting ds_accelerator to cuda (auto detect)
[2024-08-07 23:58:16,691] [INFO] [real_accelerator.py:203:get_accelerator] Setting ds_accelerator to cuda (auto detect)
[2024-08-07 23:58:16,693] [INFO] [real_accelerator.py:203:get_accelerator] Setting ds_accelerator to cuda (auto detect)
[2024-08-07 23:58:16,697] [INFO] [real_accelerator.py:203:get_accelerator] Setting ds_accelerator to cuda (auto detect)
[2024-08-07 23:58:16,710] [INFO] [real_accelerator.py:203:get_accelerator] Setting ds_accelerator to cuda (auto detect)
[2024-08-07 23:58:16,718] [INFO] [real_accelerator.py:203:get_accelerator] Setting ds_accelerator to cuda (auto detect)
[2024-08-07 23:58:16,719] [INFO] [real_accelerator.py:203:get_accelerator] Setting ds_accelerator to cuda (auto detect)
[2024-08-07 23:58:16,719] [INFO] [real_accelerator.py:203:get_accelerator] Setting ds_accelerator to cuda (auto detect)
[93m [WARNING] [0m async_io requires the dev libaio .so object and headers but these were not found.
[93m [WARNING] [0m async_io requires the dev libaio .so object and headers but these were not found.
[93m [WARNING] [0m async_io requires the dev libaio .so object and headers but these were not found.
[93m [WARNING] [0m async_io requires the dev libaio .so object and headers but these were not found.
[93m [WARNING] [0m async_io requires the dev libaio .so object and headers but these were not found.
[93m [WARNING] [0m async_io requires the dev libaio .so object and headers but these were not found.
[93m [WARNING] [0m async_io requires the dev libaio .so object and headers but these were not found.
[93m [WARNING] [0m If libaio is already installed (perhaps from source), try setting the CFLAGS and LDFLAGS environment variables to where it can be found.
[93m [WARNING] [0m Please specify the CUTLASS repo directory as environment variable $CUTLASS_PATH
[93m [WARNING] [0m async_io requires the dev libaio .so object and headers but these were not found.
[93m [WARNING] [0m If libaio is already installed (perhaps from source), try setting the CFLAGS and LDFLAGS environment variables to where it can be found.
[93m [WARNING] [0m Please specify the CUTLASS repo directory as environment variable $CUTLASS_PATH
[93m [WARNING] [0m If libaio is already installed (perhaps from source), try setting the CFLAGS and LDFLAGS environment variables to where it can be found.
[93m [WARNING] [0m Please specify the CUTLASS repo directory as environment variable $CUTLASS_PATH
[93m [WARNING] [0m If libaio is already installed (perhaps from source), try setting the CFLAGS and LDFLAGS environment variables to where it can be found.
[93m [WARNING] [0m Please specify the CUTLASS repo directory as environment variable $CUTLASS_PATH
[93m [WARNING] [0m If libaio is already installed (perhaps from source), try setting the CFLAGS and LDFLAGS environment variables to where it can be found.
[93m [WARNING] [0m Please specify the CUTLASS repo directory as environment variable $CUTLASS_PATH
[93m [WARNING] [0m If libaio is already installed (perhaps from source), try setting the CFLAGS and LDFLAGS environment variables to where it can be found.
[93m [WARNING] [0m Please specify the CUTLASS repo directory as environment variable $CUTLASS_PATH
[93m [WARNING] [0m If libaio is already installed (perhaps from source), try setting the CFLAGS and LDFLAGS environment variables to where it can be found.
[93m [WARNING] [0m Please specify the CUTLASS repo directory as environment variable $CUTLASS_PATH
[93m [WARNING] [0m If libaio is already installed (perhaps from source), try setting the CFLAGS and LDFLAGS environment variables to where it can be found.
[93m [WARNING] [0m Please specify the CUTLASS repo directory as environment variable $CUTLASS_PATH
[93m [WARNING] [0m async_io requires the dev libaio .so object and headers but these were not found.
[93m [WARNING] [0m async_io requires the dev libaio .so object and headers but these were not found.
[93m [WARNING] [0m If libaio is already installed (perhaps from source), try setting the CFLAGS and LDFLAGS environment variables to where it can be found.
[93m [WARNING] [0m Please specify the CUTLASS repo directory as environment variable $CUTLASS_PATH
[93m [WARNING] [0m If libaio is already installed (perhaps from source), try setting the CFLAGS and LDFLAGS environment variables to where it can be found.
[93m [WARNING] [0m Please specify the CUTLASS repo directory as environment variable $CUTLASS_PATH
[93m [WARNING] [0m async_io requires the dev libaio .so object and headers but these were not found.
[93m [WARNING] [0m async_io requires the dev libaio .so object and headers but these were not found.
[93m [WARNING] [0m async_io requires the dev libaio .so object and headers but these were not found.
[93m [WARNING] [0m async_io requires the dev libaio .so object and headers but these were not found.
[2024-08-07 23:58:17,655] [INFO] [real_accelerator.py:203:get_accelerator] Setting ds_accelerator to cuda (auto detect)
[93m [WARNING] [0m async_io requires the dev libaio .so object and headers but these were not found.
[93m [WARNING] [0m async_io requires the dev libaio .so object and headers but these were not found.
[93m [WARNING] [0m If libaio is already installed (perhaps from source), try setting the CFLAGS and LDFLAGS environment variables to where it can be found.
[93m [WARNING] [0m Please specify the CUTLASS repo directory as environment variable $CUTLASS_PATH
[93m [WARNING] [0m If libaio is already installed (perhaps from source), try setting the CFLAGS and LDFLAGS environment variables to where it can be found.
[93m [WARNING] [0m Please specify the CUTLASS repo directory as environment variable $CUTLASS_PATH
[93m [WARNING] [0m If libaio is already installed (perhaps from source), try setting the CFLAGS and LDFLAGS environment variables to where it can be found.
[93m [WARNING] [0m Please specify the CUTLASS repo directory as environment variable $CUTLASS_PATH
[93m [WARNING] [0m If libaio is already installed (perhaps from source), try setting the CFLAGS and LDFLAGS environment variables to where it can be found.
[93m [WARNING] [0m Please specify the CUTLASS repo directory as environment variable $CUTLASS_PATH
[93m [WARNING] [0m If libaio is already installed (perhaps from source), try setting the CFLAGS and LDFLAGS environment variables to where it can be found.
[93m [WARNING] [0m Please specify the CUTLASS repo directory as environment variable $CUTLASS_PATH
[93m [WARNING] [0m If libaio is already installed (perhaps from source), try setting the CFLAGS and LDFLAGS environment variables to where it can be found.
[93m [WARNING] [0m Please specify the CUTLASS repo directory as environment variable $CUTLASS_PATH
[2024-08-07 23:58:17,721] [INFO] [real_accelerator.py:203:get_accelerator] Setting ds_accelerator to cuda (auto detect)
[2024-08-07 23:58:17,792] [INFO] [real_accelerator.py:203:get_accelerator] Setting ds_accelerator to cuda (auto detect)
[2024-08-07 23:58:17,809] [INFO] [real_accelerator.py:203:get_accelerator] Setting ds_accelerator to cuda (auto detect)
[2024-08-07 23:58:17,844] [INFO] [real_accelerator.py:203:get_accelerator] Setting ds_accelerator to cuda (auto detect)
[2024-08-07 23:58:17,901] [INFO] [real_accelerator.py:203:get_accelerator] Setting ds_accelerator to cuda (auto detect)
[93m [WARNING] [0m async_io requires the dev libaio .so object and headers but these were not found.
[93m [WARNING] [0m async_io requires the dev libaio .so object and headers but these were not found.
[93m [WARNING] [0m async_io requires the dev libaio .so object and headers but these were not found.
[93m [WARNING] [0m async_io requires the dev libaio .so object and headers but these were not found.
[93m [WARNING] [0m async_io requires the dev libaio .so object and headers but these were not found.
[93m [WARNING] [0m async_io requires the dev libaio .so object and headers but these were not found.
[2024-08-07 23:58:17,932] [INFO] [real_accelerator.py:203:get_accelerator] Setting ds_accelerator to cuda (auto detect)
[93m [WARNING] [0m If libaio is already installed (perhaps from source), try setting the CFLAGS and LDFLAGS environment variables to where it can be found.
[93m [WARNING] [0m Please specify the CUTLASS repo directory as environment variable $CUTLASS_PATH
[93m [WARNING] [0m async_io requires the dev libaio .so object and headers but these were not found.
[93m [WARNING] [0m async_io requires the dev libaio .so object and headers but these were not found.
[93m [WARNING] [0m If libaio is already installed (perhaps from source), try setting the CFLAGS and LDFLAGS environment variables to where it can be found.
[93m [WARNING] [0m Please specify the CUTLASS repo directory as environment variable $CUTLASS_PATH
[93m [WARNING] [0m If libaio is already installed (perhaps from source), try setting the CFLAGS and LDFLAGS environment variables to where it can be found.
[93m [WARNING] [0m Please specify the CUTLASS repo directory as environment variable $CUTLASS_PATH
[93m [WARNING] [0m If libaio is already installed (perhaps from source), try setting the CFLAGS and LDFLAGS environment variables to where it can be found.
[93m [WARNING] [0m Please specify the CUTLASS repo directory as environment variable $CUTLASS_PATH
[93m [WARNING] [0m If libaio is already installed (perhaps from source), try setting the CFLAGS and LDFLAGS environment variables to where it can be found.
[93m [WARNING] [0m Please specify the CUTLASS repo directory as environment variable $CUTLASS_PATH
[2024-08-07 23:58:17,943] [INFO] [real_accelerator.py:203:get_accelerator] Setting ds_accelerator to cuda (auto detect)
[2024-08-07 23:58:17,943] [INFO] [real_accelerator.py:203:get_accelerator] Setting ds_accelerator to cuda (auto detect)
[93m [WARNING] [0m If libaio is already installed (perhaps from source), try setting the CFLAGS and LDFLAGS environment variables to where it can be found.
[93m [WARNING] [0m Please specify the CUTLASS repo directory as environment variable $CUTLASS_PATH
[2024-08-07 23:58:17,946] [INFO] [real_accelerator.py:203:get_accelerator] Setting ds_accelerator to cuda (auto detect)
[93m [WARNING] [0m If libaio is already installed (perhaps from source), try setting the CFLAGS and LDFLAGS environment variables to where it can be found.
[93m [WARNING] [0m Please specify the CUTLASS repo directory as environment variable $CUTLASS_PATH
[93m [WARNING] [0m If libaio is already installed (perhaps from source), try setting the CFLAGS and LDFLAGS environment variables to where it can be found.
[93m [WARNING] [0m Please specify the CUTLASS repo directory as environment variable $CUTLASS_PATH
[2024-08-07 23:58:17,981] [INFO] [real_accelerator.py:203:get_accelerator] Setting ds_accelerator to cuda (auto detect)
[93m [WARNING] [0m sparse_attn is not compatible with ROCM
[93m [WARNING] [0m sparse_attn is not compatible with ROCM
[93m [WARNING] [0m sparse_attn is not compatible with ROCM
[93m [WARNING] [0m sparse_attn is not compatible with ROCM
[93m [WARNING] [0m sparse_attn is not compatible with ROCM
[93m [WARNING] [0m sparse_attn is not compatible with ROCM
[93m [WARNING] [0m sparse_attn is not compatible with ROCM
[93m [WARNING] [0m sparse_attn is not compatible with ROCM
[93m [WARNING] [0m sparse_attn is not compatible with ROCM
[93m [WARNING] [0m sparse_attn is not compatible with ROCM
[93m [WARNING] [0m sparse_attn is not compatible with ROCM
[93m [WARNING] [0m sparse_attn is not compatible with ROCM
[93m [WARNING] [0m sparse_attn is not compatible with ROCM
[93m [WARNING] [0m sparse_attn is not compatible with ROCM
[93m [WARNING] [0m sparse_attn is not compatible with ROCM
[93m [WARNING] [0m sparse_attn is not compatible with ROCM
[2024-08-07 23:58:18,103] [INFO] [real_accelerator.py:203:get_accelerator] Setting ds_accelerator to cuda (auto detect)
[2024-08-07 23:58:18,163] [INFO] [real_accelerator.py:203:get_accelerator] Setting ds_accelerator to cuda (auto detect)
[2024-08-07 23:58:18,165] [INFO] [real_accelerator.py:203:get_accelerator] Setting ds_accelerator to cuda (auto detect)
[2024-08-07 23:58:18,166] [INFO] [real_accelerator.py:203:get_accelerator] Setting ds_accelerator to cuda (auto detect)
[2024-08-07 23:58:18,215] [INFO] [real_accelerator.py:203:get_accelerator] Setting ds_accelerator to cuda (auto detect)
[2024-08-07 23:58:18,235] [INFO] [real_accelerator.py:203:get_accelerator] Setting ds_accelerator to cuda (auto detect)
[2024-08-07 23:58:18,250] [INFO] [real_accelerator.py:203:get_accelerator] Setting ds_accelerator to cuda (auto detect)
[2024-08-07 23:58:18,313] [INFO] [real_accelerator.py:203:get_accelerator] Setting ds_accelerator to cuda (auto detect)
[93m [WARNING] [0m sparse_attn is not compatible with ROCM
[93m [WARNING] [0m sparse_attn is not compatible with ROCM
[93m [WARNING] [0m sparse_attn is not compatible with ROCM
[93m [WARNING] [0m sparse_attn is not compatible with ROCM
[93m [WARNING] [0m sparse_attn is not compatible with ROCM
[93m [WARNING] [0m sparse_attn is not compatible with ROCM
[93m [WARNING] [0m sparse_attn is not compatible with ROCM
[93m [WARNING] [0m sparse_attn is not compatible with ROCM
[93m [WARNING] [0m async_io requires the dev libaio .so object and headers but these were not found.
[93m [WARNING] [0m async_io requires the dev libaio .so object and headers but these were not found.
[93m [WARNING] [0m async_io requires the dev libaio .so object and headers but these were not found.
[93m [WARNING] [0m async_io requires the dev libaio .so object and headers but these were not found.
[93m [WARNING] [0m If libaio is already installed (perhaps from source), try setting the CFLAGS and LDFLAGS environment variables to where it can be found.
[93m [WARNING] [0m Please specify the CUTLASS repo directory as environment variable $CUTLASS_PATH
[93m [WARNING] [0m If libaio is already installed (perhaps from source), try setting the CFLAGS and LDFLAGS environment variables to where it can be found.
[93m [WARNING] [0m Please specify the CUTLASS repo directory as environment variable $CUTLASS_PATH
[93m [WARNING] [0m If libaio is already installed (perhaps from source), try setting the CFLAGS and LDFLAGS environment variables to where it can be found.
[93m [WARNING] [0m Please specify the CUTLASS repo directory as environment variable $CUTLASS_PATH
[93m [WARNING] [0m async_io requires the dev libaio .so object and headers but these were not found.
[93m [WARNING] [0m async_io requires the dev libaio .so object and headers but these were not found.
[93m [WARNING] [0m async_io requires the dev libaio .so object and headers but these were not found.
[93m [WARNING] [0m async_io requires the dev libaio .so object and headers but these were not found.
[93m [WARNING] [0m If libaio is already installed (perhaps from source), try setting the CFLAGS and LDFLAGS environment variables to where it can be found.
[93m [WARNING] [0m Please specify the CUTLASS repo directory as environment variable $CUTLASS_PATH
[93m [WARNING] [0m If libaio is already installed (perhaps from source), try setting the CFLAGS and LDFLAGS environment variables to where it can be found.
[93m [WARNING] [0m Please specify the CUTLASS repo directory as environment variable $CUTLASS_PATH
[93m [WARNING] [0m If libaio is already installed (perhaps from source), try setting the CFLAGS and LDFLAGS environment variables to where it can be found.
[93m [WARNING] [0m Please specify the CUTLASS repo directory as environment variable $CUTLASS_PATH
[93m [WARNING] [0m If libaio is already installed (perhaps from source), try setting the CFLAGS and LDFLAGS environment variables to where it can be found.
[93m [WARNING] [0m Please specify the CUTLASS repo directory as environment variable $CUTLASS_PATH
[93m [WARNING] [0m If libaio is already installed (perhaps from source), try setting the CFLAGS and LDFLAGS environment variables to where it can be found.
[93m [WARNING] [0m Please specify the CUTLASS repo directory as environment variable $CUTLASS_PATH
[2024-08-07 23:58:18,419] [INFO] [real_accelerator.py:203:get_accelerator] Setting ds_accelerator to cuda (auto detect)
[2024-08-07 23:58:18,443] [INFO] [real_accelerator.py:203:get_accelerator] Setting ds_accelerator to cuda (auto detect)
[2024-08-07 23:58:18,446] [INFO] [real_accelerator.py:203:get_accelerator] Setting ds_accelerator to cuda (auto detect)
[93m [WARNING] [0m async_io requires the dev libaio .so object and headers but these were not found.
[93m [WARNING] [0m async_io requires the dev libaio .so object and headers but these were not found.
[93m [WARNING] [0m async_io requires the dev libaio .so object and headers but these were not found.
[93m [WARNING] [0m async_io requires the dev libaio .so object and headers but these were not found.
[93m [WARNING] [0m async_io requires the dev libaio .so object and headers but these were not found.
[93m [WARNING] [0m async_io requires the dev libaio .so object and headers but these were not found.
[93m [WARNING] [0m If libaio is already installed (perhaps from source), try setting the CFLAGS and LDFLAGS environment variables to where it can be found.
[93m [WARNING] [0m Please specify the CUTLASS repo directory as environment variable $CUTLASS_PATH
[93m [WARNING] [0m If libaio is already installed (perhaps from source), try setting the CFLAGS and LDFLAGS environment variables to where it can be found.
[93m [WARNING] [0m Please specify the CUTLASS repo directory as environment variable $CUTLASS_PATH
[93m [WARNING] [0m If libaio is already installed (perhaps from source), try setting the CFLAGS and LDFLAGS environment variables to where it can be found.
[93m [WARNING] [0m Please specify the CUTLASS repo directory as environment variable $CUTLASS_PATH
[93m [WARNING] [0m If libaio is already installed (perhaps from source), try setting the CFLAGS and LDFLAGS environment variables to where it can be found.
[93m [WARNING] [0m Please specify the CUTLASS repo directory as environment variable $CUTLASS_PATH
[93m [WARNING] [0m async_io requires the dev libaio .so object and headers but these were not found.
[93m [WARNING] [0m async_io requires the dev libaio .so object and headers but these were not found.
[93m [WARNING] [0m If libaio is already installed (perhaps from source), try setting the CFLAGS and LDFLAGS environment variables to where it can be found.
[93m [WARNING] [0m Please specify the CUTLASS repo directory as environment variable $CUTLASS_PATH
[93m [WARNING] [0m If libaio is already installed (perhaps from source), try setting the CFLAGS and LDFLAGS environment variables to where it can be found.
[93m [WARNING] [0m Please specify the CUTLASS repo directory as environment variable $CUTLASS_PATH
[93m [WARNING] [0m If libaio is already installed (perhaps from source), try setting the CFLAGS and LDFLAGS environment variables to where it can be found.
[93m [WARNING] [0m Please specify the CUTLASS repo directory as environment variable $CUTLASS_PATH
[93m [WARNING] [0m If libaio is already installed (perhaps from source), try setting the CFLAGS and LDFLAGS environment variables to where it can be found.
[93m [WARNING] [0m Please specify the CUTLASS repo directory as environment variable $CUTLASS_PATH
[2024-08-07 23:58:18,516] [INFO] [real_accelerator.py:203:get_accelerator] Setting ds_accelerator to cuda (auto detect)
[2024-08-07 23:58:18,516] [INFO] [real_accelerator.py:203:get_accelerator] Setting ds_accelerator to cuda (auto detect)
[93m [WARNING] [0m async_io requires the dev libaio .so object and headers but these were not found.
[93m [WARNING] [0m async_io requires the dev libaio .so object and headers but these were not found.
[2024-08-07 23:58:18,520] [INFO] [real_accelerator.py:203:get_accelerator] Setting ds_accelerator to cuda (auto detect)
[93m [WARNING] [0m async_io requires the dev libaio .so object and headers but these were not found.
[93m [WARNING] [0m async_io requires the dev libaio .so object and headers but these were not found.
[93m [WARNING] [0m async_io requires the dev libaio .so object and headers but these were not found.
[93m [WARNING] [0m async_io requires the dev libaio .so object and headers but these were not found.
[93m [WARNING] [0m async_io requires the dev libaio .so object and headers but these were not found.
[93m [WARNING] [0m async_io requires the dev libaio .so object and headers but these were not found.
[93m [WARNING] [0m If libaio is already installed (perhaps from source), try setting the CFLAGS and LDFLAGS environment variables to where it can be found.
[93m [WARNING] [0m Please specify the CUTLASS repo directory as environment variable $CUTLASS_PATH
[93m [WARNING] [0m If libaio is already installed (perhaps from source), try setting the CFLAGS and LDFLAGS environment variables to where it can be found.
[93m [WARNING] [0m Please specify the CUTLASS repo directory as environment variable $CUTLASS_PATH
[93m [WARNING] [0m If libaio is already installed (perhaps from source), try setting the CFLAGS and LDFLAGS environment variables to where it can be found.
[93m [WARNING] [0m Please specify the CUTLASS repo directory as environment variable $CUTLASS_PATH
[2024-08-07 23:58:18,534] [INFO] [real_accelerator.py:203:get_accelerator] Setting ds_accelerator to cuda (auto detect)
[93m [WARNING] [0m If libaio is already installed (perhaps from source), try setting the CFLAGS and LDFLAGS environment variables to where it can be found.
[93m [WARNING] [0m Please specify the CUTLASS repo directory as environment variable $CUTLASS_PATH
[93m [WARNING] [0m If libaio is already installed (perhaps from source), try setting the CFLAGS and LDFLAGS environment variables to where it can be found.
[93m [WARNING] [0m Please specify the CUTLASS repo directory as environment variable $CUTLASS_PATH
[93m [WARNING] [0m If libaio is already installed (perhaps from source), try setting the CFLAGS and LDFLAGS environment variables to where it can be found.
[93m [WARNING] [0m Please specify the CUTLASS repo directory as environment variable $CUTLASS_PATH
[93m [WARNING] [0m If libaio is already installed (perhaps from source), try setting the CFLAGS and LDFLAGS environment variables to where it can be found.
[93m [WARNING] [0m Please specify the CUTLASS repo directory as environment variable $CUTLASS_PATH
[93m [WARNING] [0m If libaio is already installed (perhaps from source), try setting the CFLAGS and LDFLAGS environment variables to where it can be found.
[93m [WARNING] [0m Please specify the CUTLASS repo directory as environment variable $CUTLASS_PATH
[2024-08-07 23:58:18,547] [INFO] [real_accelerator.py:203:get_accelerator] Setting ds_accelerator to cuda (auto detect)
[2024-08-07 23:58:18,551] [INFO] [real_accelerator.py:203:get_accelerator] Setting ds_accelerator to cuda (auto detect)
[2024-08-07 23:58:18,582] [INFO] [real_accelerator.py:203:get_accelerator] Setting ds_accelerator to cuda (auto detect)
[2024-08-07 23:58:18,737] [INFO] [real_accelerator.py:203:get_accelerator] Setting ds_accelerator to cuda (auto detect)
[2024-08-07 23:58:18,738] [INFO] [real_accelerator.py:203:get_accelerator] Setting ds_accelerator to cuda (auto detect)
[2024-08-07 23:58:18,741] [INFO] [real_accelerator.py:203:get_accelerator] Setting ds_accelerator to cuda (auto detect)
[93m [WARNING] [0m sparse_attn is not compatible with ROCM
[93m [WARNING] [0m sparse_attn is not compatible with ROCM
[93m [WARNING] [0m sparse_attn is not compatible with ROCM
[2024-08-07 23:58:18,799] [INFO] [real_accelerator.py:203:get_accelerator] Setting ds_accelerator to cuda (auto detect)
[93m [WARNING] [0m sparse_attn is not compatible with ROCM
[93m [WARNING] [0m sparse_attn is not compatible with ROCM
[93m [WARNING] [0m sparse_attn is not compatible with ROCM
[93m [WARNING] [0m sparse_attn is not compatible with ROCM
[93m [WARNING] [0m sparse_attn is not compatible with ROCM
[93m [WARNING] [0m sparse_attn is not compatible with ROCM
[93m [WARNING] [0m sparse_attn is not compatible with ROCM
[93m [WARNING] [0m sparse_attn is not compatible with ROCM
[93m [WARNING] [0m sparse_attn is not compatible with ROCM
[93m [WARNING] [0m sparse_attn is not compatible with ROCM
[93m [WARNING] [0m sparse_attn is not compatible with ROCM
[93m [WARNING] [0m sparse_attn is not compatible with ROCM
[93m [WARNING] [0m sparse_attn is not compatible with ROCM
[93m [WARNING] [0m async_io requires the dev libaio .so object and headers but these were not found.
[93m [WARNING] [0m async_io requires the dev libaio .so object and headers but these were not found.
[93m [WARNING] [0m async_io requires the dev libaio .so object and headers but these were not found.
[93m [WARNING] [0m If libaio is already installed (perhaps from source), try setting the CFLAGS and LDFLAGS environment variables to where it can be found.
[93m [WARNING] [0m Please specify the CUTLASS repo directory as environment variable $CUTLASS_PATH
[93m [WARNING] [0m sparse_attn is not compatible with ROCM
[93m [WARNING] [0m If libaio is already installed (perhaps from source), try setting the CFLAGS and LDFLAGS environment variables to where it can be found.
[93m [WARNING] [0m Please specify the CUTLASS repo directory as environment variable $CUTLASS_PATH
[93m [WARNING] [0m If libaio is already installed (perhaps from source), try setting the CFLAGS and LDFLAGS environment variables to where it can be found.
[93m [WARNING] [0m Please specify the CUTLASS repo directory as environment variable $CUTLASS_PATH
[2024-08-07 23:58:18,932] [INFO] [real_accelerator.py:203:get_accelerator] Setting ds_accelerator to cuda (auto detect)
[93m [WARNING] [0m sparse_attn is not compatible with ROCM
[93m [WARNING] [0m sparse_attn is not compatible with ROCM
[93m [WARNING] [0m sparse_attn is not compatible with ROCM
[93m [WARNING] [0m async_io requires the dev libaio .so object and headers but these were not found.
[93m [WARNING] [0m async_io requires the dev libaio .so object and headers but these were not found.
[93m [WARNING] [0m sparse_attn is not compatible with ROCM
[93m [WARNING] [0m async_io requires the dev libaio .so object and headers but these were not found.
[93m [WARNING] [0m sparse_attn is not compatible with ROCM
[93m [WARNING] [0m sparse_attn is not compatible with ROCM
[93m [WARNING] [0m sparse_attn is not compatible with ROCM
[93m [WARNING] [0m If libaio is already installed (perhaps from source), try setting the CFLAGS and LDFLAGS environment variables to where it can be found.
[93m [WARNING] [0m Please specify the CUTLASS repo directory as environment variable $CUTLASS_PATH
[93m [WARNING] [0m async_io requires the dev libaio .so object and headers but these were not found.
[93m [WARNING] [0m If libaio is already installed (perhaps from source), try setting the CFLAGS and LDFLAGS environment variables to where it can be found.
[93m [WARNING] [0m Please specify the CUTLASS repo directory as environment variable $CUTLASS_PATH
[93m [WARNING] [0m async_io requires the dev libaio .so object and headers but these were not found.
[93m [WARNING] [0m If libaio is already installed (perhaps from source), try setting the CFLAGS and LDFLAGS environment variables to where it can be found.
[93m [WARNING] [0m Please specify the CUTLASS repo directory as environment variable $CUTLASS_PATH
[93m [WARNING] [0m If libaio is already installed (perhaps from source), try setting the CFLAGS and LDFLAGS environment variables to where it can be found.
[93m [WARNING] [0m Please specify the CUTLASS repo directory as environment variable $CUTLASS_PATH
[93m [WARNING] [0m If libaio is already installed (perhaps from source), try setting the CFLAGS and LDFLAGS environment variables to where it can be found.
[93m [WARNING] [0m Please specify the CUTLASS repo directory as environment variable $CUTLASS_PATH
[93m [WARNING] [0m async_io requires the dev libaio .so object and headers but these were not found.
[93m [WARNING] [0m async_io requires the dev libaio .so object and headers but these were not found.
[93m [WARNING] [0m async_io requires the dev libaio .so object and headers but these were not found.
[93m [WARNING] [0m async_io requires the dev libaio .so object and headers but these were not found.
[93m [WARNING] [0m async_io requires the dev libaio .so object and headers but these were not found.
[93m [WARNING] [0m If libaio is already installed (perhaps from source), try setting the CFLAGS and LDFLAGS environment variables to where it can be found.
[93m [WARNING] [0m Please specify the CUTLASS repo directory as environment variable $CUTLASS_PATH
[93m [WARNING] [0m If libaio is already installed (perhaps from source), try setting the CFLAGS and LDFLAGS environment variables to where it can be found.
[93m [WARNING] [0m Please specify the CUTLASS repo directory as environment variable $CUTLASS_PATH
[93m [WARNING] [0m async_io requires the dev libaio .so object and headers but these were not found.
[93m [WARNING] [0m If libaio is already installed (perhaps from source), try setting the CFLAGS and LDFLAGS environment variables to where it can be found.
[93m [WARNING] [0m Please specify the CUTLASS repo directory as environment variable $CUTLASS_PATH
[93m [WARNING] [0m If libaio is already installed (perhaps from source), try setting the CFLAGS and LDFLAGS environment variables to where it can be found.
[93m [WARNING] [0m Please specify the CUTLASS repo directory as environment variable $CUTLASS_PATH
[93m [WARNING] [0m async_io requires the dev libaio .so object and headers but these were not found.
[93m [WARNING] [0m async_io requires the dev libaio .so object and headers but these were not found.
[93m [WARNING] [0m If libaio is already installed (perhaps from source), try setting the CFLAGS and LDFLAGS environment variables to where it can be found.
[93m [WARNING] [0m Please specify the CUTLASS repo directory as environment variable $CUTLASS_PATH
[93m [WARNING] [0m If libaio is already installed (perhaps from source), try setting the CFLAGS and LDFLAGS environment variables to where it can be found.
[93m [WARNING] [0m Please specify the CUTLASS repo directory as environment variable $CUTLASS_PATH
[93m [WARNING] [0m If libaio is already installed (perhaps from source), try setting the CFLAGS and LDFLAGS environment variables to where it can be found.
[93m [WARNING] [0m Please specify the CUTLASS repo directory as environment variable $CUTLASS_PATH
[93m [WARNING] [0m If libaio is already installed (perhaps from source), try setting the CFLAGS and LDFLAGS environment variables to where it can be found.
[93m [WARNING] [0m Please specify the CUTLASS repo directory as environment variable $CUTLASS_PATH
[2024-08-07 23:58:19,048] [INFO] [real_accelerator.py:203:get_accelerator] Setting ds_accelerator to cuda (auto detect)
[2024-08-07 23:58:19,053] [INFO] [real_accelerator.py:203:get_accelerator] Setting ds_accelerator to cuda (auto detect)
[93m [WARNING] [0m async_io requires the dev libaio .so object and headers but these were not found.
[93m [WARNING] [0m async_io requires the dev libaio .so object and headers but these were not found.
[93m [WARNING] [0m async_io requires the dev libaio .so object and headers but these were not found.
[93m [WARNING] [0m async_io requires the dev libaio .so object and headers but these were not found.
[93m [WARNING] [0m async_io requires the dev libaio .so object and headers but these were not found.
[93m [WARNING] [0m If libaio is already installed (perhaps from source), try setting the CFLAGS and LDFLAGS environment variables to where it can be found.
[93m [WARNING] [0m Please specify the CUTLASS repo directory as environment variable $CUTLASS_PATH
[93m [WARNING] [0m If libaio is already installed (perhaps from source), try setting the CFLAGS and LDFLAGS environment variables to where it can be found.
[93m [WARNING] [0m Please specify the CUTLASS repo directory as environment variable $CUTLASS_PATH
[93m [WARNING] [0m If libaio is already installed (perhaps from source), try setting the CFLAGS and LDFLAGS environment variables to where it can be found.
[93m [WARNING] [0m Please specify the CUTLASS repo directory as environment variable $CUTLASS_PATH
[93m [WARNING] [0m async_io requires the dev libaio .so object and headers but these were not found.
[2024-08-07 23:58:19,100] [INFO] [real_accelerator.py:203:get_accelerator] Setting ds_accelerator to cuda (auto detect)
[93m [WARNING] [0m If libaio is already installed (perhaps from source), try setting the CFLAGS and LDFLAGS environment variables to where it can be found.
[93m [WARNING] [0m Please specify the CUTLASS repo directory as environment variable $CUTLASS_PATH
[93m [WARNING] [0m If libaio is already installed (perhaps from source), try setting the CFLAGS and LDFLAGS environment variables to where it can be found.
[93m [WARNING] [0m Please specify the CUTLASS repo directory as environment variable $CUTLASS_PATH
[93m [WARNING] [0m async_io requires the dev libaio .so object and headers but these were not found.
[93m [WARNING] [0m async_io requires the dev libaio .so object and headers but these were not found.
[93m [WARNING] [0m If libaio is already installed (perhaps from source), try setting the CFLAGS and LDFLAGS environment variables to where it can be found.
[93m [WARNING] [0m Please specify the CUTLASS repo directory as environment variable $CUTLASS_PATH
[2024-08-07 23:58:19,118] [INFO] [real_accelerator.py:203:get_accelerator] Setting ds_accelerator to cuda (auto detect)
[2024-08-07 23:58:19,125] [INFO] [real_accelerator.py:203:get_accelerator] Setting ds_accelerator to cuda (auto detect)
[2024-08-07 23:58:19,126] [INFO] [real_accelerator.py:203:get_accelerator] Setting ds_accelerator to cuda (auto detect)
[93m [WARNING] [0m If libaio is already installed (perhaps from source), try setting the CFLAGS and LDFLAGS environment variables to where it can be found.
[93m [WARNING] [0m Please specify the CUTLASS repo directory as environment variable $CUTLASS_PATH
[93m [WARNING] [0m If libaio is already installed (perhaps from source), try setting the CFLAGS and LDFLAGS environment variables to where it can be found.
[93m [WARNING] [0m Please specify the CUTLASS repo directory as environment variable $CUTLASS_PATH
[93m [WARNING] [0m sparse_attn is not compatible with ROCM
[93m [WARNING] [0m sparse_attn is not compatible with ROCM
[93m [WARNING] [0m sparse_attn is not compatible with ROCM
[93m [WARNING] [0m sparse_attn is not compatible with ROCM
[93m [WARNING] [0m sparse_attn is not compatible with ROCM
[93m [WARNING] [0m sparse_attn is not compatible with ROCM
[93m [WARNING] [0m sparse_attn is not compatible with ROCM
[93m [WARNING] [0m sparse_attn is not compatible with ROCM
[93m [WARNING] [0m sparse_attn is not compatible with ROCM
[93m [WARNING] [0m sparse_attn is not compatible with ROCM
[93m [WARNING] [0m sparse_attn is not compatible with ROCM
[93m [WARNING] [0m sparse_attn is not compatible with ROCM
[93m [WARNING] [0m sparse_attn is not compatible with ROCM
[93m [WARNING] [0m sparse_attn is not compatible with ROCM
[93m [WARNING] [0m sparse_attn is not compatible with ROCM
[93m [WARNING] [0m sparse_attn is not compatible with ROCM
[93m [WARNING] [0m sparse_attn is not compatible with ROCM
[93m [WARNING] [0m sparse_attn is not compatible with ROCM
[93m [WARNING] [0m sparse_attn is not compatible with ROCM
[93m [WARNING] [0m sparse_attn is not compatible with ROCM
[93m [WARNING] [0m sparse_attn is not compatible with ROCM
[93m [WARNING] [0m sparse_attn is not compatible with ROCM
[93m [WARNING] [0m sparse_attn is not compatible with ROCM
[93m [WARNING] [0m sparse_attn is not compatible with ROCM
[2024-08-07 23:58:22,603] [INFO] [real_accelerator.py:203:get_accelerator] Setting ds_accelerator to cuda (auto detect)
[2024-08-07 23:58:22,604] [INFO] [real_accelerator.py:203:get_accelerator] Setting ds_accelerator to cuda (auto detect)
[2024-08-07 23:58:22,611] [INFO] [real_accelerator.py:203:get_accelerator] Setting ds_accelerator to cuda (auto detect)
[2024-08-07 23:58:22,753] [INFO] [real_accelerator.py:203:get_accelerator] Setting ds_accelerator to cuda (auto detect)
[2024-08-07 23:58:22,770] [INFO] [real_accelerator.py:203:get_accelerator] Setting ds_accelerator to cuda (auto detect)
[2024-08-07 23:58:22,836] [INFO] [comm.py:637:init_distributed] cdb=None
[2024-08-07 23:58:22,836] [INFO] [comm.py:637:init_distributed] cdb=None
[2024-08-07 23:58:22,836] [INFO] [comm.py:637:init_distributed] cdb=None
[2024-08-07 23:58:22,836] [INFO] [comm.py:637:init_distributed] cdb=None
[2024-08-07 23:58:22,836] [INFO] [comm.py:637:init_distributed] cdb=None
[2024-08-07 23:58:22,836] [INFO] [comm.py:637:init_distributed] cdb=None
[2024-08-07 23:58:22,836] [INFO] [comm.py:637:init_distributed] cdb=None
[2024-08-07 23:58:22,836] [INFO] [comm.py:637:init_distributed] cdb=None
[W socket.cpp:697] [c10d] The client socket cannot be initialized to connect to [frontier05120.frontier.olcf.ornl.gov]:8889 (errno: 97 - Address family not supported by protocol).
[W socket.cpp:697] [c10d] The client socket cannot be initialized to connect to [frontier05120.frontier.olcf.ornl.gov]:8889 (errno: 97 - Address family not supported by protocol).
[W socket.cpp:697] [c10d] The client socket cannot be initialized to connect to [frontier05120.frontier.olcf.ornl.gov]:8889 (errno: 97 - Address family not supported by protocol).
[W socket.cpp:697] [c10d] The client socket cannot be initialized to connect to [frontier05120.frontier.olcf.ornl.gov]:8889 (errno: 97 - Address family not supported by protocol).
[W socket.cpp:697] [c10d] The client socket cannot be initialized to connect to [frontier05120.frontier.olcf.ornl.gov]:8889 (errno: 97 - Address family not supported by protocol).
[W socket.cpp:697] [c10d] The client socket cannot be initialized to connect to [frontier05120.frontier.olcf.ornl.gov]:8889 (errno: 97 - Address family not supported by protocol).
[2024-08-07 23:58:22,926] [INFO] [real_accelerator.py:203:get_accelerator] Setting ds_accelerator to cuda (auto detect)
[W socket.cpp:697] [c10d] The client socket cannot be initialized to connect to [frontier05120.frontier.olcf.ornl.gov]:8889 (errno: 97 - Address family not supported by protocol).
[W socket.cpp:697] [c10d] The client socket cannot be initialized to connect to [frontier05120.frontier.olcf.ornl.gov]:8889 (errno: 97 - Address family not supported by protocol).
[2024-08-07 23:58:22,973] [INFO] [real_accelerator.py:203:get_accelerator] Setting ds_accelerator to cuda (auto detect)
[2024-08-07 23:58:22,984] [INFO] [real_accelerator.py:203:get_accelerator] Setting ds_accelerator to cuda (auto detect)
[2024-08-07 23:58:22,984] [INFO] [real_accelerator.py:203:get_accelerator] Setting ds_accelerator to cuda (auto detect)
[2024-08-07 23:58:22,985] [INFO] [real_accelerator.py:203:get_accelerator] Setting ds_accelerator to cuda (auto detect)
[2024-08-07 23:58:22,985] [INFO] [real_accelerator.py:203:get_accelerator] Setting ds_accelerator to cuda (auto detect)
[2024-08-07 23:58:22,988] [INFO] [real_accelerator.py:203:get_accelerator] Setting ds_accelerator to cuda (auto detect)
[2024-08-07 23:58:22,989] [INFO] [real_accelerator.py:203:get_accelerator] Setting ds_accelerator to cuda (auto detect)
[2024-08-07 23:58:23,012] [INFO] [real_accelerator.py:203:get_accelerator] Setting ds_accelerator to cuda (auto detect)
[2024-08-07 23:58:23,019] [INFO] [real_accelerator.py:203:get_accelerator] Setting ds_accelerator to cuda (auto detect)
[2024-08-07 23:58:23,022] [INFO] [real_accelerator.py:203:get_accelerator] Setting ds_accelerator to cuda (auto detect)
[2024-08-07 23:58:23,505] [INFO] [comm.py:637:init_distributed] cdb=None
[2024-08-07 23:58:23,533] [INFO] [comm.py:637:init_distributed] cdb=None
[2024-08-07 23:58:23,534] [INFO] [comm.py:637:init_distributed] cdb=None
[2024-08-07 23:58:23,534] [INFO] [comm.py:637:init_distributed] cdb=None
[2024-08-07 23:58:23,534] [INFO] [comm.py:637:init_distributed] cdb=None
[2024-08-07 23:58:23,534] [INFO] [comm.py:637:init_distributed] cdb=None
[2024-08-07 23:58:23,534] [INFO] [comm.py:637:init_distributed] cdb=None
[2024-08-07 23:58:23,534] [INFO] [comm.py:637:init_distributed] cdb=None
[W socket.cpp:697] [c10d] The client socket cannot be initialized to connect to [frontier05120.frontier.olcf.ornl.gov]:8889 (errno: 97 - Address family not supported by protocol).
[W socket.cpp:697] [c10d] The client socket cannot be initialized to connect to [frontier05120.frontier.olcf.ornl.gov]:8889 (errno: 97 - Address family not supported by protocol).
[2024-08-07 23:58:23,563] [INFO] [comm.py:637:init_distributed] cdb=None
[2024-08-07 23:58:23,580] [INFO] [comm.py:637:init_distributed] cdb=None
[2024-08-07 23:58:23,580] [INFO] [comm.py:637:init_distributed] cdb=None
[2024-08-07 23:58:23,580] [INFO] [comm.py:637:init_distributed] cdb=None
[W socket.cpp:697] [c10d] The client socket cannot be initialized to connect to [frontier05120.frontier.olcf.ornl.gov]:8889 (errno: 97 - Address family not supported by protocol).
[2024-08-07 23:58:23,580] [INFO] [comm.py:637:init_distributed] cdb=None
[2024-08-07 23:58:23,580] [INFO] [comm.py:637:init_distributed] cdb=None
[2024-08-07 23:58:23,581] [INFO] [comm.py:637:init_distributed] cdb=None
[2024-08-07 23:58:23,581] [INFO] [comm.py:637:init_distributed] cdb=None
[W socket.cpp:697] [c10d] The client socket cannot be initialized to connect to [frontier05120.frontier.olcf.ornl.gov]:8889 (errno: 97 - Address family not supported by protocol).
[W socket.cpp:697] [c10d] The client socket cannot be initialized to connect to [frontier05120.frontier.olcf.ornl.gov]:8889 (errno: 97 - Address family not supported by protocol).
[W socket.cpp:697] [c10d] The client socket cannot be initialized to connect to [frontier05120.frontier.olcf.ornl.gov]:8889 (errno: 97 - Address family not supported by protocol).
[W socket.cpp:697] [c10d] The client socket cannot be initialized to connect to [frontier05120.frontier.olcf.ornl.gov]:8889 (errno: 97 - Address family not supported by protocol).
[W socket.cpp:697] [c10d] The client socket cannot be initialized to connect to [frontier05120.frontier.olcf.ornl.gov]:8889 (errno: 97 - Address family not supported by protocol).
[W socket.cpp:697] [c10d] The client socket cannot be initialized to connect to [frontier05120.frontier.olcf.ornl.gov]:8889 (errno: 97 - Address family not supported by protocol).
[W socket.cpp:697] [c10d] The client socket cannot be initialized to connect to [frontier05120.frontier.olcf.ornl.gov]:8889 (errno: 97 - Address family not supported by protocol).
[W socket.cpp:697] [c10d] The client socket cannot be initialized to connect to [frontier05120.frontier.olcf.ornl.gov]:8889 (errno: 97 - Address family not supported by protocol).
[W socket.cpp:697] [c10d] The client socket cannot be initialized to connect to [frontier05120.frontier.olcf.ornl.gov]:8889 (errno: 97 - Address family not supported by protocol).
[W socket.cpp:697] [c10d] The client socket cannot be initialized to connect to [frontier05120.frontier.olcf.ornl.gov]:8889 (errno: 97 - Address family not supported by protocol).
[W socket.cpp:697] [c10d] The client socket cannot be initialized to connect to [frontier05120.frontier.olcf.ornl.gov]:8889 (errno: 97 - Address family not supported by protocol).
[W socket.cpp:697] [c10d] The client socket cannot be initialized to connect to [frontier05120.frontier.olcf.ornl.gov]:8889 (errno: 97 - Address family not supported by protocol).
[W socket.cpp:697] [c10d] The client socket cannot be initialized to connect to [frontier05120.frontier.olcf.ornl.gov]:8889 (errno: 97 - Address family not supported by protocol).
[2024-08-07 23:58:23,822] [INFO] [comm.py:637:init_distributed] cdb=None
[2024-08-07 23:58:23,844] [INFO] [comm.py:637:init_distributed] cdb=None
[2024-08-07 23:58:23,844] [INFO] [comm.py:637:init_distributed] cdb=None
[2024-08-07 23:58:23,844] [INFO] [comm.py:637:init_distributed] cdb=None
[2024-08-07 23:58:23,846] [INFO] [comm.py:637:init_distributed] cdb=None
[2024-08-07 23:58:23,846] [INFO] [comm.py:637:init_distributed] cdb=None
[2024-08-07 23:58:23,847] [INFO] [comm.py:637:init_distributed] cdb=None
[2024-08-07 23:58:23,847] [INFO] [comm.py:637:init_distributed] cdb=None
[W socket.cpp:697] [c10d] The client socket cannot be initialized to connect to [frontier05120.frontier.olcf.ornl.gov]:8889 (errno: 97 - Address family not supported by protocol).
[W socket.cpp:697] [c10d] The client socket cannot be initialized to connect to [frontier05120.frontier.olcf.ornl.gov]:8889 (errno: 97 - Address family not supported by protocol).
[W socket.cpp:697] [c10d] The client socket cannot be initialized to connect to [frontier05120.frontier.olcf.ornl.gov]:8889 (errno: 97 - Address family not supported by protocol).
[W socket.cpp:697] [c10d] The client socket cannot be initialized to connect to [frontier05120.frontier.olcf.ornl.gov]:8889 (errno: 97 - Address family not supported by protocol).
[W socket.cpp:697] [c10d] The client socket cannot be initialized to connect to [frontier05120.frontier.olcf.ornl.gov]:8889 (errno: 97 - Address family not supported by protocol).
[W socket.cpp:697] [c10d] The client socket cannot be initialized to connect to [frontier05120.frontier.olcf.ornl.gov]:8889 (errno: 97 - Address family not supported by protocol).
[W socket.cpp:697] [c10d] The client socket cannot be initialized to connect to [frontier05120.frontier.olcf.ornl.gov]:8889 (errno: 97 - Address family not supported by protocol).
[W socket.cpp:697] [c10d] The client socket cannot be initialized to connect to [frontier05120.frontier.olcf.ornl.gov]:8889 (errno: 97 - Address family not supported by protocol).
[2024-08-07 23:58:24,915] [INFO] [comm.py:637:init_distributed] cdb=None
[2024-08-07 23:58:24,915] [INFO] [comm.py:637:init_distributed] cdb=None
[2024-08-07 23:58:24,915] [INFO] [comm.py:637:init_distributed] cdb=None
[2024-08-07 23:58:24,915] [INFO] [comm.py:637:init_distributed] cdb=None
[2024-08-07 23:58:24,915] [INFO] [comm.py:637:init_distributed] cdb=None
[2024-08-07 23:58:24,915] [INFO] [comm.py:637:init_distributed] cdb=None
[2024-08-07 23:58:24,915] [INFO] [comm.py:637:init_distributed] cdb=None
[2024-08-07 23:58:24,916] [INFO] [comm.py:637:init_distributed] cdb=None
[W socket.cpp:697] [c10d] The client socket cannot be initialized to connect to [frontier05120.frontier.olcf.ornl.gov]:8889 (errno: 97 - Address family not supported by protocol).
[W socket.cpp:697] [c10d] The client socket cannot be initialized to connect to [frontier05120.frontier.olcf.ornl.gov]:8889 (errno: 97 - Address family not supported by protocol).
[W socket.cpp:697] [c10d] The client socket cannot be initialized to connect to [frontier05120.frontier.olcf.ornl.gov]:8889 (errno: 97 - Address family not supported by protocol).
[W socket.cpp:697] [c10d] The client socket cannot be initialized to connect to [frontier05120.frontier.olcf.ornl.gov]:8889 (errno: 97 - Address family not supported by protocol).
[W socket.cpp:697] [c10d] The client socket cannot be initialized to connect to [frontier05120.frontier.olcf.ornl.gov]:8889 (errno: 97 - Address family not supported by protocol).
[W socket.cpp:697] [c10d] The client socket cannot be initialized to connect to [frontier05120.frontier.olcf.ornl.gov]:8889 (errno: 97 - Address family not supported by protocol).
[W socket.cpp:697] [c10d] The client socket cannot be initialized to connect to [frontier05120.frontier.olcf.ornl.gov]:8889 (errno: 97 - Address family not supported by protocol).
[W socket.cpp:697] [c10d] The client socket cannot be initialized to connect to [frontier05120.frontier.olcf.ornl.gov]:8889 (errno: 97 - Address family not supported by protocol).
[2024-08-07 23:58:25,169] [INFO] [comm.py:637:init_distributed] cdb=None
[2024-08-07 23:58:25,170] [INFO] [comm.py:637:init_distributed] cdb=None
[2024-08-07 23:58:25,171] [INFO] [comm.py:637:init_distributed] cdb=None
[2024-08-07 23:58:25,171] [INFO] [comm.py:637:init_distributed] cdb=None
[2024-08-07 23:58:25,174] [INFO] [comm.py:637:init_distributed] cdb=None
[2024-08-07 23:58:25,175] [INFO] [comm.py:637:init_distributed] cdb=None
[2024-08-07 23:58:25,175] [INFO] [comm.py:637:init_distributed] cdb=None
[2024-08-07 23:58:25,176] [INFO] [comm.py:637:init_distributed] cdb=None
[W socket.cpp:697] [c10d] The client socket cannot be initialized to connect to [frontier05120.frontier.olcf.ornl.gov]:8889 (errno: 97 - Address family not supported by protocol).
[W socket.cpp:697] [c10d] The client socket cannot be initialized to connect to [frontier05120.frontier.olcf.ornl.gov]:8889 (errno: 97 - Address family not supported by protocol).
[W socket.cpp:697] [c10d] The client socket cannot be initialized to connect to [frontier05120.frontier.olcf.ornl.gov]:8889 (errno: 97 - Address family not supported by protocol).
[W socket.cpp:697] [c10d] The client socket cannot be initialized to connect to [frontier05120.frontier.olcf.ornl.gov]:8889 (errno: 97 - Address family not supported by protocol).
[W socket.cpp:697] [c10d] The client socket cannot be initialized to connect to [frontier05120.frontier.olcf.ornl.gov]:8889 (errno: 97 - Address family not supported by protocol).
[2024-08-07 23:58:25,231] [INFO] [comm.py:637:init_distributed] cdb=None
[2024-08-07 23:58:25,232] [INFO] [comm.py:637:init_distributed] cdb=None
[2024-08-07 23:58:25,232] [INFO] [comm.py:637:init_distributed] cdb=None
[2024-08-07 23:58:25,238] [INFO] [comm.py:637:init_distributed] cdb=None
[2024-08-07 23:58:25,238] [INFO] [comm.py:637:init_distributed] cdb=None
[W socket.cpp:697] [c10d] The client socket cannot be initialized to connect to [frontier05120.frontier.olcf.ornl.gov]:8889 (errno: 97 - Address family not supported by protocol).
[2024-08-07 23:58:25,239] [INFO] [comm.py:637:init_distributed] cdb=None
[2024-08-07 23:58:25,239] [INFO] [comm.py:637:init_distributed] cdb=None
[2024-08-07 23:58:25,239] [INFO] [comm.py:637:init_distributed] cdb=None
[W socket.cpp:697] [c10d] The client socket cannot be initialized to connect to [frontier05120.frontier.olcf.ornl.gov]:8889 (errno: 97 - Address family not supported by protocol).
[W socket.cpp:697] [c10d] The client socket cannot be initialized to connect to [frontier05120.frontier.olcf.ornl.gov]:8889 (errno: 97 - Address family not supported by protocol).
[W socket.cpp:697] [c10d] The client socket cannot be initialized to connect to [frontier05120.frontier.olcf.ornl.gov]:8889 (errno: 97 - Address family not supported by protocol).
[W socket.cpp:697] [c10d] The client socket cannot be initialized to connect to [frontier05120.frontier.olcf.ornl.gov]:8889 (errno: 97 - Address family not supported by protocol).
[W socket.cpp:697] [c10d] The client socket cannot be initialized to connect to [frontier05120.frontier.olcf.ornl.gov]:8889 (errno: 97 - Address family not supported by protocol).
[W socket.cpp:697] [c10d] The client socket cannot be initialized to connect to [frontier05120.frontier.olcf.ornl.gov]:8889 (errno: 97 - Address family not supported by protocol).
[W socket.cpp:697] [c10d] The client socket cannot be initialized to connect to [frontier05120.frontier.olcf.ornl.gov]:8889 (errno: 97 - Address family not supported by protocol).
[W socket.cpp:697] [c10d] The client socket cannot be initialized to connect to [frontier05120.frontier.olcf.ornl.gov]:8889 (errno: 97 - Address family not supported by protocol).
[W socket.cpp:697] [c10d] The client socket cannot be initialized to connect to [frontier05120.frontier.olcf.ornl.gov]:8889 (errno: 97 - Address family not supported by protocol).
[W socket.cpp:697] [c10d] The client socket cannot be initialized to connect to [frontier05120.frontier.olcf.ornl.gov]:8889 (errno: 97 - Address family not supported by protocol).
[2024-08-07 23:58:26,628] [INFO] [comm.py:637:init_distributed] cdb=None
[W socket.cpp:697] [c10d] The client socket cannot be initialized to connect to [frontier05120.frontier.olcf.ornl.gov]:8889 (errno: 97 - Address family not supported by protocol).
[2024-08-07 23:58:26,650] [INFO] [comm.py:637:init_distributed] cdb=None
[2024-08-07 23:58:26,650] [INFO] [comm.py:637:init_distributed] cdb=None
[2024-08-07 23:58:26,650] [INFO] [comm.py:637:init_distributed] cdb=None
[2024-08-07 23:58:26,650] [INFO] [comm.py:637:init_distributed] cdb=None
[2024-08-07 23:58:26,650] [INFO] [comm.py:637:init_distributed] cdb=None
[2024-08-07 23:58:26,650] [INFO] [comm.py:637:init_distributed] cdb=None
[2024-08-07 23:58:26,650] [INFO] [comm.py:637:init_distributed] cdb=None
[W socket.cpp:697] [c10d] The client socket cannot be initialized to connect to [frontier05120.frontier.olcf.ornl.gov]:8889 (errno: 97 - Address family not supported by protocol).
[W socket.cpp:697] [c10d] The client socket cannot be initialized to connect to [frontier05120.frontier.olcf.ornl.gov]:8889 (errno: 97 - Address family not supported by protocol).
[W socket.cpp:697] [c10d] The client socket cannot be initialized to connect to [frontier05120.frontier.olcf.ornl.gov]:8889 (errno: 97 - Address family not supported by protocol).
[93m [WARNING] [0m async_io requires the dev libaio .so object and headers but these were not found.
[W socket.cpp:697] [c10d] The client socket cannot be initialized to connect to [frontier05120.frontier.olcf.ornl.gov]:8889 (errno: 97 - Address family not supported by protocol).
[W socket.cpp:697] [c10d] The client socket cannot be initialized to connect to [frontier05120.frontier.olcf.ornl.gov]:8889 (errno: 97 - Address family not supported by protocol).
[93m [WARNING] [0m async_io requires the dev libaio .so object and headers but these were not found.
[W socket.cpp:697] [c10d] The client socket cannot be initialized to connect to [frontier05120.frontier.olcf.ornl.gov]:8889 (errno: 97 - Address family not supported by protocol).
[2024-08-07 23:58:26,701] [INFO] [comm.py:637:init_distributed] cdb=None
[2024-08-07 23:58:26,701] [INFO] [comm.py:637:init_distributed] cdb=None
[93m [WARNING] [0m If libaio is already installed (perhaps from source), try setting the CFLAGS and LDFLAGS environment variables to where it can be found.
[93m [WARNING] [0m Please specify the CUTLASS repo directory as environment variable $CUTLASS_PATH
[2024-08-07 23:58:26,719] [INFO] [comm.py:637:init_distributed] cdb=None
[2024-08-07 23:58:26,723] [INFO] [comm.py:637:init_distributed] cdb=None
[2024-08-07 23:58:26,723] [INFO] [comm.py:637:init_distributed] cdb=None
[2024-08-07 23:58:26,723] [INFO] [comm.py:637:init_distributed] cdb=None
[2024-08-07 23:58:26,723] [INFO] [comm.py:637:init_distributed] cdb=None
[2024-08-07 23:58:26,724] [INFO] [comm.py:637:init_distributed] cdb=None
[93m [WARNING] [0m If libaio is already installed (perhaps from source), try setting the CFLAGS and LDFLAGS environment variables to where it can be found.
[93m [WARNING] [0m Please specify the CUTLASS repo directory as environment variable $CUTLASS_PATH
[93m [WARNING] [0m async_io requires the dev libaio .so object and headers but these were not found.
[W socket.cpp:697] [c10d] The client socket cannot be initialized to connect to [frontier05120.frontier.olcf.ornl.gov]:8889 (errno: 97 - Address family not supported by protocol).
[W socket.cpp:697] [c10d] The client socket cannot be initialized to connect to [frontier05120.frontier.olcf.ornl.gov]:8889 (errno: 97 - Address family not supported by protocol).
[W socket.cpp:697] [c10d] The client socket cannot be initialized to connect to [frontier05120.frontier.olcf.ornl.gov]:8889 (errno: 97 - Address family not supported by protocol).
[W socket.cpp:697] [c10d] The client socket cannot be initialized to connect to [frontier05120.frontier.olcf.ornl.gov]:8889 (errno: 97 - Address family not supported by protocol).
[93m [WARNING] [0m If libaio is already installed (perhaps from source), try setting the CFLAGS and LDFLAGS environment variables to where it can be found.
[93m [WARNING] [0m Please specify the CUTLASS repo directory as environment variable $CUTLASS_PATH
[W socket.cpp:697] [c10d] The client socket cannot be initialized to connect to [frontier05120.frontier.olcf.ornl.gov]:8889 (errno: 97 - Address family not supported by protocol).
[W socket.cpp:697] [c10d] The client socket cannot be initialized to connect to [frontier05120.frontier.olcf.ornl.gov]:8889 (errno: 97 - Address family not supported by protocol).
[W socket.cpp:697] [c10d] The client socket cannot be initialized to connect to [frontier05120.frontier.olcf.ornl.gov]:8889 (errno: 97 - Address family not supported by protocol).
[W socket.cpp:697] [c10d] The client socket cannot be initialized to connect to [frontier05120.frontier.olcf.ornl.gov]:8889 (errno: 97 - Address family not supported by protocol).
[W socket.cpp:697] [c10d] The client socket cannot be initialized to connect to [frontier05120.frontier.olcf.ornl.gov]:8889 (errno: 97 - Address family not supported by protocol).
[93m [WARNING] [0m async_io requires the dev libaio .so object and headers but these were not found.
[93m [WARNING] [0m async_io requires the dev libaio .so object and headers but these were not found.
[93m [WARNING] [0m async_io requires the dev libaio .so object and headers but these were not found.
[93m [WARNING] [0m async_io requires the dev libaio .so object and headers but these were not found.
[93m [WARNING] [0m If libaio is already installed (perhaps from source), try setting the CFLAGS and LDFLAGS environment variables to where it can be found.
[93m [WARNING] [0m Please specify the CUTLASS repo directory as environment variable $CUTLASS_PATH
[93m [WARNING] [0m async_io requires the dev libaio .so object and headers but these were not found.
[93m [WARNING] [0m If libaio is already installed (perhaps from source), try setting the CFLAGS and LDFLAGS environment variables to where it can be found.
[93m [WARNING] [0m Please specify the CUTLASS repo directory as environment variable $CUTLASS_PATH
[93m [WARNING] [0m If libaio is already installed (perhaps from source), try setting the CFLAGS and LDFLAGS environment variables to where it can be found.
[93m [WARNING] [0m Please specify the CUTLASS repo directory as environment variable $CUTLASS_PATH
[93m [WARNING] [0m async_io requires the dev libaio .so object and headers but these were not found.
[93m [WARNING] [0m If libaio is already installed (perhaps from source), try setting the CFLAGS and LDFLAGS environment variables to where it can be found.
[93m [WARNING] [0m Please specify the CUTLASS repo directory as environment variable $CUTLASS_PATH
[93m [WARNING] [0m If libaio is already installed (perhaps from source), try setting the CFLAGS and LDFLAGS environment variables to where it can be found.
[93m [WARNING] [0m Please specify the CUTLASS repo directory as environment variable $CUTLASS_PATH
[93m [WARNING] [0m async_io requires the dev libaio .so object and headers but these were not found.
[93m [WARNING] [0m If libaio is already installed (perhaps from source), try setting the CFLAGS and LDFLAGS environment variables to where it can be found.
[93m [WARNING] [0m Please specify the CUTLASS repo directory as environment variable $CUTLASS_PATH
[93m [WARNING] [0m async_io requires the dev libaio .so object and headers but these were not found.
[93m [WARNING] [0m If libaio is already installed (perhaps from source), try setting the CFLAGS and LDFLAGS environment variables to where it can be found.
[93m [WARNING] [0m Please specify the CUTLASS repo directory as environment variable $CUTLASS_PATH
[93m [WARNING] [0m If libaio is already installed (perhaps from source), try setting the CFLAGS and LDFLAGS environment variables to where it can be found.
[93m [WARNING] [0m Please specify the CUTLASS repo directory as environment variable $CUTLASS_PATH
[93m [WARNING] [0m sparse_attn is not compatible with ROCM
[93m [WARNING] [0m async_io requires the dev libaio .so object and headers but these were not found.
[93m [WARNING] [0m sparse_attn is not compatible with ROCM
[93m [WARNING] [0m async_io requires the dev libaio .so object and headers but these were not found.
[93m [WARNING] [0m If libaio is already installed (perhaps from source), try setting the CFLAGS and LDFLAGS environment variables to where it can be found.
[93m [WARNING] [0m Please specify the CUTLASS repo directory as environment variable $CUTLASS_PATH
[93m [WARNING] [0m sparse_attn is not compatible with ROCM
[93m [WARNING] [0m If libaio is already installed (perhaps from source), try setting the CFLAGS and LDFLAGS environment variables to where it can be found.
[93m [WARNING] [0m Please specify the CUTLASS repo directory as environment variable $CUTLASS_PATH
[93m [WARNING] [0m async_io requires the dev libaio .so object and headers but these were not found.
[93m [WARNING] [0m async_io requires the dev libaio .so object and headers but these were not found.
[93m [WARNING] [0m async_io requires the dev libaio .so object and headers but these were not found.
[93m [WARNING] [0m If libaio is already installed (perhaps from source), try setting the CFLAGS and LDFLAGS environment variables to where it can be found.
[93m [WARNING] [0m Please specify the CUTLASS repo directory as environment variable $CUTLASS_PATH
[93m [WARNING] [0m If libaio is already installed (perhaps from source), try setting the CFLAGS and LDFLAGS environment variables to where it can be found.
[93m [WARNING] [0m Please specify the CUTLASS repo directory as environment variable $CUTLASS_PATH
[93m [WARNING] [0m If libaio is already installed (perhaps from source), try setting the CFLAGS and LDFLAGS environment variables to where it can be found.
[93m [WARNING] [0m Please specify the CUTLASS repo directory as environment variable $CUTLASS_PATH
[93m [WARNING] [0m async_io requires the dev libaio .so object and headers but these were not found.
[93m [WARNING] [0m async_io requires the dev libaio .so object and headers but these were not found.
[93m [WARNING] [0m async_io requires the dev libaio .so object and headers but these were not found.
[93m [WARNING] [0m async_io requires the dev libaio .so object and headers but these were not found.
[93m [WARNING] [0m async_io requires the dev libaio .so object and headers but these were not found.
[93m [WARNING] [0m async_io requires the dev libaio .so object and headers but these were not found.
[93m [WARNING] [0m async_io requires the dev libaio .so object and headers but these were not found.
[93m [WARNING] [0m sparse_attn is not compatible with ROCM
[93m [WARNING] [0m async_io requires the dev libaio .so object and headers but these were not found.
[93m [WARNING] [0m async_io requires the dev libaio .so object and headers but these were not found.
[93m [WARNING] [0m If libaio is already installed (perhaps from source), try setting the CFLAGS and LDFLAGS environment variables to where it can be found.
[93m [WARNING] [0m Please specify the CUTLASS repo directory as environment variable $CUTLASS_PATH
[93m [WARNING] [0m sparse_attn is not compatible with ROCM
[93m [WARNING] [0m sparse_attn is not compatible with ROCM
[93m [WARNING] [0m If libaio is already installed (perhaps from source), try setting the CFLAGS and LDFLAGS environment variables to where it can be found.
[93m [WARNING] [0m Please specify the CUTLASS repo directory as environment variable $CUTLASS_PATH
[93m [WARNING] [0m sparse_attn is not compatible with ROCM
[93m [WARNING] [0m sparse_attn is not compatible with ROCM
[93m [WARNING] [0m If libaio is already installed (perhaps from source), try setting the CFLAGS and LDFLAGS environment variables to where it can be found.
[93m [WARNING] [0m Please specify the CUTLASS repo directory as environment variable $CUTLASS_PATH
[93m [WARNING] [0m If libaio is already installed (perhaps from source), try setting the CFLAGS and LDFLAGS environment variables to where it can be found.
[93m [WARNING] [0m Please specify the CUTLASS repo directory as environment variable $CUTLASS_PATH
[93m [WARNING] [0m If libaio is already installed (perhaps from source), try setting the CFLAGS and LDFLAGS environment variables to where it can be found.
[93m [WARNING] [0m Please specify the CUTLASS repo directory as environment variable $CUTLASS_PATH
[93m [WARNING] [0m If libaio is already installed (perhaps from source), try setting the CFLAGS and LDFLAGS environment variables to where it can be found.
[93m [WARNING] [0m Please specify the CUTLASS repo directory as environment variable $CUTLASS_PATH
[93m [WARNING] [0m If libaio is already installed (perhaps from source), try setting the CFLAGS and LDFLAGS environment variables to where it can be found.
[93m [WARNING] [0m Please specify the CUTLASS repo directory as environment variable $CUTLASS_PATH
[93m [WARNING] [0m If libaio is already installed (perhaps from source), try setting the CFLAGS and LDFLAGS environment variables to where it can be found.
[93m [WARNING] [0m Please specify the CUTLASS repo directory as environment variable $CUTLASS_PATH
[93m [WARNING] [0m async_io requires the dev libaio .so object and headers but these were not found.
[93m [WARNING] [0m If libaio is already installed (perhaps from source), try setting the CFLAGS and LDFLAGS environment variables to where it can be found.
[93m [WARNING] [0m Please specify the CUTLASS repo directory as environment variable $CUTLASS_PATH
[93m [WARNING] [0m async_io requires the dev libaio .so object and headers but these were not found.
[93m [WARNING] [0m sparse_attn is not compatible with ROCM
[93m [WARNING] [0m async_io requires the dev libaio .so object and headers but these were not found.
[93m [WARNING] [0m If libaio is already installed (perhaps from source), try setting the CFLAGS and LDFLAGS environment variables to where it can be found.
[93m [WARNING] [0m Please specify the CUTLASS repo directory as environment variable $CUTLASS_PATH
[93m [WARNING] [0m If libaio is already installed (perhaps from source), try setting the CFLAGS and LDFLAGS environment variables to where it can be found.
[93m [WARNING] [0m Please specify the CUTLASS repo directory as environment variable $CUTLASS_PATH
[93m [WARNING] [0m If libaio is already installed (perhaps from source), try setting the CFLAGS and LDFLAGS environment variables to where it can be found.
[93m [WARNING] [0m Please specify the CUTLASS repo directory as environment variable $CUTLASS_PATH
[93m [WARNING] [0m sparse_attn is not compatible with ROCM
[93m [WARNING] [0m sparse_attn is not compatible with ROCM
[93m [WARNING] [0m async_io requires the dev libaio .so object and headers but these were not found.
[93m [WARNING] [0m async_io requires the dev libaio .so object and headers but these were not found.
[93m [WARNING] [0m async_io requires the dev libaio .so object and headers but these were not found.
[93m [WARNING] [0m async_io requires the dev libaio .so object and headers but these were not found.
[93m [WARNING] [0m async_io requires the dev libaio .so object and headers but these were not found.
[93m [WARNING] [0m async_io requires the dev libaio .so object and headers but these were not found.
[93m [WARNING] [0m If libaio is already installed (perhaps from source), try setting the CFLAGS and LDFLAGS environment variables to where it can be found.
[93m [WARNING] [0m Please specify the CUTLASS repo directory as environment variable $CUTLASS_PATH
[93m [WARNING] [0m async_io requires the dev libaio .so object and headers but these were not found.
[93m [WARNING] [0m async_io requires the dev libaio .so object and headers but these were not found.
[93m [WARNING] [0m async_io requires the dev libaio .so object and headers but these were not found.
[93m [WARNING] [0m sparse_attn is not compatible with ROCM
[93m [WARNING] [0m If libaio is already installed (perhaps from source), try setting the CFLAGS and LDFLAGS environment variables to where it can be found.
[93m [WARNING] [0m Please specify the CUTLASS repo directory as environment variable $CUTLASS_PATH
[93m [WARNING] [0m If libaio is already installed (perhaps from source), try setting the CFLAGS and LDFLAGS environment variables to where it can be found.
[93m [WARNING] [0m Please specify the CUTLASS repo directory as environment variable $CUTLASS_PATH
[93m [WARNING] [0m sparse_attn is not compatible with ROCM
[93m [WARNING] [0m If libaio is already installed (perhaps from source), try setting the CFLAGS and LDFLAGS environment variables to where it can be found.
[93m [WARNING] [0m Please specify the CUTLASS repo directory as environment variable $CUTLASS_PATH
[93m [WARNING] [0m If libaio is already installed (perhaps from source), try setting the CFLAGS and LDFLAGS environment variables to where it can be found.
[93m [WARNING] [0m Please specify the CUTLASS repo directory as environment variable $CUTLASS_PATH
[93m [WARNING] [0m If libaio is already installed (perhaps from source), try setting the CFLAGS and LDFLAGS environment variables to where it can be found.
[93m [WARNING] [0m Please specify the CUTLASS repo directory as environment variable $CUTLASS_PATH
[93m [WARNING] [0m If libaio is already installed (perhaps from source), try setting the CFLAGS and LDFLAGS environment variables to where it can be found.
[93m [WARNING] [0m Please specify the CUTLASS repo directory as environment variable $CUTLASS_PATH
[93m [WARNING] [0m If libaio is already installed (perhaps from source), try setting the CFLAGS and LDFLAGS environment variables to where it can be found.
[93m [WARNING] [0m Please specify the CUTLASS repo directory as environment variable $CUTLASS_PATH
[93m [WARNING] [0m If libaio is already installed (perhaps from source), try setting the CFLAGS and LDFLAGS environment variables to where it can be found.
[93m [WARNING] [0m Please specify the CUTLASS repo directory as environment variable $CUTLASS_PATH
[93m [WARNING] [0m sparse_attn is not compatible with ROCM
[93m [WARNING] [0m sparse_attn is not compatible with ROCM
[93m [WARNING] [0m sparse_attn is not compatible with ROCM
[93m [WARNING] [0m async_io requires the dev libaio .so object and headers but these were not found.
[93m [WARNING] [0m async_io requires the dev libaio .so object and headers but these were not found.
[93m [WARNING] [0m async_io requires the dev libaio .so object and headers but these were not found.
[93m [WARNING] [0m If libaio is already installed (perhaps from source), try setting the CFLAGS and LDFLAGS environment variables to where it can be found.
[93m [WARNING] [0m Please specify the CUTLASS repo directory as environment variable $CUTLASS_PATH
[93m [WARNING] [0m If libaio is already installed (perhaps from source), try setting the CFLAGS and LDFLAGS environment variables to where it can be found.
[93m [WARNING] [0m Please specify the CUTLASS repo directory as environment variable $CUTLASS_PATH
[93m [WARNING] [0m sparse_attn is not compatible with ROCM
[93m [WARNING] [0m sparse_attn is not compatible with ROCM
[93m [WARNING] [0m If libaio is already installed (perhaps from source), try setting the CFLAGS and LDFLAGS environment variables to where it can be found.
[93m [WARNING] [0m Please specify the CUTLASS repo directory as environment variable $CUTLASS_PATH
[93m [WARNING] [0m sparse_attn is not compatible with ROCM
[93m [WARNING] [0m sparse_attn is not compatible with ROCM
[93m [WARNING] [0m sparse_attn is not compatible with ROCM
[93m [WARNING] [0m sparse_attn is not compatible with ROCM
[93m [WARNING] [0m sparse_attn is not compatible with ROCM
[93m [WARNING] [0m sparse_attn is not compatible with ROCM
[93m [WARNING] [0m sparse_attn is not compatible with ROCM
[93m [WARNING] [0m sparse_attn is not compatible with ROCM
[93m [WARNING] [0m sparse_attn is not compatible with ROCM
[93m [WARNING] [0m sparse_attn is not compatible with ROCM
[93m [WARNING] [0m sparse_attn is not compatible with ROCM
[93m [WARNING] [0m sparse_attn is not compatible with ROCM
[93m [WARNING] [0m sparse_attn is not compatible with ROCM
[93m [WARNING] [0m sparse_attn is not compatible with ROCM
[93m [WARNING] [0m sparse_attn is not compatible with ROCM
[93m [WARNING] [0m sparse_attn is not compatible with ROCM
[93m [WARNING] [0m sparse_attn is not compatible with ROCM
[93m [WARNING] [0m sparse_attn is not compatible with ROCM
[93m [WARNING] [0m sparse_attn is not compatible with ROCM
[93m [WARNING] [0m sparse_attn is not compatible with ROCM
[93m [WARNING] [0m sparse_attn is not compatible with ROCM
[93m [WARNING] [0m sparse_attn is not compatible with ROCM
[93m [WARNING] [0m async_io requires the dev libaio .so object and headers but these were not found.
[93m [WARNING] [0m async_io requires the dev libaio .so object and headers but these were not found.
[93m [WARNING] [0m If libaio is already installed (perhaps from source), try setting the CFLAGS and LDFLAGS environment variables to where it can be found.
[93m [WARNING] [0m Please specify the CUTLASS repo directory as environment variable $CUTLASS_PATH
[93m [WARNING] [0m async_io requires the dev libaio .so object and headers but these were not found.
[93m [WARNING] [0m If libaio is already installed (perhaps from source), try setting the CFLAGS and LDFLAGS environment variables to where it can be found.
[93m [WARNING] [0m Please specify the CUTLASS repo directory as environment variable $CUTLASS_PATH
[93m [WARNING] [0m If libaio is already installed (perhaps from source), try setting the CFLAGS and LDFLAGS environment variables to where it can be found.
[93m [WARNING] [0m Please specify the CUTLASS repo directory as environment variable $CUTLASS_PATH
[93m [WARNING] [0m async_io requires the dev libaio .so object and headers but these were not found.
[93m [WARNING] [0m async_io requires the dev libaio .so object and headers but these were not found.
[93m [WARNING] [0m If libaio is already installed (perhaps from source), try setting the CFLAGS and LDFLAGS environment variables to where it can be found.
[93m [WARNING] [0m Please specify the CUTLASS repo directory as environment variable $CUTLASS_PATH
[93m [WARNING] [0m async_io requires the dev libaio .so object and headers but these were not found.
[93m [WARNING] [0m If libaio is already installed (perhaps from source), try setting the CFLAGS and LDFLAGS environment variables to where it can be found.
[93m [WARNING] [0m Please specify the CUTLASS repo directory as environment variable $CUTLASS_PATH
[93m [WARNING] [0m async_io requires the dev libaio .so object and headers but these were not found.
[93m [WARNING] [0m If libaio is already installed (perhaps from source), try setting the CFLAGS and LDFLAGS environment variables to where it can be found.
[93m [WARNING] [0m Please specify the CUTLASS repo directory as environment variable $CUTLASS_PATH
[93m [WARNING] [0m If libaio is already installed (perhaps from source), try setting the CFLAGS and LDFLAGS environment variables to where it can be found.
[93m [WARNING] [0m Please specify the CUTLASS repo directory as environment variable $CUTLASS_PATH
[93m [WARNING] [0m async_io requires the dev libaio .so object and headers but these were not found.
[93m [WARNING] [0m async_io requires the dev libaio .so object and headers but these were not found.
[93m [WARNING] [0m If libaio is already installed (perhaps from source), try setting the CFLAGS and LDFLAGS environment variables to where it can be found.
[93m [WARNING] [0m Please specify the CUTLASS repo directory as environment variable $CUTLASS_PATH
[93m [WARNING] [0m If libaio is already installed (perhaps from source), try setting the CFLAGS and LDFLAGS environment variables to where it can be found.
[93m [WARNING] [0m Please specify the CUTLASS repo directory as environment variable $CUTLASS_PATH
[93m [WARNING] [0m async_io requires the dev libaio .so object and headers but these were not found.
[93m [WARNING] [0m async_io requires the dev libaio .so object and headers but these were not found.
[93m [WARNING] [0m If libaio is already installed (perhaps from source), try setting the CFLAGS and LDFLAGS environment variables to where it can be found.
[93m [WARNING] [0m Please specify the CUTLASS repo directory as environment variable $CUTLASS_PATH
[93m [WARNING] [0m async_io requires the dev libaio .so object and headers but these were not found.
[93m [WARNING] [0m async_io requires the dev libaio .so object and headers but these were not found.
[93m [WARNING] [0m async_io requires the dev libaio .so object and headers but these were not found.
[93m [WARNING] [0m If libaio is already installed (perhaps from source), try setting the CFLAGS and LDFLAGS environment variables to where it can be found.
[93m [WARNING] [0m Please specify the CUTLASS repo directory as environment variable $CUTLASS_PATH
[93m [WARNING] [0m If libaio is already installed (perhaps from source), try setting the CFLAGS and LDFLAGS environment variables to where it can be found.
[93m [WARNING] [0m Please specify the CUTLASS repo directory as environment variable $CUTLASS_PATH
[93m [WARNING] [0m If libaio is already installed (perhaps from source), try setting the CFLAGS and LDFLAGS environment variables to where it can be found.
[93m [WARNING] [0m Please specify the CUTLASS repo directory as environment variable $CUTLASS_PATH
[93m [WARNING] [0m If libaio is already installed (perhaps from source), try setting the CFLAGS and LDFLAGS environment variables to where it can be found.
[93m [WARNING] [0m Please specify the CUTLASS repo directory as environment variable $CUTLASS_PATH
[93m [WARNING] [0m async_io requires the dev libaio .so object and headers but these were not found.
[93m [WARNING] [0m async_io requires the dev libaio .so object and headers but these were not found.
[93m [WARNING] [0m If libaio is already installed (perhaps from source), try setting the CFLAGS and LDFLAGS environment variables to where it can be found.
[93m [WARNING] [0m Please specify the CUTLASS repo directory as environment variable $CUTLASS_PATH
[93m [WARNING] [0m If libaio is already installed (perhaps from source), try setting the CFLAGS and LDFLAGS environment variables to where it can be found.
[93m [WARNING] [0m Please specify the CUTLASS repo directory as environment variable $CUTLASS_PATH
[93m [WARNING] [0m sparse_attn is not compatible with ROCM
[93m [WARNING] [0m sparse_attn is not compatible with ROCM
[93m [WARNING] [0m sparse_attn is not compatible with ROCM
[93m [WARNING] [0m sparse_attn is not compatible with ROCM
[93m [WARNING] [0m sparse_attn is not compatible with ROCM
[93m [WARNING] [0m sparse_attn is not compatible with ROCM
[93m [WARNING] [0m sparse_attn is not compatible with ROCM
[93m [WARNING] [0m sparse_attn is not compatible with ROCM
[93m [WARNING] [0m sparse_attn is not compatible with ROCM
[93m [WARNING] [0m sparse_attn is not compatible with ROCM
[93m [WARNING] [0m sparse_attn is not compatible with ROCM
[93m [WARNING] [0m sparse_attn is not compatible with ROCM
[93m [WARNING] [0m sparse_attn is not compatible with ROCM
[93m [WARNING] [0m sparse_attn is not compatible with ROCM
[93m [WARNING] [0m sparse_attn is not compatible with ROCM
[93m [WARNING] [0m sparse_attn is not compatible with ROCM
[2024-08-07 23:58:54,432] [INFO] [comm.py:637:init_distributed] cdb=None
[2024-08-07 23:58:54,432] [INFO] [comm.py:637:init_distributed] cdb=None
[W socket.cpp:697] [c10d] The client socket cannot be initialized to connect to [frontier05120.frontier.olcf.ornl.gov]:8889 (errno: 97 - Address family not supported by protocol).
[2024-08-07 23:58:54,478] [INFO] [comm.py:637:init_distributed] cdb=None
[W socket.cpp:697] [c10d] The client socket cannot be initialized to connect to [frontier05120.frontier.olcf.ornl.gov]:8889 (errno: 97 - Address family not supported by protocol).
[2024-08-07 23:58:54,546] [INFO] [comm.py:637:init_distributed] cdb=None
[2024-08-07 23:58:54,546] [INFO] [comm.py:637:init_distributed] cdb=None
[2024-08-07 23:58:54,550] [INFO] [comm.py:637:init_distributed] cdb=None
[W socket.cpp:697] [c10d] The client socket cannot be initialized to connect to [frontier05120.frontier.olcf.ornl.gov]:8889 (errno: 97 - Address family not supported by protocol).
[2024-08-07 23:58:54,576] [INFO] [comm.py:637:init_distributed] cdb=None
[W socket.cpp:697] [c10d] The client socket cannot be initialized to connect to [frontier05120.frontier.olcf.ornl.gov]:8889 (errno: 97 - Address family not supported by protocol).
[2024-08-07 23:58:54,621] [INFO] [comm.py:637:init_distributed] cdb=None
[W socket.cpp:697] [c10d] The client socket cannot be initialized to connect to [frontier05120.frontier.olcf.ornl.gov]:8889 (errno: 97 - Address family not supported by protocol).
[2024-08-07 23:58:54,638] [INFO] [comm.py:637:init_distributed] cdb=None
[2024-08-07 23:58:54,646] [INFO] [comm.py:637:init_distributed] cdb=None
[W socket.cpp:697] [c10d] The client socket cannot be initialized to connect to [frontier05120.frontier.olcf.ornl.gov]:8889 (errno: 97 - Address family not supported by protocol).
[W socket.cpp:697] [c10d] The client socket cannot be initialized to connect to [frontier05120.frontier.olcf.ornl.gov]:8889 (errno: 97 - Address family not supported by protocol).
[W socket.cpp:697] [c10d] The client socket cannot be initialized to connect to [frontier05120.frontier.olcf.ornl.gov]:8889 (errno: 97 - Address family not supported by protocol).
[W socket.cpp:697] [c10d] The client socket cannot be initialized to connect to [frontier05120.frontier.olcf.ornl.gov]:8889 (errno: 97 - Address family not supported by protocol).
[2024-08-07 23:58:54,673] [INFO] [comm.py:637:init_distributed] cdb=None
[2024-08-07 23:58:54,673] [INFO] [comm.py:637:init_distributed] cdb=None
[2024-08-07 23:58:54,676] [INFO] [comm.py:637:init_distributed] cdb=None
[W socket.cpp:697] [c10d] The client socket cannot be initialized to connect to [frontier05120.frontier.olcf.ornl.gov]:8889 (errno: 97 - Address family not supported by protocol).
[2024-08-07 23:58:54,683] [INFO] [comm.py:637:init_distributed] cdb=None
[2024-08-07 23:58:54,688] [INFO] [comm.py:637:init_distributed] cdb=None
[2024-08-07 23:58:54,688] [INFO] [comm.py:637:init_distributed] cdb=None
[W socket.cpp:697] [c10d] The client socket cannot be initialized to connect to [frontier05120.frontier.olcf.ornl.gov]:8889 (errno: 97 - Address family not supported by protocol).
[2024-08-07 23:58:54,703] [INFO] [comm.py:637:init_distributed] cdb=None
[2024-08-07 23:58:54,706] [INFO] [comm.py:637:init_distributed] cdb=None
[2024-08-07 23:58:54,706] [INFO] [comm.py:637:init_distributed] cdb=None
[2024-08-07 23:58:54,706] [INFO] [comm.py:637:init_distributed] cdb=None
[2024-08-07 23:58:54,707] [INFO] [comm.py:637:init_distributed] cdb=None
[W socket.cpp:697] [c10d] The client socket cannot be initialized to connect to [frontier05120.frontier.olcf.ornl.gov]:8889 (errno: 97 - Address family not supported by protocol).
[2024-08-07 23:58:54,713] [INFO] [comm.py:637:init_distributed] cdb=None
[2024-08-07 23:58:54,713] [INFO] [comm.py:637:init_distributed] cdb=None
[2024-08-07 23:58:54,714] [INFO] [comm.py:637:init_distributed] cdb=None
[W socket.cpp:697] [c10d] The client socket cannot be initialized to connect to [frontier05120.frontier.olcf.ornl.gov]:8889 (errno: 97 - Address family not supported by protocol).
[W socket.cpp:697] [c10d] The client socket cannot be initialized to connect to [frontier05120.frontier.olcf.ornl.gov]:8889 (errno: 97 - Address family not supported by protocol).
[2024-08-07 23:58:54,733] [INFO] [comm.py:637:init_distributed] cdb=None
[2024-08-07 23:58:54,733] [INFO] [comm.py:637:init_distributed] cdb=None
[2024-08-07 23:58:54,733] [INFO] [comm.py:637:init_distributed] cdb=None
[W socket.cpp:697] [c10d] The client socket cannot be initialized to connect to [frontier05120.frontier.olcf.ornl.gov]:8889 (errno: 97 - Address family not supported by protocol).
[W socket.cpp:697] [c10d] The client socket cannot be initialized to connect to [frontier05120.frontier.olcf.ornl.gov]:8889 (errno: 97 - Address family not supported by protocol).
[2024-08-07 23:58:54,745] [INFO] [comm.py:637:init_distributed] cdb=None
[2024-08-07 23:58:54,748] [INFO] [comm.py:637:init_distributed] cdb=None
[2024-08-07 23:58:54,749] [INFO] [comm.py:637:init_distributed] cdb=None
[2024-08-07 23:58:54,749] [INFO] [comm.py:637:init_distributed] cdb=None
[2024-08-07 23:58:54,749] [INFO] [comm.py:637:init_distributed] cdb=None
[2024-08-07 23:58:54,749] [INFO] [comm.py:637:init_distributed] cdb=None
[2024-08-07 23:58:54,750] [INFO] [comm.py:637:init_distributed] cdb=None
[2024-08-07 23:58:54,750] [INFO] [comm.py:637:init_distributed] cdb=None
[2024-08-07 23:58:54,750] [INFO] [comm.py:637:init_distributed] cdb=None
[2024-08-07 23:58:54,753] [INFO] [comm.py:637:init_distributed] cdb=None
[W socket.cpp:697] [c10d] The client socket cannot be initialized to connect to [frontier05120.frontier.olcf.ornl.gov]:8889 (errno: 97 - Address family not supported by protocol).
[W socket.cpp:697] [c10d] The client socket cannot be initialized to connect to [frontier05120.frontier.olcf.ornl.gov]:8889 (errno: 97 - Address family not supported by protocol).
[W socket.cpp:697] [c10d] The client socket cannot be initialized to connect to [frontier05120.frontier.olcf.ornl.gov]:8889 (errno: 97 - Address family not supported by protocol).
[W socket.cpp:697] [c10d] The client socket cannot be initialized to connect to [frontier05120.frontier.olcf.ornl.gov]:8889 (errno: 97 - Address family not supported by protocol).
[W socket.cpp:697] [c10d] The client socket cannot be initialized to connect to [frontier05120.frontier.olcf.ornl.gov]:8889 (errno: 97 - Address family not supported by protocol).
[W socket.cpp:697] [c10d] The client socket cannot be initialized to connect to [frontier05120.frontier.olcf.ornl.gov]:8889 (errno: 97 - Address family not supported by protocol).
[W socket.cpp:697] [c10d] The client socket cannot be initialized to connect to [frontier05120.frontier.olcf.ornl.gov]:8889 (errno: 97 - Address family not supported by protocol).
[W socket.cpp:697] [c10d] The client socket cannot be initialized to connect to [frontier05120.frontier.olcf.ornl.gov]:8889 (errno: 97 - Address family not supported by protocol).
[W socket.cpp:697] [c10d] The client socket cannot be initialized to connect to [frontier05120.frontier.olcf.ornl.gov]:8889 (errno: 97 - Address family not supported by protocol).
[W socket.cpp:697] [c10d] The client socket cannot be initialized to connect to [frontier05120.frontier.olcf.ornl.gov]:8889 (errno: 97 - Address family not supported by protocol).
[W socket.cpp:697] [c10d] The client socket cannot be initialized to connect to [frontier05120.frontier.olcf.ornl.gov]:8889 (errno: 97 - Address family not supported by protocol).
[2024-08-07 23:58:54,798] [INFO] [comm.py:637:init_distributed] cdb=None
[W socket.cpp:697] [c10d] The client socket cannot be initialized to connect to [frontier05120.frontier.olcf.ornl.gov]:8889 (errno: 97 - Address family not supported by protocol).
[W socket.cpp:697] [c10d] The client socket cannot be initialized to connect to [frontier05120.frontier.olcf.ornl.gov]:8889 (errno: 97 - Address family not supported by protocol).
[2024-08-07 23:58:54,806] [INFO] [comm.py:637:init_distributed] cdb=None
[W socket.cpp:697] [c10d] The client socket cannot be initialized to connect to [frontier05120.frontier.olcf.ornl.gov]:8889 (errno: 97 - Address family not supported by protocol).
[W socket.cpp:697] [c10d] The client socket cannot be initialized to connect to [frontier05120.frontier.olcf.ornl.gov]:8889 (errno: 97 - Address family not supported by protocol).
[2024-08-07 23:58:54,812] [INFO] [comm.py:637:init_distributed] cdb=None
[W socket.cpp:697] [c10d] The client socket cannot be initialized to connect to [frontier05120.frontier.olcf.ornl.gov]:8889 (errno: 97 - Address family not supported by protocol).
[W socket.cpp:697] [c10d] The client socket cannot be initialized to connect to [frontier05120.frontier.olcf.ornl.gov]:8889 (errno: 97 - Address family not supported by protocol).
[W socket.cpp:697] [c10d] The client socket cannot be initialized to connect to [frontier05120.frontier.olcf.ornl.gov]:8889 (errno: 97 - Address family not supported by protocol).
[W socket.cpp:697] [c10d] The client socket cannot be initialized to connect to [frontier05120.frontier.olcf.ornl.gov]:8889 (errno: 97 - Address family not supported by protocol).
[W socket.cpp:697] [c10d] The client socket cannot be initialized to connect to [frontier05120.frontier.olcf.ornl.gov]:8889 (errno: 97 - Address family not supported by protocol).
[W socket.cpp:697] [c10d] The client socket cannot be initialized to connect to [frontier05120.frontier.olcf.ornl.gov]:8889 (errno: 97 - Address family not supported by protocol).
[W socket.cpp:697] [c10d] The client socket cannot be initialized to connect to [frontier05120.frontier.olcf.ornl.gov]:8889 (errno: 97 - Address family not supported by protocol).
[W socket.cpp:697] [c10d] The client socket cannot be initialized to connect to [frontier05120.frontier.olcf.ornl.gov]:8889 (errno: 97 - Address family not supported by protocol).
[W socket.cpp:697] [c10d] The client socket cannot be initialized to connect to [frontier05120.frontier.olcf.ornl.gov]:8889 (errno: 97 - Address family not supported by protocol).
Distributed data parallel: nccl master at frontier05120:8889
[2024-08-07 23:58:57,588] [INFO] [comm.py:637:init_distributed] cdb=None
[2024-08-07 23:58:57,588] [INFO] [comm.py:637:init_distributed] cdb=None
[2024-08-07 23:58:57,588] [INFO] [comm.py:637:init_distributed] cdb=None
[2024-08-07 23:58:57,588] [INFO] [comm.py:637:init_distributed] cdb=None
[2024-08-07 23:58:57,588] [INFO] [comm.py:637:init_distributed] cdb=None
[2024-08-07 23:58:57,588] [INFO] [comm.py:637:init_distributed] cdb=None
[2024-08-07 23:58:57,588] [INFO] [comm.py:637:init_distributed] cdb=None
[2024-08-07 23:58:57,588] [INFO] [comm.py:637:init_distributed] cdb=None
[2024-08-07 23:58:57,588] [INFO] [comm.py:668:init_distributed] Initializing TorchBackend in DeepSpeed with backend nccl
[W socket.cpp:464] [c10d] The server socket cannot be initialized on [::]:8889 (errno: 97 - Address family not supported by protocol).
[W socket.cpp:697] [c10d] The client socket cannot be initialized to connect to [frontier05120.frontier.olcf.ornl.gov]:8889 (errno: 97 - Address family not supported by protocol).
[W socket.cpp:697] [c10d] The client socket cannot be initialized to connect to [frontier05120.frontier.olcf.ornl.gov]:8889 (errno: 97 - Address family not supported by protocol).
[W socket.cpp:697] [c10d] The client socket cannot be initialized to connect to [frontier05120.frontier.olcf.ornl.gov]:8889 (errno: 97 - Address family not supported by protocol).
[W socket.cpp:697] [c10d] The client socket cannot be initialized to connect to [frontier05120.frontier.olcf.ornl.gov]:8889 (errno: 97 - Address family not supported by protocol).
[W socket.cpp:697] [c10d] The client socket cannot be initialized to connect to [frontier05120.frontier.olcf.ornl.gov]:8889 (errno: 97 - Address family not supported by protocol).
[W socket.cpp:697] [c10d] The client socket cannot be initialized to connect to [frontier05120.frontier.olcf.ornl.gov]:8889 (errno: 97 - Address family not supported by protocol).
[W socket.cpp:697] [c10d] The client socket cannot be initialized to connect to [frontier05120.frontier.olcf.ornl.gov]:8889 (errno: 97 - Address family not supported by protocol).
[W socket.cpp:697] [c10d] The client socket cannot be initialized to connect to [frontier05120.frontier.olcf.ornl.gov]:8889 (errno: 97 - Address family not supported by protocol).
[2024-08-07 23:58:57,818] [INFO] [comm.py:637:init_distributed] cdb=None
[2024-08-07 23:58:57,818] [INFO] [comm.py:637:init_distributed] cdb=None
[2024-08-07 23:58:57,818] [INFO] [comm.py:637:init_distributed] cdb=None
[2024-08-07 23:58:57,818] [INFO] [comm.py:637:init_distributed] cdb=None
[2024-08-07 23:58:57,818] [INFO] [comm.py:637:init_distributed] cdb=None
[2024-08-07 23:58:57,818] [INFO] [comm.py:637:init_distributed] cdb=None
[2024-08-07 23:58:57,818] [INFO] [comm.py:637:init_distributed] cdb=None
[2024-08-07 23:58:57,818] [INFO] [comm.py:637:init_distributed] cdb=None
[W socket.cpp:697] [c10d] The client socket cannot be initialized to connect to [frontier05120.frontier.olcf.ornl.gov]:8889 (errno: 97 - Address family not supported by protocol).
[W socket.cpp:697] [c10d] The client socket cannot be initialized to connect to [frontier05120.frontier.olcf.ornl.gov]:8889 (errno: 97 - Address family not supported by protocol).
[W socket.cpp:697] [c10d] The client socket cannot be initialized to connect to [frontier05120.frontier.olcf.ornl.gov]:8889 (errno: 97 - Address family not supported by protocol).
[W socket.cpp:697] [c10d] The client socket cannot be initialized to connect to [frontier05120.frontier.olcf.ornl.gov]:8889 (errno: 97 - Address family not supported by protocol).
[W socket.cpp:697] [c10d] The client socket cannot be initialized to connect to [frontier05120.frontier.olcf.ornl.gov]:8889 (errno: 97 - Address family not supported by protocol).
[W socket.cpp:697] [c10d] The client socket cannot be initialized to connect to [frontier05120.frontier.olcf.ornl.gov]:8889 (errno: 97 - Address family not supported by protocol).
[W socket.cpp:697] [c10d] The client socket cannot be initialized to connect to [frontier05120.frontier.olcf.ornl.gov]:8889 (errno: 97 - Address family not supported by protocol).
[W socket.cpp:697] [c10d] The client socket cannot be initialized to connect to [frontier05120.frontier.olcf.ornl.gov]:8889 (errno: 97 - Address family not supported by protocol).
0: Command: ./examples/multidataset/train_deepspeed_exportmem.py --multi_model_list=OC2022 --multi --num_epoch=1 --everyone --ddstore --log=exp-strongfull-XLARGE-2204373-NN16-VANILLA --inputfile=XLARGE_MTL.json --use_deepspeed

0: Adios reading: /lustre/orion/lrn031/scratch/zye327/HydraGNN_ds/./examples/multidataset/./dataset/OC2022.bp
0: Read attr time (sec):  0.007691383361816406
0: read and bcast: trainset/x/variable_count 0.2836799621582031
0: read and bcast: trainset/x/variable_offset 0.5707695484161377
0: read and bcast: trainset/x/variable_dim 0.5710916519165039
0: read and bcast: trainset/edge_index/variable_count 0.8550975322723389
0: read and bcast: trainset/edge_index/variable_offset 1.1403231620788574
0: read and bcast: trainset/edge_index/variable_dim 1.1553280353546143
0: read and bcast: trainset/edge_attr/variable_count 1.4376745223999023
0: read and bcast: trainset/edge_attr/variable_offset 1.7255563735961914
0: read and bcast: trainset/edge_attr/variable_dim 1.7397701740264893
0: read and bcast: trainset/pos/variable_count 2.0235159397125244
0: read and bcast: trainset/pos/variable_offset 2.3101813793182373
0: read and bcast: trainset/pos/variable_dim 2.326951742172241
0: read and bcast: trainset/y/variable_count 2.6120688915252686
0: read and bcast: trainset/y/variable_offset 2.9011974334716797
0: read and bcast: trainset/y/variable_dim 2.9179718494415283
0: Overall time (sec):  2.9258291721343994
0: DDStore adding time (sec):  0.0
0: Data loading time (sec):  2.9345223903656006
0: Adios reading: /lustre/orion/lrn031/scratch/zye327/HydraGNN_ds/./examples/multidataset/./dataset/OC2022.bp
0: Read attr time (sec):  0.005391359329223633
0: read and bcast: valset/x/variable_count 0.032898902893066406
0: read and bcast: valset/x/variable_offset 0.06160330772399902
0: read and bcast: valset/x/variable_dim 0.06186318397521973
0: read and bcast: valset/edge_index/variable_count 0.08904004096984863
0: read and bcast: valset/edge_index/variable_offset 0.11698079109191895
0: read and bcast: valset/edge_index/variable_dim 0.11723685264587402
0: read and bcast: valset/edge_attr/variable_count 0.1443653106689453
0: read and bcast: valset/edge_attr/variable_offset 0.1716616153717041
0: read and bcast: valset/edge_attr/variable_dim 0.1719038486480713
0: read and bcast: valset/pos/variable_count 0.19912290573120117
0: read and bcast: valset/pos/variable_offset 0.22641348838806152
0: read and bcast: valset/pos/variable_dim 0.22665047645568848
0: read and bcast: valset/y/variable_count 0.2535731792449951
0: read and bcast: valset/y/variable_offset 0.2808544635772705
0: read and bcast: valset/y/variable_dim 0.2810981273651123
0: Overall time (sec):  0.2866196632385254
0: DDStore adding time (sec):  0.0
0: Data loading time (sec):  0.29067540168762207
0: Adios reading: /lustre/orion/lrn031/scratch/zye327/HydraGNN_ds/./examples/multidataset/./dataset/OC2022.bp
0: Read attr time (sec):  0.005410909652709961
0: read and bcast: testset/x/variable_count 0.013226032257080078
0: read and bcast: testset/x/variable_offset 0.02583146095275879
0: read and bcast: testset/x/variable_dim 0.025977134704589844
0: read and bcast: testset/edge_index/variable_count 0.038369178771972656
0: read and bcast: testset/edge_index/variable_offset 0.05060267448425293
0: read and bcast: testset/edge_index/variable_dim 0.050740718841552734
0: read and bcast: testset/edge_attr/variable_count 0.06299328804016113
0: read and bcast: testset/edge_attr/variable_offset 0.07530450820922852
0: read and bcast: testset/edge_attr/variable_dim 0.07544851303100586
0: read and bcast: testset/pos/variable_count 0.08773541450500488
0: read and bcast: testset/pos/variable_offset 0.10020804405212402
0: read and bcast: testset/pos/variable_dim 0.10034799575805664
0: read and bcast: testset/y/variable_count 0.1127007007598877
0: read and bcast: testset/y/variable_offset 0.12506985664367676
0: read and bcast: testset/y/variable_dim 0.12521052360534668
0: Overall time (sec):  0.13074588775634766
0: DDStore adding time (sec):  0.0
0: Data loading time (sec):  0.1346580982208252
0: Adios preloading: /lustre/orion/lrn031/scratch/zye327/HydraGNN_ds/./examples/multidataset/./dataset/OC2022.bp
0: Adios reading time (sec):  1.9232885837554932
0: Adios preloading: /lustre/orion/lrn031/scratch/zye327/HydraGNN_ds/./examples/multidataset/./dataset/OC2022.bp
0: Adios reading time (sec):  0.22295117378234863
0: Adios preloading: /lustre/orion/lrn031/scratch/zye327/HydraGNN_ds/./examples/multidataset/./dataset/OC2022.bp
0: Adios reading time (sec):  0.09393024444580078
Loading:   0%|          | 0/59255 [00:00<?, ?it/s]Loading:   1%|          | 321/59255 [00:00<00:18, 3201.80it/s]Loading:   1%|          | 642/59255 [00:00<00:19, 3054.52it/s]Loading:   2%|▏         | 948/59255 [00:00<00:19, 3025.00it/s]Loading:   2%|▏         | 1251/59255 [00:00<00:29, 1943.23it/s]Loading:   3%|▎         | 1561/59255 [00:00<00:25, 2244.12it/s]Loading:   3%|▎         | 1872/59255 [00:00<00:23, 2477.77it/s]Loading:   4%|▎         | 2180/59255 [00:00<00:21, 2644.04it/s]Loading:   4%|▍         | 2492/59255 [00:00<00:20, 2777.61it/s]Loading:   5%|▍         | 2813/59255 [00:01<00:19, 2902.45it/s]Loading:   5%|▌         | 3134/59255 [00:01<00:18, 2989.76it/s]Loading:   6%|▌         | 3446/59255 [00:01<00:18, 3027.53it/s]Loading:   6%|▋         | 3762/59255 [00:01<00:18, 3064.09it/s]Loading:   7%|▋         | 4079/59255 [00:01<00:17, 3093.20it/s]Loading:   7%|▋         | 4392/59255 [00:01<00:17, 3072.83it/s]Loading:   8%|▊         | 4712/59255 [00:01<00:17, 3108.91it/s]Loading:   8%|▊         | 5025/59255 [00:01<00:17, 3099.91it/s]Loading:   9%|▉         | 5337/59255 [00:01<00:17, 3086.18it/s]Loading:  10%|▉         | 5653/59255 [00:01<00:17, 3105.27it/s]Loading:  10%|█         | 5974/59255 [00:02<00:16, 3134.37it/s]Loading:  11%|█         | 6288/59255 [00:02<00:16, 3117.53it/s]Loading:  11%|█         | 6601/59255 [00:02<00:17, 3095.35it/s]Loading:  12%|█▏        | 6914/59255 [00:02<00:16, 3103.19it/s]Loading:  12%|█▏        | 7225/59255 [00:02<00:16, 3097.34it/s]Loading:  13%|█▎        | 7541/59255 [00:02<00:16, 3113.53it/s]Loading:  13%|█▎        | 7853/59255 [00:02<00:16, 3089.50it/s]Loading:  14%|█▍        | 8163/59255 [00:02<00:16, 3072.47it/s]Loading:  14%|█▍        | 8471/59255 [00:02<00:16, 3074.41it/s]Loading:  15%|█▍        | 8780/59255 [00:02<00:16, 3078.77it/s]Loading:  15%|█▌        | 9093/59255 [00:03<00:16, 3092.00it/s]Loading:  16%|█▌        | 9403/59255 [00:03<00:16, 3084.84it/s]Loading:  16%|█▋        | 9723/59255 [00:03<00:15, 3116.53it/s]Loading:  17%|█▋        | 10036/59255 [00:03<00:15, 3118.70it/s]Loading:  17%|█▋        | 10348/59255 [00:03<00:15, 3094.80it/s]Loading:  18%|█▊        | 10658/59255 [00:03<00:15, 3052.35it/s]Loading:  19%|█▊        | 10967/59255 [00:03<00:15, 3062.63it/s]Loading:  19%|█▉        | 11277/59255 [00:03<00:15, 3073.31it/s]Loading:  20%|█▉        | 11592/59255 [00:03<00:15, 3094.53it/s]Loading:  20%|██        | 11911/59255 [00:03<00:15, 3120.90it/s]Loading:  21%|██        | 12224/59255 [00:04<00:15, 3088.05it/s]Loading:  21%|██        | 12533/59255 [00:04<00:21, 2140.35it/s]Loading:  22%|██▏       | 12847/59255 [00:04<00:19, 2366.06it/s]Loading:  22%|██▏       | 13172/59255 [00:04<00:17, 2581.40it/s]Loading:  23%|██▎       | 13472/59255 [00:04<00:17, 2689.56it/s]Loading:  23%|██▎       | 13772/59255 [00:04<00:16, 2771.35it/s]Loading:  24%|██▎       | 14073/59255 [00:04<00:15, 2835.01it/s]Loading:  24%|██▍       | 14383/59255 [00:04<00:15, 2909.51it/s]Loading:  25%|██▍       | 14689/59255 [00:05<00:15, 2952.44it/s]Loading:  25%|██▌       | 15001/59255 [00:05<00:14, 3000.63it/s]Loading:  26%|██▌       | 15310/59255 [00:05<00:14, 3026.76it/s]Loading:  26%|██▋       | 15628/59255 [00:05<00:14, 3069.93it/s]Loading:  27%|██▋       | 15938/59255 [00:05<00:14, 3076.34it/s]Loading:  27%|██▋       | 16248/59255 [00:05<00:13, 3082.42it/s]Loading:  28%|██▊       | 16558/59255 [00:05<00:13, 3079.11it/s]Loading:  28%|██▊       | 16867/59255 [00:05<00:13, 3063.89it/s]Loading:  29%|██▉       | 17174/59255 [00:05<00:13, 3052.95it/s]Loading:  30%|██▉       | 17490/59255 [00:05<00:13, 3084.03it/s]Loading:  30%|███       | 17799/59255 [00:06<00:13, 3066.02it/s]Loading:  31%|███       | 18106/59255 [00:06<00:13, 3065.50it/s]Loading:  31%|███       | 18413/59255 [00:06<00:13, 3064.06it/s]Loading:  32%|███▏      | 18722/59255 [00:06<00:13, 3069.39it/s]Loading:  32%|███▏      | 19030/59255 [00:06<00:13, 3068.27it/s]Loading:  33%|███▎      | 19337/59255 [00:06<00:13, 3059.42it/s]Loading:  33%|███▎      | 19645/59255 [00:06<00:12, 3063.79it/s]Loading:  34%|███▎      | 19959/59255 [00:06<00:12, 3084.84it/s]Loading:  34%|███▍      | 20268/59255 [00:06<00:12, 3063.92it/s]Loading:  35%|███▍      | 20575/59255 [00:06<00:12, 3038.27it/s]Loading:  35%|███▌      | 20895/59255 [00:07<00:12, 3084.04it/s]Loading:  36%|███▌      | 21211/59255 [00:07<00:12, 3106.54it/s]Loading:  36%|███▋      | 21522/59255 [00:07<00:12, 3107.07it/s]Loading:  37%|███▋      | 21837/59255 [00:07<00:11, 3119.02it/s]Loading:  37%|███▋      | 22151/59255 [00:07<00:11, 3124.13it/s]Loading:  38%|███▊      | 22473/59255 [00:07<00:11, 3151.14it/s]Loading:  38%|███▊      | 22794/59255 [00:07<00:11, 3168.17it/s]Loading:  39%|███▉      | 23111/59255 [00:07<00:11, 3142.79it/s]Loading:  40%|███▉      | 23426/59255 [00:07<00:11, 3140.99it/s]Loading:  40%|████      | 23741/59255 [00:07<00:11, 3086.06it/s]Loading:  41%|████      | 24050/59255 [00:08<00:11, 3061.83it/s]Loading:  41%|████      | 24357/59255 [00:08<00:11, 3036.92it/s]Loading:  42%|████▏     | 24661/59255 [00:08<00:11, 3011.00it/s]Loading:  42%|████▏     | 24981/59255 [00:08<00:11, 3064.08it/s]Loading:  43%|████▎     | 25292/59255 [00:08<00:11, 3075.43it/s]Loading:  43%|████▎     | 25605/59255 [00:08<00:10, 3088.73it/s]Loading:  44%|████▎     | 25921/59255 [00:08<00:10, 3107.06it/s]Loading:  44%|████▍     | 26232/59255 [00:08<00:16, 2044.01it/s]Loading:  45%|████▍     | 26534/59255 [00:09<00:14, 2257.21it/s]Loading:  45%|████▌     | 26833/59255 [00:09<00:13, 2429.65it/s]Loading:  46%|████▌     | 27142/59255 [00:09<00:12, 2595.20it/s]Loading:  46%|████▋     | 27460/59255 [00:09<00:11, 2748.59it/s]Loading:  47%|████▋     | 27765/59255 [00:09<00:11, 2830.83it/s]Loading:  47%|████▋     | 28065/59255 [00:09<00:10, 2876.91it/s]Loading:  48%|████▊     | 28374/59255 [00:09<00:10, 2935.38it/s]Loading:  48%|████▊     | 28693/59255 [00:09<00:10, 3007.41it/s]Loading:  49%|████▉     | 29000/59255 [00:09<00:10, 3015.33it/s]Loading:  49%|████▉     | 29307/59255 [00:09<00:09, 3031.35it/s]Loading:  50%|████▉     | 29613/59255 [00:10<00:09, 3031.47it/s]Loading:  51%|█████     | 29930/59255 [00:10<00:09, 3071.29it/s]Loading:  51%|█████     | 30239/59255 [00:10<00:09, 3072.02it/s]Loading:  52%|█████▏    | 30554/59255 [00:10<00:09, 3092.73it/s]Loading:  52%|█████▏    | 30882/59255 [00:10<00:09, 3146.23it/s]Loading:  53%|█████▎    | 31205/59255 [00:10<00:08, 3169.44it/s]Loading:  53%|█████▎    | 31523/59255 [00:10<00:08, 3170.68it/s]Loading:  54%|█████▎    | 31841/59255 [00:10<00:08, 3113.46it/s]Loading:  54%|█████▍    | 32153/59255 [00:10<00:08, 3108.10it/s]Loading:  55%|█████▍    | 32465/59255 [00:10<00:08, 3110.82it/s]Loading:  55%|█████▌    | 32783/59255 [00:11<00:08, 3130.69it/s]Loading:  56%|█████▌    | 33097/59255 [00:11<00:08, 3092.31it/s]Loading:  56%|█████▋    | 33407/59255 [00:11<00:08, 3057.14it/s]Loading:  57%|█████▋    | 33713/59255 [00:11<00:08, 3022.81it/s]Loading:  57%|█████▋    | 34020/59255 [00:11<00:08, 3036.35it/s]Loading:  58%|█████▊    | 34328/59255 [00:11<00:08, 3048.16it/s]Loading:  58%|█████▊    | 34643/59255 [00:11<00:07, 3077.44it/s]Loading:  59%|█████▉    | 34954/59255 [00:11<00:07, 3085.19it/s]Loading:  60%|█████▉    | 35272/59255 [00:11<00:07, 3110.40it/s]Loading:  60%|██████    | 35584/59255 [00:11<00:07, 3110.42it/s]Loading:  61%|██████    | 35896/59255 [00:12<00:07, 3077.49it/s]Loading:  61%|██████    | 36206/59255 [00:12<00:07, 3081.90it/s]Loading:  62%|██████▏   | 36519/59255 [00:12<00:07, 3095.80it/s]Loading:  62%|██████▏   | 36831/59255 [00:12<00:07, 3103.00it/s]Loading:  63%|██████▎   | 37146/59255 [00:12<00:07, 3116.01it/s]Loading:  63%|██████▎   | 37463/59255 [00:12<00:06, 3129.46it/s]Loading:  64%|██████▍   | 37776/59255 [00:12<00:06, 3124.24it/s]Loading:  64%|██████▍   | 38089/59255 [00:12<00:06, 3079.42it/s]Loading:  65%|██████▍   | 38398/59255 [00:12<00:06, 3080.29it/s]Loading:  65%|██████▌   | 38710/59255 [00:12<00:06, 3091.09it/s]Loading:  66%|██████▌   | 39020/59255 [00:13<00:06, 3074.36it/s]Loading:  66%|██████▋   | 39328/59255 [00:13<00:06, 3075.94it/s]Loading:  67%|██████▋   | 39640/59255 [00:13<00:06, 3088.53it/s]Loading:  67%|██████▋   | 39953/59255 [00:13<00:06, 3099.58it/s]Loading:  68%|██████▊   | 40269/59255 [00:13<00:06, 3116.34it/s]Loading:  68%|██████▊   | 40583/59255 [00:13<00:05, 3122.44it/s]Loading:  69%|██████▉   | 40902/59255 [00:13<00:05, 3142.33it/s]Loading:  70%|██████▉   | 41217/59255 [00:13<00:05, 3129.30it/s]Loading:  70%|███████   | 41530/59255 [00:13<00:05, 3104.48it/s]Loading:  71%|███████   | 41845/59255 [00:13<00:05, 3116.34it/s]Loading:  71%|███████   | 42162/59255 [00:14<00:05, 3131.37it/s]Loading:  72%|███████▏  | 42476/59255 [00:14<00:05, 3128.88it/s]Loading:  72%|███████▏  | 42789/59255 [00:14<00:05, 3119.67it/s]Loading:  73%|███████▎  | 43101/59255 [00:14<00:05, 3116.64it/s]Loading:  73%|███████▎  | 43413/59255 [00:14<00:08, 1904.00it/s]Loading:  74%|███████▍  | 43721/59255 [00:14<00:07, 2146.40it/s]Loading:  74%|███████▍  | 44026/59255 [00:14<00:06, 2351.92it/s]Loading:  75%|███████▍  | 44328/59255 [00:15<00:05, 2514.43it/s]Loading:  75%|███████▌  | 44630/59255 [00:15<00:05, 2644.00it/s]Loading:  76%|███████▌  | 44939/59255 [00:15<00:05, 2763.50it/s]Loading:  76%|███████▋  | 45248/59255 [00:15<00:04, 2854.31it/s]Loading:  77%|███████▋  | 45551/59255 [00:15<00:04, 2903.50it/s]Loading:  77%|███████▋  | 45857/59255 [00:15<00:04, 2947.71it/s]Loading:  78%|███████▊  | 46170/59255 [00:15<00:04, 2999.10it/s]Loading:  78%|███████▊  | 46482/59255 [00:15<00:04, 3033.92it/s]Loading:  79%|███████▉  | 46801/59255 [00:15<00:04, 3078.49it/s]Loading:  80%|███████▉  | 47115/59255 [00:15<00:03, 3095.19it/s]Loading:  80%|████████  | 47427/59255 [00:16<00:03, 3098.05it/s]Loading:  81%|████████  | 47743/59255 [00:16<00:03, 3115.99it/s]Loading:  81%|████████  | 48056/59255 [00:16<00:03, 3107.35it/s]Loading:  82%|████████▏ | 48370/59255 [00:16<00:03, 3115.76it/s]Loading:  82%|████████▏ | 48683/59255 [00:16<00:03, 3112.72it/s]Loading:  83%|████████▎ | 48995/59255 [00:16<00:03, 3096.94it/s]Loading:  83%|████████▎ | 49311/59255 [00:16<00:03, 3114.78it/s]Loading:  84%|████████▎ | 49625/59255 [00:16<00:03, 3120.73it/s]Loading:  84%|████████▍ | 49938/59255 [00:16<00:02, 3112.15it/s]Loading:  85%|████████▍ | 50250/59255 [00:16<00:02, 3081.41it/s]Loading:  85%|████████▌ | 50559/59255 [00:17<00:02, 3083.68it/s]Loading:  86%|████████▌ | 50874/59255 [00:17<00:02, 3100.51it/s]Loading:  86%|████████▋ | 51185/59255 [00:17<00:02, 3043.68it/s]Loading:  87%|████████▋ | 51490/59255 [00:17<00:02, 3039.41it/s]Loading:  87%|████████▋ | 51802/59255 [00:17<00:02, 3062.26it/s]Loading:  88%|████████▊ | 52109/59255 [00:17<00:02, 3063.96it/s]Loading:  88%|████████▊ | 52416/59255 [00:17<00:02, 3057.43it/s]Loading:  89%|████████▉ | 52726/59255 [00:17<00:02, 3068.75it/s]Loading:  90%|████████▉ | 53041/59255 [00:17<00:02, 3092.48it/s]Loading:  90%|█████████ | 53351/59255 [00:17<00:01, 3076.50it/s]Loading:  91%|█████████ | 53664/59255 [00:18<00:01, 3091.80it/s]Loading:  91%|█████████ | 53979/59255 [00:18<00:01, 3107.77it/s]Loading:  92%|█████████▏| 54297/59255 [00:18<00:01, 3127.29it/s]Loading:  92%|█████████▏| 54615/59255 [00:18<00:01, 3140.54it/s]Loading:  93%|█████████▎| 54932/59255 [00:18<00:01, 3147.96it/s]Loading:  93%|█████████▎| 55247/59255 [00:18<00:01, 3129.06it/s]Loading:  94%|█████████▍| 55560/59255 [00:18<00:01, 3101.93it/s]Loading:  94%|█████████▍| 55871/59255 [00:18<00:01, 3075.90it/s]Loading:  95%|█████████▍| 56181/59255 [00:18<00:00, 3080.23it/s]Loading:  95%|█████████▌| 56493/59255 [00:18<00:00, 3091.78it/s]Loading:  96%|█████████▌| 56803/59255 [00:19<00:00, 3074.39it/s]Loading:  96%|█████████▋| 57111/59255 [00:19<00:00, 3073.31it/s]Loading:  97%|█████████▋| 57419/59255 [00:19<00:00, 3065.31it/s]Loading:  97%|█████████▋| 57726/59255 [00:19<00:00, 3059.91it/s]Loading:  98%|█████████▊| 58038/59255 [00:19<00:00, 3075.71it/s]Loading:  98%|█████████▊| 58360/59255 [00:19<00:00, 3117.73it/s]Loading:  99%|█████████▉| 58672/59255 [00:19<00:00, 3109.58it/s]Loading: 100%|█████████▉| 58983/59255 [00:19<00:00, 3042.15it/s]Loading: 100%|██████████| 59255/59255 [00:19<00:00, 2985.82it/s]
0: DDStore add: ('trainset/edge_attr', 0, dtype('float32'), (128224860, 1), 547075400.0, 0.47767482697963715)
0: DDStore add: ('trainset/edge_index', 1, dtype('int64'), (128224860, 2), 11878652361, 1.9106993079185486)
0: DDStore add: ('trainset/pos', 0, dtype('float32'), (4795746, 3), 150768850.0, 0.05359663814306259)
0: DDStore add: ('trainset/x', 0, dtype('float32'), (4795746, 4), 252415140.0, 0.07146218419075012)
0: DDStore add: ('trainset/y', 0, dtype('float32'), (14446493, 1), -357729.47, 0.05381738021969795)
0: DDStore add: ('trainset/y_loc', 0, dtype('int64'), (59255, 3), 14505748, 0.0013244524598121643)
0: DDStore total (GB): 2.5685747899115086
Loading:   0%|          | 0/6585 [00:00<?, ?it/s]Loading:   5%|▌         | 332/6585 [00:00<00:01, 3318.09it/s]Loading:  10%|█         | 672/6585 [00:00<00:01, 3362.20it/s]Loading:  15%|█▌        | 1011/6585 [00:00<00:01, 3372.24it/s]Loading:  20%|██        | 1349/6585 [00:00<00:01, 3361.49it/s]Loading:  26%|██▌       | 1686/6585 [00:00<00:01, 3303.17it/s]Loading:  31%|███       | 2017/6585 [00:00<00:01, 3199.44it/s]Loading:  36%|███▌      | 2338/6585 [00:00<00:01, 3174.44it/s]Loading:  40%|████      | 2656/6585 [00:00<00:01, 3174.29it/s]Loading:  45%|████▌     | 2976/6585 [00:00<00:01, 3182.12it/s]Loading:  50%|█████     | 3295/6585 [00:01<00:01, 1795.86it/s]Loading:  55%|█████▍    | 3616/6585 [00:01<00:01, 2073.71it/s]Loading:  60%|█████▉    | 3927/6585 [00:01<00:01, 2300.83it/s]Loading:  64%|██████▍   | 4235/6585 [00:01<00:00, 2485.19it/s]Loading:  69%|██████▉   | 4533/6585 [00:01<00:00, 2607.44it/s]Loading:  74%|███████▎  | 4840/6585 [00:01<00:00, 2730.32it/s]Loading:  78%|███████▊  | 5141/6585 [00:01<00:00, 2806.80it/s]Loading:  83%|████████▎ | 5448/6585 [00:01<00:00, 2879.74it/s]Loading:  88%|████████▊ | 5769/6585 [00:02<00:00, 2973.17it/s]Loading:  92%|█████████▏| 6080/6585 [00:02<00:00, 3011.21it/s]Loading:  97%|█████████▋| 6403/6585 [00:02<00:00, 3072.76it/s]Loading: 100%|██████████| 6585/6585 [00:02<00:00, 2819.60it/s]
0: DDStore add: ('valset/edge_attr', 0, dtype('float32'), (13671208, 1), 58309930.0, 0.05092921853065491)
0: DDStore add: ('valset/edge_index', 1, dtype('int64'), (13671208, 2), 1328668416, 0.20371687412261963)
0: DDStore add: ('valset/pos', 0, dtype('float32'), (526425, 3), 17769488.0, 0.005883257836103439)
0: DDStore add: ('valset/x', 0, dtype('float32'), (526425, 4), 31238396.0, 0.007844343781471252)
0: DDStore add: ('valset/y', 0, dtype('float32'), (1585860, 1), -42179.387, 0.005907788872718811)
0: DDStore add: ('valset/y_loc', 0, dtype('int64'), (6585, 3), 1592445, 0.00014718621969223022)
0: DDStore total (GB): 0.27442866936326027
Loading:   0%|          | 0/3183 [00:00<?, ?it/s]Loading:  11%|█         | 336/3183 [00:00<00:00, 3354.34it/s]Loading:  21%|██        | 674/3183 [00:00<00:00, 3365.74it/s]Loading:  32%|███▏      | 1011/3183 [00:00<00:00, 3356.62it/s]Loading:  42%|████▏     | 1347/3183 [00:00<00:00, 3357.22it/s]Loading:  53%|█████▎    | 1684/3183 [00:00<00:00, 3359.51it/s]Loading:  63%|██████▎   | 2020/3183 [00:00<00:00, 3231.06it/s]Loading:  74%|███████▎  | 2344/3183 [00:00<00:00, 3209.99it/s]Loading:  84%|████████▍ | 2666/3183 [00:00<00:00, 3199.81it/s]Loading:  94%|█████████▍| 2987/3183 [00:00<00:00, 3198.30it/s]Loading: 100%|██████████| 3183/3183 [00:00<00:00, 3243.92it/s]
0: DDStore add: ('testset/edge_attr', 0, dtype('float32'), (6685284, 1), 28360668.0, 0.02490462362766266)
0: DDStore add: ('testset/edge_index', 1, dtype('int64'), (6685284, 2), 557089918, 0.09961849451065063)
0: DDStore add: ('testset/pos', 0, dtype('float32'), (241919, 3), 7302729.0, 0.0027036555111408234)
0: DDStore add: ('testset/x', 0, dtype('float32'), (241919, 4), 12574320.0, 0.003604874014854431)
0: DDStore add: ('testset/y', 0, dtype('float32'), (728940, 1), -19235.979, 0.0027155131101608276)
0: DDStore add: ('testset/y_loc', 0, dtype('int64'), (3183, 3), 732123, 7.114559412002563e-05)
0: DDStore total (GB): 0.1336183063685894
0: trainset,valset,testset size: 7584541 842810 407409
0: Using GPU
0:           graph_convs.0.module_0.edge_mlp.0.weight	          [5000, 10]	     50000
0:             graph_convs.0.module_0.edge_mlp.0.bias	              [5000]	      5000
0:           graph_convs.0.module_0.edge_mlp.2.weight	        [5000, 5000]	  25000000
0:             graph_convs.0.module_0.edge_mlp.2.bias	              [5000]	      5000
0:           graph_convs.0.module_0.node_mlp.0.weight	        [5000, 5004]	  25020000
0:             graph_convs.0.module_0.node_mlp.0.bias	              [5000]	      5000
0:           graph_convs.0.module_0.node_mlp.2.weight	        [5000, 5000]	  25000000
0:             graph_convs.0.module_0.node_mlp.2.bias	              [5000]	      5000
0:          graph_convs.0.module_0.coord_mlp.0.weight	        [5000, 5000]	  25000000
0:            graph_convs.0.module_0.coord_mlp.0.bias	              [5000]	      5000
0:          graph_convs.0.module_0.coord_mlp.2.weight	           [1, 5000]	      5000
0:           graph_convs.1.module_0.edge_mlp.0.weight	       [5000, 10002]	  50010000
0:             graph_convs.1.module_0.edge_mlp.0.bias	              [5000]	      5000
0:           graph_convs.1.module_0.edge_mlp.2.weight	        [5000, 5000]	  25000000
0:             graph_convs.1.module_0.edge_mlp.2.bias	              [5000]	      5000
0:           graph_convs.1.module_0.node_mlp.0.weight	       [5000, 10000]	  50000000
0:             graph_convs.1.module_0.node_mlp.0.bias	              [5000]	      5000
0:           graph_convs.1.module_0.node_mlp.2.weight	        [5000, 5000]	  25000000
0:             graph_convs.1.module_0.node_mlp.2.bias	              [5000]	      5000
0:          graph_convs.1.module_0.coord_mlp.0.weight	        [5000, 5000]	  25000000
0:            graph_convs.1.module_0.coord_mlp.0.bias	              [5000]	      5000
0:          graph_convs.1.module_0.coord_mlp.2.weight	           [1, 5000]	      5000
0:           graph_convs.2.module_0.edge_mlp.0.weight	       [5000, 10002]	  50010000
0:             graph_convs.2.module_0.edge_mlp.0.bias	              [5000]	      5000
0:           graph_convs.2.module_0.edge_mlp.2.weight	        [5000, 5000]	  25000000
0:             graph_convs.2.module_0.edge_mlp.2.bias	              [5000]	      5000
0:           graph_convs.2.module_0.node_mlp.0.weight	       [5000, 10000]	  50000000
0:             graph_convs.2.module_0.node_mlp.0.bias	              [5000]	      5000
0:           graph_convs.2.module_0.node_mlp.2.weight	        [5000, 5000]	  25000000
0:             graph_convs.2.module_0.node_mlp.2.bias	              [5000]	      5000
0:          graph_convs.2.module_0.coord_mlp.0.weight	        [5000, 5000]	  25000000
0:            graph_convs.2.module_0.coord_mlp.0.bias	              [5000]	      5000
0:          graph_convs.2.module_0.coord_mlp.2.weight	           [1, 5000]	      5000
0:           graph_convs.3.module_0.edge_mlp.0.weight	       [5000, 10002]	  50010000
0:             graph_convs.3.module_0.edge_mlp.0.bias	              [5000]	      5000
0:           graph_convs.3.module_0.edge_mlp.2.weight	        [5000, 5000]	  25000000
0:             graph_convs.3.module_0.edge_mlp.2.bias	              [5000]	      5000
0:           graph_convs.3.module_0.node_mlp.0.weight	       [5000, 10000]	  50000000
0:             graph_convs.3.module_0.node_mlp.0.bias	              [5000]	      5000
0:           graph_convs.3.module_0.node_mlp.2.weight	        [5000, 5000]	  25000000
0:             graph_convs.3.module_0.node_mlp.2.bias	              [5000]	      5000
0:          graph_convs.3.module_0.coord_mlp.0.weight	        [5000, 5000]	  25000000
0:            graph_convs.3.module_0.coord_mlp.0.bias	              [5000]	      5000
0:          graph_convs.3.module_0.coord_mlp.2.weight	           [1, 5000]	      5000
0:           graph_convs.4.module_0.edge_mlp.0.weight	       [5000, 10002]	  50010000
0:             graph_convs.4.module_0.edge_mlp.0.bias	              [5000]	      5000
0:           graph_convs.4.module_0.edge_mlp.2.weight	        [5000, 5000]	  25000000
0:             graph_convs.4.module_0.edge_mlp.2.bias	              [5000]	      5000
0:           graph_convs.4.module_0.node_mlp.0.weight	       [5000, 10000]	  50000000
0:             graph_convs.4.module_0.node_mlp.0.bias	              [5000]	      5000
0:           graph_convs.4.module_0.node_mlp.2.weight	        [5000, 5000]	  25000000
0:             graph_convs.4.module_0.node_mlp.2.bias	              [5000]	      5000
0:          graph_convs.4.module_0.coord_mlp.0.weight	        [5000, 5000]	  25000000
0:            graph_convs.4.module_0.coord_mlp.0.bias	              [5000]	      5000
0:          graph_convs.4.module_0.coord_mlp.2.weight	           [1, 5000]	      5000
0:           graph_convs.5.module_0.edge_mlp.0.weight	       [5000, 10002]	  50010000
0:             graph_convs.5.module_0.edge_mlp.0.bias	              [5000]	      5000
0:           graph_convs.5.module_0.edge_mlp.2.weight	        [5000, 5000]	  25000000
0:             graph_convs.5.module_0.edge_mlp.2.bias	              [5000]	      5000
0:           graph_convs.5.module_0.node_mlp.0.weight	       [5000, 10000]	  50000000
0:             graph_convs.5.module_0.node_mlp.0.bias	              [5000]	      5000
0:           graph_convs.5.module_0.node_mlp.2.weight	        [5000, 5000]	  25000000
0:             graph_convs.5.module_0.node_mlp.2.bias	              [5000]	      5000
0:                                heads_NN.0.0.weight	        [5000, 5000]	  25000000
0:                                  heads_NN.0.0.bias	              [5000]	      5000
0:                                heads_NN.0.2.weight	        [5000, 5000]	  25000000
0:                                  heads_NN.0.2.bias	              [5000]	      5000
0:                                heads_NN.0.4.weight	        [5000, 5000]	  25000000
0:                                  heads_NN.0.4.bias	              [5000]	      5000
0:                                heads_NN.0.6.weight	           [1, 5000]	      5000
0:                                  heads_NN.0.6.bias	                 [1]	         1
0:                          heads_NN.1.mlp.0.0.weight	        [5000, 5000]	  25000000
0:                            heads_NN.1.mlp.0.0.bias	              [5000]	      5000
0:                          heads_NN.1.mlp.0.2.weight	        [5000, 5000]	  25000000
0:                            heads_NN.1.mlp.0.2.bias	              [5000]	      5000
0:                          heads_NN.1.mlp.0.4.weight	        [5000, 5000]	  25000000
0:                            heads_NN.1.mlp.0.4.bias	              [5000]	      5000
0:                          heads_NN.1.mlp.0.6.weight	           [3, 5000]	     15000
0:                            heads_NN.1.mlp.0.6.bias	                 [3]	         3
0:                              graph_shared.0.weight	        [5000, 5000]	  25000000
0:                                graph_shared.0.bias	              [5000]	      5000
0:                              graph_shared.2.weight	        [5000, 5000]	  25000000
0:                                graph_shared.2.bias	              [5000]	      5000
0:                              graph_shared.4.weight	        [5000, 5000]	  25000000
0:                                graph_shared.4.bias	              [5000]	      5000
0: --------------------------------------------------
0:                                              Total	                    	1175355004
0: All (total, MB): 1175355004 4483.62
[2024-08-07 23:59:45,651] [INFO] [logging.py:96:log_dist] [Rank 0] DeepSpeed info: version=0.14.4, git-hash=unknown, git-branch=unknown
[rank85]:[W unwind.cpp:201] Warning: Unsupported unwinding pattern: Address not in range (function unwinderFor)
[rank81]:[W unwind.cpp:201] Warning: Unsupported unwinding pattern: Address not in range (function unwinderFor)
[rank83]:[W unwind.cpp:201] Warning: Unsupported unwinding pattern: Address not in range (function unwinderFor)
[rank82]:[W unwind.cpp:201] Warning: Unsupported unwinding pattern: Address not in range (function unwinderFor)
[rank86]:[W unwind.cpp:201] Warning: Unsupported unwinding pattern: Address not in range (function unwinderFor)
[rank80]:[W unwind.cpp:201] Warning: Unsupported unwinding pattern: Address not in range (function unwinderFor)
[rank87]:[W unwind.cpp:201] Warning: Unsupported unwinding pattern: Address not in range (function unwinderFor)
[rank84]:[W unwind.cpp:201] Warning: Unsupported unwinding pattern: Address not in range (function unwinderFor)
[rank74]:[W unwind.cpp:201] Warning: Unsupported unwinding pattern: Address not in range (function unwinderFor)
[rank72]:[W unwind.cpp:201] Warning: Unsupported unwinding pattern: Address not in range (function unwinderFor)
[rank79]:[W unwind.cpp:201] Warning: Unsupported unwinding pattern: Address not in range (function unwinderFor)
[rank78]:[W unwind.cpp:201] Warning: Unsupported unwinding pattern: Address not in range (function unwinderFor)
[rank77]:[W unwind.cpp:201] Warning: Unsupported unwinding pattern: Address not in range (function unwinderFor)
[rank76]:[W unwind.cpp:201] Warning: Unsupported unwinding pattern: Address not in range (function unwinderFor)
[rank75]:[W unwind.cpp:201] Warning: Unsupported unwinding pattern: Address not in range (function unwinderFor)
[rank73]:[W unwind.cpp:201] Warning: Unsupported unwinding pattern: Address not in range (function unwinderFor)
[rank123]:[W unwind.cpp:201] Warning: Unsupported unwinding pattern: Address not in range (function unwinderFor)
[rank127]:[W unwind.cpp:201] Warning: Unsupported unwinding pattern: Address not in range (function unwinderFor)
[rank125]:[W unwind.cpp:201] Warning: Unsupported unwinding pattern: Address not in range (function unwinderFor)
[rank126]:[W unwind.cpp:201] Warning: Unsupported unwinding pattern: Address not in range (function unwinderFor)
[rank121]:[W unwind.cpp:201] Warning: Unsupported unwinding pattern: Address not in range (function unwinderFor)
[rank124]:[W unwind.cpp:201] Warning: Unsupported unwinding pattern: Address not in range (function unwinderFor)
[rank122]:[W unwind.cpp:201] Warning: Unsupported unwinding pattern: Address not in range (function unwinderFor)
[rank120]:[W unwind.cpp:201] Warning: Unsupported unwinding pattern: Address not in range (function unwinderFor)
[rank115]:[W unwind.cpp:201] Warning: Unsupported unwinding pattern: Address not in range (function unwinderFor)
[rank113]:[W unwind.cpp:201] Warning: Unsupported unwinding pattern: Address not in range (function unwinderFor)
[rank65]:[W unwind.cpp:201] Warning: Unsupported unwinding pattern: Address not in range (function unwinderFor)
[rank119]:[W unwind.cpp:201] Warning: Unsupported unwinding pattern: Address not in range (function unwinderFor)
[rank67]:[W unwind.cpp:201] Warning: Unsupported unwinding pattern: Address not in range (function unwinderFor)
[rank118]:[W unwind.cpp:201] Warning: Unsupported unwinding pattern: Address not in range (function unwinderFor)
[rank69]:[W unwind.cpp:201] Warning: Unsupported unwinding pattern: Address not in range (function unwinderFor)
[rank117]:[W unwind.cpp:201] Warning: Unsupported unwinding pattern: Address not in range (function unwinderFor)
[rank71]:[W unwind.cpp:201] Warning: Unsupported unwinding pattern: Address not in range (function unwinderFor)
[rank116]:[W unwind.cpp:201] Warning: Unsupported unwinding pattern: Address not in range (function unwinderFor)
[rank70]:[W unwind.cpp:201] Warning: Unsupported unwinding pattern: Address not in range (function unwinderFor)
[rank114]:[W unwind.cpp:201] Warning: Unsupported unwinding pattern: Address not in range (function unwinderFor)
[rank68]:[W unwind.cpp:201] Warning: Unsupported unwinding pattern: Address not in range (function unwinderFor)
[rank112]:[W unwind.cpp:201] Warning: Unsupported unwinding pattern: Address not in range (function unwinderFor)
[rank61]:[W unwind.cpp:201] Warning: Unsupported unwinding pattern: Address not in range (function unwinderFor)
[rank64]:[W unwind.cpp:201] Warning: Unsupported unwinding pattern: Address not in range (function unwinderFor)
[rank66]:[W unwind.cpp:201] Warning: Unsupported unwinding pattern: Address not in range (function unwinderFor)
[rank62]:[W unwind.cpp:201] Warning: Unsupported unwinding pattern: Address not in range (function unwinderFor)
[rank56]:[W unwind.cpp:201] Warning: Unsupported unwinding pattern: Address not in range (function unwinderFor)
[rank59]:[W unwind.cpp:201] Warning: Unsupported unwinding pattern: Address not in range (function unwinderFor)
[rank60]:[W unwind.cpp:201] Warning: Unsupported unwinding pattern: Address not in range (function unwinderFor)
[rank63]:[W unwind.cpp:201] Warning: Unsupported unwinding pattern: Address not in range (function unwinderFor)
[rank57]:[W unwind.cpp:201] Warning: Unsupported unwinding pattern: Address not in range (function unwinderFor)
[rank58]:[W unwind.cpp:201] Warning: Unsupported unwinding pattern: Address not in range (function unwinderFor)
[rank35]:[W unwind.cpp:201] Warning: Unsupported unwinding pattern: Address not in range (function unwinderFor)
[rank33]:[W unwind.cpp:201] Warning: Unsupported unwinding pattern: Address not in range (function unwinderFor)
[rank39]:[W unwind.cpp:201] Warning: Unsupported unwinding pattern: Address not in range (function unwinderFor)
[rank38]:[W unwind.cpp:201] Warning: Unsupported unwinding pattern: Address not in range (function unwinderFor)
[rank34]:[W unwind.cpp:201] Warning: Unsupported unwinding pattern: Address not in range (function unwinderFor)
[rank36]:[W unwind.cpp:201] Warning: Unsupported unwinding pattern: Address not in range (function unwinderFor)
[rank37]:[W unwind.cpp:201] Warning: Unsupported unwinding pattern: Address not in range (function unwinderFor)
[rank32]:[W unwind.cpp:201] Warning: Unsupported unwinding pattern: Address not in range (function unwinderFor)
[rank53]:[W unwind.cpp:201] Warning: Unsupported unwinding pattern: Address not in range (function unwinderFor)
[rank42]:[W unwind.cpp:201] Warning: Unsupported unwinding pattern: Address not in range (function unwinderFor)
[rank55]:[W unwind.cpp:201] Warning: Unsupported unwinding pattern: Address not in range (function unwinderFor)
[rank41]:[W unwind.cpp:201] Warning: Unsupported unwinding pattern: Address not in range (function unwinderFor)
[rank51]:[W unwind.cpp:201] Warning: Unsupported unwinding pattern: Address not in range (function unwinderFor)
[rank40]:[W unwind.cpp:201] Warning: Unsupported unwinding pattern: Address not in range (function unwinderFor)
[rank47]:[W unwind.cpp:201] Warning: Unsupported unwinding pattern: Address not in range (function unwinderFor)
[rank45]:[W unwind.cpp:201] Warning: Unsupported unwinding pattern: Address not in range (function unwinderFor)
[rank21]:[W unwind.cpp:201] Warning: Unsupported unwinding pattern: Address not in range (function unwinderFor)
[rank19]:[W unwind.cpp:201] Warning: Unsupported unwinding pattern: Address not in range (function unwinderFor)
[rank23]:[W unwind.cpp:201] Warning: Unsupported unwinding pattern: Address not in range (function unwinderFor)
[rank17]:[W unwind.cpp:201] Warning: Unsupported unwinding pattern: Address not in range (function unwinderFor)
[rank18]:[W unwind.cpp:201] Warning: Unsupported unwinding pattern: Address not in range (function unwinderFor)
[rank16]:[W unwind.cpp:201] Warning: Unsupported unwinding pattern: Address not in range (function unwinderFor)
[rank109]:[W unwind.cpp:201] Warning: Unsupported unwinding pattern: Address not in range (function unwinderFor)
[rank22]:[W unwind.cpp:201] Warning: Unsupported unwinding pattern: Address not in range (function unwinderFor)
[rank20]:[W unwind.cpp:201] Warning: Unsupported unwinding pattern: Address not in range (function unwinderFor)
[rank24]:[W unwind.cpp:201] Warning: Unsupported unwinding pattern: Address not in range (function unwinderFor)
[rank44]:[W unwind.cpp:201] Warning: Unsupported unwinding pattern: Address not in range (function unwinderFor)
[rank9]:[W unwind.cpp:201] Warning: Unsupported unwinding pattern: Address not in range (function unwinderFor)
[rank48]:[W unwind.cpp:201] Warning: Unsupported unwinding pattern: Address not in range (function unwinderFor)
[rank52]:[W unwind.cpp:201] Warning: Unsupported unwinding pattern: Address not in range (function unwinderFor)
[rank54]:[W unwind.cpp:201] Warning: Unsupported unwinding pattern: Address not in range (function unwinderFor)
[rank49]:[W unwind.cpp:201] Warning: Unsupported unwinding pattern: Address not in range (function unwinderFor)
[rank50]:[W unwind.cpp:201] Warning: Unsupported unwinding pattern: Address not in range (function unwinderFor)
[rank26]:[W unwind.cpp:201] Warning: Unsupported unwinding pattern: Address not in range (function unwinderFor)
[rank30]:[W unwind.cpp:201] Warning: Unsupported unwinding pattern: Address not in range (function unwinderFor)
[rank28]:[W unwind.cpp:201] Warning: Unsupported unwinding pattern: Address not in range (function unwinderFor)
[rank25]:[W unwind.cpp:201] Warning: Unsupported unwinding pattern: Address not in range (function unwinderFor)
[rank31]:[W unwind.cpp:201] Warning: Unsupported unwinding pattern: Address not in range (function unwinderFor)
[rank29]:[W unwind.cpp:201] Warning: Unsupported unwinding pattern: Address not in range (function unwinderFor)
[rank27]:[W unwind.cpp:201] Warning: Unsupported unwinding pattern: Address not in range (function unwinderFor)
[rank43]:[W unwind.cpp:201] Warning: Unsupported unwinding pattern: Address not in range (function unwinderFor)
[rank46]:[W unwind.cpp:201] Warning: Unsupported unwinding pattern: Address not in range (function unwinderFor)
[rank111]:[W unwind.cpp:201] Warning: Unsupported unwinding pattern: Address not in range (function unwinderFor)
[rank107]:[W unwind.cpp:201] Warning: Unsupported unwinding pattern: Address not in range (function unwinderFor)
[rank105]:[W unwind.cpp:201] Warning: Unsupported unwinding pattern: Address not in range (function unwinderFor)
[rank104]:[W unwind.cpp:201] Warning: Unsupported unwinding pattern: Address not in range (function unwinderFor)
[rank108]:[W unwind.cpp:201] Warning: Unsupported unwinding pattern: Address not in range (function unwinderFor)
[rank110]:[W unwind.cpp:201] Warning: Unsupported unwinding pattern: Address not in range (function unwinderFor)
[rank106]:[W unwind.cpp:201] Warning: Unsupported unwinding pattern: Address not in range (function unwinderFor)
[2024-08-07 23:59:46,043] [INFO] [logging.py:96:log_dist] [Rank 0] DeepSpeed Flops Profiler Enabled: False
[rank11]:[W unwind.cpp:201] Warning: Unsupported unwinding pattern: Address not in range (function unwinderFor)
[rank100]:[W unwind.cpp:201] Warning: Unsupported unwinding pattern: Address not in range (function unwinderFor)
[2024-08-07 23:59:46,045] [INFO] [logging.py:96:log_dist] [Rank 0] Using client Optimizer as basic optimizer
[rank103]:[W unwind.cpp:201] Warning: Unsupported unwinding pattern: Address not in range (function unwinderFor)
[2024-08-07 23:59:46,045] [INFO] [logging.py:96:log_dist] [Rank 0] Removing param_group that has no 'params' in the basic Optimizer
[2024-08-07 23:59:46,046] [INFO] [logging.py:96:log_dist] [Rank 0] DeepSpeed Basic Optimizer = AdamW
[2024-08-07 23:59:46,046] [INFO] [logging.py:96:log_dist] [Rank 0] DeepSpeed Final Optimizer = AdamW
[2024-08-07 23:59:46,046] [INFO] [logging.py:96:log_dist] [Rank 0] DeepSpeed using client LR scheduler
[2024-08-07 23:59:46,046] [INFO] [logging.py:96:log_dist] [Rank 0] DeepSpeed LR Scheduler = None
[2024-08-07 23:59:46,046] [INFO] [logging.py:96:log_dist] [Rank 0] step=0, skipped=0, lr=[1e-05], mom=[(0.9, 0.999)]
[2024-08-07 23:59:46,046] [INFO] [config.py:997:print] DeepSpeedEngine configuration:
[2024-08-07 23:59:46,047] [INFO] [config.py:1001:print]   activation_checkpointing_config  {
    "partition_activations": false, 
    "contiguous_memory_optimization": false, 
    "cpu_checkpointing": false, 
    "number_checkpoints": null, 
    "synchronize_checkpoint_boundary": false, 
    "profile": false
}
[2024-08-07 23:59:46,047] [INFO] [config.py:1001:print]   aio_config ................... {'block_size': 1048576, 'queue_depth': 8, 'thread_count': 1, 'single_submit': False, 'overlap_events': True}
[2024-08-07 23:59:46,047] [INFO] [config.py:1001:print]   amp_enabled .................. False
[2024-08-07 23:59:46,047] [INFO] [config.py:1001:print]   amp_params ................... False
[2024-08-07 23:59:46,047] [INFO] [config.py:1001:print]   autotuning_config ............ {
    "enabled": false, 
    "start_step": null, 
    "end_step": null, 
    "metric_path": null, 
    "arg_mappings": null, 
    "metric": "throughput", 
    "model_info": null, 
    "results_dir": "autotuning_results", 
    "exps_dir": "autotuning_exps", 
    "overwrite": true, 
    "fast": true, 
    "start_profile_step": 3, 
    "end_profile_step": 5, 
    "tuner_type": "gridsearch", 
    "tuner_early_stopping": 5, 
    "tuner_num_trials": 50, 
    "model_info_path": null, 
    "mp_size": 1, 
    "max_train_batch_size": null, 
    "min_train_batch_size": 1, 
    "max_train_micro_batch_size_per_gpu": 1.024000e+03, 
    "min_train_micro_batch_size_per_gpu": 1, 
    "num_tuning_micro_batch_sizes": 3
}
[2024-08-07 23:59:46,047] [INFO] [config.py:1001:print]   bfloat16_enabled ............. False
[2024-08-07 23:59:46,047] [INFO] [config.py:1001:print]   bfloat16_immediate_grad_update  False
[2024-08-07 23:59:46,047] [INFO] [config.py:1001:print]   checkpoint_parallel_write_pipeline  False
[2024-08-07 23:59:46,047] [INFO] [config.py:1001:print]   checkpoint_tag_validation_enabled  True
[2024-08-07 23:59:46,047] [INFO] [config.py:1001:print]   checkpoint_tag_validation_fail  False
[2024-08-07 23:59:46,047] [INFO] [config.py:1001:print]   comms_config ................. <deepspeed.comm.config.DeepSpeedCommsConfig object at 0x7ff532a0c150>
[2024-08-07 23:59:46,047] [INFO] [config.py:1001:print]   communication_data_type ...... None
[2024-08-07 23:59:46,047] [INFO] [config.py:1001:print]   compression_config ........... {'weight_quantization': {'shared_parameters': {'enabled': False, 'quantizer_kernel': False, 'schedule_offset': 0, 'quantize_groups': 1, 'quantize_verbose': False, 'quantization_type': 'symmetric', 'quantize_weight_in_forward': False, 'rounding': 'nearest', 'fp16_mixed_quantize': False, 'quantize_change_ratio': 0.001}, 'different_groups': {}}, 'activation_quantization': {'shared_parameters': {'enabled': False, 'quantization_type': 'symmetric', 'range_calibration': 'dynamic', 'schedule_offset': 1000}, 'different_groups': {}}, 'sparse_pruning': {'shared_parameters': {'enabled': False, 'method': 'l1', 'schedule_offset': 1000}, 'different_groups': {}}, 'row_pruning': {'shared_parameters': {'enabled': False, 'method': 'l1', 'schedule_offset': 1000}, 'different_groups': {}}, 'head_pruning': {'shared_parameters': {'enabled': False, 'method': 'topk', 'schedule_offset': 1000}, 'different_groups': {}}, 'channel_pruning': {'shared_parameters': {'enabled': False, 'method': 'l1', 'schedule_offset': 1000}, 'different_groups': {}}, 'layer_reduction': {'enabled': False}}
[2024-08-07 23:59:46,047] [INFO] [config.py:1001:print]   curriculum_enabled_legacy .... False
[2024-08-07 23:59:46,047] [INFO] [config.py:1001:print]   curriculum_params_legacy ..... False
[2024-08-07 23:59:46,047] [INFO] [config.py:1001:print]   data_efficiency_config ....... {'enabled': False, 'seed': 1234, 'data_sampling': {'enabled': False, 'num_epochs': 1000, 'num_workers': 0, 'curriculum_learning': {'enabled': False}}, 'data_routing': {'enabled': False, 'random_ltd': {'enabled': False, 'layer_token_lr_schedule': {'enabled': False}}}}
[rank96]:[W unwind.cpp:201] Warning: Unsupported unwinding pattern: Address not in range (function unwinderFor)
[rank13]:[W unwind.cpp:201] Warning: Unsupported unwinding pattern: Address not in range (function unwinderFor)
[rank98]:[W unwind.cpp:201] Warning: Unsupported unwinding pattern: Address not in range (function unwinderFor)
[rank99]:[W unwind.cpp:201] Warning: Unsupported unwinding pattern: Address not in range (function unwinderFor)
[rank102]:[W unwind.cpp:201] Warning: Unsupported unwinding pattern: Address not in range (function unwinderFor)
[rank97]:[W unwind.cpp:201] Warning: Unsupported unwinding pattern: Address not in range (function unwinderFor)
[rank101]:[W unwind.cpp:201] Warning: Unsupported unwinding pattern: Address not in range (function unwinderFor)
[rank12]:[W unwind.cpp:201] Warning: Unsupported unwinding pattern: Address not in range (function unwinderFor)
[rank8]:[W unwind.cpp:201] Warning: Unsupported unwinding pattern: Address not in range (function unwinderFor)
[rank10]:[W unwind.cpp:201] Warning: Unsupported unwinding pattern: Address not in range (function unwinderFor)
[rank15]:[W unwind.cpp:201] Warning: Unsupported unwinding pattern: Address not in range (function unwinderFor)
[rank14]:[W unwind.cpp:201] Warning: Unsupported unwinding pattern: Address not in range (function unwinderFor)
[2024-08-07 23:59:46,047] [INFO] [config.py:1001:print]   data_efficiency_enabled ...... False
[2024-08-07 23:59:46,047] [INFO] [config.py:1001:print]   dataloader_drop_last ......... False
[2024-08-07 23:59:46,047] [INFO] [config.py:1001:print]   disable_allgather ............ False
[2024-08-07 23:59:46,047] [INFO] [config.py:1001:print]   dump_state ................... False
[2024-08-07 23:59:46,047] [INFO] [config.py:1001:print]   dynamic_loss_scale_args ...... None
[2024-08-07 23:59:46,047] [INFO] [config.py:1001:print]   eigenvalue_enabled ........... False
[2024-08-07 23:59:46,047] [INFO] [config.py:1001:print]   eigenvalue_gas_boundary_resolution  1
[2024-08-07 23:59:46,047] [INFO] [config.py:1001:print]   eigenvalue_layer_name ........ bert.encoder.layer
[2024-08-07 23:59:46,048] [INFO] [config.py:1001:print]   eigenvalue_layer_num ......... 0
[2024-08-07 23:59:46,048] [INFO] [config.py:1001:print]   eigenvalue_max_iter .......... 100
[2024-08-07 23:59:46,048] [INFO] [config.py:1001:print]   eigenvalue_stability ......... 1e-06
[2024-08-07 23:59:46,048] [INFO] [config.py:1001:print]   eigenvalue_tol ............... 0.01
[2024-08-07 23:59:46,048] [INFO] [config.py:1001:print]   eigenvalue_verbose ........... False
[2024-08-07 23:59:46,048] [INFO] [config.py:1001:print]   elasticity_enabled ........... False
[2024-08-07 23:59:46,048] [INFO] [config.py:1001:print]   flops_profiler_config ........ {
    "enabled": false, 
    "recompute_fwd_factor": 0.0, 
    "profile_step": 1, 
    "module_depth": -1, 
    "top_modules": 1, 
    "detailed": true, 
    "output_file": null
}
[2024-08-07 23:59:46,048] [INFO] [config.py:1001:print]   fp16_auto_cast ............... None
[2024-08-07 23:59:46,048] [INFO] [config.py:1001:print]   fp16_enabled ................. False
[2024-08-07 23:59:46,048] [INFO] [config.py:1001:print]   fp16_master_weights_and_gradients  False
[2024-08-07 23:59:46,048] [INFO] [config.py:1001:print]   global_rank .................. 0
[2024-08-07 23:59:46,048] [INFO] [config.py:1001:print]   grad_accum_dtype ............. None
[2024-08-07 23:59:46,048] [INFO] [config.py:1001:print]   gradient_accumulation_steps .. 1
[2024-08-07 23:59:46,048] [INFO] [config.py:1001:print]   gradient_clipping ............ 0.0
[2024-08-07 23:59:46,048] [INFO] [config.py:1001:print]   gradient_predivide_factor .... 1.0
[2024-08-07 23:59:46,048] [INFO] [config.py:1001:print]   graph_harvesting ............. False
[2024-08-07 23:59:46,048] [INFO] [config.py:1001:print]   hybrid_engine ................ enabled=False max_out_tokens=512 inference_tp_size=1 release_inference_cache=False pin_parameters=True tp_gather_partition_size=8
[2024-08-07 23:59:46,048] [INFO] [config.py:1001:print]   initial_dynamic_scale ........ 65536
[2024-08-07 23:59:46,048] [INFO] [config.py:1001:print]   load_universal_checkpoint .... False
[2024-08-07 23:59:46,048] [INFO] [config.py:1001:print]   loss_scale ................... 0
[2024-08-07 23:59:46,048] [INFO] [config.py:1001:print]   memory_breakdown ............. False
[2024-08-07 23:59:46,048] [INFO] [config.py:1001:print]   mics_hierarchial_params_gather  False
[2024-08-07 23:59:46,048] [INFO] [config.py:1001:print]   mics_shard_size .............. -1
[2024-08-07 23:59:46,048] [INFO] [config.py:1001:print]   monitor_config ............... tensorboard=TensorBoardConfig(enabled=False, output_path='', job_name='DeepSpeedJobName') comet=CometConfig(enabled=False, samples_log_interval=100, project=None, workspace=None, api_key=None, experiment_name=None, experiment_key=None, online=None, mode=None) wandb=WandbConfig(enabled=False, group=None, team=None, project='deepspeed') csv_monitor=CSVConfig(enabled=False, output_path='', job_name='DeepSpeedJobName') enabled=False
[2024-08-07 23:59:46,048] [INFO] [config.py:1001:print]   nebula_config ................ {
    "enabled": false, 
    "persistent_storage_path": null, 
    "persistent_time_interval": 100, 
    "num_of_version_in_retention": 2, 
    "enable_nebula_load": true, 
    "load_path": null
}
[2024-08-07 23:59:46,048] [INFO] [config.py:1001:print]   optimizer_legacy_fusion ...... False
[2024-08-07 23:59:46,048] [INFO] [config.py:1001:print]   optimizer_name ............... None
[2024-08-07 23:59:46,048] [INFO] [config.py:1001:print]   optimizer_params ............. None
[2024-08-07 23:59:46,048] [INFO] [config.py:1001:print]   pipeline ..................... {'stages': 'auto', 'partition': 'best', 'seed_layers': False, 'activation_checkpoint_interval': 0, 'pipe_partitioned': True, 'grad_partitioned': True}
[2024-08-07 23:59:46,048] [INFO] [config.py:1001:print]   pld_enabled .................. False
[2024-08-07 23:59:46,048] [INFO] [config.py:1001:print]   pld_params ................... False
[2024-08-07 23:59:46,048] [INFO] [config.py:1001:print]   prescale_gradients ........... False
[2024-08-07 23:59:46,048] [INFO] [config.py:1001:print]   scheduler_name ............... None
[2024-08-07 23:59:46,048] [INFO] [config.py:1001:print]   scheduler_params ............. None
[2024-08-07 23:59:46,048] [INFO] [config.py:1001:print]   seq_parallel_communication_data_type  torch.float32
[2024-08-07 23:59:46,048] [INFO] [config.py:1001:print]   sparse_attention ............. None
[2024-08-07 23:59:46,048] [INFO] [config.py:1001:print]   sparse_gradients_enabled ..... False
[2024-08-07 23:59:46,048] [INFO] [config.py:1001:print]   steps_per_print .............. 1000000000.0
[2024-08-07 23:59:46,048] [INFO] [config.py:1001:print]   timers_config ................ enabled=True synchronized=True
[2024-08-07 23:59:46,048] [INFO] [config.py:1001:print]   train_batch_size ............. 4096
[2024-08-07 23:59:46,048] [INFO] [config.py:1001:print]   train_micro_batch_size_per_gpu  32
[2024-08-07 23:59:46,048] [INFO] [config.py:1001:print]   use_data_before_expert_parallel_  False
[2024-08-07 23:59:46,048] [INFO] [config.py:1001:print]   use_node_local_storage ....... False
[2024-08-07 23:59:46,048] [INFO] [config.py:1001:print]   wall_clock_breakdown ......... False
[2024-08-07 23:59:46,048] [INFO] [config.py:1001:print]   weight_quantization_config ... None
[2024-08-07 23:59:46,048] [INFO] [config.py:1001:print]   world_size ................... 128
[2024-08-07 23:59:46,048] [INFO] [config.py:1001:print]   zero_allow_untested_optimizer  False
[2024-08-07 23:59:46,048] [INFO] [config.py:1001:print]   zero_config .................. stage=0 contiguous_gradients=True reduce_scatter=True reduce_bucket_size=500,000,000 use_multi_rank_bucket_allreduce=True allgather_partitions=True allgather_bucket_size=500,000,000 overlap_comm=False load_from_fp32_weights=True elastic_checkpoint=False offload_param=None offload_optimizer=None sub_group_size=1,000,000,000 cpu_offload_param=None cpu_offload_use_pin_memory=None cpu_offload=None prefetch_bucket_size=50,000,000 param_persistence_threshold=100,000 model_persistence_threshold=sys.maxsize max_live_parameters=1,000,000,000 max_reuse_distance=1,000,000,000 gather_16bit_weights_on_model_save=False use_all_reduce_for_fetch_params=False stage3_gather_fp16_weights_on_model_save=False ignore_unused_parameters=True legacy_stage1=False round_robin_gradients=False zero_hpz_partition_size=1 zero_quantized_weights=False zero_quantized_nontrainable_weights=False zero_quantized_gradients=False mics_shard_size=-1 mics_hierarchical_params_gather=False memory_efficient_linear=True pipeline_loading_checkpoint=False override_module_apply=True
[2024-08-07 23:59:46,048] [INFO] [config.py:1001:print]   zero_enabled ................. False
[2024-08-07 23:59:46,048] [INFO] [config.py:1001:print]   zero_force_ds_cpu_optimizer .. True
[2024-08-07 23:59:46,048] [INFO] [config.py:1001:print]   zero_optimization_stage ...... 0
[2024-08-07 23:59:46,049] [INFO] [config.py:987:print_user_config]   json = {
    "train_micro_batch_size_per_gpu": 32, 
    "gradient_accumulation_steps": 1, 
    "steps_per_print": 1.000000e+09
}
[rank91]:[W unwind.cpp:201] Warning: Unsupported unwinding pattern: Address not in range (function unwinderFor)
[rank94]:[W unwind.cpp:201] Warning: Unsupported unwinding pattern: Address not in range (function unwinderFor)
[rank88]:[W unwind.cpp:201] Warning: Unsupported unwinding pattern: Address not in range (function unwinderFor)
[rank89]:[W unwind.cpp:201] Warning: Unsupported unwinding pattern: Address not in range (function unwinderFor)
[rank90]:[W unwind.cpp:201] Warning: Unsupported unwinding pattern: Address not in range (function unwinderFor)
[rank92]:[W unwind.cpp:201] Warning: Unsupported unwinding pattern: Address not in range (function unwinderFor)
[rank93]:[W unwind.cpp:201] Warning: Unsupported unwinding pattern: Address not in range (function unwinderFor)
[rank95]:[W unwind.cpp:201] Warning: Unsupported unwinding pattern: Address not in range (function unwinderFor)
[rank0]:[W unwind.cpp:201] Warning: Unsupported unwinding pattern: Address not in range (function unwinderFor)
[rank4]:[W unwind.cpp:201] Warning: Unsupported unwinding pattern: Address not in range (function unwinderFor)
[rank7]:[W unwind.cpp:201] Warning: Unsupported unwinding pattern: Address not in range (function unwinderFor)
[rank1]:[W unwind.cpp:201] Warning: Unsupported unwinding pattern: Address not in range (function unwinderFor)
[rank2]:[W unwind.cpp:201] Warning: Unsupported unwinding pattern: Address not in range (function unwinderFor)
[rank3]:[W unwind.cpp:201] Warning: Unsupported unwinding pattern: Address not in range (function unwinderFor)
[rank5]:[W unwind.cpp:201] Warning: Unsupported unwinding pattern: Address not in range (function unwinderFor)
[rank6]:[W unwind.cpp:201] Warning: Unsupported unwinding pattern: Address not in range (function unwinderFor)
WARNNING: ONly training for 2 epochs
WARNNING: ONly training for 2 epochs
WARNNING: ONly training for 2 epochs
WARNNING: ONly training for 2 epochs
WARNNING: ONly training for 2 epochs
WARNNING: ONly training for 2 epochs
WARNNING: ONly training for 2 epochs
WARNNING: ONly training for 2 epochs
WARNNING: ONly training for 2 epochs
WARNNING: ONly training for 2 epochs
WARNNING: ONly training for 2 epochs
WARNNING: ONly training for 2 epochs
WARNNING: ONly training for 2 epochs
WARNNING: ONly training for 2 epochs
WARNNING: ONly training for 2 epochs
WARNNING: ONly training for 2 epochs
WARNNING: ONly training for 2 epochs
WARNNING: ONly training for 2 epochs
WARNNING: ONly training for 2 epochs
WARNNING: ONly training for 2 epochs
WARNNING: ONly training for 2 epochs
WARNNING: ONly training for 2 epochs
WARNNING: ONly training for 2 epochs
WARNNING: ONly training for 2 epochs
WARNNING: ONly training for 2 epochs
WARNNING: ONly training for 2 epochs
WARNNING: ONly training for 2 epochs
WARNNING: ONly training for 2 epochs
WARNNING: ONly training for 2 epochs
WARNNING: ONly training for 2 epochs
WARNNING: ONly training for 2 epochs
WARNNING: ONly training for 2 epochs
WARNNING: ONly training for 2 epochs
WARNNING: ONly training for 2 epochs
WARNNING: ONly training for 2 epochs
WARNNING: ONly training for 2 epochs
WARNNING: ONly training for 2 epochs
WARNNING: ONly training for 2 epochs
WARNNING: ONly training for 2 epochs
WARNNING: ONly training for 2 epochs
WARNNING: ONly training for 2 epochs
WARNNING: ONly training for 2 epochs
WARNNING: ONly training for 2 epochs
WARNNING: ONly training for 2 epochs
WARNNING: ONly training for 2 epochs
WARNNING: ONly training for 2 epochs
WARNNING: ONly training for 2 epochs
WARNNING: ONly training for 2 epochs
WARNNING: ONly training for 2 epochs
WARNNING: ONly training for 2 epochs
WARNNING: ONly training for 2 epochs
WARNNING: ONly training for 2 epochs
WARNNING: ONly training for 2 epochs
WARNNING: ONly training for 2 epochs
WARNNING: ONly training for 2 epochs
WARNNING: ONly training for 2 epochs
WARNNING: ONly training for 2 epochs
WARNNING: ONly training for 2 epochs
WARNNING: ONly training for 2 epochs
WARNNING: ONly training for 2 epochs
WARNNING: ONly training for 2 epochs
WARNNING: ONly training for 2 epochs
WARNNING: ONly training for 2 epochs
WARNNING: ONly training for 2 epochs
WARNNING: ONly training for 2 epochs
WARNNING: ONly training for 2 epochs
WARNNING: ONly training for 2 epochs
WARNNING: ONly training for 2 epochs
WARNNING: ONly training for 2 epochs
WARNNING: ONly training for 2 epochs
WARNNING: ONly training for 2 epochs
WARNNING: ONly training for 2 epochs
WARNNING: ONly training for 2 epochs
WARNNING: ONly training for 2 epochs
WARNNING: ONly training for 2 epochs
WARNNING: ONly training for 2 epochs
WARNNING: ONly training for 2 epochs
WARNNING: ONly training for 2 epochs
WARNNING: ONly training for 2 epochs
WARNNING: ONly training for 2 epochs
WARNNING: ONly training for 2 epochs
WARNNING: ONly training for 2 epochs
WARNNING: ONly training for 2 epochs
WARNNING: ONly training for 2 epochs
WARNNING: ONly training for 2 epochs
WARNNING: ONly training for 2 epochs
WARNNING: ONly training for 2 epochs
WARNNING: ONly training for 2 epochs
WARNNING: ONly training for 2 epochs
WARNNING: ONly training for 2 epochs
WARNNING: ONly training for 2 epochs
WARNNING: ONly training for 2 epochs
WARNNING: ONly training for 2 epochs
WARNNING: ONly training for 2 epochs
WARNNING: ONly training for 2 epochs
WARNNING: ONly training for 2 epochs
WARNNING: ONly training for 2 epochs
WARNNING: ONly training for 2 epochs
WARNNING: ONly training for 2 epochs
WARNNING: ONly training for 2 epochs
WARNNING: ONly training for 2 epochs
WARNNING: ONly training for 2 epochs
WARNNING: ONly training for 2 epochs
WARNNING: ONly training for 2 epochs
WARNNING: ONly training for 2 epochs
WARNNING: ONly training for 2 epochs
WARNNING: ONly training for 2 epochs
WARNNING: ONly training for 2 epochs
WARNNING: ONly training for 2 epochs
WARNNING: ONly training for 2 epochs
WARNNING: ONly training for 2 epochs
WARNNING: ONly training for 2 epochs
WARNNING: ONly training for 2 epochs
WARNNING: ONly training for 2 epochs
WARNNING: ONly training for 2 epochs
WARNNING: ONly training for 2 epochs
WARNNING: ONly training for 2 epochs
WARNNING: ONly training for 2 epochs
WARNNING: ONly training for 2 epochs
WARNNING: ONly training for 2 epochs
WARNNING: ONly training for 2 epochs
WARNNING: ONly training for 2 epochs
WARNNING: ONly training for 2 epochs
WARNNING: ONly training for 2 epochs
WARNNING: ONly training for 2 epochs
WARNNING: ONly training for 2 epochs
WARNNING: ONly training for 2 epochs
WARNNING: ONly training for 2 epochs
[rank60]: Traceback (most recent call last):
[rank60]:   File "/lustre/orion/lrn031/scratch/zye327/HydraGNN_ds/./examples/multidataset/train_deepspeed_exportmem.py", line 421, in <module>
[rank60]:     hydragnn.train.train_validate_test(
[rank60]:   File "/lustre/orion/lrn031/scratch/zye327/HydraGNN_ds/hydragnn/train/train_validate_test.py", line 158, in train_validate_test
[rank60]:     train_loss, train_taskserr = train(
[rank60]:                                  ^^^^^^
[rank60]:   File "/lustre/orion/lrn031/scratch/zye327/HydraGNN_ds/hydragnn/train/train_validate_test.py", line 496, in train
[rank60]:     pred = model(data)
[rank60]:            ^^^^^^^^^^^
[rank60]:   File "/lustre/orion/cph161/world-shared/mlupopa/max_conda_envs_frontier/envs/hydragnn_rocm600/lib/python3.11/site-packages/torch/nn/modules/module.py", line 1532, in _wrapped_call_impl
[rank60]:     return self._call_impl(*args, **kwargs)
[rank60]:            ^^^^^^^^^^^^^^^^^^^^^^^^^^^^^^^^
[rank60]:   File "/lustre/orion/cph161/world-shared/mlupopa/max_conda_envs_frontier/envs/hydragnn_rocm600/lib/python3.11/site-packages/torch/nn/modules/module.py", line 1541, in _call_impl
[rank60]:     return forward_call(*args, **kwargs)
[rank60]:            ^^^^^^^^^^^^^^^^^^^^^^^^^^^^^
[rank60]:   File "/ccs/home/zye327/.local/lib/python3.11/site-packages/deepspeed/utils/nvtx.py", line 15, in wrapped_fn
[rank60]:     ret_val = func(*args, **kwargs)
[rank60]:               ^^^^^^^^^^^^^^^^^^^^^
[rank60]:   File "/ccs/home/zye327/.local/lib/python3.11/site-packages/deepspeed/runtime/engine.py", line 1846, in forward
[rank60]:     loss = self.module(*inputs, **kwargs)
[rank60]:            ^^^^^^^^^^^^^^^^^^^^^^^^^^^^^^
[rank60]:   File "/lustre/orion/cph161/world-shared/mlupopa/max_conda_envs_frontier/envs/hydragnn_rocm600/lib/python3.11/site-packages/torch/nn/modules/module.py", line 1532, in _wrapped_call_impl
[rank60]:     return self._call_impl(*args, **kwargs)
[rank60]:            ^^^^^^^^^^^^^^^^^^^^^^^^^^^^^^^^
[rank60]:   File "/lustre/orion/cph161/world-shared/mlupopa/max_conda_envs_frontier/envs/hydragnn_rocm600/lib/python3.11/site-packages/torch/nn/modules/module.py", line 1541, in _call_impl
[rank60]:     return forward_call(*args, **kwargs)
[rank60]:            ^^^^^^^^^^^^^^^^^^^^^^^^^^^^^
[rank60]:   File "/lustre/orion/lrn031/scratch/zye327/HydraGNN_ds/hydragnn/models/Base.py", line 297, in forward
[rank60]:     c, pos = conv(x=x, pos=pos, **conv_args)
[rank60]:              ^^^^^^^^^^^^^^^^^^^^^^^^^^^^^^^
[rank60]:   File "/lustre/orion/cph161/world-shared/mlupopa/max_conda_envs_frontier/envs/hydragnn_rocm600/lib/python3.11/site-packages/torch/nn/modules/module.py", line 1532, in _wrapped_call_impl
[rank60]:     return self._call_impl(*args, **kwargs)
[rank60]:            ^^^^^^^^^^^^^^^^^^^^^^^^^^^^^^^^
[rank60]:   File "/lustre/orion/cph161/world-shared/mlupopa/max_conda_envs_frontier/envs/hydragnn_rocm600/lib/python3.11/site-packages/torch/nn/modules/module.py", line 1541, in _call_impl
[rank60]:     return forward_call(*args, **kwargs)
[rank60]:            ^^^^^^^^^^^^^^^^^^^^^^^^^^^^^
[rank60]:   File "/tmp/torch_geometric.nn.sequential_8eb469_g__1b1jx.py", line 19, in forward
[rank60]:     x = self.module_0(x, pos, edge_index, edge_attr)
[rank60]:         ^^^^^^^^^^^^^^^^^^^^^^^^^^^^^^^^^^^^^^^^^^^^
[rank60]:   File "/lustre/orion/cph161/world-shared/mlupopa/max_conda_envs_frontier/envs/hydragnn_rocm600/lib/python3.11/site-packages/torch/nn/modules/module.py", line 1532, in _wrapped_call_impl
[rank60]:     return self._call_impl(*args, **kwargs)
[rank60]:            ^^^^^^^^^^^^^^^^^^^^^^^^^^^^^^^^
[rank60]:   File "/lustre/orion/cph161/world-shared/mlupopa/max_conda_envs_frontier/envs/hydragnn_rocm600/lib/python3.11/site-packages/torch/nn/modules/module.py", line 1541, in _call_impl
[rank60]:     return forward_call(*args, **kwargs)
[rank60]:            ^^^^^^^^^^^^^^^^^^^^^^^^^^^^^
[rank60]:   File "/lustre/orion/lrn031/scratch/zye327/HydraGNN_ds/hydragnn/models/EGCLStack.py", line 229, in forward
[rank60]:     edge_feat = self.edge_model(x[row], x[col], radial, edge_attr)
[rank60]:                 ^^^^^^^^^^^^^^^^^^^^^^^^^^^^^^^^^^^^^^^^^^^^^^^^^^
[rank60]:   File "/lustre/orion/lrn031/scratch/zye327/HydraGNN_ds/hydragnn/models/EGCLStack.py", line 186, in edge_model
[rank60]:     out = self.edge_mlp(out)
[rank60]:           ^^^^^^^^^^^^^^^^^^
[rank60]:   File "/lustre/orion/cph161/world-shared/mlupopa/max_conda_envs_frontier/envs/hydragnn_rocm600/lib/python3.11/site-packages/torch/nn/modules/module.py", line 1532, in _wrapped_call_impl
[rank60]:     return self._call_impl(*args, **kwargs)
[rank60]:            ^^^^^^^^^^^^^^^^^^^^^^^^^^^^^^^^
[rank60]:   File "/lustre/orion/cph161/world-shared/mlupopa/max_conda_envs_frontier/envs/hydragnn_rocm600/lib/python3.11/site-packages/torch/nn/modules/module.py", line 1541, in _call_impl
[rank60]:     return forward_call(*args, **kwargs)
[rank60]:            ^^^^^^^^^^^^^^^^^^^^^^^^^^^^^
[rank60]:   File "/lustre/orion/cph161/world-shared/mlupopa/max_conda_envs_frontier/envs/hydragnn_rocm600/lib/python3.11/site-packages/torch/nn/modules/container.py", line 217, in forward
[rank60]:     input = module(input)
[rank60]:             ^^^^^^^^^^^^^
[rank60]:   File "/lustre/orion/cph161/world-shared/mlupopa/max_conda_envs_frontier/envs/hydragnn_rocm600/lib/python3.11/site-packages/torch/nn/modules/module.py", line 1532, in _wrapped_call_impl
[rank60]:     return self._call_impl(*args, **kwargs)
[rank60]:            ^^^^^^^^^^^^^^^^^^^^^^^^^^^^^^^^
[rank60]:   File "/lustre/orion/cph161/world-shared/mlupopa/max_conda_envs_frontier/envs/hydragnn_rocm600/lib/python3.11/site-packages/torch/nn/modules/module.py", line 1541, in _call_impl
[rank60]:     return forward_call(*args, **kwargs)
[rank60]:            ^^^^^^^^^^^^^^^^^^^^^^^^^^^^^
[rank60]:   File "/lustre/orion/cph161/world-shared/mlupopa/max_conda_envs_frontier/envs/hydragnn_rocm600/lib/python3.11/site-packages/torch/nn/modules/linear.py", line 116, in forward
[rank60]:     return F.linear(input, self.weight, self.bias)
[rank60]:            ^^^^^^^^^^^^^^^^^^^^^^^^^^^^^^^^^^^^^^^
[rank60]: torch.cuda.OutOfMemoryError: HIP out of memory. Tried to allocate 1.47 GiB. GPU  has a total capacity of 63.98 GiB of which 532.00 MiB is free. Of the allocated memory 53.94 GiB is allocated by PyTorch, and 8.94 GiB is reserved by PyTorch but unallocated. If reserved but unallocated memory is large try setting PYTORCH_HIP_ALLOC_CONF=expandable_segments:True to avoid fragmentation.  See documentation for Memory Management  (https://pytorch.org/docs/stable/notes/cuda.html#environment-variables)
[rank101]: Traceback (most recent call last):
[rank101]:   File "/lustre/orion/lrn031/scratch/zye327/HydraGNN_ds/./examples/multidataset/train_deepspeed_exportmem.py", line 421, in <module>
[rank101]:     hydragnn.train.train_validate_test(
[rank101]:   File "/lustre/orion/lrn031/scratch/zye327/HydraGNN_ds/hydragnn/train/train_validate_test.py", line 158, in train_validate_test
[rank101]:     train_loss, train_taskserr = train(
[rank101]:                                  ^^^^^^
[rank101]:   File "/lustre/orion/lrn031/scratch/zye327/HydraGNN_ds/hydragnn/train/train_validate_test.py", line 496, in train
[rank101]:     pred = model(data)
[rank101]:            ^^^^^^^^^^^
[rank101]:   File "/lustre/orion/cph161/world-shared/mlupopa/max_conda_envs_frontier/envs/hydragnn_rocm600/lib/python3.11/site-packages/torch/nn/modules/module.py", line 1532, in _wrapped_call_impl
[rank101]:     return self._call_impl(*args, **kwargs)
[rank101]:            ^^^^^^^^^^^^^^^^^^^^^^^^^^^^^^^^
[rank101]:   File "/lustre/orion/cph161/world-shared/mlupopa/max_conda_envs_frontier/envs/hydragnn_rocm600/lib/python3.11/site-packages/torch/nn/modules/module.py", line 1541, in _call_impl
[rank101]:     return forward_call(*args, **kwargs)
[rank101]:            ^^^^^^^^^^^^^^^^^^^^^^^^^^^^^
[rank101]:   File "/ccs/home/zye327/.local/lib/python3.11/site-packages/deepspeed/utils/nvtx.py", line 15, in wrapped_fn
[rank101]:     ret_val = func(*args, **kwargs)
[rank101]:               ^^^^^^^^^^^^^^^^^^^^^
[rank101]:   File "/ccs/home/zye327/.local/lib/python3.11/site-packages/deepspeed/runtime/engine.py", line 1846, in forward
[rank101]:     loss = self.module(*inputs, **kwargs)
[rank101]:            ^^^^^^^^^^^^^^^^^^^^^^^^^^^^^^
[rank101]:   File "/lustre/orion/cph161/world-shared/mlupopa/max_conda_envs_frontier/envs/hydragnn_rocm600/lib/python3.11/site-packages/torch/nn/modules/module.py", line 1532, in _wrapped_call_impl
[rank101]:     return self._call_impl(*args, **kwargs)
[rank101]:            ^^^^^^^^^^^^^^^^^^^^^^^^^^^^^^^^
[rank101]:   File "/lustre/orion/cph161/world-shared/mlupopa/max_conda_envs_frontier/envs/hydragnn_rocm600/lib/python3.11/site-packages/torch/nn/modules/module.py", line 1541, in _call_impl
[rank101]:     return forward_call(*args, **kwargs)
[rank101]:            ^^^^^^^^^^^^^^^^^^^^^^^^^^^^^
[rank101]:   File "/lustre/orion/lrn031/scratch/zye327/HydraGNN_ds/hydragnn/models/Base.py", line 297, in forward
[rank101]:     c, pos = conv(x=x, pos=pos, **conv_args)
[rank101]:              ^^^^^^^^^^^^^^^^^^^^^^^^^^^^^^^
[rank101]:   File "/lustre/orion/cph161/world-shared/mlupopa/max_conda_envs_frontier/envs/hydragnn_rocm600/lib/python3.11/site-packages/torch/nn/modules/module.py", line 1532, in _wrapped_call_impl
[rank101]:     return self._call_impl(*args, **kwargs)
[rank101]:            ^^^^^^^^^^^^^^^^^^^^^^^^^^^^^^^^
[rank101]:   File "/lustre/orion/cph161/world-shared/mlupopa/max_conda_envs_frontier/envs/hydragnn_rocm600/lib/python3.11/site-packages/torch/nn/modules/module.py", line 1541, in _call_impl
[rank101]:     return forward_call(*args, **kwargs)
[rank101]:            ^^^^^^^^^^^^^^^^^^^^^^^^^^^^^
[rank101]:   File "/tmp/torch_geometric.nn.sequential_9c6856_kq2z3oon.py", line 19, in forward
[rank101]:     x = self.module_0(x, pos, edge_index, edge_attr)
[rank101]:         ^^^^^^^^^^^^^^^^^^^^^^^^^^^^^^^^^^^^^^^^^^^^
[rank101]:   File "/lustre/orion/cph161/world-shared/mlupopa/max_conda_envs_frontier/envs/hydragnn_rocm600/lib/python3.11/site-packages/torch/nn/modules/module.py", line 1532, in _wrapped_call_impl
[rank101]:     return self._call_impl(*args, **kwargs)
[rank101]:            ^^^^^^^^^^^^^^^^^^^^^^^^^^^^^^^^
[rank101]:   File "/lustre/orion/cph161/world-shared/mlupopa/max_conda_envs_frontier/envs/hydragnn_rocm600/lib/python3.11/site-packages/torch/nn/modules/module.py", line 1541, in _call_impl
[rank101]:     return forward_call(*args, **kwargs)
[rank101]:            ^^^^^^^^^^^^^^^^^^^^^^^^^^^^^
[rank101]:   File "/lustre/orion/lrn031/scratch/zye327/HydraGNN_ds/hydragnn/models/EGCLStack.py", line 229, in forward
[rank101]:     edge_feat = self.edge_model(x[row], x[col], radial, edge_attr)
[rank101]:                 ^^^^^^^^^^^^^^^^^^^^^^^^^^^^^^^^^^^^^^^^^^^^^^^^^^
[rank101]:   File "/lustre/orion/lrn031/scratch/zye327/HydraGNN_ds/hydragnn/models/EGCLStack.py", line 186, in edge_model
[rank101]:     out = self.edge_mlp(out)
[rank101]:           ^^^^^^^^^^^^^^^^^^
[rank101]:   File "/lustre/orion/cph161/world-shared/mlupopa/max_conda_envs_frontier/envs/hydragnn_rocm600/lib/python3.11/site-packages/torch/nn/modules/module.py", line 1532, in _wrapped_call_impl
[rank101]:     return self._call_impl(*args, **kwargs)
[rank101]:            ^^^^^^^^^^^^^^^^^^^^^^^^^^^^^^^^
[rank101]:   File "/lustre/orion/cph161/world-shared/mlupopa/max_conda_envs_frontier/envs/hydragnn_rocm600/lib/python3.11/site-packages/torch/nn/modules/module.py", line 1541, in _call_impl
[rank101]:     return forward_call(*args, **kwargs)
[rank101]:            ^^^^^^^^^^^^^^^^^^^^^^^^^^^^^
[rank101]:   File "/lustre/orion/cph161/world-shared/mlupopa/max_conda_envs_frontier/envs/hydragnn_rocm600/lib/python3.11/site-packages/torch/nn/modules/container.py", line 217, in forward
[rank101]:     input = module(input)
[rank101]:             ^^^^^^^^^^^^^
[rank101]:   File "/lustre/orion/cph161/world-shared/mlupopa/max_conda_envs_frontier/envs/hydragnn_rocm600/lib/python3.11/site-packages/torch/nn/modules/module.py", line 1532, in _wrapped_call_impl
[rank101]:     return self._call_impl(*args, **kwargs)
[rank101]:            ^^^^^^^^^^^^^^^^^^^^^^^^^^^^^^^^
[rank101]:   File "/lustre/orion/cph161/world-shared/mlupopa/max_conda_envs_frontier/envs/hydragnn_rocm600/lib/python3.11/site-packages/torch/nn/modules/module.py", line 1541, in _call_impl
[rank101]:     return forward_call(*args, **kwargs)
[rank101]:            ^^^^^^^^^^^^^^^^^^^^^^^^^^^^^
[rank101]:   File "/lustre/orion/cph161/world-shared/mlupopa/max_conda_envs_frontier/envs/hydragnn_rocm600/lib/python3.11/site-packages/torch/nn/modules/activation.py", line 103, in forward
[rank101]:     return F.relu(input, inplace=self.inplace)
[rank101]:            ^^^^^^^^^^^^^^^^^^^^^^^^^^^^^^^^^^^
[rank101]:   File "/lustre/orion/cph161/world-shared/mlupopa/max_conda_envs_frontier/envs/hydragnn_rocm600/lib/python3.11/site-packages/torch/nn/functional.py", line 1500, in relu
[rank101]:     result = torch.relu(input)
[rank101]:              ^^^^^^^^^^^^^^^^^
[rank101]: torch.cuda.OutOfMemoryError: HIP out of memory. Tried to allocate 1.36 GiB. GPU  has a total capacity of 63.98 GiB of which 964.00 MiB is free. Of the allocated memory 53.57 GiB is allocated by PyTorch, and 8.89 GiB is reserved by PyTorch but unallocated. If reserved but unallocated memory is large try setting PYTORCH_HIP_ALLOC_CONF=expandable_segments:True to avoid fragmentation.  See documentation for Memory Management  (https://pytorch.org/docs/stable/notes/cuda.html#environment-variables)
[rank77]: Traceback (most recent call last):
[rank77]:   File "/lustre/orion/lrn031/scratch/zye327/HydraGNN_ds/./examples/multidataset/train_deepspeed_exportmem.py", line 421, in <module>
[rank77]:     hydragnn.train.train_validate_test(
[rank77]:   File "/lustre/orion/lrn031/scratch/zye327/HydraGNN_ds/hydragnn/train/train_validate_test.py", line 158, in train_validate_test
[rank77]:     train_loss, train_taskserr = train(
[rank77]:                                  ^^^^^^
[rank77]:   File "/lustre/orion/lrn031/scratch/zye327/HydraGNN_ds/hydragnn/train/train_validate_test.py", line 496, in train
[rank77]:     pred = model(data)
[rank77]:            ^^^^^^^^^^^
[rank77]:   File "/lustre/orion/cph161/world-shared/mlupopa/max_conda_envs_frontier/envs/hydragnn_rocm600/lib/python3.11/site-packages/torch/nn/modules/module.py", line 1532, in _wrapped_call_impl
[rank77]:     return self._call_impl(*args, **kwargs)
[rank77]:            ^^^^^^^^^^^^^^^^^^^^^^^^^^^^^^^^
[rank77]:   File "/lustre/orion/cph161/world-shared/mlupopa/max_conda_envs_frontier/envs/hydragnn_rocm600/lib/python3.11/site-packages/torch/nn/modules/module.py", line 1541, in _call_impl
[rank77]:     return forward_call(*args, **kwargs)
[rank77]:            ^^^^^^^^^^^^^^^^^^^^^^^^^^^^^
[rank77]:   File "/ccs/home/zye327/.local/lib/python3.11/site-packages/deepspeed/utils/nvtx.py", line 15, in wrapped_fn
[rank77]:     ret_val = func(*args, **kwargs)
[rank77]:               ^^^^^^^^^^^^^^^^^^^^^
[rank77]:   File "/ccs/home/zye327/.local/lib/python3.11/site-packages/deepspeed/runtime/engine.py", line 1846, in forward
[rank77]:     loss = self.module(*inputs, **kwargs)
[rank77]:            ^^^^^^^^^^^^^^^^^^^^^^^^^^^^^^
[rank77]:   File "/lustre/orion/cph161/world-shared/mlupopa/max_conda_envs_frontier/envs/hydragnn_rocm600/lib/python3.11/site-packages/torch/nn/modules/module.py", line 1532, in _wrapped_call_impl
[rank77]:     return self._call_impl(*args, **kwargs)
[rank77]:            ^^^^^^^^^^^^^^^^^^^^^^^^^^^^^^^^
[rank77]:   File "/lustre/orion/cph161/world-shared/mlupopa/max_conda_envs_frontier/envs/hydragnn_rocm600/lib/python3.11/site-packages/torch/nn/modules/module.py", line 1541, in _call_impl
[rank77]:     return forward_call(*args, **kwargs)
[rank77]:            ^^^^^^^^^^^^^^^^^^^^^^^^^^^^^
[rank77]:   File "/lustre/orion/lrn031/scratch/zye327/HydraGNN_ds/hydragnn/models/Base.py", line 297, in forward
[rank77]:     c, pos = conv(x=x, pos=pos, **conv_args)
[rank77]:              ^^^^^^^^^^^^^^^^^^^^^^^^^^^^^^^
[rank77]:   File "/lustre/orion/cph161/world-shared/mlupopa/max_conda_envs_frontier/envs/hydragnn_rocm600/lib/python3.11/site-packages/torch/nn/modules/module.py", line 1532, in _wrapped_call_impl
[rank77]:     return self._call_impl(*args, **kwargs)
[rank77]:            ^^^^^^^^^^^^^^^^^^^^^^^^^^^^^^^^
[rank77]:   File "/lustre/orion/cph161/world-shared/mlupopa/max_conda_envs_frontier/envs/hydragnn_rocm600/lib/python3.11/site-packages/torch/nn/modules/module.py", line 1541, in _call_impl
[rank77]:     return forward_call(*args, **kwargs)
[rank77]:            ^^^^^^^^^^^^^^^^^^^^^^^^^^^^^
[rank77]:   File "/tmp/torch_geometric.nn.sequential_a4e554_7jhukne9.py", line 19, in forward
[rank77]:     x = self.module_0(x, pos, edge_index, edge_attr)
[rank77]:         ^^^^^^^^^^^^^^^^^^^^^^^^^^^^^^^^^^^^^^^^^^^^
[rank77]:   File "/lustre/orion/cph161/world-shared/mlupopa/max_conda_envs_frontier/envs/hydragnn_rocm600/lib/python3.11/site-packages/torch/nn/modules/module.py", line 1532, in _wrapped_call_impl
[rank77]:     return self._call_impl(*args, **kwargs)
[rank77]:            ^^^^^^^^^^^^^^^^^^^^^^^^^^^^^^^^
[rank77]:   File "/lustre/orion/cph161/world-shared/mlupopa/max_conda_envs_frontier/envs/hydragnn_rocm600/lib/python3.11/site-packages/torch/nn/modules/module.py", line 1541, in _call_impl
[rank77]:     return forward_call(*args, **kwargs)
[rank77]:            ^^^^^^^^^^^^^^^^^^^^^^^^^^^^^
[rank77]:   File "/lustre/orion/lrn031/scratch/zye327/HydraGNN_ds/hydragnn/models/EGCLStack.py", line 229, in forward
[rank77]:     edge_feat = self.edge_model(x[row], x[col], radial, edge_attr)
[rank77]:                 ^^^^^^^^^^^^^^^^^^^^^^^^^^^^^^^^^^^^^^^^^^^^^^^^^^
[rank77]:   File "/lustre/orion/lrn031/scratch/zye327/HydraGNN_ds/hydragnn/models/EGCLStack.py", line 186, in edge_model
[rank77]:     out = self.edge_mlp(out)
[rank77]:           ^^^^^^^^^^^^^^^^^^
[rank77]:   File "/lustre/orion/cph161/world-shared/mlupopa/max_conda_envs_frontier/envs/hydragnn_rocm600/lib/python3.11/site-packages/torch/nn/modules/module.py", line 1532, in _wrapped_call_impl
[rank77]:     return self._call_impl(*args, **kwargs)
[rank77]:            ^^^^^^^^^^^^^^^^^^^^^^^^^^^^^^^^
[rank77]:   File "/lustre/orion/cph161/world-shared/mlupopa/max_conda_envs_frontier/envs/hydragnn_rocm600/lib/python3.11/site-packages/torch/nn/modules/module.py", line 1541, in _call_impl
[rank77]:     return forward_call(*args, **kwargs)
[rank77]:            ^^^^^^^^^^^^^^^^^^^^^^^^^^^^^
[rank77]:   File "/lustre/orion/cph161/world-shared/mlupopa/max_conda_envs_frontier/envs/hydragnn_rocm600/lib/python3.11/site-packages/torch/nn/modules/container.py", line 217, in forward
[rank77]:     input = module(input)
[rank77]:             ^^^^^^^^^^^^^
[rank77]:   File "/lustre/orion/cph161/world-shared/mlupopa/max_conda_envs_frontier/envs/hydragnn_rocm600/lib/python3.11/site-packages/torch/nn/modules/module.py", line 1532, in _wrapped_call_impl
[rank77]:     return self._call_impl(*args, **kwargs)
[rank77]:            ^^^^^^^^^^^^^^^^^^^^^^^^^^^^^^^^
[rank77]:   File "/lustre/orion/cph161/world-shared/mlupopa/max_conda_envs_frontier/envs/hydragnn_rocm600/lib/python3.11/site-packages/torch/nn/modules/module.py", line 1541, in _call_impl
[rank77]:     return forward_call(*args, **kwargs)
[rank77]:            ^^^^^^^^^^^^^^^^^^^^^^^^^^^^^
[rank77]:   File "/lustre/orion/cph161/world-shared/mlupopa/max_conda_envs_frontier/envs/hydragnn_rocm600/lib/python3.11/site-packages/torch/nn/modules/activation.py", line 103, in forward
[rank77]:     return F.relu(input, inplace=self.inplace)
[rank77]:            ^^^^^^^^^^^^^^^^^^^^^^^^^^^^^^^^^^^
[rank77]:   File "/lustre/orion/cph161/world-shared/mlupopa/max_conda_envs_frontier/envs/hydragnn_rocm600/lib/python3.11/site-packages/torch/nn/functional.py", line 1500, in relu
[rank77]:     result = torch.relu(input)
[rank77]:              ^^^^^^^^^^^^^^^^^
[rank77]: torch.cuda.OutOfMemoryError: HIP out of memory. Tried to allocate 1.43 GiB. GPU  has a total capacity of 63.98 GiB of which 136.00 MiB is free. Of the allocated memory 55.56 GiB is allocated by PyTorch, and 7.71 GiB is reserved by PyTorch but unallocated. If reserved but unallocated memory is large try setting PYTORCH_HIP_ALLOC_CONF=expandable_segments:True to avoid fragmentation.  See documentation for Memory Management  (https://pytorch.org/docs/stable/notes/cuda.html#environment-variables)
[rank13]: Traceback (most recent call last):
[rank13]:   File "/lustre/orion/lrn031/scratch/zye327/HydraGNN_ds/./examples/multidataset/train_deepspeed_exportmem.py", line 421, in <module>
[rank13]:     hydragnn.train.train_validate_test(
[rank13]:   File "/lustre/orion/lrn031/scratch/zye327/HydraGNN_ds/hydragnn/train/train_validate_test.py", line 158, in train_validate_test
[rank13]:     train_loss, train_taskserr = train(
[rank13]:                                  ^^^^^^
[rank13]:   File "/lustre/orion/lrn031/scratch/zye327/HydraGNN_ds/hydragnn/train/train_validate_test.py", line 496, in train
[rank13]:     pred = model(data)
[rank13]:            ^^^^^^^^^^^
[rank13]:   File "/lustre/orion/cph161/world-shared/mlupopa/max_conda_envs_frontier/envs/hydragnn_rocm600/lib/python3.11/site-packages/torch/nn/modules/module.py", line 1532, in _wrapped_call_impl
[rank13]:     return self._call_impl(*args, **kwargs)
[rank13]:            ^^^^^^^^^^^^^^^^^^^^^^^^^^^^^^^^
[rank13]:   File "/lustre/orion/cph161/world-shared/mlupopa/max_conda_envs_frontier/envs/hydragnn_rocm600/lib/python3.11/site-packages/torch/nn/modules/module.py", line 1541, in _call_impl
[rank13]:     return forward_call(*args, **kwargs)
[rank13]:            ^^^^^^^^^^^^^^^^^^^^^^^^^^^^^
[rank13]:   File "/ccs/home/zye327/.local/lib/python3.11/site-packages/deepspeed/utils/nvtx.py", line 15, in wrapped_fn
[rank13]:     ret_val = func(*args, **kwargs)
[rank13]:               ^^^^^^^^^^^^^^^^^^^^^
[rank13]:   File "/ccs/home/zye327/.local/lib/python3.11/site-packages/deepspeed/runtime/engine.py", line 1846, in forward
[rank13]:     loss = self.module(*inputs, **kwargs)
[rank13]:            ^^^^^^^^^^^^^^^^^^^^^^^^^^^^^^
[rank13]:   File "/lustre/orion/cph161/world-shared/mlupopa/max_conda_envs_frontier/envs/hydragnn_rocm600/lib/python3.11/site-packages/torch/nn/modules/module.py", line 1532, in _wrapped_call_impl
[rank13]:     return self._call_impl(*args, **kwargs)
[rank13]:            ^^^^^^^^^^^^^^^^^^^^^^^^^^^^^^^^
[rank13]:   File "/lustre/orion/cph161/world-shared/mlupopa/max_conda_envs_frontier/envs/hydragnn_rocm600/lib/python3.11/site-packages/torch/nn/modules/module.py", line 1541, in _call_impl
[rank13]:     return forward_call(*args, **kwargs)
[rank13]:            ^^^^^^^^^^^^^^^^^^^^^^^^^^^^^
[rank13]:   File "/lustre/orion/lrn031/scratch/zye327/HydraGNN_ds/hydragnn/models/Base.py", line 297, in forward
[rank13]:     c, pos = conv(x=x, pos=pos, **conv_args)
[rank13]:              ^^^^^^^^^^^^^^^^^^^^^^^^^^^^^^^
[rank13]:   File "/lustre/orion/cph161/world-shared/mlupopa/max_conda_envs_frontier/envs/hydragnn_rocm600/lib/python3.11/site-packages/torch/nn/modules/module.py", line 1532, in _wrapped_call_impl
[rank13]:     return self._call_impl(*args, **kwargs)
[rank13]:            ^^^^^^^^^^^^^^^^^^^^^^^^^^^^^^^^
[rank13]:   File "/lustre/orion/cph161/world-shared/mlupopa/max_conda_envs_frontier/envs/hydragnn_rocm600/lib/python3.11/site-packages/torch/nn/modules/module.py", line 1541, in _call_impl
[rank13]:     return forward_call(*args, **kwargs)
[rank13]:            ^^^^^^^^^^^^^^^^^^^^^^^^^^^^^
[rank13]:   File "/tmp/torch_geometric.nn.sequential_50d4fa_m4itr7ck.py", line 19, in forward
[rank13]:     x = self.module_0(x, pos, edge_index, edge_attr)
[rank13]:         ^^^^^^^^^^^^^^^^^^^^^^^^^^^^^^^^^^^^^^^^^^^^
[rank13]:   File "/lustre/orion/cph161/world-shared/mlupopa/max_conda_envs_frontier/envs/hydragnn_rocm600/lib/python3.11/site-packages/torch/nn/modules/module.py", line 1532, in _wrapped_call_impl
[rank13]:     return self._call_impl(*args, **kwargs)
[rank13]:            ^^^^^^^^^^^^^^^^^^^^^^^^^^^^^^^^
[rank13]:   File "/lustre/orion/cph161/world-shared/mlupopa/max_conda_envs_frontier/envs/hydragnn_rocm600/lib/python3.11/site-packages/torch/nn/modules/module.py", line 1541, in _call_impl
[rank13]:     return forward_call(*args, **kwargs)
[rank13]:            ^^^^^^^^^^^^^^^^^^^^^^^^^^^^^
[rank13]:   File "/lustre/orion/lrn031/scratch/zye327/HydraGNN_ds/hydragnn/models/EGCLStack.py", line 229, in forward
[rank13]:     edge_feat = self.edge_model(x[row], x[col], radial, edge_attr)
[rank13]:                 ^^^^^^^^^^^^^^^^^^^^^^^^^^^^^^^^^^^^^^^^^^^^^^^^^^
[rank13]:   File "/lustre/orion/lrn031/scratch/zye327/HydraGNN_ds/hydragnn/models/EGCLStack.py", line 185, in edge_model
[rank13]:     out = torch.cat([source, target, radial, edge_attr], dim=1)
[rank13]:           ^^^^^^^^^^^^^^^^^^^^^^^^^^^^^^^^^^^^^^^^^^^^^^^^^^^^^
[rank13]: torch.cuda.OutOfMemoryError: HIP out of memory. Tried to allocate 3.25 GiB. GPU  has a total capacity of 63.98 GiB of which 1.90 GiB is free. Of the allocated memory 54.88 GiB is allocated by PyTorch, and 6.62 GiB is reserved by PyTorch but unallocated. If reserved but unallocated memory is large try setting PYTORCH_HIP_ALLOC_CONF=expandable_segments:True to avoid fragmentation.  See documentation for Memory Management  (https://pytorch.org/docs/stable/notes/cuda.html#environment-variables)
[rank113]: Traceback (most recent call last):
[rank113]:   File "/lustre/orion/lrn031/scratch/zye327/HydraGNN_ds/./examples/multidataset/train_deepspeed_exportmem.py", line 421, in <module>
[rank113]:     hydragnn.train.train_validate_test(
[rank113]:   File "/lustre/orion/lrn031/scratch/zye327/HydraGNN_ds/hydragnn/train/train_validate_test.py", line 158, in train_validate_test
[rank113]:     train_loss, train_taskserr = train(
[rank113]:                                  ^^^^^^
[rank113]:   File "/lustre/orion/lrn031/scratch/zye327/HydraGNN_ds/hydragnn/train/train_validate_test.py", line 496, in train
[rank113]:     pred = model(data)
[rank113]:            ^^^^^^^^^^^
[rank113]:   File "/lustre/orion/cph161/world-shared/mlupopa/max_conda_envs_frontier/envs/hydragnn_rocm600/lib/python3.11/site-packages/torch/nn/modules/module.py", line 1532, in _wrapped_call_impl
[rank113]:     return self._call_impl(*args, **kwargs)
[rank113]:            ^^^^^^^^^^^^^^^^^^^^^^^^^^^^^^^^
[rank113]:   File "/lustre/orion/cph161/world-shared/mlupopa/max_conda_envs_frontier/envs/hydragnn_rocm600/lib/python3.11/site-packages/torch/nn/modules/module.py", line 1541, in _call_impl
[rank113]:     return forward_call(*args, **kwargs)
[rank113]:            ^^^^^^^^^^^^^^^^^^^^^^^^^^^^^
[rank113]:   File "/ccs/home/zye327/.local/lib/python3.11/site-packages/deepspeed/utils/nvtx.py", line 15, in wrapped_fn
[rank113]:     ret_val = func(*args, **kwargs)
[rank113]:               ^^^^^^^^^^^^^^^^^^^^^
[rank113]:   File "/ccs/home/zye327/.local/lib/python3.11/site-packages/deepspeed/runtime/engine.py", line 1846, in forward
[rank113]:     loss = self.module(*inputs, **kwargs)
[rank113]:            ^^^^^^^^^^^^^^^^^^^^^^^^^^^^^^
[rank113]:   File "/lustre/orion/cph161/world-shared/mlupopa/max_conda_envs_frontier/envs/hydragnn_rocm600/lib/python3.11/site-packages/torch/nn/modules/module.py", line 1532, in _wrapped_call_impl
[rank113]:     return self._call_impl(*args, **kwargs)
[rank113]:            ^^^^^^^^^^^^^^^^^^^^^^^^^^^^^^^^
[rank113]:   File "/lustre/orion/cph161/world-shared/mlupopa/max_conda_envs_frontier/envs/hydragnn_rocm600/lib/python3.11/site-packages/torch/nn/modules/module.py", line 1541, in _call_impl
[rank113]:     return forward_call(*args, **kwargs)
[rank113]:            ^^^^^^^^^^^^^^^^^^^^^^^^^^^^^
[rank113]:   File "/lustre/orion/lrn031/scratch/zye327/HydraGNN_ds/hydragnn/models/Base.py", line 297, in forward
[rank113]:     c, pos = conv(x=x, pos=pos, **conv_args)
[rank113]:              ^^^^^^^^^^^^^^^^^^^^^^^^^^^^^^^
[rank113]:   File "/lustre/orion/cph161/world-shared/mlupopa/max_conda_envs_frontier/envs/hydragnn_rocm600/lib/python3.11/site-packages/torch/nn/modules/module.py", line 1532, in _wrapped_call_impl
[rank113]:     return self._call_impl(*args, **kwargs)
[rank113]:            ^^^^^^^^^^^^^^^^^^^^^^^^^^^^^^^^
[rank113]:   File "/lustre/orion/cph161/world-shared/mlupopa/max_conda_envs_frontier/envs/hydragnn_rocm600/lib/python3.11/site-packages/torch/nn/modules/module.py", line 1541, in _call_impl
[rank113]:     return forward_call(*args, **kwargs)
[rank113]:            ^^^^^^^^^^^^^^^^^^^^^^^^^^^^^
[rank113]:   File "/tmp/torch_geometric.nn.sequential_fc5f6a_yfqz51og.py", line 19, in forward
[rank113]:     x = self.module_0(x, pos, edge_index, edge_attr)
[rank113]:         ^^^^^^^^^^^^^^^^^^^^^^^^^^^^^^^^^^^^^^^^^^^^
[rank113]:   File "/lustre/orion/cph161/world-shared/mlupopa/max_conda_envs_frontier/envs/hydragnn_rocm600/lib/python3.11/site-packages/torch/nn/modules/module.py", line 1532, in _wrapped_call_impl
[rank113]:     return self._call_impl(*args, **kwargs)
[rank113]:            ^^^^^^^^^^^^^^^^^^^^^^^^^^^^^^^^
[rank113]:   File "/lustre/orion/cph161/world-shared/mlupopa/max_conda_envs_frontier/envs/hydragnn_rocm600/lib/python3.11/site-packages/torch/nn/modules/module.py", line 1541, in _call_impl
[rank113]:     return forward_call(*args, **kwargs)
[rank113]:            ^^^^^^^^^^^^^^^^^^^^^^^^^^^^^
[rank113]:   File "/lustre/orion/lrn031/scratch/zye327/HydraGNN_ds/hydragnn/models/EGCLStack.py", line 229, in forward
[rank113]:     edge_feat = self.edge_model(x[row], x[col], radial, edge_attr)
[rank113]:                 ^^^^^^^^^^^^^^^^^^^^^^^^^^^^^^^^^^^^^^^^^^^^^^^^^^
[rank113]:   File "/lustre/orion/lrn031/scratch/zye327/HydraGNN_ds/hydragnn/models/EGCLStack.py", line 186, in edge_model
[rank113]:     out = self.edge_mlp(out)
[rank113]:           ^^^^^^^^^^^^^^^^^^
[rank113]:   File "/lustre/orion/cph161/world-shared/mlupopa/max_conda_envs_frontier/envs/hydragnn_rocm600/lib/python3.11/site-packages/torch/nn/modules/module.py", line 1532, in _wrapped_call_impl
[rank113]:     return self._call_impl(*args, **kwargs)
[rank113]:            ^^^^^^^^^^^^^^^^^^^^^^^^^^^^^^^^
[rank113]:   File "/lustre/orion/cph161/world-shared/mlupopa/max_conda_envs_frontier/envs/hydragnn_rocm600/lib/python3.11/site-packages/torch/nn/modules/module.py", line 1541, in _call_impl
[rank113]:     return forward_call(*args, **kwargs)
[rank113]:            ^^^^^^^^^^^^^^^^^^^^^^^^^^^^^
[rank113]:   File "/lustre/orion/cph161/world-shared/mlupopa/max_conda_envs_frontier/envs/hydragnn_rocm600/lib/python3.11/site-packages/torch/nn/modules/container.py", line 217, in forward
[rank113]:     input = module(input)
[rank113]:             ^^^^^^^^^^^^^
[rank113]:   File "/lustre/orion/cph161/world-shared/mlupopa/max_conda_envs_frontier/envs/hydragnn_rocm600/lib/python3.11/site-packages/torch/nn/modules/module.py", line 1532, in _wrapped_call_impl
[rank113]:     return self._call_impl(*args, **kwargs)
[rank113]:            ^^^^^^^^^^^^^^^^^^^^^^^^^^^^^^^^
[rank113]:   File "/lustre/orion/cph161/world-shared/mlupopa/max_conda_envs_frontier/envs/hydragnn_rocm600/lib/python3.11/site-packages/torch/nn/modules/module.py", line 1541, in _call_impl
[rank113]:     return forward_call(*args, **kwargs)
[rank113]:            ^^^^^^^^^^^^^^^^^^^^^^^^^^^^^
[rank113]:   File "/lustre/orion/cph161/world-shared/mlupopa/max_conda_envs_frontier/envs/hydragnn_rocm600/lib/python3.11/site-packages/torch/nn/modules/activation.py", line 103, in forward
[rank113]:     return F.relu(input, inplace=self.inplace)
[rank113]:            ^^^^^^^^^^^^^^^^^^^^^^^^^^^^^^^^^^^
[rank113]:   File "/lustre/orion/cph161/world-shared/mlupopa/max_conda_envs_frontier/envs/hydragnn_rocm600/lib/python3.11/site-packages/torch/nn/functional.py", line 1500, in relu
[rank113]:     result = torch.relu(input)
[rank113]:              ^^^^^^^^^^^^^^^^^
[rank113]: torch.cuda.OutOfMemoryError: HIP out of memory. Tried to allocate 1.47 GiB. GPU  has a total capacity of 63.98 GiB of which 120.00 MiB is free. Of the allocated memory 56.82 GiB is allocated by PyTorch, and 6.47 GiB is reserved by PyTorch but unallocated. If reserved but unallocated memory is large try setting PYTORCH_HIP_ALLOC_CONF=expandable_segments:True to avoid fragmentation.  See documentation for Memory Management  (https://pytorch.org/docs/stable/notes/cuda.html#environment-variables)
[rank118]: Traceback (most recent call last):
[rank118]:   File "/lustre/orion/lrn031/scratch/zye327/HydraGNN_ds/./examples/multidataset/train_deepspeed_exportmem.py", line 421, in <module>
[rank118]:     hydragnn.train.train_validate_test(
[rank118]:   File "/lustre/orion/lrn031/scratch/zye327/HydraGNN_ds/hydragnn/train/train_validate_test.py", line 158, in train_validate_test
[rank118]:     train_loss, train_taskserr = train(
[rank118]:                                  ^^^^^^
[rank118]:   File "/lustre/orion/lrn031/scratch/zye327/HydraGNN_ds/hydragnn/train/train_validate_test.py", line 496, in train
[rank118]:     pred = model(data)
[rank118]:            ^^^^^^^^^^^
[rank118]:   File "/lustre/orion/cph161/world-shared/mlupopa/max_conda_envs_frontier/envs/hydragnn_rocm600/lib/python3.11/site-packages/torch/nn/modules/module.py", line 1532, in _wrapped_call_impl
[rank118]:     return self._call_impl(*args, **kwargs)
[rank118]:            ^^^^^^^^^^^^^^^^^^^^^^^^^^^^^^^^
[rank118]:   File "/lustre/orion/cph161/world-shared/mlupopa/max_conda_envs_frontier/envs/hydragnn_rocm600/lib/python3.11/site-packages/torch/nn/modules/module.py", line 1541, in _call_impl
[rank118]:     return forward_call(*args, **kwargs)
[rank118]:            ^^^^^^^^^^^^^^^^^^^^^^^^^^^^^
[rank118]:   File "/ccs/home/zye327/.local/lib/python3.11/site-packages/deepspeed/utils/nvtx.py", line 15, in wrapped_fn
[rank118]:     ret_val = func(*args, **kwargs)
[rank118]:               ^^^^^^^^^^^^^^^^^^^^^
[rank118]:   File "/ccs/home/zye327/.local/lib/python3.11/site-packages/deepspeed/runtime/engine.py", line 1846, in forward
[rank118]:     loss = self.module(*inputs, **kwargs)
[rank118]:            ^^^^^^^^^^^^^^^^^^^^^^^^^^^^^^
[rank118]:   File "/lustre/orion/cph161/world-shared/mlupopa/max_conda_envs_frontier/envs/hydragnn_rocm600/lib/python3.11/site-packages/torch/nn/modules/module.py", line 1532, in _wrapped_call_impl
[rank118]:     return self._call_impl(*args, **kwargs)
[rank118]:            ^^^^^^^^^^^^^^^^^^^^^^^^^^^^^^^^
[rank118]:   File "/lustre/orion/cph161/world-shared/mlupopa/max_conda_envs_frontier/envs/hydragnn_rocm600/lib/python3.11/site-packages/torch/nn/modules/module.py", line 1541, in _call_impl
[rank118]:     return forward_call(*args, **kwargs)
[rank118]:            ^^^^^^^^^^^^^^^^^^^^^^^^^^^^^
[rank118]:   File "/lustre/orion/lrn031/scratch/zye327/HydraGNN_ds/hydragnn/models/Base.py", line 297, in forward
[rank118]:     c, pos = conv(x=x, pos=pos, **conv_args)
[rank118]:              ^^^^^^^^^^^^^^^^^^^^^^^^^^^^^^^
[rank118]:   File "/lustre/orion/cph161/world-shared/mlupopa/max_conda_envs_frontier/envs/hydragnn_rocm600/lib/python3.11/site-packages/torch/nn/modules/module.py", line 1532, in _wrapped_call_impl
[rank118]:     return self._call_impl(*args, **kwargs)
[rank118]:            ^^^^^^^^^^^^^^^^^^^^^^^^^^^^^^^^
[rank118]:   File "/lustre/orion/cph161/world-shared/mlupopa/max_conda_envs_frontier/envs/hydragnn_rocm600/lib/python3.11/site-packages/torch/nn/modules/module.py", line 1541, in _call_impl
[rank118]:     return forward_call(*args, **kwargs)
[rank118]:            ^^^^^^^^^^^^^^^^^^^^^^^^^^^^^
[rank118]:   File "/tmp/torch_geometric.nn.sequential_fda92c_1e4d742o.py", line 19, in forward
[rank118]:     x = self.module_0(x, pos, edge_index, edge_attr)
[rank118]:         ^^^^^^^^^^^^^^^^^^^^^^^^^^^^^^^^^^^^^^^^^^^^
[rank118]:   File "/lustre/orion/cph161/world-shared/mlupopa/max_conda_envs_frontier/envs/hydragnn_rocm600/lib/python3.11/site-packages/torch/nn/modules/module.py", line 1532, in _wrapped_call_impl
[rank118]:     return self._call_impl(*args, **kwargs)
[rank118]:            ^^^^^^^^^^^^^^^^^^^^^^^^^^^^^^^^
[rank118]:   File "/lustre/orion/cph161/world-shared/mlupopa/max_conda_envs_frontier/envs/hydragnn_rocm600/lib/python3.11/site-packages/torch/nn/modules/module.py", line 1541, in _call_impl
[rank118]:     return forward_call(*args, **kwargs)
[rank118]:            ^^^^^^^^^^^^^^^^^^^^^^^^^^^^^
[rank118]:   File "/lustre/orion/lrn031/scratch/zye327/HydraGNN_ds/hydragnn/models/EGCLStack.py", line 229, in forward
[rank118]:     edge_feat = self.edge_model(x[row], x[col], radial, edge_attr)
[rank118]:                 ^^^^^^^^^^^^^^^^^^^^^^^^^^^^^^^^^^^^^^^^^^^^^^^^^^
[rank118]:   File "/lustre/orion/lrn031/scratch/zye327/HydraGNN_ds/hydragnn/models/EGCLStack.py", line 186, in edge_model
[rank118]:     out = self.edge_mlp(out)
[rank118]:           ^^^^^^^^^^^^^^^^^^
[rank118]:   File "/lustre/orion/cph161/world-shared/mlupopa/max_conda_envs_frontier/envs/hydragnn_rocm600/lib/python3.11/site-packages/torch/nn/modules/module.py", line 1532, in _wrapped_call_impl
[rank118]:     return self._call_impl(*args, **kwargs)
[rank118]:            ^^^^^^^^^^^^^^^^^^^^^^^^^^^^^^^^
[rank118]:   File "/lustre/orion/cph161/world-shared/mlupopa/max_conda_envs_frontier/envs/hydragnn_rocm600/lib/python3.11/site-packages/torch/nn/modules/module.py", line 1541, in _call_impl
[rank118]:     return forward_call(*args, **kwargs)
[rank118]:            ^^^^^^^^^^^^^^^^^^^^^^^^^^^^^
[rank118]:   File "/lustre/orion/cph161/world-shared/mlupopa/max_conda_envs_frontier/envs/hydragnn_rocm600/lib/python3.11/site-packages/torch/nn/modules/container.py", line 217, in forward
[rank118]:     input = module(input)
[rank118]:             ^^^^^^^^^^^^^
[rank118]:   File "/lustre/orion/cph161/world-shared/mlupopa/max_conda_envs_frontier/envs/hydragnn_rocm600/lib/python3.11/site-packages/torch/nn/modules/module.py", line 1532, in _wrapped_call_impl
[rank118]:     return self._call_impl(*args, **kwargs)
[rank118]:            ^^^^^^^^^^^^^^^^^^^^^^^^^^^^^^^^
[rank118]:   File "/lustre/orion/cph161/world-shared/mlupopa/max_conda_envs_frontier/envs/hydragnn_rocm600/lib/python3.11/site-packages/torch/nn/modules/module.py", line 1541, in _call_impl
[rank118]:     return forward_call(*args, **kwargs)
[rank118]:            ^^^^^^^^^^^^^^^^^^^^^^^^^^^^^
[rank118]:   File "/lustre/orion/cph161/world-shared/mlupopa/max_conda_envs_frontier/envs/hydragnn_rocm600/lib/python3.11/site-packages/torch/nn/modules/linear.py", line 116, in forward
[rank118]:     return F.linear(input, self.weight, self.bias)
[rank118]:            ^^^^^^^^^^^^^^^^^^^^^^^^^^^^^^^^^^^^^^^
[rank118]: torch.cuda.OutOfMemoryError: HIP out of memory. Tried to allocate 1.55 GiB. GPU  has a total capacity of 63.98 GiB of which 1.31 GiB is free. Of the allocated memory 56.06 GiB is allocated by PyTorch, and 6.03 GiB is reserved by PyTorch but unallocated. If reserved but unallocated memory is large try setting PYTORCH_HIP_ALLOC_CONF=expandable_segments:True to avoid fragmentation.  See documentation for Memory Management  (https://pytorch.org/docs/stable/notes/cuda.html#environment-variables)
[rank90]: Traceback (most recent call last):
[rank90]:   File "/lustre/orion/lrn031/scratch/zye327/HydraGNN_ds/./examples/multidataset/train_deepspeed_exportmem.py", line 421, in <module>
[rank90]:     hydragnn.train.train_validate_test(
[rank90]:   File "/lustre/orion/lrn031/scratch/zye327/HydraGNN_ds/hydragnn/train/train_validate_test.py", line 158, in train_validate_test
[rank90]:     train_loss, train_taskserr = train(
[rank90]:                                  ^^^^^^
[rank90]:   File "/lustre/orion/lrn031/scratch/zye327/HydraGNN_ds/hydragnn/train/train_validate_test.py", line 496, in train
[rank90]:     pred = model(data)
[rank90]:            ^^^^^^^^^^^
[rank90]:   File "/lustre/orion/cph161/world-shared/mlupopa/max_conda_envs_frontier/envs/hydragnn_rocm600/lib/python3.11/site-packages/torch/nn/modules/module.py", line 1532, in _wrapped_call_impl
[rank90]:     return self._call_impl(*args, **kwargs)
[rank90]:            ^^^^^^^^^^^^^^^^^^^^^^^^^^^^^^^^
[rank90]:   File "/lustre/orion/cph161/world-shared/mlupopa/max_conda_envs_frontier/envs/hydragnn_rocm600/lib/python3.11/site-packages/torch/nn/modules/module.py", line 1541, in _call_impl
[rank90]:     return forward_call(*args, **kwargs)
[rank90]:            ^^^^^^^^^^^^^^^^^^^^^^^^^^^^^
[rank90]:   File "/ccs/home/zye327/.local/lib/python3.11/site-packages/deepspeed/utils/nvtx.py", line 15, in wrapped_fn
[rank90]:     ret_val = func(*args, **kwargs)
[rank90]:               ^^^^^^^^^^^^^^^^^^^^^
[rank90]:   File "/ccs/home/zye327/.local/lib/python3.11/site-packages/deepspeed/runtime/engine.py", line 1846, in forward
[rank90]:     loss = self.module(*inputs, **kwargs)
[rank90]:            ^^^^^^^^^^^^^^^^^^^^^^^^^^^^^^
[rank90]:   File "/lustre/orion/cph161/world-shared/mlupopa/max_conda_envs_frontier/envs/hydragnn_rocm600/lib/python3.11/site-packages/torch/nn/modules/module.py", line 1532, in _wrapped_call_impl
[rank90]:     return self._call_impl(*args, **kwargs)
[rank90]:            ^^^^^^^^^^^^^^^^^^^^^^^^^^^^^^^^
[rank90]:   File "/lustre/orion/cph161/world-shared/mlupopa/max_conda_envs_frontier/envs/hydragnn_rocm600/lib/python3.11/site-packages/torch/nn/modules/module.py", line 1541, in _call_impl
[rank90]:     return forward_call(*args, **kwargs)
[rank90]:            ^^^^^^^^^^^^^^^^^^^^^^^^^^^^^
[rank90]:   File "/lustre/orion/lrn031/scratch/zye327/HydraGNN_ds/hydragnn/models/Base.py", line 297, in forward
[rank90]:     c, pos = conv(x=x, pos=pos, **conv_args)
[rank90]:              ^^^^^^^^^^^^^^^^^^^^^^^^^^^^^^^
[rank90]:   File "/lustre/orion/cph161/world-shared/mlupopa/max_conda_envs_frontier/envs/hydragnn_rocm600/lib/python3.11/site-packages/torch/nn/modules/module.py", line 1532, in _wrapped_call_impl
[rank90]:     return self._call_impl(*args, **kwargs)
[rank90]:            ^^^^^^^^^^^^^^^^^^^^^^^^^^^^^^^^
[rank90]:   File "/lustre/orion/cph161/world-shared/mlupopa/max_conda_envs_frontier/envs/hydragnn_rocm600/lib/python3.11/site-packages/torch/nn/modules/module.py", line 1541, in _call_impl
[rank90]:     return forward_call(*args, **kwargs)
[rank90]:            ^^^^^^^^^^^^^^^^^^^^^^^^^^^^^
[rank90]:   File "/tmp/torch_geometric.nn.sequential_02ddcb_5z2q_zk4.py", line 19, in forward
[rank90]:     x = self.module_0(x, pos, edge_index, edge_attr)
[rank90]:         ^^^^^^^^^^^^^^^^^^^^^^^^^^^^^^^^^^^^^^^^^^^^
[rank90]:   File "/lustre/orion/cph161/world-shared/mlupopa/max_conda_envs_frontier/envs/hydragnn_rocm600/lib/python3.11/site-packages/torch/nn/modules/module.py", line 1532, in _wrapped_call_impl
[rank90]:     return self._call_impl(*args, **kwargs)
[rank90]:            ^^^^^^^^^^^^^^^^^^^^^^^^^^^^^^^^
[rank90]:   File "/lustre/orion/cph161/world-shared/mlupopa/max_conda_envs_frontier/envs/hydragnn_rocm600/lib/python3.11/site-packages/torch/nn/modules/module.py", line 1541, in _call_impl
[rank90]:     return forward_call(*args, **kwargs)
[rank90]:            ^^^^^^^^^^^^^^^^^^^^^^^^^^^^^
[rank90]:   File "/lustre/orion/lrn031/scratch/zye327/HydraGNN_ds/hydragnn/models/EGCLStack.py", line 229, in forward
[rank90]:     edge_feat = self.edge_model(x[row], x[col], radial, edge_attr)
[rank90]:                 ^^^^^^^^^^^^^^^^^^^^^^^^^^^^^^^^^^^^^^^^^^^^^^^^^^
[rank90]:   File "/lustre/orion/lrn031/scratch/zye327/HydraGNN_ds/hydragnn/models/EGCLStack.py", line 186, in edge_model
[rank90]:     out = self.edge_mlp(out)
[rank90]:           ^^^^^^^^^^^^^^^^^^
[rank90]:   File "/lustre/orion/cph161/world-shared/mlupopa/max_conda_envs_frontier/envs/hydragnn_rocm600/lib/python3.11/site-packages/torch/nn/modules/module.py", line 1532, in _wrapped_call_impl
[rank90]:     return self._call_impl(*args, **kwargs)
[rank90]:            ^^^^^^^^^^^^^^^^^^^^^^^^^^^^^^^^
[rank90]:   File "/lustre/orion/cph161/world-shared/mlupopa/max_conda_envs_frontier/envs/hydragnn_rocm600/lib/python3.11/site-packages/torch/nn/modules/module.py", line 1541, in _call_impl
[rank90]:     return forward_call(*args, **kwargs)
[rank90]:            ^^^^^^^^^^^^^^^^^^^^^^^^^^^^^
[rank90]:   File "/lustre/orion/cph161/world-shared/mlupopa/max_conda_envs_frontier/envs/hydragnn_rocm600/lib/python3.11/site-packages/torch/nn/modules/container.py", line 217, in forward
[rank90]:     input = module(input)
[rank90]:             ^^^^^^^^^^^^^
[rank90]:   File "/lustre/orion/cph161/world-shared/mlupopa/max_conda_envs_frontier/envs/hydragnn_rocm600/lib/python3.11/site-packages/torch/nn/modules/module.py", line 1532, in _wrapped_call_impl
[rank90]:     return self._call_impl(*args, **kwargs)
[rank90]:            ^^^^^^^^^^^^^^^^^^^^^^^^^^^^^^^^
[rank90]:   File "/lustre/orion/cph161/world-shared/mlupopa/max_conda_envs_frontier/envs/hydragnn_rocm600/lib/python3.11/site-packages/torch/nn/modules/module.py", line 1541, in _call_impl
[rank90]:     return forward_call(*args, **kwargs)
[rank90]:            ^^^^^^^^^^^^^^^^^^^^^^^^^^^^^
[rank90]:   File "/lustre/orion/cph161/world-shared/mlupopa/max_conda_envs_frontier/envs/hydragnn_rocm600/lib/python3.11/site-packages/torch/nn/modules/linear.py", line 116, in forward
[rank90]:     return F.linear(input, self.weight, self.bias)
[rank90]:            ^^^^^^^^^^^^^^^^^^^^^^^^^^^^^^^^^^^^^^^
[rank90]: torch.cuda.OutOfMemoryError: HIP out of memory. Tried to allocate 1.55 GiB. GPU  has a total capacity of 63.98 GiB of which 544.00 MiB is free. Of the allocated memory 56.23 GiB is allocated by PyTorch, and 6.64 GiB is reserved by PyTorch but unallocated. If reserved but unallocated memory is large try setting PYTORCH_HIP_ALLOC_CONF=expandable_segments:True to avoid fragmentation.  See documentation for Memory Management  (https://pytorch.org/docs/stable/notes/cuda.html#environment-variables)
[rank76]: Traceback (most recent call last):
[rank76]:   File "/lustre/orion/lrn031/scratch/zye327/HydraGNN_ds/./examples/multidataset/train_deepspeed_exportmem.py", line 421, in <module>
[rank76]:     hydragnn.train.train_validate_test(
[rank76]:   File "/lustre/orion/lrn031/scratch/zye327/HydraGNN_ds/hydragnn/train/train_validate_test.py", line 158, in train_validate_test
[rank76]:     train_loss, train_taskserr = train(
[rank76]:                                  ^^^^^^
[rank76]:   File "/lustre/orion/lrn031/scratch/zye327/HydraGNN_ds/hydragnn/train/train_validate_test.py", line 496, in train
[rank76]:     pred = model(data)
[rank76]:            ^^^^^^^^^^^
[rank76]:   File "/lustre/orion/cph161/world-shared/mlupopa/max_conda_envs_frontier/envs/hydragnn_rocm600/lib/python3.11/site-packages/torch/nn/modules/module.py", line 1532, in _wrapped_call_impl
[rank76]:     return self._call_impl(*args, **kwargs)
[rank76]:            ^^^^^^^^^^^^^^^^^^^^^^^^^^^^^^^^
[rank76]:   File "/lustre/orion/cph161/world-shared/mlupopa/max_conda_envs_frontier/envs/hydragnn_rocm600/lib/python3.11/site-packages/torch/nn/modules/module.py", line 1541, in _call_impl
[rank76]:     return forward_call(*args, **kwargs)
[rank76]:            ^^^^^^^^^^^^^^^^^^^^^^^^^^^^^
[rank76]:   File "/ccs/home/zye327/.local/lib/python3.11/site-packages/deepspeed/utils/nvtx.py", line 15, in wrapped_fn
[rank76]:     ret_val = func(*args, **kwargs)
[rank76]:               ^^^^^^^^^^^^^^^^^^^^^
[rank76]:   File "/ccs/home/zye327/.local/lib/python3.11/site-packages/deepspeed/runtime/engine.py", line 1846, in forward
[rank76]:     loss = self.module(*inputs, **kwargs)
[rank76]:            ^^^^^^^^^^^^^^^^^^^^^^^^^^^^^^
[rank76]:   File "/lustre/orion/cph161/world-shared/mlupopa/max_conda_envs_frontier/envs/hydragnn_rocm600/lib/python3.11/site-packages/torch/nn/modules/module.py", line 1532, in _wrapped_call_impl
[rank76]:     return self._call_impl(*args, **kwargs)
[rank76]:            ^^^^^^^^^^^^^^^^^^^^^^^^^^^^^^^^
[rank76]:   File "/lustre/orion/cph161/world-shared/mlupopa/max_conda_envs_frontier/envs/hydragnn_rocm600/lib/python3.11/site-packages/torch/nn/modules/module.py", line 1541, in _call_impl
[rank76]:     return forward_call(*args, **kwargs)
[rank76]:            ^^^^^^^^^^^^^^^^^^^^^^^^^^^^^
[rank76]:   File "/lustre/orion/lrn031/scratch/zye327/HydraGNN_ds/hydragnn/models/Base.py", line 297, in forward
[rank76]:     c, pos = conv(x=x, pos=pos, **conv_args)
[rank76]:              ^^^^^^^^^^^^^^^^^^^^^^^^^^^^^^^
[rank76]:   File "/lustre/orion/cph161/world-shared/mlupopa/max_conda_envs_frontier/envs/hydragnn_rocm600/lib/python3.11/site-packages/torch/nn/modules/module.py", line 1532, in _wrapped_call_impl
[rank76]:     return self._call_impl(*args, **kwargs)
[rank76]:            ^^^^^^^^^^^^^^^^^^^^^^^^^^^^^^^^
[rank76]:   File "/lustre/orion/cph161/world-shared/mlupopa/max_conda_envs_frontier/envs/hydragnn_rocm600/lib/python3.11/site-packages/torch/nn/modules/module.py", line 1541, in _call_impl
[rank76]:     return forward_call(*args, **kwargs)
[rank76]:            ^^^^^^^^^^^^^^^^^^^^^^^^^^^^^
[rank76]:   File "/tmp/torch_geometric.nn.sequential_289ac5_992kps9v.py", line 19, in forward
[rank76]:     x = self.module_0(x, pos, edge_index, edge_attr)
[rank76]:         ^^^^^^^^^^^^^^^^^^^^^^^^^^^^^^^^^^^^^^^^^^^^
[rank76]:   File "/lustre/orion/cph161/world-shared/mlupopa/max_conda_envs_frontier/envs/hydragnn_rocm600/lib/python3.11/site-packages/torch/nn/modules/module.py", line 1532, in _wrapped_call_impl
[rank76]:     return self._call_impl(*args, **kwargs)
[rank76]:            ^^^^^^^^^^^^^^^^^^^^^^^^^^^^^^^^
[rank76]:   File "/lustre/orion/cph161/world-shared/mlupopa/max_conda_envs_frontier/envs/hydragnn_rocm600/lib/python3.11/site-packages/torch/nn/modules/module.py", line 1541, in _call_impl
[rank76]:     return forward_call(*args, **kwargs)
[rank76]:            ^^^^^^^^^^^^^^^^^^^^^^^^^^^^^
[rank76]:   File "/lustre/orion/lrn031/scratch/zye327/HydraGNN_ds/hydragnn/models/EGCLStack.py", line 229, in forward
[rank76]:     edge_feat = self.edge_model(x[row], x[col], radial, edge_attr)
[rank76]:                 ^^^^^^^^^^^^^^^^^^^^^^^^^^^^^^^^^^^^^^^^^^^^^^^^^^
[rank76]:   File "/lustre/orion/lrn031/scratch/zye327/HydraGNN_ds/hydragnn/models/EGCLStack.py", line 185, in edge_model
[rank76]:     out = torch.cat([source, target, radial, edge_attr], dim=1)
[rank76]:           ^^^^^^^^^^^^^^^^^^^^^^^^^^^^^^^^^^^^^^^^^^^^^^^^^^^^^
[rank76]: torch.cuda.OutOfMemoryError: HIP out of memory. Tried to allocate 3.05 GiB. GPU  has a total capacity of 63.98 GiB of which 2.13 GiB is free. Of the allocated memory 52.45 GiB is allocated by PyTorch, and 8.83 GiB is reserved by PyTorch but unallocated. If reserved but unallocated memory is large try setting PYTORCH_HIP_ALLOC_CONF=expandable_segments:True to avoid fragmentation.  See documentation for Memory Management  (https://pytorch.org/docs/stable/notes/cuda.html#environment-variables)
[rank39]: Traceback (most recent call last):
[rank39]:   File "/lustre/orion/lrn031/scratch/zye327/HydraGNN_ds/./examples/multidataset/train_deepspeed_exportmem.py", line 421, in <module>
[rank39]:     hydragnn.train.train_validate_test(
[rank39]:   File "/lustre/orion/lrn031/scratch/zye327/HydraGNN_ds/hydragnn/train/train_validate_test.py", line 158, in train_validate_test
[rank39]:     train_loss, train_taskserr = train(
[rank39]:                                  ^^^^^^
[rank39]:   File "/lustre/orion/lrn031/scratch/zye327/HydraGNN_ds/hydragnn/train/train_validate_test.py", line 496, in train
[rank39]:     pred = model(data)
[rank39]:            ^^^^^^^^^^^
[rank39]:   File "/lustre/orion/cph161/world-shared/mlupopa/max_conda_envs_frontier/envs/hydragnn_rocm600/lib/python3.11/site-packages/torch/nn/modules/module.py", line 1532, in _wrapped_call_impl
[rank39]:     return self._call_impl(*args, **kwargs)
[rank39]:            ^^^^^^^^^^^^^^^^^^^^^^^^^^^^^^^^
[rank39]:   File "/lustre/orion/cph161/world-shared/mlupopa/max_conda_envs_frontier/envs/hydragnn_rocm600/lib/python3.11/site-packages/torch/nn/modules/module.py", line 1541, in _call_impl
[rank39]:     return forward_call(*args, **kwargs)
[rank39]:            ^^^^^^^^^^^^^^^^^^^^^^^^^^^^^
[rank39]:   File "/ccs/home/zye327/.local/lib/python3.11/site-packages/deepspeed/utils/nvtx.py", line 15, in wrapped_fn
[rank39]:     ret_val = func(*args, **kwargs)
[rank39]:               ^^^^^^^^^^^^^^^^^^^^^
[rank39]:   File "/ccs/home/zye327/.local/lib/python3.11/site-packages/deepspeed/runtime/engine.py", line 1846, in forward
[rank39]:     loss = self.module(*inputs, **kwargs)
[rank39]:            ^^^^^^^^^^^^^^^^^^^^^^^^^^^^^^
[rank39]:   File "/lustre/orion/cph161/world-shared/mlupopa/max_conda_envs_frontier/envs/hydragnn_rocm600/lib/python3.11/site-packages/torch/nn/modules/module.py", line 1532, in _wrapped_call_impl
[rank39]:     return self._call_impl(*args, **kwargs)
[rank39]:            ^^^^^^^^^^^^^^^^^^^^^^^^^^^^^^^^
[rank39]:   File "/lustre/orion/cph161/world-shared/mlupopa/max_conda_envs_frontier/envs/hydragnn_rocm600/lib/python3.11/site-packages/torch/nn/modules/module.py", line 1541, in _call_impl
[rank39]:     return forward_call(*args, **kwargs)
[rank39]:            ^^^^^^^^^^^^^^^^^^^^^^^^^^^^^
[rank39]:   File "/lustre/orion/lrn031/scratch/zye327/HydraGNN_ds/hydragnn/models/Base.py", line 297, in forward
[rank39]:     c, pos = conv(x=x, pos=pos, **conv_args)
[rank39]:              ^^^^^^^^^^^^^^^^^^^^^^^^^^^^^^^
[rank39]:   File "/lustre/orion/cph161/world-shared/mlupopa/max_conda_envs_frontier/envs/hydragnn_rocm600/lib/python3.11/site-packages/torch/nn/modules/module.py", line 1532, in _wrapped_call_impl
[rank39]:     return self._call_impl(*args, **kwargs)
[rank39]:            ^^^^^^^^^^^^^^^^^^^^^^^^^^^^^^^^
[rank39]:   File "/lustre/orion/cph161/world-shared/mlupopa/max_conda_envs_frontier/envs/hydragnn_rocm600/lib/python3.11/site-packages/torch/nn/modules/module.py", line 1541, in _call_impl
[rank39]:     return forward_call(*args, **kwargs)
[rank39]:            ^^^^^^^^^^^^^^^^^^^^^^^^^^^^^
[rank39]:   File "/tmp/torch_geometric.nn.sequential_6e497f_24o6xfi4.py", line 19, in forward
[rank39]:     x = self.module_0(x, pos, edge_index, edge_attr)
[rank39]:         ^^^^^^^^^^^^^^^^^^^^^^^^^^^^^^^^^^^^^^^^^^^^
[rank39]:   File "/lustre/orion/cph161/world-shared/mlupopa/max_conda_envs_frontier/envs/hydragnn_rocm600/lib/python3.11/site-packages/torch/nn/modules/module.py", line 1532, in _wrapped_call_impl
[rank39]:     return self._call_impl(*args, **kwargs)
[rank39]:            ^^^^^^^^^^^^^^^^^^^^^^^^^^^^^^^^
[rank39]:   File "/lustre/orion/cph161/world-shared/mlupopa/max_conda_envs_frontier/envs/hydragnn_rocm600/lib/python3.11/site-packages/torch/nn/modules/module.py", line 1541, in _call_impl
[rank39]:     return forward_call(*args, **kwargs)
[rank39]:            ^^^^^^^^^^^^^^^^^^^^^^^^^^^^^
[rank39]:   File "/lustre/orion/lrn031/scratch/zye327/HydraGNN_ds/hydragnn/models/EGCLStack.py", line 229, in forward
[rank39]:     edge_feat = self.edge_model(x[row], x[col], radial, edge_attr)
[rank39]:                 ^^^^^^^^^^^^^^^^^^^^^^^^^^^^^^^^^^^^^^^^^^^^^^^^^^
[rank39]:   File "/lustre/orion/lrn031/scratch/zye327/HydraGNN_ds/hydragnn/models/EGCLStack.py", line 186, in edge_model
[rank39]:     out = self.edge_mlp(out)
[rank39]:           ^^^^^^^^^^^^^^^^^^
[rank39]:   File "/lustre/orion/cph161/world-shared/mlupopa/max_conda_envs_frontier/envs/hydragnn_rocm600/lib/python3.11/site-packages/torch/nn/modules/module.py", line 1532, in _wrapped_call_impl
[rank39]:     return self._call_impl(*args, **kwargs)
[rank39]:            ^^^^^^^^^^^^^^^^^^^^^^^^^^^^^^^^
[rank39]:   File "/lustre/orion/cph161/world-shared/mlupopa/max_conda_envs_frontier/envs/hydragnn_rocm600/lib/python3.11/site-packages/torch/nn/modules/module.py", line 1541, in _call_impl
[rank39]:     return forward_call(*args, **kwargs)
[rank39]:            ^^^^^^^^^^^^^^^^^^^^^^^^^^^^^
[rank39]:   File "/lustre/orion/cph161/world-shared/mlupopa/max_conda_envs_frontier/envs/hydragnn_rocm600/lib/python3.11/site-packages/torch/nn/modules/container.py", line 217, in forward
[rank39]:     input = module(input)
[rank39]:             ^^^^^^^^^^^^^
[rank39]:   File "/lustre/orion/cph161/world-shared/mlupopa/max_conda_envs_frontier/envs/hydragnn_rocm600/lib/python3.11/site-packages/torch/nn/modules/module.py", line 1532, in _wrapped_call_impl
[rank39]:     return self._call_impl(*args, **kwargs)
[rank39]:            ^^^^^^^^^^^^^^^^^^^^^^^^^^^^^^^^
[rank39]:   File "/lustre/orion/cph161/world-shared/mlupopa/max_conda_envs_frontier/envs/hydragnn_rocm600/lib/python3.11/site-packages/torch/nn/modules/module.py", line 1541, in _call_impl
[rank39]:     return forward_call(*args, **kwargs)
[rank39]:            ^^^^^^^^^^^^^^^^^^^^^^^^^^^^^
[rank39]:   File "/lustre/orion/cph161/world-shared/mlupopa/max_conda_envs_frontier/envs/hydragnn_rocm600/lib/python3.11/site-packages/torch/nn/modules/activation.py", line 103, in forward
[rank39]:     return F.relu(input, inplace=self.inplace)
[rank39]:            ^^^^^^^^^^^^^^^^^^^^^^^^^^^^^^^^^^^
[rank39]:   File "/lustre/orion/cph161/world-shared/mlupopa/max_conda_envs_frontier/envs/hydragnn_rocm600/lib/python3.11/site-packages/torch/nn/functional.py", line 1500, in relu
[rank39]:     result = torch.relu(input)
[rank39]:              ^^^^^^^^^^^^^^^^^
[rank39]: torch.cuda.OutOfMemoryError: HIP out of memory. Tried to allocate 1.44 GiB. GPU  has a total capacity of 63.98 GiB of which 730.00 MiB is free. Of the allocated memory 54.45 GiB is allocated by PyTorch, and 8.24 GiB is reserved by PyTorch but unallocated. If reserved but unallocated memory is large try setting PYTORCH_HIP_ALLOC_CONF=expandable_segments:True to avoid fragmentation.  See documentation for Memory Management  (https://pytorch.org/docs/stable/notes/cuda.html#environment-variables)
[rank51]: Traceback (most recent call last):
[rank51]:   File "/lustre/orion/lrn031/scratch/zye327/HydraGNN_ds/./examples/multidataset/train_deepspeed_exportmem.py", line 421, in <module>
[rank51]:     hydragnn.train.train_validate_test(
[rank51]:   File "/lustre/orion/lrn031/scratch/zye327/HydraGNN_ds/hydragnn/train/train_validate_test.py", line 158, in train_validate_test
[rank51]:     train_loss, train_taskserr = train(
[rank51]:                                  ^^^^^^
[rank51]:   File "/lustre/orion/lrn031/scratch/zye327/HydraGNN_ds/hydragnn/train/train_validate_test.py", line 496, in train
[rank51]:     pred = model(data)
[rank51]:            ^^^^^^^^^^^
[rank51]:   File "/lustre/orion/cph161/world-shared/mlupopa/max_conda_envs_frontier/envs/hydragnn_rocm600/lib/python3.11/site-packages/torch/nn/modules/module.py", line 1532, in _wrapped_call_impl
[rank51]:     return self._call_impl(*args, **kwargs)
[rank51]:            ^^^^^^^^^^^^^^^^^^^^^^^^^^^^^^^^
[rank51]:   File "/lustre/orion/cph161/world-shared/mlupopa/max_conda_envs_frontier/envs/hydragnn_rocm600/lib/python3.11/site-packages/torch/nn/modules/module.py", line 1541, in _call_impl
[rank51]:     return forward_call(*args, **kwargs)
[rank51]:            ^^^^^^^^^^^^^^^^^^^^^^^^^^^^^
[rank51]:   File "/ccs/home/zye327/.local/lib/python3.11/site-packages/deepspeed/utils/nvtx.py", line 15, in wrapped_fn
[rank51]:     ret_val = func(*args, **kwargs)
[rank51]:               ^^^^^^^^^^^^^^^^^^^^^
[rank51]:   File "/ccs/home/zye327/.local/lib/python3.11/site-packages/deepspeed/runtime/engine.py", line 1846, in forward
[rank51]:     loss = self.module(*inputs, **kwargs)
[rank51]:            ^^^^^^^^^^^^^^^^^^^^^^^^^^^^^^
[rank51]:   File "/lustre/orion/cph161/world-shared/mlupopa/max_conda_envs_frontier/envs/hydragnn_rocm600/lib/python3.11/site-packages/torch/nn/modules/module.py", line 1532, in _wrapped_call_impl
[rank51]:     return self._call_impl(*args, **kwargs)
[rank51]:            ^^^^^^^^^^^^^^^^^^^^^^^^^^^^^^^^
[rank51]:   File "/lustre/orion/cph161/world-shared/mlupopa/max_conda_envs_frontier/envs/hydragnn_rocm600/lib/python3.11/site-packages/torch/nn/modules/module.py", line 1541, in _call_impl
[rank51]:     return forward_call(*args, **kwargs)
[rank51]:            ^^^^^^^^^^^^^^^^^^^^^^^^^^^^^
[rank51]:   File "/lustre/orion/lrn031/scratch/zye327/HydraGNN_ds/hydragnn/models/Base.py", line 297, in forward
[rank51]:     c, pos = conv(x=x, pos=pos, **conv_args)
[rank51]:              ^^^^^^^^^^^^^^^^^^^^^^^^^^^^^^^
[rank51]:   File "/lustre/orion/cph161/world-shared/mlupopa/max_conda_envs_frontier/envs/hydragnn_rocm600/lib/python3.11/site-packages/torch/nn/modules/module.py", line 1532, in _wrapped_call_impl
[rank51]:     return self._call_impl(*args, **kwargs)
[rank51]:            ^^^^^^^^^^^^^^^^^^^^^^^^^^^^^^^^
[rank51]:   File "/lustre/orion/cph161/world-shared/mlupopa/max_conda_envs_frontier/envs/hydragnn_rocm600/lib/python3.11/site-packages/torch/nn/modules/module.py", line 1541, in _call_impl
[rank51]:     return forward_call(*args, **kwargs)
[rank51]:            ^^^^^^^^^^^^^^^^^^^^^^^^^^^^^
[rank51]:   File "/tmp/torch_geometric.nn.sequential_ebdf3e_1he1_dnm.py", line 19, in forward
[rank51]:     x = self.module_0(x, pos, edge_index, edge_attr)
[rank51]:         ^^^^^^^^^^^^^^^^^^^^^^^^^^^^^^^^^^^^^^^^^^^^
[rank51]:   File "/lustre/orion/cph161/world-shared/mlupopa/max_conda_envs_frontier/envs/hydragnn_rocm600/lib/python3.11/site-packages/torch/nn/modules/module.py", line 1532, in _wrapped_call_impl
[rank51]:     return self._call_impl(*args, **kwargs)
[rank51]:            ^^^^^^^^^^^^^^^^^^^^^^^^^^^^^^^^
[rank51]:   File "/lustre/orion/cph161/world-shared/mlupopa/max_conda_envs_frontier/envs/hydragnn_rocm600/lib/python3.11/site-packages/torch/nn/modules/module.py", line 1541, in _call_impl
[rank51]:     return forward_call(*args, **kwargs)
[rank51]:            ^^^^^^^^^^^^^^^^^^^^^^^^^^^^^
[rank51]:   File "/lustre/orion/lrn031/scratch/zye327/HydraGNN_ds/hydragnn/models/EGCLStack.py", line 229, in forward
[rank51]:     edge_feat = self.edge_model(x[row], x[col], radial, edge_attr)
[rank51]:                 ^^^^^^^^^^^^^^^^^^^^^^^^^^^^^^^^^^^^^^^^^^^^^^^^^^
[rank51]:   File "/lustre/orion/lrn031/scratch/zye327/HydraGNN_ds/hydragnn/models/EGCLStack.py", line 185, in edge_model
[rank51]:     out = torch.cat([source, target, radial, edge_attr], dim=1)
[rank51]:           ^^^^^^^^^^^^^^^^^^^^^^^^^^^^^^^^^^^^^^^^^^^^^^^^^^^^^
[rank51]: torch.cuda.OutOfMemoryError: HIP out of memory. Tried to allocate 3.07 GiB. GPU  has a total capacity of 63.98 GiB of which 2.77 GiB is free. Of the allocated memory 52.64 GiB is allocated by PyTorch, and 7.99 GiB is reserved by PyTorch but unallocated. If reserved but unallocated memory is large try setting PYTORCH_HIP_ALLOC_CONF=expandable_segments:True to avoid fragmentation.  See documentation for Memory Management  (https://pytorch.org/docs/stable/notes/cuda.html#environment-variables)
[rank71]: Traceback (most recent call last):
[rank71]:   File "/lustre/orion/lrn031/scratch/zye327/HydraGNN_ds/./examples/multidataset/train_deepspeed_exportmem.py", line 421, in <module>
[rank71]:     hydragnn.train.train_validate_test(
[rank71]:   File "/lustre/orion/lrn031/scratch/zye327/HydraGNN_ds/hydragnn/train/train_validate_test.py", line 158, in train_validate_test
[rank71]:     train_loss, train_taskserr = train(
[rank71]:                                  ^^^^^^
[rank71]:   File "/lustre/orion/lrn031/scratch/zye327/HydraGNN_ds/hydragnn/train/train_validate_test.py", line 496, in train
[rank71]:     pred = model(data)
[rank71]:            ^^^^^^^^^^^
[rank71]:   File "/lustre/orion/cph161/world-shared/mlupopa/max_conda_envs_frontier/envs/hydragnn_rocm600/lib/python3.11/site-packages/torch/nn/modules/module.py", line 1532, in _wrapped_call_impl
[rank71]:     return self._call_impl(*args, **kwargs)
[rank71]:            ^^^^^^^^^^^^^^^^^^^^^^^^^^^^^^^^
[rank71]:   File "/lustre/orion/cph161/world-shared/mlupopa/max_conda_envs_frontier/envs/hydragnn_rocm600/lib/python3.11/site-packages/torch/nn/modules/module.py", line 1541, in _call_impl
[rank71]:     return forward_call(*args, **kwargs)
[rank71]:            ^^^^^^^^^^^^^^^^^^^^^^^^^^^^^
[rank71]:   File "/ccs/home/zye327/.local/lib/python3.11/site-packages/deepspeed/utils/nvtx.py", line 15, in wrapped_fn
[rank71]:     ret_val = func(*args, **kwargs)
[rank71]:               ^^^^^^^^^^^^^^^^^^^^^
[rank71]:   File "/ccs/home/zye327/.local/lib/python3.11/site-packages/deepspeed/runtime/engine.py", line 1846, in forward
[rank71]:     loss = self.module(*inputs, **kwargs)
[rank71]:            ^^^^^^^^^^^^^^^^^^^^^^^^^^^^^^
[rank71]:   File "/lustre/orion/cph161/world-shared/mlupopa/max_conda_envs_frontier/envs/hydragnn_rocm600/lib/python3.11/site-packages/torch/nn/modules/module.py", line 1532, in _wrapped_call_impl
[rank71]:     return self._call_impl(*args, **kwargs)
[rank71]:            ^^^^^^^^^^^^^^^^^^^^^^^^^^^^^^^^
[rank71]:   File "/lustre/orion/cph161/world-shared/mlupopa/max_conda_envs_frontier/envs/hydragnn_rocm600/lib/python3.11/site-packages/torch/nn/modules/module.py", line 1541, in _call_impl
[rank71]:     return forward_call(*args, **kwargs)
[rank71]:            ^^^^^^^^^^^^^^^^^^^^^^^^^^^^^
[rank71]:   File "/lustre/orion/lrn031/scratch/zye327/HydraGNN_ds/hydragnn/models/Base.py", line 297, in forward
[rank71]:     c, pos = conv(x=x, pos=pos, **conv_args)
[rank71]:              ^^^^^^^^^^^^^^^^^^^^^^^^^^^^^^^
[rank71]:   File "/lustre/orion/cph161/world-shared/mlupopa/max_conda_envs_frontier/envs/hydragnn_rocm600/lib/python3.11/site-packages/torch/nn/modules/module.py", line 1532, in _wrapped_call_impl
[rank71]:     return self._call_impl(*args, **kwargs)
[rank71]:            ^^^^^^^^^^^^^^^^^^^^^^^^^^^^^^^^
[rank71]:   File "/lustre/orion/cph161/world-shared/mlupopa/max_conda_envs_frontier/envs/hydragnn_rocm600/lib/python3.11/site-packages/torch/nn/modules/module.py", line 1541, in _call_impl
[rank71]:     return forward_call(*args, **kwargs)
[rank71]:            ^^^^^^^^^^^^^^^^^^^^^^^^^^^^^
[rank71]:   File "/tmp/torch_geometric.nn.sequential_871f22_fygapptd.py", line 19, in forward
[rank71]:     x = self.module_0(x, pos, edge_index, edge_attr)
[rank71]:         ^^^^^^^^^^^^^^^^^^^^^^^^^^^^^^^^^^^^^^^^^^^^
[rank71]:   File "/lustre/orion/cph161/world-shared/mlupopa/max_conda_envs_frontier/envs/hydragnn_rocm600/lib/python3.11/site-packages/torch/nn/modules/module.py", line 1532, in _wrapped_call_impl
[rank71]:     return self._call_impl(*args, **kwargs)
[rank71]:            ^^^^^^^^^^^^^^^^^^^^^^^^^^^^^^^^
[rank71]:   File "/lustre/orion/cph161/world-shared/mlupopa/max_conda_envs_frontier/envs/hydragnn_rocm600/lib/python3.11/site-packages/torch/nn/modules/module.py", line 1541, in _call_impl
[rank71]:     return forward_call(*args, **kwargs)
[rank71]:            ^^^^^^^^^^^^^^^^^^^^^^^^^^^^^
[rank71]:   File "/lustre/orion/lrn031/scratch/zye327/HydraGNN_ds/hydragnn/models/EGCLStack.py", line 229, in forward
[rank71]:     edge_feat = self.edge_model(x[row], x[col], radial, edge_attr)
[rank71]:                 ^^^^^^^^^^^^^^^^^^^^^^^^^^^^^^^^^^^^^^^^^^^^^^^^^^
[rank71]:   File "/lustre/orion/lrn031/scratch/zye327/HydraGNN_ds/hydragnn/models/EGCLStack.py", line 185, in edge_model
[rank71]:     out = torch.cat([source, target, radial, edge_attr], dim=1)
[rank71]:           ^^^^^^^^^^^^^^^^^^^^^^^^^^^^^^^^^^^^^^^^^^^^^^^^^^^^^
[rank71]: torch.cuda.OutOfMemoryError: HIP out of memory. Tried to allocate 3.05 GiB. GPU  has a total capacity of 63.98 GiB of which 1.38 GiB is free. Of the allocated memory 52.41 GiB is allocated by PyTorch, and 9.62 GiB is reserved by PyTorch but unallocated. If reserved but unallocated memory is large try setting PYTORCH_HIP_ALLOC_CONF=expandable_segments:True to avoid fragmentation.  See documentation for Memory Management  (https://pytorch.org/docs/stable/notes/cuda.html#environment-variables)
[rank3]: Traceback (most recent call last):
[rank3]:   File "/lustre/orion/lrn031/scratch/zye327/HydraGNN_ds/./examples/multidataset/train_deepspeed_exportmem.py", line 421, in <module>
[rank3]:     hydragnn.train.train_validate_test(
[rank3]:   File "/lustre/orion/lrn031/scratch/zye327/HydraGNN_ds/hydragnn/train/train_validate_test.py", line 158, in train_validate_test
[rank3]:     train_loss, train_taskserr = train(
[rank3]:                                  ^^^^^^
[rank3]:   File "/lustre/orion/lrn031/scratch/zye327/HydraGNN_ds/hydragnn/train/train_validate_test.py", line 496, in train
[rank3]:     pred = model(data)
[rank3]:            ^^^^^^^^^^^
[rank3]:   File "/lustre/orion/cph161/world-shared/mlupopa/max_conda_envs_frontier/envs/hydragnn_rocm600/lib/python3.11/site-packages/torch/nn/modules/module.py", line 1532, in _wrapped_call_impl
[rank3]:     return self._call_impl(*args, **kwargs)
[rank3]:            ^^^^^^^^^^^^^^^^^^^^^^^^^^^^^^^^
[rank3]:   File "/lustre/orion/cph161/world-shared/mlupopa/max_conda_envs_frontier/envs/hydragnn_rocm600/lib/python3.11/site-packages/torch/nn/modules/module.py", line 1541, in _call_impl
[rank3]:     return forward_call(*args, **kwargs)
[rank3]:            ^^^^^^^^^^^^^^^^^^^^^^^^^^^^^
[rank3]:   File "/ccs/home/zye327/.local/lib/python3.11/site-packages/deepspeed/utils/nvtx.py", line 15, in wrapped_fn
[rank3]:     ret_val = func(*args, **kwargs)
[rank3]:               ^^^^^^^^^^^^^^^^^^^^^
[rank3]:   File "/ccs/home/zye327/.local/lib/python3.11/site-packages/deepspeed/runtime/engine.py", line 1846, in forward
[rank3]:     loss = self.module(*inputs, **kwargs)
[rank3]:            ^^^^^^^^^^^^^^^^^^^^^^^^^^^^^^
[rank3]:   File "/lustre/orion/cph161/world-shared/mlupopa/max_conda_envs_frontier/envs/hydragnn_rocm600/lib/python3.11/site-packages/torch/nn/modules/module.py", line 1532, in _wrapped_call_impl
[rank3]:     return self._call_impl(*args, **kwargs)
[rank3]:            ^^^^^^^^^^^^^^^^^^^^^^^^^^^^^^^^
[rank3]:   File "/lustre/orion/cph161/world-shared/mlupopa/max_conda_envs_frontier/envs/hydragnn_rocm600/lib/python3.11/site-packages/torch/nn/modules/module.py", line 1541, in _call_impl
[rank3]:     return forward_call(*args, **kwargs)
[rank3]:            ^^^^^^^^^^^^^^^^^^^^^^^^^^^^^
[rank3]:   File "/lustre/orion/lrn031/scratch/zye327/HydraGNN_ds/hydragnn/models/Base.py", line 297, in forward
[rank3]:     c, pos = conv(x=x, pos=pos, **conv_args)
[rank3]:              ^^^^^^^^^^^^^^^^^^^^^^^^^^^^^^^
[rank3]:   File "/lustre/orion/cph161/world-shared/mlupopa/max_conda_envs_frontier/envs/hydragnn_rocm600/lib/python3.11/site-packages/torch/nn/modules/module.py", line 1532, in _wrapped_call_impl
[rank3]:     return self._call_impl(*args, **kwargs)
[rank3]:            ^^^^^^^^^^^^^^^^^^^^^^^^^^^^^^^^
[rank3]:   File "/lustre/orion/cph161/world-shared/mlupopa/max_conda_envs_frontier/envs/hydragnn_rocm600/lib/python3.11/site-packages/torch/nn/modules/module.py", line 1541, in _call_impl
[rank3]:     return forward_call(*args, **kwargs)
[rank3]:            ^^^^^^^^^^^^^^^^^^^^^^^^^^^^^
[rank3]:   File "/tmp/torch_geometric.nn.sequential_8d1c68_me4pqmxy.py", line 19, in forward
[rank3]:     x = self.module_0(x, pos, edge_index, edge_attr)
[rank3]:         ^^^^^^^^^^^^^^^^^^^^^^^^^^^^^^^^^^^^^^^^^^^^
[rank3]:   File "/lustre/orion/cph161/world-shared/mlupopa/max_conda_envs_frontier/envs/hydragnn_rocm600/lib/python3.11/site-packages/torch/nn/modules/module.py", line 1532, in _wrapped_call_impl
[rank3]:     return self._call_impl(*args, **kwargs)
[rank3]:            ^^^^^^^^^^^^^^^^^^^^^^^^^^^^^^^^
[rank3]:   File "/lustre/orion/cph161/world-shared/mlupopa/max_conda_envs_frontier/envs/hydragnn_rocm600/lib/python3.11/site-packages/torch/nn/modules/module.py", line 1541, in _call_impl
[rank3]:     return forward_call(*args, **kwargs)
[rank3]:            ^^^^^^^^^^^^^^^^^^^^^^^^^^^^^
[rank3]:   File "/lustre/orion/lrn031/scratch/zye327/HydraGNN_ds/hydragnn/models/EGCLStack.py", line 229, in forward
[rank3]:     edge_feat = self.edge_model(x[row], x[col], radial, edge_attr)
[rank3]:                 ^^^^^^^^^^^^^^^^^^^^^^^^^^^^^^^^^^^^^^^^^^^^^^^^^^
[rank3]:   File "/lustre/orion/lrn031/scratch/zye327/HydraGNN_ds/hydragnn/models/EGCLStack.py", line 186, in edge_model
[rank3]:     out = self.edge_mlp(out)
[rank3]:           ^^^^^^^^^^^^^^^^^^
[rank3]:   File "/lustre/orion/cph161/world-shared/mlupopa/max_conda_envs_frontier/envs/hydragnn_rocm600/lib/python3.11/site-packages/torch/nn/modules/module.py", line 1532, in _wrapped_call_impl
[rank3]:     return self._call_impl(*args, **kwargs)
[rank3]:            ^^^^^^^^^^^^^^^^^^^^^^^^^^^^^^^^
[rank3]:   File "/lustre/orion/cph161/world-shared/mlupopa/max_conda_envs_frontier/envs/hydragnn_rocm600/lib/python3.11/site-packages/torch/nn/modules/module.py", line 1541, in _call_impl
[rank3]:     return forward_call(*args, **kwargs)
[rank3]:            ^^^^^^^^^^^^^^^^^^^^^^^^^^^^^
[rank3]:   File "/lustre/orion/cph161/world-shared/mlupopa/max_conda_envs_frontier/envs/hydragnn_rocm600/lib/python3.11/site-packages/torch/nn/modules/container.py", line 217, in forward
[rank3]:     input = module(input)
[rank3]:             ^^^^^^^^^^^^^
[rank3]:   File "/lustre/orion/cph161/world-shared/mlupopa/max_conda_envs_frontier/envs/hydragnn_rocm600/lib/python3.11/site-packages/torch/nn/modules/module.py", line 1532, in _wrapped_call_impl
[rank3]:     return self._call_impl(*args, **kwargs)
[rank3]:            ^^^^^^^^^^^^^^^^^^^^^^^^^^^^^^^^
[rank3]:   File "/lustre/orion/cph161/world-shared/mlupopa/max_conda_envs_frontier/envs/hydragnn_rocm600/lib/python3.11/site-packages/torch/nn/modules/module.py", line 1541, in _call_impl
[rank3]:     return forward_call(*args, **kwargs)
[rank3]:            ^^^^^^^^^^^^^^^^^^^^^^^^^^^^^
[rank3]:   File "/lustre/orion/cph161/world-shared/mlupopa/max_conda_envs_frontier/envs/hydragnn_rocm600/lib/python3.11/site-packages/torch/nn/modules/activation.py", line 103, in forward
[rank3]:     return F.relu(input, inplace=self.inplace)
[rank3]:            ^^^^^^^^^^^^^^^^^^^^^^^^^^^^^^^^^^^
[rank3]:   File "/lustre/orion/cph161/world-shared/mlupopa/max_conda_envs_frontier/envs/hydragnn_rocm600/lib/python3.11/site-packages/torch/nn/functional.py", line 1500, in relu
[rank3]:     result = torch.relu(input)
[rank3]:              ^^^^^^^^^^^^^^^^^
[rank3]: torch.cuda.OutOfMemoryError: HIP out of memory. Tried to allocate 1.43 GiB. GPU  has a total capacity of 63.98 GiB of which 8.00 MiB is free. Of the allocated memory 54.18 GiB is allocated by PyTorch, and 9.21 GiB is reserved by PyTorch but unallocated. If reserved but unallocated memory is large try setting PYTORCH_HIP_ALLOC_CONF=expandable_segments:True to avoid fragmentation.  See documentation for Memory Management  (https://pytorch.org/docs/stable/notes/cuda.html#environment-variables)
[rank12]: Traceback (most recent call last):
[rank12]:   File "/lustre/orion/lrn031/scratch/zye327/HydraGNN_ds/./examples/multidataset/train_deepspeed_exportmem.py", line 421, in <module>
[rank12]:     hydragnn.train.train_validate_test(
[rank12]:   File "/lustre/orion/lrn031/scratch/zye327/HydraGNN_ds/hydragnn/train/train_validate_test.py", line 158, in train_validate_test
[rank12]:     train_loss, train_taskserr = train(
[rank12]:                                  ^^^^^^
[rank12]:   File "/lustre/orion/lrn031/scratch/zye327/HydraGNN_ds/hydragnn/train/train_validate_test.py", line 496, in train
[rank12]:     pred = model(data)
[rank12]:            ^^^^^^^^^^^
[rank12]:   File "/lustre/orion/cph161/world-shared/mlupopa/max_conda_envs_frontier/envs/hydragnn_rocm600/lib/python3.11/site-packages/torch/nn/modules/module.py", line 1532, in _wrapped_call_impl
[rank12]:     return self._call_impl(*args, **kwargs)
[rank12]:            ^^^^^^^^^^^^^^^^^^^^^^^^^^^^^^^^
[rank12]:   File "/lustre/orion/cph161/world-shared/mlupopa/max_conda_envs_frontier/envs/hydragnn_rocm600/lib/python3.11/site-packages/torch/nn/modules/module.py", line 1541, in _call_impl
[rank12]:     return forward_call(*args, **kwargs)
[rank12]:            ^^^^^^^^^^^^^^^^^^^^^^^^^^^^^
[rank12]:   File "/ccs/home/zye327/.local/lib/python3.11/site-packages/deepspeed/utils/nvtx.py", line 15, in wrapped_fn
[rank12]:     ret_val = func(*args, **kwargs)
[rank12]:               ^^^^^^^^^^^^^^^^^^^^^
[rank12]:   File "/ccs/home/zye327/.local/lib/python3.11/site-packages/deepspeed/runtime/engine.py", line 1846, in forward
[rank12]:     loss = self.module(*inputs, **kwargs)
[rank12]:            ^^^^^^^^^^^^^^^^^^^^^^^^^^^^^^
[rank12]:   File "/lustre/orion/cph161/world-shared/mlupopa/max_conda_envs_frontier/envs/hydragnn_rocm600/lib/python3.11/site-packages/torch/nn/modules/module.py", line 1532, in _wrapped_call_impl
[rank12]:     return self._call_impl(*args, **kwargs)
[rank12]:            ^^^^^^^^^^^^^^^^^^^^^^^^^^^^^^^^
[rank12]:   File "/lustre/orion/cph161/world-shared/mlupopa/max_conda_envs_frontier/envs/hydragnn_rocm600/lib/python3.11/site-packages/torch/nn/modules/module.py", line 1541, in _call_impl
[rank12]:     return forward_call(*args, **kwargs)
[rank12]:            ^^^^^^^^^^^^^^^^^^^^^^^^^^^^^
[rank12]:   File "/lustre/orion/lrn031/scratch/zye327/HydraGNN_ds/hydragnn/models/Base.py", line 297, in forward
[rank12]:     c, pos = conv(x=x, pos=pos, **conv_args)
[rank12]:              ^^^^^^^^^^^^^^^^^^^^^^^^^^^^^^^
[rank12]:   File "/lustre/orion/cph161/world-shared/mlupopa/max_conda_envs_frontier/envs/hydragnn_rocm600/lib/python3.11/site-packages/torch/nn/modules/module.py", line 1532, in _wrapped_call_impl
[rank12]:     return self._call_impl(*args, **kwargs)
[rank12]:            ^^^^^^^^^^^^^^^^^^^^^^^^^^^^^^^^
[rank12]:   File "/lustre/orion/cph161/world-shared/mlupopa/max_conda_envs_frontier/envs/hydragnn_rocm600/lib/python3.11/site-packages/torch/nn/modules/module.py", line 1541, in _call_impl
[rank12]:     return forward_call(*args, **kwargs)
[rank12]:            ^^^^^^^^^^^^^^^^^^^^^^^^^^^^^
[rank12]:   File "/tmp/torch_geometric.nn.sequential_178ee7_x3exuflv.py", line 19, in forward
[rank12]:     x = self.module_0(x, pos, edge_index, edge_attr)
[rank12]:         ^^^^^^^^^^^^^^^^^^^^^^^^^^^^^^^^^^^^^^^^^^^^
[rank12]:   File "/lustre/orion/cph161/world-shared/mlupopa/max_conda_envs_frontier/envs/hydragnn_rocm600/lib/python3.11/site-packages/torch/nn/modules/module.py", line 1532, in _wrapped_call_impl
[rank12]:     return self._call_impl(*args, **kwargs)
[rank12]:            ^^^^^^^^^^^^^^^^^^^^^^^^^^^^^^^^
[rank12]:   File "/lustre/orion/cph161/world-shared/mlupopa/max_conda_envs_frontier/envs/hydragnn_rocm600/lib/python3.11/site-packages/torch/nn/modules/module.py", line 1541, in _call_impl
[rank12]:     return forward_call(*args, **kwargs)
[rank12]:            ^^^^^^^^^^^^^^^^^^^^^^^^^^^^^
[rank12]:   File "/lustre/orion/lrn031/scratch/zye327/HydraGNN_ds/hydragnn/models/EGCLStack.py", line 229, in forward
[rank12]:     edge_feat = self.edge_model(x[row], x[col], radial, edge_attr)
[rank12]:                 ^^^^^^^^^^^^^^^^^^^^^^^^^^^^^^^^^^^^^^^^^^^^^^^^^^
[rank12]:   File "/lustre/orion/lrn031/scratch/zye327/HydraGNN_ds/hydragnn/models/EGCLStack.py", line 186, in edge_model
[rank12]:     out = self.edge_mlp(out)
[rank12]:           ^^^^^^^^^^^^^^^^^^
[rank12]:   File "/lustre/orion/cph161/world-shared/mlupopa/max_conda_envs_frontier/envs/hydragnn_rocm600/lib/python3.11/site-packages/torch/nn/modules/module.py", line 1532, in _wrapped_call_impl
[rank12]:     return self._call_impl(*args, **kwargs)
[rank12]:            ^^^^^^^^^^^^^^^^^^^^^^^^^^^^^^^^
[rank12]:   File "/lustre/orion/cph161/world-shared/mlupopa/max_conda_envs_frontier/envs/hydragnn_rocm600/lib/python3.11/site-packages/torch/nn/modules/module.py", line 1541, in _call_impl
[rank12]:     return forward_call(*args, **kwargs)
[rank12]:            ^^^^^^^^^^^^^^^^^^^^^^^^^^^^^
[rank12]:   File "/lustre/orion/cph161/world-shared/mlupopa/max_conda_envs_frontier/envs/hydragnn_rocm600/lib/python3.11/site-packages/torch/nn/modules/container.py", line 217, in forward
[rank12]:     input = module(input)
[rank12]:             ^^^^^^^^^^^^^
[rank12]:   File "/lustre/orion/cph161/world-shared/mlupopa/max_conda_envs_frontier/envs/hydragnn_rocm600/lib/python3.11/site-packages/torch/nn/modules/module.py", line 1532, in _wrapped_call_impl
[rank12]:     return self._call_impl(*args, **kwargs)
[rank12]:            ^^^^^^^^^^^^^^^^^^^^^^^^^^^^^^^^
[rank12]:   File "/lustre/orion/cph161/world-shared/mlupopa/max_conda_envs_frontier/envs/hydragnn_rocm600/lib/python3.11/site-packages/torch/nn/modules/module.py", line 1541, in _call_impl
[rank12]:     return forward_call(*args, **kwargs)
[rank12]:            ^^^^^^^^^^^^^^^^^^^^^^^^^^^^^
[rank12]:   File "/lustre/orion/cph161/world-shared/mlupopa/max_conda_envs_frontier/envs/hydragnn_rocm600/lib/python3.11/site-packages/torch/nn/modules/activation.py", line 103, in forward
[rank12]:     return F.relu(input, inplace=self.inplace)
[rank12]:            ^^^^^^^^^^^^^^^^^^^^^^^^^^^^^^^^^^^
[rank12]:   File "/lustre/orion/cph161/world-shared/mlupopa/max_conda_envs_frontier/envs/hydragnn_rocm600/lib/python3.11/site-packages/torch/nn/functional.py", line 1500, in relu
[rank12]:     result = torch.relu(input)
[rank12]:              ^^^^^^^^^^^^^^^^^
[rank12]: torch.cuda.OutOfMemoryError: HIP out of memory. Tried to allocate 1.42 GiB. GPU  has a total capacity of 63.98 GiB of which 1.16 GiB is free. Of the allocated memory 55.33 GiB is allocated by PyTorch, and 6.91 GiB is reserved by PyTorch but unallocated. If reserved but unallocated memory is large try setting PYTORCH_HIP_ALLOC_CONF=expandable_segments:True to avoid fragmentation.  See documentation for Memory Management  (https://pytorch.org/docs/stable/notes/cuda.html#environment-variables)
[rank23]: Traceback (most recent call last):
[rank23]:   File "/lustre/orion/lrn031/scratch/zye327/HydraGNN_ds/./examples/multidataset/train_deepspeed_exportmem.py", line 421, in <module>
[rank23]:     hydragnn.train.train_validate_test(
[rank23]:   File "/lustre/orion/lrn031/scratch/zye327/HydraGNN_ds/hydragnn/train/train_validate_test.py", line 158, in train_validate_test
[rank23]:     train_loss, train_taskserr = train(
[rank23]:                                  ^^^^^^
[rank23]:   File "/lustre/orion/lrn031/scratch/zye327/HydraGNN_ds/hydragnn/train/train_validate_test.py", line 496, in train
[rank23]:     pred = model(data)
[rank23]:            ^^^^^^^^^^^
[rank23]:   File "/lustre/orion/cph161/world-shared/mlupopa/max_conda_envs_frontier/envs/hydragnn_rocm600/lib/python3.11/site-packages/torch/nn/modules/module.py", line 1532, in _wrapped_call_impl
[rank23]:     return self._call_impl(*args, **kwargs)
[rank23]:            ^^^^^^^^^^^^^^^^^^^^^^^^^^^^^^^^
[rank23]:   File "/lustre/orion/cph161/world-shared/mlupopa/max_conda_envs_frontier/envs/hydragnn_rocm600/lib/python3.11/site-packages/torch/nn/modules/module.py", line 1541, in _call_impl
[rank23]:     return forward_call(*args, **kwargs)
[rank23]:            ^^^^^^^^^^^^^^^^^^^^^^^^^^^^^
[rank23]:   File "/ccs/home/zye327/.local/lib/python3.11/site-packages/deepspeed/utils/nvtx.py", line 15, in wrapped_fn
[rank23]:     ret_val = func(*args, **kwargs)
[rank23]:               ^^^^^^^^^^^^^^^^^^^^^
[rank23]:   File "/ccs/home/zye327/.local/lib/python3.11/site-packages/deepspeed/runtime/engine.py", line 1846, in forward
[rank23]:     loss = self.module(*inputs, **kwargs)
[rank23]:            ^^^^^^^^^^^^^^^^^^^^^^^^^^^^^^
[rank23]:   File "/lustre/orion/cph161/world-shared/mlupopa/max_conda_envs_frontier/envs/hydragnn_rocm600/lib/python3.11/site-packages/torch/nn/modules/module.py", line 1532, in _wrapped_call_impl
[rank23]:     return self._call_impl(*args, **kwargs)
[rank23]:            ^^^^^^^^^^^^^^^^^^^^^^^^^^^^^^^^
[rank23]:   File "/lustre/orion/cph161/world-shared/mlupopa/max_conda_envs_frontier/envs/hydragnn_rocm600/lib/python3.11/site-packages/torch/nn/modules/module.py", line 1541, in _call_impl
[rank23]:     return forward_call(*args, **kwargs)
[rank23]:            ^^^^^^^^^^^^^^^^^^^^^^^^^^^^^
[rank23]:   File "/lustre/orion/lrn031/scratch/zye327/HydraGNN_ds/hydragnn/models/Base.py", line 297, in forward
[rank23]:     c, pos = conv(x=x, pos=pos, **conv_args)
[rank23]:              ^^^^^^^^^^^^^^^^^^^^^^^^^^^^^^^
[rank23]:   File "/lustre/orion/cph161/world-shared/mlupopa/max_conda_envs_frontier/envs/hydragnn_rocm600/lib/python3.11/site-packages/torch/nn/modules/module.py", line 1532, in _wrapped_call_impl
[rank23]:     return self._call_impl(*args, **kwargs)
[rank23]:            ^^^^^^^^^^^^^^^^^^^^^^^^^^^^^^^^
[rank23]:   File "/lustre/orion/cph161/world-shared/mlupopa/max_conda_envs_frontier/envs/hydragnn_rocm600/lib/python3.11/site-packages/torch/nn/modules/module.py", line 1541, in _call_impl
[rank23]:     return forward_call(*args, **kwargs)
[rank23]:            ^^^^^^^^^^^^^^^^^^^^^^^^^^^^^
[rank23]:   File "/tmp/torch_geometric.nn.sequential_9ac7d6_6a58s4q9.py", line 19, in forward
[rank23]:     x = self.module_0(x, pos, edge_index, edge_attr)
[rank23]:         ^^^^^^^^^^^^^^^^^^^^^^^^^^^^^^^^^^^^^^^^^^^^
[rank23]:   File "/lustre/orion/cph161/world-shared/mlupopa/max_conda_envs_frontier/envs/hydragnn_rocm600/lib/python3.11/site-packages/torch/nn/modules/module.py", line 1532, in _wrapped_call_impl
[rank23]:     return self._call_impl(*args, **kwargs)
[rank23]:            ^^^^^^^^^^^^^^^^^^^^^^^^^^^^^^^^
[rank23]:   File "/lustre/orion/cph161/world-shared/mlupopa/max_conda_envs_frontier/envs/hydragnn_rocm600/lib/python3.11/site-packages/torch/nn/modules/module.py", line 1541, in _call_impl
[rank23]:     return forward_call(*args, **kwargs)
[rank23]:            ^^^^^^^^^^^^^^^^^^^^^^^^^^^^^
[rank23]:   File "/lustre/orion/lrn031/scratch/zye327/HydraGNN_ds/hydragnn/models/EGCLStack.py", line 229, in forward
[rank23]:     edge_feat = self.edge_model(x[row], x[col], radial, edge_attr)
[rank23]:                 ^^^^^^^^^^^^^^^^^^^^^^^^^^^^^^^^^^^^^^^^^^^^^^^^^^
[rank23]:   File "/lustre/orion/lrn031/scratch/zye327/HydraGNN_ds/hydragnn/models/EGCLStack.py", line 186, in edge_model
[rank23]:     out = self.edge_mlp(out)
[rank23]:           ^^^^^^^^^^^^^^^^^^
[rank23]:   File "/lustre/orion/cph161/world-shared/mlupopa/max_conda_envs_frontier/envs/hydragnn_rocm600/lib/python3.11/site-packages/torch/nn/modules/module.py", line 1532, in _wrapped_call_impl
[rank23]:     return self._call_impl(*args, **kwargs)
[rank23]:            ^^^^^^^^^^^^^^^^^^^^^^^^^^^^^^^^
[rank23]:   File "/lustre/orion/cph161/world-shared/mlupopa/max_conda_envs_frontier/envs/hydragnn_rocm600/lib/python3.11/site-packages/torch/nn/modules/module.py", line 1541, in _call_impl
[rank23]:     return forward_call(*args, **kwargs)
[rank23]:            ^^^^^^^^^^^^^^^^^^^^^^^^^^^^^
[rank23]:   File "/lustre/orion/cph161/world-shared/mlupopa/max_conda_envs_frontier/envs/hydragnn_rocm600/lib/python3.11/site-packages/torch/nn/modules/container.py", line 217, in forward
[rank23]:     input = module(input)
[rank23]:             ^^^^^^^^^^^^^
[rank23]:   File "/lustre/orion/cph161/world-shared/mlupopa/max_conda_envs_frontier/envs/hydragnn_rocm600/lib/python3.11/site-packages/torch/nn/modules/module.py", line 1532, in _wrapped_call_impl
[rank23]:     return self._call_impl(*args, **kwargs)
[rank23]:            ^^^^^^^^^^^^^^^^^^^^^^^^^^^^^^^^
[rank23]:   File "/lustre/orion/cph161/world-shared/mlupopa/max_conda_envs_frontier/envs/hydragnn_rocm600/lib/python3.11/site-packages/torch/nn/modules/module.py", line 1541, in _call_impl
[rank23]:     return forward_call(*args, **kwargs)
[rank23]:            ^^^^^^^^^^^^^^^^^^^^^^^^^^^^^
[rank23]:   File "/lustre/orion/cph161/world-shared/mlupopa/max_conda_envs_frontier/envs/hydragnn_rocm600/lib/python3.11/site-packages/torch/nn/modules/activation.py", line 103, in forward
[rank23]:     return F.relu(input, inplace=self.inplace)
[rank23]:            ^^^^^^^^^^^^^^^^^^^^^^^^^^^^^^^^^^^
[rank23]:   File "/lustre/orion/cph161/world-shared/mlupopa/max_conda_envs_frontier/envs/hydragnn_rocm600/lib/python3.11/site-packages/torch/nn/functional.py", line 1500, in relu
[rank23]:     result = torch.relu(input)
[rank23]:              ^^^^^^^^^^^^^^^^^
[rank23]: torch.cuda.OutOfMemoryError: HIP out of memory. Tried to allocate 1.47 GiB. GPU  has a total capacity of 63.98 GiB of which 380.00 MiB is free. Of the allocated memory 56.68 GiB is allocated by PyTorch, and 6.35 GiB is reserved by PyTorch but unallocated. If reserved but unallocated memory is large try setting PYTORCH_HIP_ALLOC_CONF=expandable_segments:True to avoid fragmentation.  See documentation for Memory Management  (https://pytorch.org/docs/stable/notes/cuda.html#environment-variables)
[rank99]: Traceback (most recent call last):
[rank99]:   File "/lustre/orion/lrn031/scratch/zye327/HydraGNN_ds/./examples/multidataset/train_deepspeed_exportmem.py", line 421, in <module>
[rank99]:     hydragnn.train.train_validate_test(
[rank99]:   File "/lustre/orion/lrn031/scratch/zye327/HydraGNN_ds/hydragnn/train/train_validate_test.py", line 158, in train_validate_test
[rank99]:     train_loss, train_taskserr = train(
[rank99]:                                  ^^^^^^
[rank99]:   File "/lustre/orion/lrn031/scratch/zye327/HydraGNN_ds/hydragnn/train/train_validate_test.py", line 496, in train
[rank99]:     pred = model(data)
[rank99]:            ^^^^^^^^^^^
[rank99]:   File "/lustre/orion/cph161/world-shared/mlupopa/max_conda_envs_frontier/envs/hydragnn_rocm600/lib/python3.11/site-packages/torch/nn/modules/module.py", line 1532, in _wrapped_call_impl
[rank99]:     return self._call_impl(*args, **kwargs)
[rank99]:            ^^^^^^^^^^^^^^^^^^^^^^^^^^^^^^^^
[rank99]:   File "/lustre/orion/cph161/world-shared/mlupopa/max_conda_envs_frontier/envs/hydragnn_rocm600/lib/python3.11/site-packages/torch/nn/modules/module.py", line 1541, in _call_impl
[rank99]:     return forward_call(*args, **kwargs)
[rank99]:            ^^^^^^^^^^^^^^^^^^^^^^^^^^^^^
[rank99]:   File "/ccs/home/zye327/.local/lib/python3.11/site-packages/deepspeed/utils/nvtx.py", line 15, in wrapped_fn
[rank99]:     ret_val = func(*args, **kwargs)
[rank99]:               ^^^^^^^^^^^^^^^^^^^^^
[rank99]:   File "/ccs/home/zye327/.local/lib/python3.11/site-packages/deepspeed/runtime/engine.py", line 1846, in forward
[rank99]:     loss = self.module(*inputs, **kwargs)
[rank99]:            ^^^^^^^^^^^^^^^^^^^^^^^^^^^^^^
[rank99]:   File "/lustre/orion/cph161/world-shared/mlupopa/max_conda_envs_frontier/envs/hydragnn_rocm600/lib/python3.11/site-packages/torch/nn/modules/module.py", line 1532, in _wrapped_call_impl
[rank99]:     return self._call_impl(*args, **kwargs)
[rank99]:            ^^^^^^^^^^^^^^^^^^^^^^^^^^^^^^^^
[rank99]:   File "/lustre/orion/cph161/world-shared/mlupopa/max_conda_envs_frontier/envs/hydragnn_rocm600/lib/python3.11/site-packages/torch/nn/modules/module.py", line 1541, in _call_impl
[rank99]:     return forward_call(*args, **kwargs)
[rank99]:            ^^^^^^^^^^^^^^^^^^^^^^^^^^^^^
[rank99]:   File "/lustre/orion/lrn031/scratch/zye327/HydraGNN_ds/hydragnn/models/Base.py", line 297, in forward
[rank99]:     c, pos = conv(x=x, pos=pos, **conv_args)
[rank99]:              ^^^^^^^^^^^^^^^^^^^^^^^^^^^^^^^
[rank99]:   File "/lustre/orion/cph161/world-shared/mlupopa/max_conda_envs_frontier/envs/hydragnn_rocm600/lib/python3.11/site-packages/torch/nn/modules/module.py", line 1532, in _wrapped_call_impl
[rank99]:     return self._call_impl(*args, **kwargs)
[rank99]:            ^^^^^^^^^^^^^^^^^^^^^^^^^^^^^^^^
[rank99]:   File "/lustre/orion/cph161/world-shared/mlupopa/max_conda_envs_frontier/envs/hydragnn_rocm600/lib/python3.11/site-packages/torch/nn/modules/module.py", line 1541, in _call_impl
[rank99]:     return forward_call(*args, **kwargs)
[rank99]:            ^^^^^^^^^^^^^^^^^^^^^^^^^^^^^
[rank99]:   File "/tmp/torch_geometric.nn.sequential_49bee2_20a7i06n.py", line 19, in forward
[rank99]:     x = self.module_0(x, pos, edge_index, edge_attr)
[rank99]:         ^^^^^^^^^^^^^^^^^^^^^^^^^^^^^^^^^^^^^^^^^^^^
[rank99]:   File "/lustre/orion/cph161/world-shared/mlupopa/max_conda_envs_frontier/envs/hydragnn_rocm600/lib/python3.11/site-packages/torch/nn/modules/module.py", line 1532, in _wrapped_call_impl
[rank99]:     return self._call_impl(*args, **kwargs)
[rank99]:            ^^^^^^^^^^^^^^^^^^^^^^^^^^^^^^^^
[rank99]:   File "/lustre/orion/cph161/world-shared/mlupopa/max_conda_envs_frontier/envs/hydragnn_rocm600/lib/python3.11/site-packages/torch/nn/modules/module.py", line 1541, in _call_impl
[rank99]:     return forward_call(*args, **kwargs)
[rank99]:            ^^^^^^^^^^^^^^^^^^^^^^^^^^^^^
[rank99]:   File "/lustre/orion/lrn031/scratch/zye327/HydraGNN_ds/hydragnn/models/EGCLStack.py", line 229, in forward
[rank99]:     edge_feat = self.edge_model(x[row], x[col], radial, edge_attr)
[rank99]:                 ^^^^^^^^^^^^^^^^^^^^^^^^^^^^^^^^^^^^^^^^^^^^^^^^^^
[rank99]:   File "/lustre/orion/lrn031/scratch/zye327/HydraGNN_ds/hydragnn/models/EGCLStack.py", line 186, in edge_model
[rank99]:     out = self.edge_mlp(out)
[rank99]:           ^^^^^^^^^^^^^^^^^^
[rank99]:   File "/lustre/orion/cph161/world-shared/mlupopa/max_conda_envs_frontier/envs/hydragnn_rocm600/lib/python3.11/site-packages/torch/nn/modules/module.py", line 1532, in _wrapped_call_impl
[rank99]:     return self._call_impl(*args, **kwargs)
[rank99]:            ^^^^^^^^^^^^^^^^^^^^^^^^^^^^^^^^
[rank99]:   File "/lustre/orion/cph161/world-shared/mlupopa/max_conda_envs_frontier/envs/hydragnn_rocm600/lib/python3.11/site-packages/torch/nn/modules/module.py", line 1541, in _call_impl
[rank99]:     return forward_call(*args, **kwargs)
[rank99]:            ^^^^^^^^^^^^^^^^^^^^^^^^^^^^^
[rank99]:   File "/lustre/orion/cph161/world-shared/mlupopa/max_conda_envs_frontier/envs/hydragnn_rocm600/lib/python3.11/site-packages/torch/nn/modules/container.py", line 217, in forward
[rank99]:     input = module(input)
[rank99]:             ^^^^^^^^^^^^^
[rank99]:   File "/lustre/orion/cph161/world-shared/mlupopa/max_conda_envs_frontier/envs/hydragnn_rocm600/lib/python3.11/site-packages/torch/nn/modules/module.py", line 1532, in _wrapped_call_impl
[rank99]:     return self._call_impl(*args, **kwargs)
[rank99]:            ^^^^^^^^^^^^^^^^^^^^^^^^^^^^^^^^
[rank99]:   File "/lustre/orion/cph161/world-shared/mlupopa/max_conda_envs_frontier/envs/hydragnn_rocm600/lib/python3.11/site-packages/torch/nn/modules/module.py", line 1541, in _call_impl
[rank99]:     return forward_call(*args, **kwargs)
[rank99]:            ^^^^^^^^^^^^^^^^^^^^^^^^^^^^^
[rank99]:   File "/lustre/orion/cph161/world-shared/mlupopa/max_conda_envs_frontier/envs/hydragnn_rocm600/lib/python3.11/site-packages/torch/nn/modules/activation.py", line 103, in forward
[rank99]:     return F.relu(input, inplace=self.inplace)
[rank99]:            ^^^^^^^^^^^^^^^^^^^^^^^^^^^^^^^^^^^
[rank99]:   File "/lustre/orion/cph161/world-shared/mlupopa/max_conda_envs_frontier/envs/hydragnn_rocm600/lib/python3.11/site-packages/torch/nn/functional.py", line 1500, in relu
[rank99]:     result = torch.relu(input)
[rank99]:              ^^^^^^^^^^^^^^^^^
[rank99]: torch.cuda.OutOfMemoryError: HIP out of memory. Tried to allocate 1.56 GiB. GPU  has a total capacity of 63.98 GiB of which 98.00 MiB is free. Of the allocated memory 57.85 GiB is allocated by PyTorch, and 5.46 GiB is reserved by PyTorch but unallocated. If reserved but unallocated memory is large try setting PYTORCH_HIP_ALLOC_CONF=expandable_segments:True to avoid fragmentation.  See documentation for Memory Management  (https://pytorch.org/docs/stable/notes/cuda.html#environment-variables)
[rank21]: Traceback (most recent call last):
[rank21]:   File "/lustre/orion/lrn031/scratch/zye327/HydraGNN_ds/./examples/multidataset/train_deepspeed_exportmem.py", line 421, in <module>
[rank21]:     hydragnn.train.train_validate_test(
[rank21]:   File "/lustre/orion/lrn031/scratch/zye327/HydraGNN_ds/hydragnn/train/train_validate_test.py", line 158, in train_validate_test
[rank21]:     train_loss, train_taskserr = train(
[rank21]:                                  ^^^^^^
[rank21]:   File "/lustre/orion/lrn031/scratch/zye327/HydraGNN_ds/hydragnn/train/train_validate_test.py", line 496, in train
[rank21]:     pred = model(data)
[rank21]:            ^^^^^^^^^^^
[rank21]:   File "/lustre/orion/cph161/world-shared/mlupopa/max_conda_envs_frontier/envs/hydragnn_rocm600/lib/python3.11/site-packages/torch/nn/modules/module.py", line 1532, in _wrapped_call_impl
[rank21]:     return self._call_impl(*args, **kwargs)
[rank21]:            ^^^^^^^^^^^^^^^^^^^^^^^^^^^^^^^^
[rank21]:   File "/lustre/orion/cph161/world-shared/mlupopa/max_conda_envs_frontier/envs/hydragnn_rocm600/lib/python3.11/site-packages/torch/nn/modules/module.py", line 1541, in _call_impl
[rank21]:     return forward_call(*args, **kwargs)
[rank21]:            ^^^^^^^^^^^^^^^^^^^^^^^^^^^^^
[rank21]:   File "/ccs/home/zye327/.local/lib/python3.11/site-packages/deepspeed/utils/nvtx.py", line 15, in wrapped_fn
[rank21]:     ret_val = func(*args, **kwargs)
[rank21]:               ^^^^^^^^^^^^^^^^^^^^^
[rank21]:   File "/ccs/home/zye327/.local/lib/python3.11/site-packages/deepspeed/runtime/engine.py", line 1846, in forward
[rank21]:     loss = self.module(*inputs, **kwargs)
[rank21]:            ^^^^^^^^^^^^^^^^^^^^^^^^^^^^^^
[rank21]:   File "/lustre/orion/cph161/world-shared/mlupopa/max_conda_envs_frontier/envs/hydragnn_rocm600/lib/python3.11/site-packages/torch/nn/modules/module.py", line 1532, in _wrapped_call_impl
[rank21]:     return self._call_impl(*args, **kwargs)
[rank21]:            ^^^^^^^^^^^^^^^^^^^^^^^^^^^^^^^^
[rank21]:   File "/lustre/orion/cph161/world-shared/mlupopa/max_conda_envs_frontier/envs/hydragnn_rocm600/lib/python3.11/site-packages/torch/nn/modules/module.py", line 1541, in _call_impl
[rank21]:     return forward_call(*args, **kwargs)
[rank21]:            ^^^^^^^^^^^^^^^^^^^^^^^^^^^^^
[rank21]:   File "/lustre/orion/lrn031/scratch/zye327/HydraGNN_ds/hydragnn/models/Base.py", line 297, in forward
[rank21]:     c, pos = conv(x=x, pos=pos, **conv_args)
[rank21]:              ^^^^^^^^^^^^^^^^^^^^^^^^^^^^^^^
[rank21]:   File "/lustre/orion/cph161/world-shared/mlupopa/max_conda_envs_frontier/envs/hydragnn_rocm600/lib/python3.11/site-packages/torch/nn/modules/module.py", line 1532, in _wrapped_call_impl
[rank21]:     return self._call_impl(*args, **kwargs)
[rank21]:            ^^^^^^^^^^^^^^^^^^^^^^^^^^^^^^^^
[rank21]:   File "/lustre/orion/cph161/world-shared/mlupopa/max_conda_envs_frontier/envs/hydragnn_rocm600/lib/python3.11/site-packages/torch/nn/modules/module.py", line 1541, in _call_impl
[rank21]:     return forward_call(*args, **kwargs)
[rank21]:            ^^^^^^^^^^^^^^^^^^^^^^^^^^^^^
[rank21]:   File "/tmp/torch_geometric.nn.sequential_ed35c7_a_swkyjv.py", line 19, in forward
[rank21]:     x = self.module_0(x, pos, edge_index, edge_attr)
[rank21]:         ^^^^^^^^^^^^^^^^^^^^^^^^^^^^^^^^^^^^^^^^^^^^
[rank21]:   File "/lustre/orion/cph161/world-shared/mlupopa/max_conda_envs_frontier/envs/hydragnn_rocm600/lib/python3.11/site-packages/torch/nn/modules/module.py", line 1532, in _wrapped_call_impl
[rank21]:     return self._call_impl(*args, **kwargs)
[rank21]:            ^^^^^^^^^^^^^^^^^^^^^^^^^^^^^^^^
[rank21]:   File "/lustre/orion/cph161/world-shared/mlupopa/max_conda_envs_frontier/envs/hydragnn_rocm600/lib/python3.11/site-packages/torch/nn/modules/module.py", line 1541, in _call_impl
[rank21]:     return forward_call(*args, **kwargs)
[rank21]:            ^^^^^^^^^^^^^^^^^^^^^^^^^^^^^
[rank21]:   File "/lustre/orion/lrn031/scratch/zye327/HydraGNN_ds/hydragnn/models/EGCLStack.py", line 229, in forward
[rank21]:     edge_feat = self.edge_model(x[row], x[col], radial, edge_attr)
[rank21]:                 ^^^^^^^^^^^^^^^^^^^^^^^^^^^^^^^^^^^^^^^^^^^^^^^^^^
[rank21]:   File "/lustre/orion/lrn031/scratch/zye327/HydraGNN_ds/hydragnn/models/EGCLStack.py", line 186, in edge_model
[rank21]:     out = self.edge_mlp(out)
[rank21]:           ^^^^^^^^^^^^^^^^^^
[rank21]:   File "/lustre/orion/cph161/world-shared/mlupopa/max_conda_envs_frontier/envs/hydragnn_rocm600/lib/python3.11/site-packages/torch/nn/modules/module.py", line 1532, in _wrapped_call_impl
[rank21]:     return self._call_impl(*args, **kwargs)
[rank21]:            ^^^^^^^^^^^^^^^^^^^^^^^^^^^^^^^^
[rank21]:   File "/lustre/orion/cph161/world-shared/mlupopa/max_conda_envs_frontier/envs/hydragnn_rocm600/lib/python3.11/site-packages/torch/nn/modules/module.py", line 1541, in _call_impl
[rank21]:     return forward_call(*args, **kwargs)
[rank21]:            ^^^^^^^^^^^^^^^^^^^^^^^^^^^^^
[rank21]:   File "/lustre/orion/cph161/world-shared/mlupopa/max_conda_envs_frontier/envs/hydragnn_rocm600/lib/python3.11/site-packages/torch/nn/modules/container.py", line 217, in forward
[rank21]:     input = module(input)
[rank21]:             ^^^^^^^^^^^^^
[rank21]:   File "/lustre/orion/cph161/world-shared/mlupopa/max_conda_envs_frontier/envs/hydragnn_rocm600/lib/python3.11/site-packages/torch/nn/modules/module.py", line 1532, in _wrapped_call_impl
[rank21]:     return self._call_impl(*args, **kwargs)
[rank21]:            ^^^^^^^^^^^^^^^^^^^^^^^^^^^^^^^^
[rank21]:   File "/lustre/orion/cph161/world-shared/mlupopa/max_conda_envs_frontier/envs/hydragnn_rocm600/lib/python3.11/site-packages/torch/nn/modules/module.py", line 1541, in _call_impl
[rank21]:     return forward_call(*args, **kwargs)
[rank21]:            ^^^^^^^^^^^^^^^^^^^^^^^^^^^^^
[rank21]:   File "/lustre/orion/cph161/world-shared/mlupopa/max_conda_envs_frontier/envs/hydragnn_rocm600/lib/python3.11/site-packages/torch/nn/modules/activation.py", line 103, in forward
[rank21]:     return F.relu(input, inplace=self.inplace)
[rank21]:            ^^^^^^^^^^^^^^^^^^^^^^^^^^^^^^^^^^^
[rank21]:   File "/lustre/orion/cph161/world-shared/mlupopa/max_conda_envs_frontier/envs/hydragnn_rocm600/lib/python3.11/site-packages/torch/nn/functional.py", line 1500, in relu
[rank21]:     result = torch.relu(input)
[rank21]:              ^^^^^^^^^^^^^^^^^
[rank21]: torch.cuda.OutOfMemoryError: HIP out of memory. Tried to allocate 1.46 GiB. GPU  has a total capacity of 63.98 GiB of which 646.00 MiB is free. Of the allocated memory 56.44 GiB is allocated by PyTorch, and 6.33 GiB is reserved by PyTorch but unallocated. If reserved but unallocated memory is large try setting PYTORCH_HIP_ALLOC_CONF=expandable_segments:True to avoid fragmentation.  See documentation for Memory Management  (https://pytorch.org/docs/stable/notes/cuda.html#environment-variables)
[rank120]: Traceback (most recent call last):
[rank120]:   File "/lustre/orion/lrn031/scratch/zye327/HydraGNN_ds/./examples/multidataset/train_deepspeed_exportmem.py", line 421, in <module>
[rank120]:     hydragnn.train.train_validate_test(
[rank120]:   File "/lustre/orion/lrn031/scratch/zye327/HydraGNN_ds/hydragnn/train/train_validate_test.py", line 158, in train_validate_test
[rank120]:     train_loss, train_taskserr = train(
[rank120]:                                  ^^^^^^
[rank120]:   File "/lustre/orion/lrn031/scratch/zye327/HydraGNN_ds/hydragnn/train/train_validate_test.py", line 496, in train
[rank120]:     pred = model(data)
[rank120]:            ^^^^^^^^^^^
[rank120]:   File "/lustre/orion/cph161/world-shared/mlupopa/max_conda_envs_frontier/envs/hydragnn_rocm600/lib/python3.11/site-packages/torch/nn/modules/module.py", line 1532, in _wrapped_call_impl
[rank120]:     return self._call_impl(*args, **kwargs)
[rank120]:            ^^^^^^^^^^^^^^^^^^^^^^^^^^^^^^^^
[rank120]:   File "/lustre/orion/cph161/world-shared/mlupopa/max_conda_envs_frontier/envs/hydragnn_rocm600/lib/python3.11/site-packages/torch/nn/modules/module.py", line 1541, in _call_impl
[rank120]:     return forward_call(*args, **kwargs)
[rank120]:            ^^^^^^^^^^^^^^^^^^^^^^^^^^^^^
[rank120]:   File "/ccs/home/zye327/.local/lib/python3.11/site-packages/deepspeed/utils/nvtx.py", line 15, in wrapped_fn
[rank120]:     ret_val = func(*args, **kwargs)
[rank120]:               ^^^^^^^^^^^^^^^^^^^^^
[rank120]:   File "/ccs/home/zye327/.local/lib/python3.11/site-packages/deepspeed/runtime/engine.py", line 1846, in forward
[rank120]:     loss = self.module(*inputs, **kwargs)
[rank120]:            ^^^^^^^^^^^^^^^^^^^^^^^^^^^^^^
[rank120]:   File "/lustre/orion/cph161/world-shared/mlupopa/max_conda_envs_frontier/envs/hydragnn_rocm600/lib/python3.11/site-packages/torch/nn/modules/module.py", line 1532, in _wrapped_call_impl
[rank120]:     return self._call_impl(*args, **kwargs)
[rank120]:            ^^^^^^^^^^^^^^^^^^^^^^^^^^^^^^^^
[rank120]:   File "/lustre/orion/cph161/world-shared/mlupopa/max_conda_envs_frontier/envs/hydragnn_rocm600/lib/python3.11/site-packages/torch/nn/modules/module.py", line 1541, in _call_impl
[rank120]:     return forward_call(*args, **kwargs)
[rank120]:            ^^^^^^^^^^^^^^^^^^^^^^^^^^^^^
[rank120]:   File "/lustre/orion/lrn031/scratch/zye327/HydraGNN_ds/hydragnn/models/Base.py", line 297, in forward
[rank120]:     c, pos = conv(x=x, pos=pos, **conv_args)
[rank120]:              ^^^^^^^^^^^^^^^^^^^^^^^^^^^^^^^
[rank120]:   File "/lustre/orion/cph161/world-shared/mlupopa/max_conda_envs_frontier/envs/hydragnn_rocm600/lib/python3.11/site-packages/torch/nn/modules/module.py", line 1532, in _wrapped_call_impl
[rank120]:     return self._call_impl(*args, **kwargs)
[rank120]:            ^^^^^^^^^^^^^^^^^^^^^^^^^^^^^^^^
[rank120]:   File "/lustre/orion/cph161/world-shared/mlupopa/max_conda_envs_frontier/envs/hydragnn_rocm600/lib/python3.11/site-packages/torch/nn/modules/module.py", line 1541, in _call_impl
[rank120]:     return forward_call(*args, **kwargs)
[rank120]:            ^^^^^^^^^^^^^^^^^^^^^^^^^^^^^
[rank120]:   File "/tmp/torch_geometric.nn.sequential_b1de73_7yjpepeb.py", line 19, in forward
[rank120]:     x = self.module_0(x, pos, edge_index, edge_attr)
[rank120]:         ^^^^^^^^^^^^^^^^^^^^^^^^^^^^^^^^^^^^^^^^^^^^
[rank120]:   File "/lustre/orion/cph161/world-shared/mlupopa/max_conda_envs_frontier/envs/hydragnn_rocm600/lib/python3.11/site-packages/torch/nn/modules/module.py", line 1532, in _wrapped_call_impl
[rank120]:     return self._call_impl(*args, **kwargs)
[rank120]:            ^^^^^^^^^^^^^^^^^^^^^^^^^^^^^^^^
[rank120]:   File "/lustre/orion/cph161/world-shared/mlupopa/max_conda_envs_frontier/envs/hydragnn_rocm600/lib/python3.11/site-packages/torch/nn/modules/module.py", line 1541, in _call_impl
[rank120]:     return forward_call(*args, **kwargs)
[rank120]:            ^^^^^^^^^^^^^^^^^^^^^^^^^^^^^
[rank120]:   File "/lustre/orion/lrn031/scratch/zye327/HydraGNN_ds/hydragnn/models/EGCLStack.py", line 229, in forward
[rank120]:     edge_feat = self.edge_model(x[row], x[col], radial, edge_attr)
[rank120]:                 ^^^^^^^^^^^^^^^^^^^^^^^^^^^^^^^^^^^^^^^^^^^^^^^^^^
[rank120]:   File "/lustre/orion/lrn031/scratch/zye327/HydraGNN_ds/hydragnn/models/EGCLStack.py", line 186, in edge_model
[rank120]:     out = self.edge_mlp(out)
[rank120]:           ^^^^^^^^^^^^^^^^^^
[rank120]:   File "/lustre/orion/cph161/world-shared/mlupopa/max_conda_envs_frontier/envs/hydragnn_rocm600/lib/python3.11/site-packages/torch/nn/modules/module.py", line 1532, in _wrapped_call_impl
[rank120]:     return self._call_impl(*args, **kwargs)
[rank120]:            ^^^^^^^^^^^^^^^^^^^^^^^^^^^^^^^^
[rank120]:   File "/lustre/orion/cph161/world-shared/mlupopa/max_conda_envs_frontier/envs/hydragnn_rocm600/lib/python3.11/site-packages/torch/nn/modules/module.py", line 1541, in _call_impl
[rank120]:     return forward_call(*args, **kwargs)
[rank120]:            ^^^^^^^^^^^^^^^^^^^^^^^^^^^^^
[rank120]:   File "/lustre/orion/cph161/world-shared/mlupopa/max_conda_envs_frontier/envs/hydragnn_rocm600/lib/python3.11/site-packages/torch/nn/modules/container.py", line 217, in forward
[rank120]:     input = module(input)
[rank120]:             ^^^^^^^^^^^^^
[rank120]:   File "/lustre/orion/cph161/world-shared/mlupopa/max_conda_envs_frontier/envs/hydragnn_rocm600/lib/python3.11/site-packages/torch/nn/modules/module.py", line 1532, in _wrapped_call_impl
[rank120]:     return self._call_impl(*args, **kwargs)
[rank120]:            ^^^^^^^^^^^^^^^^^^^^^^^^^^^^^^^^
[rank120]:   File "/lustre/orion/cph161/world-shared/mlupopa/max_conda_envs_frontier/envs/hydragnn_rocm600/lib/python3.11/site-packages/torch/nn/modules/module.py", line 1541, in _call_impl
[rank120]:     return forward_call(*args, **kwargs)
[rank120]:            ^^^^^^^^^^^^^^^^^^^^^^^^^^^^^
[rank120]:   File "/lustre/orion/cph161/world-shared/mlupopa/max_conda_envs_frontier/envs/hydragnn_rocm600/lib/python3.11/site-packages/torch/nn/modules/activation.py", line 103, in forward
[rank120]:     return F.relu(input, inplace=self.inplace)
[rank120]:            ^^^^^^^^^^^^^^^^^^^^^^^^^^^^^^^^^^^
[rank120]:   File "/lustre/orion/cph161/world-shared/mlupopa/max_conda_envs_frontier/envs/hydragnn_rocm600/lib/python3.11/site-packages/torch/nn/functional.py", line 1500, in relu
[rank120]:     result = torch.relu(input)
[rank120]:              ^^^^^^^^^^^^^^^^^
[rank120]: torch.cuda.OutOfMemoryError: HIP out of memory. Tried to allocate 1.48 GiB. GPU 
[rank4]: Traceback (most recent call last):
[rank4]:   File "/lustre/orion/lrn031/scratch/zye327/HydraGNN_ds/./examples/multidataset/train_deepspeed_exportmem.py", line 421, in <module>
[rank4]:     hydragnn.train.train_validate_test(
[rank4]:   File "/lustre/orion/lrn031/scratch/zye327/HydraGNN_ds/hydragnn/train/train_validate_test.py", line 158, in train_validate_test
[rank4]:     train_loss, train_taskserr = train(
[rank4]:                                  ^^^^^^
[rank4]:   File "/lustre/orion/lrn031/scratch/zye327/HydraGNN_ds/hydragnn/train/train_validate_test.py", line 496, in train
[rank4]:     pred = model(data)
[rank4]:            ^^^^^^^^^^^
[rank4]:   File "/lustre/orion/cph161/world-shared/mlupopa/max_conda_envs_frontier/envs/hydragnn_rocm600/lib/python3.11/site-packages/torch/nn/modules/module.py", line 1532, in _wrapped_call_impl
[rank4]:     return self._call_impl(*args, **kwargs)
[rank4]:            ^^^^^^^^^^^^^^^^^^^^^^^^^^^^^^^^
[rank4]:   File "/lustre/orion/cph161/world-shared/mlupopa/max_conda_envs_frontier/envs/hydragnn_rocm600/lib/python3.11/site-packages/torch/nn/modules/module.py", line 1541, in _call_impl
[rank4]:     return forward_call(*args, **kwargs)
[rank4]:            ^^^^^^^^^^^^^^^^^^^^^^^^^^^^^
[rank4]:   File "/ccs/home/zye327/.local/lib/python3.11/site-packages/deepspeed/utils/nvtx.py", line 15, in wrapped_fn
[rank4]:     ret_val = func(*args, **kwargs)
[rank4]:               ^^^^^^^^^^^^^^^^^^^^^
[rank4]:   File "/ccs/home/zye327/.local/lib/python3.11/site-packages/deepspeed/runtime/engine.py", line 1846, in forward
[rank4]:     loss = self.module(*inputs, **kwargs)
[rank4]:            ^^^^^^^^^^^^^^^^^^^^^^^^^^^^^^
[rank4]:   File "/lustre/orion/cph161/world-shared/mlupopa/max_conda_envs_frontier/envs/hydragnn_rocm600/lib/python3.11/site-packages/torch/nn/modules/module.py", line 1532, in _wrapped_call_impl
[rank4]:     return self._call_impl(*args, **kwargs)
[rank4]:            ^^^^^^^^^^^^^^^^^^^^^^^^^^^^^^^^
[rank4]:   File "/lustre/orion/cph161/world-shared/mlupopa/max_conda_envs_frontier/envs/hydragnn_rocm600/lib/python3.11/site-packages/torch/nn/modules/module.py", line 1541, in _call_impl
[rank4]:     return forward_call(*args, **kwargs)
[rank4]:            ^^^^^^^^^^^^^^^^^^^^^^^^^^^^^
[rank4]:   File "/lustre/orion/lrn031/scratch/zye327/HydraGNN_ds/hydragnn/models/Base.py", line 297, in forward
[rank4]:     c, pos = conv(x=x, pos=pos, **conv_args)
[rank4]:              ^^^^^^^^^^^^^^^^^^^^^^^^^^^^^^^
[rank4]:   File "/lustre/orion/cph161/world-shared/mlupopa/max_conda_envs_frontier/envs/hydragnn_rocm600/lib/python3.11/site-packages/torch/nn/modules/module.py", line 1532, in _wrapped_call_impl
[rank4]:     return self._call_impl(*args, **kwargs)
[rank4]:            ^^^^^^^^^^^^^^^^^^^^^^^^^^^^^^^^
[rank4]:   File "/lustre/orion/cph161/world-shared/mlupopa/max_conda_envs_frontier/envs/hydragnn_rocm600/lib/python3.11/site-packages/torch/nn/modules/module.py", line 1541, in _call_impl
[rank4]:     return forward_call(*args, **kwargs)
[rank4]:            ^^^^^^^^^^^^^^^^^^^^^^^^^^^^^
[rank4]:   File "/tmp/torch_geometric.nn.sequential_f2c2c9_zyf_a45r.py", line 19, in forward
[rank4]:     x = self.module_0(x, pos, edge_index, edge_attr)
[rank4]:         ^^^^^^^^^^^^^^^^^^^^^^^^^^^^^^^^^^^^^^^^^^^^
[rank4]:   File "/lustre/orion/cph161/world-shared/mlupopa/max_conda_envs_frontier/envs/hydragnn_rocm600/lib/python3.11/site-packages/torch/nn/modules/module.py", line 1532, in _wrapped_call_impl
[rank4]:     return self._call_impl(*args, **kwargs)
[rank4]:            ^^^^^^^^^^^^^^^^^^^^^^^^^^^^^^^^
[rank4]:   File "/lustre/orion/cph161/world-shared/mlupopa/max_conda_envs_frontier/envs/hydragnn_rocm600/lib/python3.11/site-packages/torch/nn/modules/module.py", line 1541, in _call_impl
[rank4]:     return forward_call(*args, **kwargs)
[rank4]:            ^^^^^^^^^^^^^^^^^^^^^^^^^^^^^
[rank4]:   File "/lustre/orion/lrn031/scratch/zye327/HydraGNN_ds/hydragnn/models/EGCLStack.py", line 229, in forward
[rank4]:     edge_feat = self.edge_model(x[row], x[col], radial, edge_attr)
[rank4]:                 ^^^^^^^^^^^^^^^^^^^^^^^^^^^^^^^^^^^^^^^^^^^^^^^^^^
[rank4]:   File "/lustre/orion/lrn031/scratch/zye327/HydraGNN_ds/hydragnn/models/EGCLStack.py", line 186, in edge_model
[rank4]:     out = self.edge_mlp(out)
[rank4]:           ^^^^^^^^^^^^^^^^^^
[rank4]:   File "/lustre/orion/cph161/world-shared/mlupopa/max_conda_envs_frontier/envs/hydragnn_rocm600/lib/python3.11/site-packages/torch/nn/modules/module.py", line 1532, in _wrapped_call_impl
[rank4]:     return self._call_impl(*args, **kwargs)
[rank4]:            ^^^^^^^^^^^^^^^^^^^^^^^^^^^^^^^^
[rank4]:   File "/lustre/orion/cph161/world-shared/mlupopa/max_conda_envs_frontier/envs/hydragnn_rocm600/lib/python3.11/site-packages/torch/nn/modules/module.py", line 1541, in _call_impl
[rank4]:     return forward_call(*args, **kwargs)
[rank4]:            ^^^^^^^^^^^^^^^^^^^^^^^^^^^^^
[rank4]:   File "/lustre/orion/cph161/world-shared/mlupopa/max_conda_envs_frontier/envs/hydragnn_rocm600/lib/python3.11/site-packages/torch/nn/modules/container.py", line 217, in forward
[rank4]:     input = module(input)
[rank4]:             ^^^^^^^^^^^^^
[rank4]:   File "/lustre/orion/cph161/world-shared/mlupopa/max_conda_envs_frontier/envs/hydragnn_rocm600/lib/python3.11/site-packages/torch/nn/modules/module.py", line 1532, in _wrapped_call_impl
[rank4]:     return self._call_impl(*args, **kwargs)
[rank4]:            ^^^^^^^^^^^^^^^^^^^^^^^^^^^^^^^^
[rank4]:   File "/lustre/orion/cph161/world-shared/mlupopa/max_conda_envs_frontier/envs/hydragnn_rocm600/lib/python3.11/site-packages/torch/nn/modules/module.py", line 1541, in _call_impl
[rank4]:     return forward_call(*args, **kwargs)
[rank4]:            ^^^^^^^^^^^^^^^^^^^^^^^^^^^^^
[rank4]:   File "/lustre/orion/cph161/world-shared/mlupopa/max_conda_envs_frontier/envs/hydragnn_rocm600/lib/python3.11/site-packages/torch/nn/modules/activation.py", line 103, in forward
[rank4]:     return F.relu(input, inplace=self.inplace)
[rank4]:            ^^^^^^^^^^^^^^^^^^^^^^^^^^^^^^^^^^^
[rank4]:   File "/lustre/orion/cph161/world-shared/mlupopa/max_conda_envs_frontier/envs/hydragnn_rocm600/lib/python3.11/site-packages/torch/nn/functional.py", line 1500, in relu
[rank4]:     result = torch.relu(input)
[rank4]:              ^^^^^^^^^^^^^^^^^
[rank4]: torch.cuda.OutOfMemoryError: HIP out of memory. Tried to allocate 1.55 GiB. GPU  has a total capacity of 63.98 GiB of which 638.00 MiB is free. Of the allocated memory 57.56 GiB is allocated by PyTorch, and 5.22 GiB is reserved by PyTorch but unallocated. If reserved but unallocated memory is large try setting PYTORCH_HIP_ALLOC_CONF=expandable_segments:True to avoid fragmentation.  See documentation for Memory Management  (https://pytorch.org/docs/stable/notes/cuda.html#environment-variables)
[rank50]: Traceback (most recent call last):
[rank50]:   File "/lustre/orion/lrn031/scratch/zye327/HydraGNN_ds/./examples/multidataset/train_deepspeed_exportmem.py", line 421, in <module>
[rank50]:     hydragnn.train.train_validate_test(
[rank50]:   File "/lustre/orion/lrn031/scratch/zye327/HydraGNN_ds/hydragnn/train/train_validate_test.py", line 158, in train_validate_test
[rank50]:     train_loss, train_taskserr = train(
[rank50]:                                  ^^^^^^
[rank50]:   File "/lustre/orion/lrn031/scratch/zye327/HydraGNN_ds/hydragnn/train/train_validate_test.py", line 496, in train
[rank50]:     pred = model(data)
[rank50]:            ^^^^^^^^^^^
[rank50]:   File "/lustre/orion/cph161/world-shared/mlupopa/max_conda_envs_frontier/envs/hydragnn_rocm600/lib/python3.11/site-packages/torch/nn/modules/module.py", line 1532, in _wrapped_call_impl
[rank50]:     return self._call_impl(*args, **kwargs)
[rank50]:            ^^^^^^^^^^^^^^^^^^^^^^^^^^^^^^^^
[rank50]:   File "/lustre/orion/cph161/world-shared/mlupopa/max_conda_envs_frontier/envs/hydragnn_rocm600/lib/python3.11/site-packages/torch/nn/modules/module.py", line 1541, in _call_impl
[rank50]:     return forward_call(*args, **kwargs)
[rank50]:            ^^^^^^^^^^^^^^^^^^^^^^^^^^^^^
[rank50]:   File "/ccs/home/zye327/.local/lib/python3.11/site-packages/deepspeed/utils/nvtx.py", line 15, in wrapped_fn
[rank50]:     ret_val = func(*args, **kwargs)
[rank50]:               ^^^^^^^^^^^^^^^^^^^^^
[rank50]:   File "/ccs/home/zye327/.local/lib/python3.11/site-packages/deepspeed/runtime/engine.py", line 1846, in forward
[rank50]:     loss = self.module(*inputs, **kwargs)
[rank50]:            ^^^^^^^^^^^^^^^^^^^^^^^^^^^^^^
[rank50]:   File "/lustre/orion/cph161/world-shared/mlupopa/max_conda_envs_frontier/envs/hydragnn_rocm600/lib/python3.11/site-packages/torch/nn/modules/module.py", line 1532, in _wrapped_call_impl
[rank50]:     return self._call_impl(*args, **kwargs)
[rank50]:            ^^^^^^^^^^^^^^^^^^^^^^^^^^^^^^^^
[rank50]:   File "/lustre/orion/cph161/world-shared/mlupopa/max_conda_envs_frontier/envs/hydragnn_rocm600/lib/python3.11/site-packages/torch/nn/modules/module.py", line 1541, in _call_impl
[rank50]:     return forward_call(*args, **kwargs)
[rank50]:            ^^^^^^^^^^^^^^^^^^^^^^^^^^^^^
[rank50]:   File "/lustre/orion/lrn031/scratch/zye327/HydraGNN_ds/hydragnn/models/Base.py", line 297, in forward
[rank50]:     c, pos = conv(x=x, pos=pos, **conv_args)
[rank50]:              ^^^^^^^^^^^^^^^^^^^^^^^^^^^^^^^
[rank50]:   File "/lustre/orion/cph161/world-shared/mlupopa/max_conda_envs_frontier/envs/hydragnn_rocm600/lib/python3.11/site-packages/torch/nn/modules/module.py", line 1532, in _wrapped_call_impl
[rank50]:     return self._call_impl(*args, **kwargs)
[rank50]:            ^^^^^^^^^^^^^^^^^^^^^^^^^^^^^^^^
[rank50]:   File "/lustre/orion/cph161/world-shared/mlupopa/max_conda_envs_frontier/envs/hydragnn_rocm600/lib/python3.11/site-packages/torch/nn/modules/module.py", line 1541, in _call_impl
[rank50]:     return forward_call(*args, **kwargs)
[rank50]:            ^^^^^^^^^^^^^^^^^^^^^^^^^^^^^
[rank50]:   File "/tmp/torch_geometric.nn.sequential_e0c5ba_4625mv82.py", line 19, in forward
[rank50]:     x = self.module_0(x, pos, edge_index, edge_attr)
[rank50]:         ^^^^^^^^^^^^^^^^^^^^^^^^^^^^^^^^^^^^^^^^^^^^
[rank50]:   File "/lustre/orion/cph161/world-shared/mlupopa/max_conda_envs_frontier/envs/hydragnn_rocm600/lib/python3.11/site-packages/torch/nn/modules/module.py", line 1532, in _wrapped_call_impl
[rank50]:     return self._call_impl(*args, **kwargs)
[rank50]:            ^^^^^^^^^^^^^^^^^^^^^^^^^^^^^^^^
[rank50]:   File "/lustre/orion/cph161/world-shared/mlupopa/max_conda_envs_frontier/envs/hydragnn_rocm600/lib/python3.11/site-packages/torch/nn/modules/module.py", line 1541, in _call_impl
[rank50]:     return forward_call(*args, **kwargs)
[rank50]:            ^^^^^^^^^^^^^^^^^^^^^^^^^^^^^
[rank50]:   File "/lustre/orion/lrn031/scratch/zye327/HydraGNN_ds/hydragnn/models/EGCLStack.py", line 229, in forward
[rank50]:     edge_feat = self.edge_model(x[row], x[col], radial, edge_attr)
[rank50]:                 ^^^^^^^^^^^^^^^^^^^^^^^^^^^^^^^^^^^^^^^^^^^^^^^^^^
[rank50]:   File "/lustre/orion/lrn031/scratch/zye327/HydraGNN_ds/hydragnn/models/EGCLStack.py", line 186, in edge_model
[rank50]:     out = self.edge_mlp(out)
[rank50]:           ^^^^^^^^^^^^^^^^^^
[rank50]:   File "/lustre/orion/cph161/world-shared/mlupopa/max_conda_envs_frontier/envs/hydragnn_rocm600/lib/python3.11/site-packages/torch/nn/modules/module.py", line 1532, in _wrapped_call_impl
[rank50]:     return self._call_impl(*args, **kwargs)
[rank50]:            ^^^^^^^^^^^^^^^^^^^^^^^^^^^^^^^^
[rank50]:   File "/lustre/orion/cph161/world-shared/mlupopa/max_conda_envs_frontier/envs/hydragnn_rocm600/lib/python3.11/site-packages/torch/nn/modules/module.py", line 1541, in _call_impl
[rank50]:     return forward_call(*args, **kwargs)
[rank50]:            ^^^^^^^^^^^^^^^^^^^^^^^^^^^^^
[rank50]:   File "/lustre/orion/cph161/world-shared/mlupopa/max_conda_envs_frontier/envs/hydragnn_rocm600/lib/python3.11/site-packages/torch/nn/modules/container.py", line 217, in forward
[rank50]:     input = module(input)
[rank50]:             ^^^^^^^^^^^^^
[rank50]:   File "/lustre/orion/cph161/world-shared/mlupopa/max_conda_envs_frontier/envs/hydragnn_rocm600/lib/python3.11/site-packages/torch/nn/modules/module.py", line 1532, in _wrapped_call_impl
[rank50]:     return self._call_impl(*args, **kwargs)
[rank50]:            ^^^^^^^^^^^^^^^^^^^^^^^^^^^^^^^^
[rank50]:   File "/lustre/orion/cph161/world-shared/mlupopa/max_conda_envs_frontier/envs/hydragnn_rocm600/lib/python3.11/site-packages/torch/nn/modules/module.py", line 1541, in _call_impl
[rank50]:     return forward_call(*args, **kwargs)
[rank50]:            ^^^^^^^^^^^^^^^^^^^^^^^^^^^^^
[rank50]:   File "/lustre/orion/cph161/world-shared/mlupopa/max_conda_envs_frontier/envs/hydragnn_rocm600/lib/python3.11/site-packages/torch/nn/modules/activation.py", line 103, in forward
[rank50]:     return F.relu(input, inplace=self.inplace)
[rank50]:            ^^^^^^^^^^^^^^^^^^^^^^^^^^^^^^^^^^^
[rank50]:   File "/lustre/orion/cph161/world-shared/mlupopa/max_conda_envs_frontier/envs/hydragnn_rocm600/lib/python3.11/site-packages/torch/nn/functional.py", line 1500, in relu
[rank50]:     result = torch.relu(input)
[rank50]:              ^^^^^^^^^^^^^^^^^
[rank50]: torch.cuda.OutOfMemoryError: HIP out of memory. Tried to allocate 1.44 GiB. GPU  has a total capacity of 63.98 GiB of which 314.00 MiB is free. Of the allocated memory 55.88 GiB is allocated by PyTorch, and 7.22 GiB is reserved by PyTorch but unallocated. If reserved but unallocated memory is large try setting PYTORCH_HIP_ALLOC_CONF=expandable_segments:True to avoid fragmentation.  See documentation for Memory Management  (https://pytorch.org/docs/stable/notes/cuda.html#environment-variables)
srun: Job step aborted: Waiting up to 32 seconds for job step to finish.
Train:   0%|          | 0/2 [00:00<?, ?it/s]Train:  50%|█████     | 1/2 [00:27<00:27, 27.09s/it]slurmstepd: error: *** STEP 2204373.2 ON frontier05120 CANCELLED AT 2024-08-08T00:43:01 ***
slurmstepd: error: *** JOB 2204373 ON frontier05120 CANCELLED AT 2024-08-08T00:43:01 ***
