MINICOM=-c on
MIOPEN_DISABLE_CACHE=1
MPICH_ENV_DISPLAY=0
MPICH_OFI_NIC_POLICY=NUMA
MPICH_VERSION_DISPLAY=0
MPICH_DIR=/opt/cray/pe/mpich/8.1.28/ofi/crayclang/17.0
HYDRA_LAUNCHER_EXTRA_ARGS=--external-launcher
HYDRAGNN_VALTEST=0
HYDRAGNN_AGGR_BACKEND=mpi
HYDRAGNN_NUM_WORKERS=0
HYDRA_BOOTSTRAP=slurm
HYDRAGNN_USE_VARIABLE_GRAPH_SIZE=1
NCCL_P2P_LEVEL=NVL
NCCL_PROTO=Simple
NCCL_P2P_DISABLE=1
Running "module reset". Resetting modules to system default. The following $MODULEPATH directories have been removed: None

Lmod is automatically replacing "cce/17.0.0" with "gcc-native/12.3".


Lmod is automatically replacing "PrgEnv-cray/8.5.0" with "PrgEnv-gnu/8.5.0".


Due to MODULEPATH changes, the following have been reloaded:
  1) cray-libsci/23.12.5     2) cray-mpich/8.1.28     3) darshan-runtime/3.4.0-mpi

+ export HYDRAGNN_TRACE_LEVEL=2
+ HYDRAGNN_TRACE_LEVEL=2
+ for MS in LARGE_H3000 LARGE_H4000 LARGE_H5000 LARGE_H6000 LARGE_H7000
+ for NN in 16
+ srun -N16 -n128 -c7 --gres=gpu:8 python -u ./examples/multidataset/train_deepspeed_exportmem.py --multi_model_list=OC2022 --multi --num_epoch=1 --everyone --ddstore --log=exp-strongfull-LARGE_H3000-2204534-NN16-VANILLA --inputfile=LARGE_H3000_MTL.json --use_deepspeed
[2024-08-08 00:44:40,012] [INFO] [real_accelerator.py:203:get_accelerator] Setting ds_accelerator to cuda (auto detect)
[2024-08-08 00:44:40,012] [INFO] [real_accelerator.py:203:get_accelerator] Setting ds_accelerator to cuda (auto detect)
[2024-08-08 00:44:40,012] [INFO] [real_accelerator.py:203:get_accelerator] Setting ds_accelerator to cuda (auto detect)
[2024-08-08 00:44:40,012] [INFO] [real_accelerator.py:203:get_accelerator] Setting ds_accelerator to cuda (auto detect)
[2024-08-08 00:44:40,012] [INFO] [real_accelerator.py:203:get_accelerator] Setting ds_accelerator to cuda (auto detect)
[2024-08-08 00:44:40,012] [INFO] [real_accelerator.py:203:get_accelerator] Setting ds_accelerator to cuda (auto detect)
[2024-08-08 00:44:40,012] [INFO] [real_accelerator.py:203:get_accelerator] Setting ds_accelerator to cuda (auto detect)
[2024-08-08 00:44:40,012] [INFO] [real_accelerator.py:203:get_accelerator] Setting ds_accelerator to cuda (auto detect)
[2024-08-08 00:44:40,090] [INFO] [real_accelerator.py:203:get_accelerator] Setting ds_accelerator to cuda (auto detect)
[2024-08-08 00:44:40,090] [INFO] [real_accelerator.py:203:get_accelerator] Setting ds_accelerator to cuda (auto detect)
[2024-08-08 00:44:40,090] [INFO] [real_accelerator.py:203:get_accelerator] Setting ds_accelerator to cuda (auto detect)
[2024-08-08 00:44:40,090] [INFO] [real_accelerator.py:203:get_accelerator] Setting ds_accelerator to cuda (auto detect)
[2024-08-08 00:44:40,090] [INFO] [real_accelerator.py:203:get_accelerator] Setting ds_accelerator to cuda (auto detect)
[2024-08-08 00:44:40,090] [INFO] [real_accelerator.py:203:get_accelerator] Setting ds_accelerator to cuda (auto detect)
[2024-08-08 00:44:40,090] [INFO] [real_accelerator.py:203:get_accelerator] Setting ds_accelerator to cuda (auto detect)
[2024-08-08 00:44:40,090] [INFO] [real_accelerator.py:203:get_accelerator] Setting ds_accelerator to cuda (auto detect)
[2024-08-08 00:44:40,150] [INFO] [real_accelerator.py:203:get_accelerator] Setting ds_accelerator to cuda (auto detect)
[2024-08-08 00:44:40,150] [INFO] [real_accelerator.py:203:get_accelerator] Setting ds_accelerator to cuda (auto detect)
[2024-08-08 00:44:40,150] [INFO] [real_accelerator.py:203:get_accelerator] Setting ds_accelerator to cuda (auto detect)
[2024-08-08 00:44:40,150] [INFO] [real_accelerator.py:203:get_accelerator] Setting ds_accelerator to cuda (auto detect)
[2024-08-08 00:44:40,150] [INFO] [real_accelerator.py:203:get_accelerator] Setting ds_accelerator to cuda (auto detect)
[2024-08-08 00:44:40,150] [INFO] [real_accelerator.py:203:get_accelerator] Setting ds_accelerator to cuda (auto detect)
[2024-08-08 00:44:40,150] [INFO] [real_accelerator.py:203:get_accelerator] Setting ds_accelerator to cuda (auto detect)
[2024-08-08 00:44:40,150] [INFO] [real_accelerator.py:203:get_accelerator] Setting ds_accelerator to cuda (auto detect)
[2024-08-08 00:44:40,178] [INFO] [real_accelerator.py:203:get_accelerator] Setting ds_accelerator to cuda (auto detect)
[2024-08-08 00:44:40,178] [INFO] [real_accelerator.py:203:get_accelerator] Setting ds_accelerator to cuda (auto detect)
[2024-08-08 00:44:40,178] [INFO] [real_accelerator.py:203:get_accelerator] Setting ds_accelerator to cuda (auto detect)
[2024-08-08 00:44:40,178] [INFO] [real_accelerator.py:203:get_accelerator] Setting ds_accelerator to cuda (auto detect)
[2024-08-08 00:44:40,178] [INFO] [real_accelerator.py:203:get_accelerator] Setting ds_accelerator to cuda (auto detect)
[2024-08-08 00:44:40,178] [INFO] [real_accelerator.py:203:get_accelerator] Setting ds_accelerator to cuda (auto detect)
[2024-08-08 00:44:40,178] [INFO] [real_accelerator.py:203:get_accelerator] Setting ds_accelerator to cuda (auto detect)
[2024-08-08 00:44:40,178] [INFO] [real_accelerator.py:203:get_accelerator] Setting ds_accelerator to cuda (auto detect)
[2024-08-08 00:44:40,215] [INFO] [real_accelerator.py:203:get_accelerator] Setting ds_accelerator to cuda (auto detect)
[2024-08-08 00:44:40,215] [INFO] [real_accelerator.py:203:get_accelerator] Setting ds_accelerator to cuda (auto detect)
[2024-08-08 00:44:40,215] [INFO] [real_accelerator.py:203:get_accelerator] Setting ds_accelerator to cuda (auto detect)
[2024-08-08 00:44:40,215] [INFO] [real_accelerator.py:203:get_accelerator] Setting ds_accelerator to cuda (auto detect)
[2024-08-08 00:44:40,215] [INFO] [real_accelerator.py:203:get_accelerator] Setting ds_accelerator to cuda (auto detect)
[2024-08-08 00:44:40,215] [INFO] [real_accelerator.py:203:get_accelerator] Setting ds_accelerator to cuda (auto detect)
[2024-08-08 00:44:40,215] [INFO] [real_accelerator.py:203:get_accelerator] Setting ds_accelerator to cuda (auto detect)
[2024-08-08 00:44:40,215] [INFO] [real_accelerator.py:203:get_accelerator] Setting ds_accelerator to cuda (auto detect)
[2024-08-08 00:44:40,288] [INFO] [real_accelerator.py:203:get_accelerator] Setting ds_accelerator to cuda (auto detect)
[2024-08-08 00:44:40,288] [INFO] [real_accelerator.py:203:get_accelerator] Setting ds_accelerator to cuda (auto detect)
[2024-08-08 00:44:40,288] [INFO] [real_accelerator.py:203:get_accelerator] Setting ds_accelerator to cuda (auto detect)
[2024-08-08 00:44:40,288] [INFO] [real_accelerator.py:203:get_accelerator] Setting ds_accelerator to cuda (auto detect)
[2024-08-08 00:44:40,288] [INFO] [real_accelerator.py:203:get_accelerator] Setting ds_accelerator to cuda (auto detect)
[2024-08-08 00:44:40,288] [INFO] [real_accelerator.py:203:get_accelerator] Setting ds_accelerator to cuda (auto detect)
[2024-08-08 00:44:40,288] [INFO] [real_accelerator.py:203:get_accelerator] Setting ds_accelerator to cuda (auto detect)
[2024-08-08 00:44:40,288] [INFO] [real_accelerator.py:203:get_accelerator] Setting ds_accelerator to cuda (auto detect)
[2024-08-08 00:44:40,305] [INFO] [real_accelerator.py:203:get_accelerator] Setting ds_accelerator to cuda (auto detect)
[2024-08-08 00:44:40,305] [INFO] [real_accelerator.py:203:get_accelerator] Setting ds_accelerator to cuda (auto detect)
[2024-08-08 00:44:40,305] [INFO] [real_accelerator.py:203:get_accelerator] Setting ds_accelerator to cuda (auto detect)
[2024-08-08 00:44:40,305] [INFO] [real_accelerator.py:203:get_accelerator] Setting ds_accelerator to cuda (auto detect)
[2024-08-08 00:44:40,305] [INFO] [real_accelerator.py:203:get_accelerator] Setting ds_accelerator to cuda (auto detect)
[2024-08-08 00:44:40,305] [INFO] [real_accelerator.py:203:get_accelerator] Setting ds_accelerator to cuda (auto detect)
[2024-08-08 00:44:40,305] [INFO] [real_accelerator.py:203:get_accelerator] Setting ds_accelerator to cuda (auto detect)
[2024-08-08 00:44:40,305] [INFO] [real_accelerator.py:203:get_accelerator] Setting ds_accelerator to cuda (auto detect)
[2024-08-08 00:44:40,310] [INFO] [real_accelerator.py:203:get_accelerator] Setting ds_accelerator to cuda (auto detect)
[2024-08-08 00:44:40,310] [INFO] [real_accelerator.py:203:get_accelerator] Setting ds_accelerator to cuda (auto detect)
[2024-08-08 00:44:40,310] [INFO] [real_accelerator.py:203:get_accelerator] Setting ds_accelerator to cuda (auto detect)
[2024-08-08 00:44:40,310] [INFO] [real_accelerator.py:203:get_accelerator] Setting ds_accelerator to cuda (auto detect)
[2024-08-08 00:44:40,310] [INFO] [real_accelerator.py:203:get_accelerator] Setting ds_accelerator to cuda (auto detect)
[2024-08-08 00:44:40,310] [INFO] [real_accelerator.py:203:get_accelerator] Setting ds_accelerator to cuda (auto detect)
[2024-08-08 00:44:40,310] [INFO] [real_accelerator.py:203:get_accelerator] Setting ds_accelerator to cuda (auto detect)
[2024-08-08 00:44:40,310] [INFO] [real_accelerator.py:203:get_accelerator] Setting ds_accelerator to cuda (auto detect)
[2024-08-08 00:44:40,333] [INFO] [real_accelerator.py:203:get_accelerator] Setting ds_accelerator to cuda (auto detect)
[2024-08-08 00:44:40,333] [INFO] [real_accelerator.py:203:get_accelerator] Setting ds_accelerator to cuda (auto detect)
[2024-08-08 00:44:40,333] [INFO] [real_accelerator.py:203:get_accelerator] Setting ds_accelerator to cuda (auto detect)
[2024-08-08 00:44:40,333] [INFO] [real_accelerator.py:203:get_accelerator] Setting ds_accelerator to cuda (auto detect)
[2024-08-08 00:44:40,333] [INFO] [real_accelerator.py:203:get_accelerator] Setting ds_accelerator to cuda (auto detect)
[2024-08-08 00:44:40,333] [INFO] [real_accelerator.py:203:get_accelerator] Setting ds_accelerator to cuda (auto detect)
[2024-08-08 00:44:40,333] [INFO] [real_accelerator.py:203:get_accelerator] Setting ds_accelerator to cuda (auto detect)
[2024-08-08 00:44:40,333] [INFO] [real_accelerator.py:203:get_accelerator] Setting ds_accelerator to cuda (auto detect)
[2024-08-08 00:44:40,337] [INFO] [real_accelerator.py:203:get_accelerator] Setting ds_accelerator to cuda (auto detect)
[2024-08-08 00:44:40,337] [INFO] [real_accelerator.py:203:get_accelerator] Setting ds_accelerator to cuda (auto detect)
[2024-08-08 00:44:40,337] [INFO] [real_accelerator.py:203:get_accelerator] Setting ds_accelerator to cuda (auto detect)
[2024-08-08 00:44:40,337] [INFO] [real_accelerator.py:203:get_accelerator] Setting ds_accelerator to cuda (auto detect)
[2024-08-08 00:44:40,337] [INFO] [real_accelerator.py:203:get_accelerator] Setting ds_accelerator to cuda (auto detect)
[2024-08-08 00:44:40,337] [INFO] [real_accelerator.py:203:get_accelerator] Setting ds_accelerator to cuda (auto detect)
[2024-08-08 00:44:40,337] [INFO] [real_accelerator.py:203:get_accelerator] Setting ds_accelerator to cuda (auto detect)
[2024-08-08 00:44:40,337] [INFO] [real_accelerator.py:203:get_accelerator] Setting ds_accelerator to cuda (auto detect)
[2024-08-08 00:44:40,345] [INFO] [real_accelerator.py:203:get_accelerator] Setting ds_accelerator to cuda (auto detect)
[2024-08-08 00:44:40,345] [INFO] [real_accelerator.py:203:get_accelerator] Setting ds_accelerator to cuda (auto detect)
[2024-08-08 00:44:40,345] [INFO] [real_accelerator.py:203:get_accelerator] Setting ds_accelerator to cuda (auto detect)
[2024-08-08 00:44:40,345] [INFO] [real_accelerator.py:203:get_accelerator] Setting ds_accelerator to cuda (auto detect)
[2024-08-08 00:44:40,345] [INFO] [real_accelerator.py:203:get_accelerator] Setting ds_accelerator to cuda (auto detect)
[2024-08-08 00:44:40,345] [INFO] [real_accelerator.py:203:get_accelerator] Setting ds_accelerator to cuda (auto detect)
[2024-08-08 00:44:40,345] [INFO] [real_accelerator.py:203:get_accelerator] Setting ds_accelerator to cuda (auto detect)
[2024-08-08 00:44:40,345] [INFO] [real_accelerator.py:203:get_accelerator] Setting ds_accelerator to cuda (auto detect)
[2024-08-08 00:44:40,492] [INFO] [real_accelerator.py:203:get_accelerator] Setting ds_accelerator to cuda (auto detect)
[2024-08-08 00:44:40,492] [INFO] [real_accelerator.py:203:get_accelerator] Setting ds_accelerator to cuda (auto detect)
[2024-08-08 00:44:40,492] [INFO] [real_accelerator.py:203:get_accelerator] Setting ds_accelerator to cuda (auto detect)
[2024-08-08 00:44:40,492] [INFO] [real_accelerator.py:203:get_accelerator] Setting ds_accelerator to cuda (auto detect)
[2024-08-08 00:44:40,492] [INFO] [real_accelerator.py:203:get_accelerator] Setting ds_accelerator to cuda (auto detect)
[2024-08-08 00:44:40,492] [INFO] [real_accelerator.py:203:get_accelerator] Setting ds_accelerator to cuda (auto detect)
[2024-08-08 00:44:40,492] [INFO] [real_accelerator.py:203:get_accelerator] Setting ds_accelerator to cuda (auto detect)
[2024-08-08 00:44:40,492] [INFO] [real_accelerator.py:203:get_accelerator] Setting ds_accelerator to cuda (auto detect)
[2024-08-08 00:44:40,536] [INFO] [real_accelerator.py:203:get_accelerator] Setting ds_accelerator to cuda (auto detect)
[2024-08-08 00:44:40,536] [INFO] [real_accelerator.py:203:get_accelerator] Setting ds_accelerator to cuda (auto detect)
[2024-08-08 00:44:40,536] [INFO] [real_accelerator.py:203:get_accelerator] Setting ds_accelerator to cuda (auto detect)
[2024-08-08 00:44:40,536] [INFO] [real_accelerator.py:203:get_accelerator] Setting ds_accelerator to cuda (auto detect)
[2024-08-08 00:44:40,536] [INFO] [real_accelerator.py:203:get_accelerator] Setting ds_accelerator to cuda (auto detect)
[2024-08-08 00:44:40,536] [INFO] [real_accelerator.py:203:get_accelerator] Setting ds_accelerator to cuda (auto detect)
[2024-08-08 00:44:40,536] [INFO] [real_accelerator.py:203:get_accelerator] Setting ds_accelerator to cuda (auto detect)
[2024-08-08 00:44:40,536] [INFO] [real_accelerator.py:203:get_accelerator] Setting ds_accelerator to cuda (auto detect)
[2024-08-08 00:44:40,569] [INFO] [real_accelerator.py:203:get_accelerator] Setting ds_accelerator to cuda (auto detect)
[2024-08-08 00:44:40,569] [INFO] [real_accelerator.py:203:get_accelerator] Setting ds_accelerator to cuda (auto detect)
[2024-08-08 00:44:40,569] [INFO] [real_accelerator.py:203:get_accelerator] Setting ds_accelerator to cuda (auto detect)
[2024-08-08 00:44:40,569] [INFO] [real_accelerator.py:203:get_accelerator] Setting ds_accelerator to cuda (auto detect)
[2024-08-08 00:44:40,569] [INFO] [real_accelerator.py:203:get_accelerator] Setting ds_accelerator to cuda (auto detect)
[2024-08-08 00:44:40,569] [INFO] [real_accelerator.py:203:get_accelerator] Setting ds_accelerator to cuda (auto detect)
[2024-08-08 00:44:40,569] [INFO] [real_accelerator.py:203:get_accelerator] Setting ds_accelerator to cuda (auto detect)
[2024-08-08 00:44:40,569] [INFO] [real_accelerator.py:203:get_accelerator] Setting ds_accelerator to cuda (auto detect)
[2024-08-08 00:44:40,591] [INFO] [real_accelerator.py:203:get_accelerator] Setting ds_accelerator to cuda (auto detect)
[2024-08-08 00:44:40,591] [INFO] [real_accelerator.py:203:get_accelerator] Setting ds_accelerator to cuda (auto detect)
[2024-08-08 00:44:40,591] [INFO] [real_accelerator.py:203:get_accelerator] Setting ds_accelerator to cuda (auto detect)
[2024-08-08 00:44:40,591] [INFO] [real_accelerator.py:203:get_accelerator] Setting ds_accelerator to cuda (auto detect)
[2024-08-08 00:44:40,591] [INFO] [real_accelerator.py:203:get_accelerator] Setting ds_accelerator to cuda (auto detect)
[2024-08-08 00:44:40,591] [INFO] [real_accelerator.py:203:get_accelerator] Setting ds_accelerator to cuda (auto detect)
[2024-08-08 00:44:40,591] [INFO] [real_accelerator.py:203:get_accelerator] Setting ds_accelerator to cuda (auto detect)
[2024-08-08 00:44:40,591] [INFO] [real_accelerator.py:203:get_accelerator] Setting ds_accelerator to cuda (auto detect)
[2024-08-08 00:44:40,683] [INFO] [real_accelerator.py:203:get_accelerator] Setting ds_accelerator to cuda (auto detect)
[2024-08-08 00:44:40,683] [INFO] [real_accelerator.py:203:get_accelerator] Setting ds_accelerator to cuda (auto detect)
[2024-08-08 00:44:40,683] [INFO] [real_accelerator.py:203:get_accelerator] Setting ds_accelerator to cuda (auto detect)
[2024-08-08 00:44:40,683] [INFO] [real_accelerator.py:203:get_accelerator] Setting ds_accelerator to cuda (auto detect)
[2024-08-08 00:44:40,683] [INFO] [real_accelerator.py:203:get_accelerator] Setting ds_accelerator to cuda (auto detect)
[2024-08-08 00:44:40,683] [INFO] [real_accelerator.py:203:get_accelerator] Setting ds_accelerator to cuda (auto detect)
[2024-08-08 00:44:40,683] [INFO] [real_accelerator.py:203:get_accelerator] Setting ds_accelerator to cuda (auto detect)
[2024-08-08 00:44:40,683] [INFO] [real_accelerator.py:203:get_accelerator] Setting ds_accelerator to cuda (auto detect)
[93m [WARNING] [0m async_io requires the dev libaio .so object and headers but these were not found.
[93m [WARNING] [0m async_io requires the dev libaio .so object and headers but these were not found.
[93m [WARNING] [0m async_io requires the dev libaio .so object and headers but these were not found.
[93m [WARNING] [0m async_io requires the dev libaio .so object and headers but these were not found.
[93m [WARNING] [0m async_io requires the dev libaio .so object and headers but these were not found.
[93m [WARNING] [0m async_io requires the dev libaio .so object and headers but these were not found.
[93m [WARNING] [0m async_io requires the dev libaio .so object and headers but these were not found.
[93m [WARNING] [0m async_io requires the dev libaio .so object and headers but these were not found.
[93m [WARNING] [0m async_io requires the dev libaio .so object and headers but these were not found.
[93m [WARNING] [0m async_io requires the dev libaio .so object and headers but these were not found.
[93m [WARNING] [0m async_io requires the dev libaio .so object and headers but these were not found.
[93m [WARNING] [0m async_io requires the dev libaio .so object and headers but these were not found.
[93m [WARNING] [0m async_io requires the dev libaio .so object and headers but these were not found.
[93m [WARNING] [0m async_io requires the dev libaio .so object and headers but these were not found.
[93m [WARNING] [0m async_io requires the dev libaio .so object and headers but these were not found.
[93m [WARNING] [0m async_io requires the dev libaio .so object and headers but these were not found.
[93m [WARNING] [0m async_io requires the dev libaio .so object and headers but these were not found.
[93m [WARNING] [0m async_io requires the dev libaio .so object and headers but these were not found.
[93m [WARNING] [0m async_io requires the dev libaio .so object and headers but these were not found.
[93m [WARNING] [0m async_io requires the dev libaio .so object and headers but these were not found.
[93m [WARNING] [0m async_io requires the dev libaio .so object and headers but these were not found.
[93m [WARNING] [0m async_io requires the dev libaio .so object and headers but these were not found.
[93m [WARNING] [0m async_io requires the dev libaio .so object and headers but these were not found.
[93m [WARNING] [0m async_io requires the dev libaio .so object and headers but these were not found.
[93m [WARNING] [0m async_io requires the dev libaio .so object and headers but these were not found.
[93m [WARNING] [0m async_io requires the dev libaio .so object and headers but these were not found.
[93m [WARNING] [0m async_io requires the dev libaio .so object and headers but these were not found.
[93m [WARNING] [0m async_io requires the dev libaio .so object and headers but these were not found.
[93m [WARNING] [0m async_io requires the dev libaio .so object and headers but these were not found.
[93m [WARNING] [0m async_io requires the dev libaio .so object and headers but these were not found.
[93m [WARNING] [0m async_io requires the dev libaio .so object and headers but these were not found.
[93m [WARNING] [0m async_io requires the dev libaio .so object and headers but these were not found.
[93m [WARNING] [0m async_io requires the dev libaio .so object and headers but these were not found.
[93m [WARNING] [0m async_io requires the dev libaio .so object and headers but these were not found.
[93m [WARNING] [0m async_io requires the dev libaio .so object and headers but these were not found.
[93m [WARNING] [0m async_io requires the dev libaio .so object and headers but these were not found.
[93m [WARNING] [0m async_io requires the dev libaio .so object and headers but these were not found.
[93m [WARNING] [0m async_io requires the dev libaio .so object and headers but these were not found.
[93m [WARNING] [0m async_io requires the dev libaio .so object and headers but these were not found.
[93m [WARNING] [0m async_io requires the dev libaio .so object and headers but these were not found.
[93m [WARNING] [0m async_io requires the dev libaio .so object and headers but these were not found.
[93m [WARNING] [0m async_io requires the dev libaio .so object and headers but these were not found.
[93m [WARNING] [0m async_io requires the dev libaio .so object and headers but these were not found.
[93m [WARNING] [0m async_io requires the dev libaio .so object and headers but these were not found.
[93m [WARNING] [0m async_io requires the dev libaio .so object and headers but these were not found.
[93m [WARNING] [0m async_io requires the dev libaio .so object and headers but these were not found.
[93m [WARNING] [0m async_io requires the dev libaio .so object and headers but these were not found.
[93m [WARNING] [0m async_io requires the dev libaio .so object and headers but these were not found.
[93m [WARNING] [0m async_io requires the dev libaio .so object and headers but these were not found.
[93m [WARNING] [0m async_io requires the dev libaio .so object and headers but these were not found.
[93m [WARNING] [0m async_io requires the dev libaio .so object and headers but these were not found.
[93m [WARNING] [0m async_io requires the dev libaio .so object and headers but these were not found.
[93m [WARNING] [0m async_io requires the dev libaio .so object and headers but these were not found.
[93m [WARNING] [0m async_io requires the dev libaio .so object and headers but these were not found.
[93m [WARNING] [0m If libaio is already installed (perhaps from source), try setting the CFLAGS and LDFLAGS environment variables to where it can be found.
[93m [WARNING] [0m Please specify the CUTLASS repo directory as environment variable $CUTLASS_PATH
[93m [WARNING] [0m async_io requires the dev libaio .so object and headers but these were not found.
[93m [WARNING] [0m async_io requires the dev libaio .so object and headers but these were not found.
[93m [WARNING] [0m async_io requires the dev libaio .so object and headers but these were not found.
[93m [WARNING] [0m async_io requires the dev libaio .so object and headers but these were not found.
[93m [WARNING] [0m If libaio is already installed (perhaps from source), try setting the CFLAGS and LDFLAGS environment variables to where it can be found.
[93m [WARNING] [0m Please specify the CUTLASS repo directory as environment variable $CUTLASS_PATH
[93m [WARNING] [0m async_io requires the dev libaio .so object and headers but these were not found.
[93m [WARNING] [0m async_io requires the dev libaio .so object and headers but these were not found.
[93m [WARNING] [0m async_io requires the dev libaio .so object and headers but these were not found.
[93m [WARNING] [0m async_io requires the dev libaio .so object and headers but these were not found.
[93m [WARNING] [0m If libaio is already installed (perhaps from source), try setting the CFLAGS and LDFLAGS environment variables to where it can be found.
[93m [WARNING] [0m Please specify the CUTLASS repo directory as environment variable $CUTLASS_PATH
[93m [WARNING] [0m async_io requires the dev libaio .so object and headers but these were not found.
[93m [WARNING] [0m async_io requires the dev libaio .so object and headers but these were not found.
[93m [WARNING] [0m async_io requires the dev libaio .so object and headers but these were not found.
[93m [WARNING] [0m async_io requires the dev libaio .so object and headers but these were not found.
[93m [WARNING] [0m If libaio is already installed (perhaps from source), try setting the CFLAGS and LDFLAGS environment variables to where it can be found.
[93m [WARNING] [0m async_io requires the dev libaio .so object and headers but these were not found.
[93m [WARNING] [0m async_io requires the dev libaio .so object and headers but these were not found.
[93m [WARNING] [0m async_io requires the dev libaio .so object and headers but these were not found.
[93m [WARNING] [0m async_io requires the dev libaio .so object and headers but these were not found.
[93m [WARNING] [0m If libaio is already installed (perhaps from source), try setting the CFLAGS and LDFLAGS environment variables to where it can be found.
[93m [WARNING] [0m Please specify the CUTLASS repo directory as environment variable $CUTLASS_PATH
[93m [WARNING] [0m async_io requires the dev libaio .so object and headers but these were not found.
[93m [WARNING] [0m async_io requires the dev libaio .so object and headers but these were not found.
[93m [WARNING] [0m async_io requires the dev libaio .so object and headers but these were not found.
[93m [WARNING] [0m If libaio is already installed (perhaps from source), try setting the CFLAGS and LDFLAGS environment variables to where it can be found.
[93m [WARNING] [0m Please specify the CUTLASS repo directory as environment variable $CUTLASS_PATH
[93m [WARNING] [0m async_io requires the dev libaio .so object and headers but these were not found.
[93m [WARNING] [0m Please specify the CUTLASS repo directory as environment variable $CUTLASS_PATH
[93m [WARNING] [0m async_io requires the dev libaio .so object and headers but these were not found.
[93m [WARNING] [0m async_io requires the dev libaio .so object and headers but these were not found.
[93m [WARNING] [0m async_io requires the dev libaio .so object and headers but these were not found.
[93m [WARNING] [0m async_io requires the dev libaio .so object and headers but these were not found.
[93m [WARNING] [0m If libaio is already installed (perhaps from source), try setting the CFLAGS and LDFLAGS environment variables to where it can be found.
[93m [WARNING] [0m Please specify the CUTLASS repo directory as environment variable $CUTLASS_PATH
[93m [WARNING] [0m If libaio is already installed (perhaps from source), try setting the CFLAGS and LDFLAGS environment variables to where it can be found.
[93m [WARNING] [0m async_io requires the dev libaio .so object and headers but these were not found.
[93m [WARNING] [0m async_io requires the dev libaio .so object and headers but these were not found.
[93m [WARNING] [0m If libaio is already installed (perhaps from source), try setting the CFLAGS and LDFLAGS environment variables to where it can be found.
[93m [WARNING] [0m async_io requires the dev libaio .so object and headers but these were not found.
[93m [WARNING] [0m If libaio is already installed (perhaps from source), try setting the CFLAGS and LDFLAGS environment variables to where it can be found.
[93m [WARNING] [0m If libaio is already installed (perhaps from source), try setting the CFLAGS and LDFLAGS environment variables to where it can be found.
[93m [WARNING] [0m Please specify the CUTLASS repo directory as environment variable $CUTLASS_PATH
[93m [WARNING] [0m If libaio is already installed (perhaps from source), try setting the CFLAGS and LDFLAGS environment variables to where it can be found.
[93m [WARNING] [0m Please specify the CUTLASS repo directory as environment variable $CUTLASS_PATH
[93m [WARNING] [0m If libaio is already installed (perhaps from source), try setting the CFLAGS and LDFLAGS environment variables to where it can be found.
[93m [WARNING] [0m Please specify the CUTLASS repo directory as environment variable $CUTLASS_PATH
[93m [WARNING] [0m If libaio is already installed (perhaps from source), try setting the CFLAGS and LDFLAGS environment variables to where it can be found.
[93m [WARNING] [0m Please specify the CUTLASS repo directory as environment variable $CUTLASS_PATH
[93m [WARNING] [0m If libaio is already installed (perhaps from source), try setting the CFLAGS and LDFLAGS environment variables to where it can be found.
[93m [WARNING] [0m Please specify the CUTLASS repo directory as environment variable $CUTLASS_PATH
[93m [WARNING] [0m async_io requires the dev libaio .so object and headers but these were not found.
[93m [WARNING] [0m async_io requires the dev libaio .so object and headers but these were not found.
[93m [WARNING] [0m If libaio is already installed (perhaps from source), try setting the CFLAGS and LDFLAGS environment variables to where it can be found.
[93m [WARNING] [0m If libaio is already installed (perhaps from source), try setting the CFLAGS and LDFLAGS environment variables to where it can be found.
[93m [WARNING] [0m Please specify the CUTLASS repo directory as environment variable $CUTLASS_PATH
[93m [WARNING] [0m If libaio is already installed (perhaps from source), try setting the CFLAGS and LDFLAGS environment variables to where it can be found.
[93m [WARNING] [0m If libaio is already installed (perhaps from source), try setting the CFLAGS and LDFLAGS environment variables to where it can be found.
[93m [WARNING] [0m async_io requires the dev libaio .so object and headers but these were not found.
[93m [WARNING] [0m If libaio is already installed (perhaps from source), try setting the CFLAGS and LDFLAGS environment variables to where it can be found.
[93m [WARNING] [0m If libaio is already installed (perhaps from source), try setting the CFLAGS and LDFLAGS environment variables to where it can be found.
[93m [WARNING] [0m If libaio is already installed (perhaps from source), try setting the CFLAGS and LDFLAGS environment variables to where it can be found.
[93m [WARNING] [0m Please specify the CUTLASS repo directory as environment variable $CUTLASS_PATH
[93m [WARNING] [0m If libaio is already installed (perhaps from source), try setting the CFLAGS and LDFLAGS environment variables to where it can be found.
[93m [WARNING] [0m If libaio is already installed (perhaps from source), try setting the CFLAGS and LDFLAGS environment variables to where it can be found.
[93m [WARNING] [0m async_io requires the dev libaio .so object and headers but these were not found.
[93m [WARNING] [0m If libaio is already installed (perhaps from source), try setting the CFLAGS and LDFLAGS environment variables to where it can be found.
[93m [WARNING] [0m async_io requires the dev libaio .so object and headers but these were not found.
[93m [WARNING] [0m Please specify the CUTLASS repo directory as environment variable $CUTLASS_PATH
[93m [WARNING] [0m If libaio is already installed (perhaps from source), try setting the CFLAGS and LDFLAGS environment variables to where it can be found.
[93m [WARNING] [0m Please specify the CUTLASS repo directory as environment variable $CUTLASS_PATH
[93m [WARNING] [0m Please specify the CUTLASS repo directory as environment variable $CUTLASS_PATH
[93m [WARNING] [0m Please specify the CUTLASS repo directory as environment variable $CUTLASS_PATH
[93m [WARNING] [0m async_io requires the dev libaio .so object and headers but these were not found.
[93m [WARNING] [0m Please specify the CUTLASS repo directory as environment variable $CUTLASS_PATH
[93m [WARNING] [0m Please specify the CUTLASS repo directory as environment variable $CUTLASS_PATH
[93m [WARNING] [0m If libaio is already installed (perhaps from source), try setting the CFLAGS and LDFLAGS environment variables to where it can be found.
[93m [WARNING] [0m Please specify the CUTLASS repo directory as environment variable $CUTLASS_PATH
[93m [WARNING] [0m If libaio is already installed (perhaps from source), try setting the CFLAGS and LDFLAGS environment variables to where it can be found.
[93m [WARNING] [0m async_io requires the dev libaio .so object and headers but these were not found.
[93m [WARNING] [0m Please specify the CUTLASS repo directory as environment variable $CUTLASS_PATH
[93m [WARNING] [0m async_io requires the dev libaio .so object and headers but these were not found.
[93m [WARNING] [0m Please specify the CUTLASS repo directory as environment variable $CUTLASS_PATH
[93m [WARNING] [0m If libaio is already installed (perhaps from source), try setting the CFLAGS and LDFLAGS environment variables to where it can be found.
[93m [WARNING] [0m Please specify the CUTLASS repo directory as environment variable $CUTLASS_PATH
[93m [WARNING] [0m Please specify the CUTLASS repo directory as environment variable $CUTLASS_PATH
[93m [WARNING] [0m If libaio is already installed (perhaps from source), try setting the CFLAGS and LDFLAGS environment variables to where it can be found.
[93m [WARNING] [0m async_io requires the dev libaio .so object and headers but these were not found.
[93m [WARNING] [0m If libaio is already installed (perhaps from source), try setting the CFLAGS and LDFLAGS environment variables to where it can be found.
[93m [WARNING] [0m Please specify the CUTLASS repo directory as environment variable $CUTLASS_PATH
[93m [WARNING] [0m If libaio is already installed (perhaps from source), try setting the CFLAGS and LDFLAGS environment variables to where it can be found.
[93m [WARNING] [0m Please specify the CUTLASS repo directory as environment variable $CUTLASS_PATH
[93m [WARNING] [0m If libaio is already installed (perhaps from source), try setting the CFLAGS and LDFLAGS environment variables to where it can be found.
[93m [WARNING] [0m Please specify the CUTLASS repo directory as environment variable $CUTLASS_PATH
[93m [WARNING] [0m async_io requires the dev libaio .so object and headers but these were not found.
[93m [WARNING] [0m If libaio is already installed (perhaps from source), try setting the CFLAGS and LDFLAGS environment variables to where it can be found.
[93m [WARNING] [0m async_io requires the dev libaio .so object and headers but these were not found.
[93m [WARNING] [0m If libaio is already installed (perhaps from source), try setting the CFLAGS and LDFLAGS environment variables to where it can be found.
[93m [WARNING] [0m If libaio is already installed (perhaps from source), try setting the CFLAGS and LDFLAGS environment variables to where it can be found.
[93m [WARNING] [0m If libaio is already installed (perhaps from source), try setting the CFLAGS and LDFLAGS environment variables to where it can be found.
[93m [WARNING] [0m Please specify the CUTLASS repo directory as environment variable $CUTLASS_PATH
[93m [WARNING] [0m async_io requires the dev libaio .so object and headers but these were not found.
[93m [WARNING] [0m If libaio is already installed (perhaps from source), try setting the CFLAGS and LDFLAGS environment variables to where it can be found.
[93m [WARNING] [0m Please specify the CUTLASS repo directory as environment variable $CUTLASS_PATH
[93m [WARNING] [0m If libaio is already installed (perhaps from source), try setting the CFLAGS and LDFLAGS environment variables to where it can be found.
[93m [WARNING] [0m Please specify the CUTLASS repo directory as environment variable $CUTLASS_PATH
[93m [WARNING] [0m Please specify the CUTLASS repo directory as environment variable $CUTLASS_PATH
[93m [WARNING] [0m async_io requires the dev libaio .so object and headers but these were not found.
[93m [WARNING] [0m If libaio is already installed (perhaps from source), try setting the CFLAGS and LDFLAGS environment variables to where it can be found.
[93m [WARNING] [0m async_io requires the dev libaio .so object and headers but these were not found.
[93m [WARNING] [0m Please specify the CUTLASS repo directory as environment variable $CUTLASS_PATH
[93m [WARNING] [0m If libaio is already installed (perhaps from source), try setting the CFLAGS and LDFLAGS environment variables to where it can be found.
[93m [WARNING] [0m Please specify the CUTLASS repo directory as environment variable $CUTLASS_PATH
[93m [WARNING] [0m Please specify the CUTLASS repo directory as environment variable $CUTLASS_PATH
[93m [WARNING] [0m If libaio is already installed (perhaps from source), try setting the CFLAGS and LDFLAGS environment variables to where it can be found.
[93m [WARNING] [0m async_io requires the dev libaio .so object and headers but these were not found.
[93m [WARNING] [0m Please specify the CUTLASS repo directory as environment variable $CUTLASS_PATH
[93m [WARNING] [0m If libaio is already installed (perhaps from source), try setting the CFLAGS and LDFLAGS environment variables to where it can be found.
[93m [WARNING] [0m If libaio is already installed (perhaps from source), try setting the CFLAGS and LDFLAGS environment variables to where it can be found.
[93m [WARNING] [0m Please specify the CUTLASS repo directory as environment variable $CUTLASS_PATH
[93m [WARNING] [0m If libaio is already installed (perhaps from source), try setting the CFLAGS and LDFLAGS environment variables to where it can be found.
[93m [WARNING] [0m async_io requires the dev libaio .so object and headers but these were not found.
[93m [WARNING] [0m Please specify the CUTLASS repo directory as environment variable $CUTLASS_PATH
[93m [WARNING] [0m async_io requires the dev libaio .so object and headers but these were not found.
[93m [WARNING] [0m If libaio is already installed (perhaps from source), try setting the CFLAGS and LDFLAGS environment variables to where it can be found.
[93m [WARNING] [0m If libaio is already installed (perhaps from source), try setting the CFLAGS and LDFLAGS environment variables to where it can be found.
[93m [WARNING] [0m If libaio is already installed (perhaps from source), try setting the CFLAGS and LDFLAGS environment variables to where it can be found.
[93m [WARNING] [0m Please specify the CUTLASS repo directory as environment variable $CUTLASS_PATH
[93m [WARNING] [0m async_io requires the dev libaio .so object and headers but these were not found.
[93m [WARNING] [0m If libaio is already installed (perhaps from source), try setting the CFLAGS and LDFLAGS environment variables to where it can be found.
[93m [WARNING] [0m If libaio is already installed (perhaps from source), try setting the CFLAGS and LDFLAGS environment variables to where it can be found.
[93m [WARNING] [0m Please specify the CUTLASS repo directory as environment variable $CUTLASS_PATH
[93m [WARNING] [0m If libaio is already installed (perhaps from source), try setting the CFLAGS and LDFLAGS environment variables to where it can be found.
[93m [WARNING] [0m Please specify the CUTLASS repo directory as environment variable $CUTLASS_PATH
[93m [WARNING] [0m If libaio is already installed (perhaps from source), try setting the CFLAGS and LDFLAGS environment variables to where it can be found.
[93m [WARNING] [0m Please specify the CUTLASS repo directory as environment variable $CUTLASS_PATH
[93m [WARNING] [0m Please specify the CUTLASS repo directory as environment variable $CUTLASS_PATH
[93m [WARNING] [0m async_io requires the dev libaio .so object and headers but these were not found.
[93m [WARNING] [0m Please specify the CUTLASS repo directory as environment variable $CUTLASS_PATH
[93m [WARNING] [0m Please specify the CUTLASS repo directory as environment variable $CUTLASS_PATH
[93m [WARNING] [0m If libaio is already installed (perhaps from source), try setting the CFLAGS and LDFLAGS environment variables to where it can be found.
[93m [WARNING] [0m If libaio is already installed (perhaps from source), try setting the CFLAGS and LDFLAGS environment variables to where it can be found.
[93m [WARNING] [0m async_io requires the dev libaio .so object and headers but these were not found.
[93m [WARNING] [0m If libaio is already installed (perhaps from source), try setting the CFLAGS and LDFLAGS environment variables to where it can be found.
[93m [WARNING] [0m Please specify the CUTLASS repo directory as environment variable $CUTLASS_PATH
[93m [WARNING] [0m If libaio is already installed (perhaps from source), try setting the CFLAGS and LDFLAGS environment variables to where it can be found.
[93m [WARNING] [0m If libaio is already installed (perhaps from source), try setting the CFLAGS and LDFLAGS environment variables to where it can be found.
[93m [WARNING] [0m Please specify the CUTLASS repo directory as environment variable $CUTLASS_PATH
[93m [WARNING] [0m If libaio is already installed (perhaps from source), try setting the CFLAGS and LDFLAGS environment variables to where it can be found.
[93m [WARNING] [0m If libaio is already installed (perhaps from source), try setting the CFLAGS and LDFLAGS environment variables to where it can be found.
[93m [WARNING] [0m Please specify the CUTLASS repo directory as environment variable $CUTLASS_PATH
[93m [WARNING] [0m If libaio is already installed (perhaps from source), try setting the CFLAGS and LDFLAGS environment variables to where it can be found.
[93m [WARNING] [0m async_io requires the dev libaio .so object and headers but these were not found.
[93m [WARNING] [0m async_io requires the dev libaio .so object and headers but these were not found.
[93m [WARNING] [0m If libaio is already installed (perhaps from source), try setting the CFLAGS and LDFLAGS environment variables to where it can be found.
[93m [WARNING] [0m If libaio is already installed (perhaps from source), try setting the CFLAGS and LDFLAGS environment variables to where it can be found.
[93m [WARNING] [0m Please specify the CUTLASS repo directory as environment variable $CUTLASS_PATH
[93m [WARNING] [0m Please specify the CUTLASS repo directory as environment variable $CUTLASS_PATH
[93m [WARNING] [0m async_io requires the dev libaio .so object and headers but these were not found.
[93m [WARNING] [0m If libaio is already installed (perhaps from source), try setting the CFLAGS and LDFLAGS environment variables to where it can be found.
[93m [WARNING] [0m Please specify the CUTLASS repo directory as environment variable $CUTLASS_PATH
[93m [WARNING] [0m Please specify the CUTLASS repo directory as environment variable $CUTLASS_PATH
[93m [WARNING] [0m Please specify the CUTLASS repo directory as environment variable $CUTLASS_PATH
[93m [WARNING] [0m sparse_attn is not compatible with ROCM
[93m [WARNING] [0m If libaio is already installed (perhaps from source), try setting the CFLAGS and LDFLAGS environment variables to where it can be found.
[93m [WARNING] [0m If libaio is already installed (perhaps from source), try setting the CFLAGS and LDFLAGS environment variables to where it can be found.
[93m [WARNING] [0m If libaio is already installed (perhaps from source), try setting the CFLAGS and LDFLAGS environment variables to where it can be found.
[93m [WARNING] [0m async_io requires the dev libaio .so object and headers but these were not found.
[93m [WARNING] [0m async_io requires the dev libaio .so object and headers but these were not found.
[93m [WARNING] [0m If libaio is already installed (perhaps from source), try setting the CFLAGS and LDFLAGS environment variables to where it can be found.
[93m [WARNING] [0m Please specify the CUTLASS repo directory as environment variable $CUTLASS_PATH
[93m [WARNING] [0m Please specify the CUTLASS repo directory as environment variable $CUTLASS_PATH
[93m [WARNING] [0m If libaio is already installed (perhaps from source), try setting the CFLAGS and LDFLAGS environment variables to where it can be found.
[93m [WARNING] [0m If libaio is already installed (perhaps from source), try setting the CFLAGS and LDFLAGS environment variables to where it can be found.
[93m [WARNING] [0m Please specify the CUTLASS repo directory as environment variable $CUTLASS_PATH
[93m [WARNING] [0m Please specify the CUTLASS repo directory as environment variable $CUTLASS_PATH
[93m [WARNING] [0m async_io requires the dev libaio .so object and headers but these were not found.
[93m [WARNING] [0m Please specify the CUTLASS repo directory as environment variable $CUTLASS_PATH
[93m [WARNING] [0m Please specify the CUTLASS repo directory as environment variable $CUTLASS_PATH
[93m [WARNING] [0m sparse_attn is not compatible with ROCM
[93m [WARNING] [0m If libaio is already installed (perhaps from source), try setting the CFLAGS and LDFLAGS environment variables to where it can be found.
[93m [WARNING] [0m Please specify the CUTLASS repo directory as environment variable $CUTLASS_PATH
[93m [WARNING] [0m Please specify the CUTLASS repo directory as environment variable $CUTLASS_PATH
[93m [WARNING] [0m async_io requires the dev libaio .so object and headers but these were not found.
[93m [WARNING] [0m If libaio is already installed (perhaps from source), try setting the CFLAGS and LDFLAGS environment variables to where it can be found.
[93m [WARNING] [0m Please specify the CUTLASS repo directory as environment variable $CUTLASS_PATH
[93m [WARNING] [0m Please specify the CUTLASS repo directory as environment variable $CUTLASS_PATH
[93m [WARNING] [0m If libaio is already installed (perhaps from source), try setting the CFLAGS and LDFLAGS environment variables to where it can be found.
[93m [WARNING] [0m Please specify the CUTLASS repo directory as environment variable $CUTLASS_PATH
[93m [WARNING] [0m Please specify the CUTLASS repo directory as environment variable $CUTLASS_PATH
[93m [WARNING] [0m If libaio is already installed (perhaps from source), try setting the CFLAGS and LDFLAGS environment variables to where it can be found.
[93m [WARNING] [0m Please specify the CUTLASS repo directory as environment variable $CUTLASS_PATH
[93m [WARNING] [0m If libaio is already installed (perhaps from source), try setting the CFLAGS and LDFLAGS environment variables to where it can be found.
[93m [WARNING] [0m async_io requires the dev libaio .so object and headers but these were not found.
[93m [WARNING] [0m Please specify the CUTLASS repo directory as environment variable $CUTLASS_PATH
[93m [WARNING] [0m If libaio is already installed (perhaps from source), try setting the CFLAGS and LDFLAGS environment variables to where it can be found.
[93m [WARNING] [0m sparse_attn is not compatible with ROCM
[93m [WARNING] [0m Please specify the CUTLASS repo directory as environment variable $CUTLASS_PATH
[93m [WARNING] [0m If libaio is already installed (perhaps from source), try setting the CFLAGS and LDFLAGS environment variables to where it can be found.
[93m [WARNING] [0m Please specify the CUTLASS repo directory as environment variable $CUTLASS_PATH
[93m [WARNING] [0m async_io requires the dev libaio .so object and headers but these were not found.
[93m [WARNING] [0m async_io requires the dev libaio .so object and headers but these were not found.
[93m [WARNING] [0m Please specify the CUTLASS repo directory as environment variable $CUTLASS_PATH
[93m [WARNING] [0m Please specify the CUTLASS repo directory as environment variable $CUTLASS_PATH
[93m [WARNING] [0m If libaio is already installed (perhaps from source), try setting the CFLAGS and LDFLAGS environment variables to where it can be found.
[93m [WARNING] [0m Please specify the CUTLASS repo directory as environment variable $CUTLASS_PATH
[93m [WARNING] [0m sparse_attn is not compatible with ROCM
[93m [WARNING] [0m If libaio is already installed (perhaps from source), try setting the CFLAGS and LDFLAGS environment variables to where it can be found.
[93m [WARNING] [0m If libaio is already installed (perhaps from source), try setting the CFLAGS and LDFLAGS environment variables to where it can be found.
[93m [WARNING] [0m Please specify the CUTLASS repo directory as environment variable $CUTLASS_PATH
[93m [WARNING] [0m async_io requires the dev libaio .so object and headers but these were not found.
[93m [WARNING] [0m If libaio is already installed (perhaps from source), try setting the CFLAGS and LDFLAGS environment variables to where it can be found.
[93m [WARNING] [0m Please specify the CUTLASS repo directory as environment variable $CUTLASS_PATH
[93m [WARNING] [0m sparse_attn is not compatible with ROCM
[93m [WARNING] [0m Please specify the CUTLASS repo directory as environment variable $CUTLASS_PATH
[93m [WARNING] [0m If libaio is already installed (perhaps from source), try setting the CFLAGS and LDFLAGS environment variables to where it can be found.
[93m [WARNING] [0m Please specify the CUTLASS repo directory as environment variable $CUTLASS_PATH
[93m [WARNING] [0m If libaio is already installed (perhaps from source), try setting the CFLAGS and LDFLAGS environment variables to where it can be found.
[93m [WARNING] [0m async_io requires the dev libaio .so object and headers but these were not found.
[93m [WARNING] [0m async_io requires the dev libaio .so object and headers but these were not found.
[93m [WARNING] [0m If libaio is already installed (perhaps from source), try setting the CFLAGS and LDFLAGS environment variables to where it can be found.
[93m [WARNING] [0m If libaio is already installed (perhaps from source), try setting the CFLAGS and LDFLAGS environment variables to where it can be found.
[93m [WARNING] [0m Please specify the CUTLASS repo directory as environment variable $CUTLASS_PATH
[93m [WARNING] [0m sparse_attn is not compatible with ROCM
[93m [WARNING] [0m sparse_attn is not compatible with ROCM
[93m [WARNING] [0m Please specify the CUTLASS repo directory as environment variable $CUTLASS_PATH
[93m [WARNING] [0m If libaio is already installed (perhaps from source), try setting the CFLAGS and LDFLAGS environment variables to where it can be found.
[93m [WARNING] [0m sparse_attn is not compatible with ROCM
[93m [WARNING] [0m async_io requires the dev libaio .so object and headers but these were not found.
[93m [WARNING] [0m If libaio is already installed (perhaps from source), try setting the CFLAGS and LDFLAGS environment variables to where it can be found.
[93m [WARNING] [0m If libaio is already installed (perhaps from source), try setting the CFLAGS and LDFLAGS environment variables to where it can be found.
[93m [WARNING] [0m Please specify the CUTLASS repo directory as environment variable $CUTLASS_PATH
[93m [WARNING] [0m sparse_attn is not compatible with ROCM
[93m [WARNING] [0m Please specify the CUTLASS repo directory as environment variable $CUTLASS_PATH
[93m [WARNING] [0m Please specify the CUTLASS repo directory as environment variable $CUTLASS_PATH
[93m [WARNING] [0m If libaio is already installed (perhaps from source), try setting the CFLAGS and LDFLAGS environment variables to where it can be found.
[93m [WARNING] [0m async_io requires the dev libaio .so object and headers but these were not found.
[93m [WARNING] [0m async_io requires the dev libaio .so object and headers but these were not found.
[93m [WARNING] [0m Please specify the CUTLASS repo directory as environment variable $CUTLASS_PATH
[93m [WARNING] [0m sparse_attn is not compatible with ROCM
[93m [WARNING] [0m sparse_attn is not compatible with ROCM
[93m [WARNING] [0m sparse_attn is not compatible with ROCM
[93m [WARNING] [0m If libaio is already installed (perhaps from source), try setting the CFLAGS and LDFLAGS environment variables to where it can be found.
[93m [WARNING] [0m Please specify the CUTLASS repo directory as environment variable $CUTLASS_PATH
[93m [WARNING] [0m sparse_attn is not compatible with ROCM
[93m [WARNING] [0m async_io requires the dev libaio .so object and headers but these were not found.
[93m [WARNING] [0m Please specify the CUTLASS repo directory as environment variable $CUTLASS_PATH
[93m [WARNING] [0m sparse_attn is not compatible with ROCM
[93m [WARNING] [0m sparse_attn is not compatible with ROCM
[93m [WARNING] [0m If libaio is already installed (perhaps from source), try setting the CFLAGS and LDFLAGS environment variables to where it can be found.
[93m [WARNING] [0m If libaio is already installed (perhaps from source), try setting the CFLAGS and LDFLAGS environment variables to where it can be found.
[93m [WARNING] [0m Please specify the CUTLASS repo directory as environment variable $CUTLASS_PATH
[93m [WARNING] [0m Please specify the CUTLASS repo directory as environment variable $CUTLASS_PATH
[93m [WARNING] [0m async_io requires the dev libaio .so object and headers but these were not found.
[93m [WARNING] [0m async_io requires the dev libaio .so object and headers but these were not found.
[93m [WARNING] [0m If libaio is already installed (perhaps from source), try setting the CFLAGS and LDFLAGS environment variables to where it can be found.
[93m [WARNING] [0m Please specify the CUTLASS repo directory as environment variable $CUTLASS_PATH
[93m [WARNING] [0m sparse_attn is not compatible with ROCM
[93m [WARNING] [0m sparse_attn is not compatible with ROCM
[93m [WARNING] [0m sparse_attn is not compatible with ROCM
[93m [WARNING] [0m Please specify the CUTLASS repo directory as environment variable $CUTLASS_PATH
[93m [WARNING] [0m Please specify the CUTLASS repo directory as environment variable $CUTLASS_PATH
[93m [WARNING] [0m sparse_attn is not compatible with ROCM
[93m [WARNING] [0m async_io requires the dev libaio .so object and headers but these were not found.
[93m [WARNING] [0m Please specify the CUTLASS repo directory as environment variable $CUTLASS_PATH
[93m [WARNING] [0m sparse_attn is not compatible with ROCM
[93m [WARNING] [0m sparse_attn is not compatible with ROCM
[93m [WARNING] [0m Please specify the CUTLASS repo directory as environment variable $CUTLASS_PATH
[93m [WARNING] [0m If libaio is already installed (perhaps from source), try setting the CFLAGS and LDFLAGS environment variables to where it can be found.
[93m [WARNING] [0m Please specify the CUTLASS repo directory as environment variable $CUTLASS_PATH
[93m [WARNING] [0m Please specify the CUTLASS repo directory as environment variable $CUTLASS_PATH
[93m [WARNING] [0m async_io requires the dev libaio .so object and headers but these were not found.
[93m [WARNING] [0m async_io requires the dev libaio .so object and headers but these were not found.
[93m [WARNING] [0m If libaio is already installed (perhaps from source), try setting the CFLAGS and LDFLAGS environment variables to where it can be found.
[93m [WARNING] [0m Please specify the CUTLASS repo directory as environment variable $CUTLASS_PATH
[93m [WARNING] [0m sparse_attn is not compatible with ROCM
[93m [WARNING] [0m sparse_attn is not compatible with ROCM
[93m [WARNING] [0m sparse_attn is not compatible with ROCM
[93m [WARNING] [0m sparse_attn is not compatible with ROCM
[93m [WARNING] [0m If libaio is already installed (perhaps from source), try setting the CFLAGS and LDFLAGS environment variables to where it can be found.
[93m [WARNING] [0m sparse_attn is not compatible with ROCM
[93m [WARNING] [0m async_io requires the dev libaio .so object and headers but these were not found.
[93m [WARNING] [0m sparse_attn is not compatible with ROCM
[93m [WARNING] [0m sparse_attn is not compatible with ROCM
[93m [WARNING] [0m sparse_attn is not compatible with ROCM
[93m [WARNING] [0m sparse_attn is not compatible with ROCM
[93m [WARNING] [0m If libaio is already installed (perhaps from source), try setting the CFLAGS and LDFLAGS environment variables to where it can be found.
[93m [WARNING] [0m Please specify the CUTLASS repo directory as environment variable $CUTLASS_PATH
[93m [WARNING] [0m If libaio is already installed (perhaps from source), try setting the CFLAGS and LDFLAGS environment variables to where it can be found.
[93m [WARNING] [0m async_io requires the dev libaio .so object and headers but these were not found.
[93m [WARNING] [0m If libaio is already installed (perhaps from source), try setting the CFLAGS and LDFLAGS environment variables to where it can be found.
[93m [WARNING] [0m Please specify the CUTLASS repo directory as environment variable $CUTLASS_PATH
[93m [WARNING] [0m If libaio is already installed (perhaps from source), try setting the CFLAGS and LDFLAGS environment variables to where it can be found.
[93m [WARNING] [0m Please specify the CUTLASS repo directory as environment variable $CUTLASS_PATH
[93m [WARNING] [0m sparse_attn is not compatible with ROCM
[93m [WARNING] [0m sparse_attn is not compatible with ROCM
[93m [WARNING] [0m sparse_attn is not compatible with ROCM
[93m [WARNING] [0m sparse_attn is not compatible with ROCM
[93m [WARNING] [0m Please specify the CUTLASS repo directory as environment variable $CUTLASS_PATH
[93m [WARNING] [0m sparse_attn is not compatible with ROCM
[93m [WARNING] [0m async_io requires the dev libaio .so object and headers but these were not found.
[93m [WARNING] [0m sparse_attn is not compatible with ROCM
[93m [WARNING] [0m sparse_attn is not compatible with ROCM
[93m [WARNING] [0m sparse_attn is not compatible with ROCM
[93m [WARNING] [0m sparse_attn is not compatible with ROCM
[93m [WARNING] [0m Please specify the CUTLASS repo directory as environment variable $CUTLASS_PATH
[93m [WARNING] [0m async_io requires the dev libaio .so object and headers but these were not found.
[93m [WARNING] [0m If libaio is already installed (perhaps from source), try setting the CFLAGS and LDFLAGS environment variables to where it can be found.
[93m [WARNING] [0m Please specify the CUTLASS repo directory as environment variable $CUTLASS_PATH
[93m [WARNING] [0m If libaio is already installed (perhaps from source), try setting the CFLAGS and LDFLAGS environment variables to where it can be found.
[93m [WARNING] [0m sparse_attn is not compatible with ROCM
[93m [WARNING] [0m sparse_attn is not compatible with ROCM
[93m [WARNING] [0m sparse_attn is not compatible with ROCM
[93m [WARNING] [0m sparse_attn is not compatible with ROCM
[93m [WARNING] [0m If libaio is already installed (perhaps from source), try setting the CFLAGS and LDFLAGS environment variables to where it can be found.
[93m [WARNING] [0m sparse_attn is not compatible with ROCM
[93m [WARNING] [0m If libaio is already installed (perhaps from source), try setting the CFLAGS and LDFLAGS environment variables to where it can be found.
[93m [WARNING] [0m Please specify the CUTLASS repo directory as environment variable $CUTLASS_PATH
[93m [WARNING] [0m sparse_attn is not compatible with ROCM
[93m [WARNING] [0m sparse_attn is not compatible with ROCM
[93m [WARNING] [0m sparse_attn is not compatible with ROCM
[93m [WARNING] [0m sparse_attn is not compatible with ROCM
[93m [WARNING] [0m sparse_attn is not compatible with ROCM
[93m [WARNING] [0m async_io requires the dev libaio .so object and headers but these were not found.
[93m [WARNING] [0m If libaio is already installed (perhaps from source), try setting the CFLAGS and LDFLAGS environment variables to where it can be found.
[93m [WARNING] [0m Please specify the CUTLASS repo directory as environment variable $CUTLASS_PATH
[93m [WARNING] [0m If libaio is already installed (perhaps from source), try setting the CFLAGS and LDFLAGS environment variables to where it can be found.
[93m [WARNING] [0m Please specify the CUTLASS repo directory as environment variable $CUTLASS_PATH
[93m [WARNING] [0m sparse_attn is not compatible with ROCM
[93m [WARNING] [0m sparse_attn is not compatible with ROCM
[93m [WARNING] [0m sparse_attn is not compatible with ROCM
[93m [WARNING] [0m sparse_attn is not compatible with ROCM
[93m [WARNING] [0m If libaio is already installed (perhaps from source), try setting the CFLAGS and LDFLAGS environment variables to where it can be found.
[93m [WARNING] [0m sparse_attn is not compatible with ROCM
[93m [WARNING] [0m If libaio is already installed (perhaps from source), try setting the CFLAGS and LDFLAGS environment variables to where it can be found.
[93m [WARNING] [0m Please specify the CUTLASS repo directory as environment variable $CUTLASS_PATH
[93m [WARNING] [0m sparse_attn is not compatible with ROCM
[93m [WARNING] [0m sparse_attn is not compatible with ROCM
[93m [WARNING] [0m sparse_attn is not compatible with ROCM
[93m [WARNING] [0m sparse_attn is not compatible with ROCM
[93m [WARNING] [0m sparse_attn is not compatible with ROCM
[93m [WARNING] [0m If libaio is already installed (perhaps from source), try setting the CFLAGS and LDFLAGS environment variables to where it can be found.
[93m [WARNING] [0m Please specify the CUTLASS repo directory as environment variable $CUTLASS_PATH
[93m [WARNING] [0m If libaio is already installed (perhaps from source), try setting the CFLAGS and LDFLAGS environment variables to where it can be found.
[93m [WARNING] [0m Please specify the CUTLASS repo directory as environment variable $CUTLASS_PATH
[93m [WARNING] [0m Please specify the CUTLASS repo directory as environment variable $CUTLASS_PATH
[93m [WARNING] [0m sparse_attn is not compatible with ROCM
[93m [WARNING] [0m sparse_attn is not compatible with ROCM
[93m [WARNING] [0m sparse_attn is not compatible with ROCM
[93m [WARNING] [0m Please specify the CUTLASS repo directory as environment variable $CUTLASS_PATH
[93m [WARNING] [0m sparse_attn is not compatible with ROCM
[93m [WARNING] [0m If libaio is already installed (perhaps from source), try setting the CFLAGS and LDFLAGS environment variables to where it can be found.
[93m [WARNING] [0m sparse_attn is not compatible with ROCM
[93m [WARNING] [0m sparse_attn is not compatible with ROCM
[93m [WARNING] [0m sparse_attn is not compatible with ROCM
[93m [WARNING] [0m sparse_attn is not compatible with ROCM
[93m [WARNING] [0m sparse_attn is not compatible with ROCM
[93m [WARNING] [0m If libaio is already installed (perhaps from source), try setting the CFLAGS and LDFLAGS environment variables to where it can be found.
[93m [WARNING] [0m Please specify the CUTLASS repo directory as environment variable $CUTLASS_PATH
[93m [WARNING] [0m If libaio is already installed (perhaps from source), try setting the CFLAGS and LDFLAGS environment variables to where it can be found.
[93m [WARNING] [0m Please specify the CUTLASS repo directory as environment variable $CUTLASS_PATH
[93m [WARNING] [0m If libaio is already installed (perhaps from source), try setting the CFLAGS and LDFLAGS environment variables to where it can be found.
[93m [WARNING] [0m sparse_attn is not compatible with ROCM
[93m [WARNING] [0m sparse_attn is not compatible with ROCM
[93m [WARNING] [0m Please specify the CUTLASS repo directory as environment variable $CUTLASS_PATH
[93m [WARNING] [0m Please specify the CUTLASS repo directory as environment variable $CUTLASS_PATH
[93m [WARNING] [0m sparse_attn is not compatible with ROCM
[93m [WARNING] [0m sparse_attn is not compatible with ROCM
[93m [WARNING] [0m sparse_attn is not compatible with ROCM
[93m [WARNING] [0m sparse_attn is not compatible with ROCM
[93m [WARNING] [0m sparse_attn is not compatible with ROCM
[93m [WARNING] [0m If libaio is already installed (perhaps from source), try setting the CFLAGS and LDFLAGS environment variables to where it can be found.
[93m [WARNING] [0m Please specify the CUTLASS repo directory as environment variable $CUTLASS_PATH
[93m [WARNING] [0m If libaio is already installed (perhaps from source), try setting the CFLAGS and LDFLAGS environment variables to where it can be found.
[93m [WARNING] [0m Please specify the CUTLASS repo directory as environment variable $CUTLASS_PATH
[93m [WARNING] [0m sparse_attn is not compatible with ROCM
[93m [WARNING] [0m If libaio is already installed (perhaps from source), try setting the CFLAGS and LDFLAGS environment variables to where it can be found.
[93m [WARNING] [0m Please specify the CUTLASS repo directory as environment variable $CUTLASS_PATH
[93m [WARNING] [0m If libaio is already installed (perhaps from source), try setting the CFLAGS and LDFLAGS environment variables to where it can be found.
[93m [WARNING] [0m Please specify the CUTLASS repo directory as environment variable $CUTLASS_PATH
[93m [WARNING] [0m sparse_attn is not compatible with ROCM
[93m [WARNING] [0m sparse_attn is not compatible with ROCM
[93m [WARNING] [0m sparse_attn is not compatible with ROCM
[93m [WARNING] [0m sparse_attn is not compatible with ROCM
[93m [WARNING] [0m If libaio is already installed (perhaps from source), try setting the CFLAGS and LDFLAGS environment variables to where it can be found.
[93m [WARNING] [0m Please specify the CUTLASS repo directory as environment variable $CUTLASS_PATH
[93m [WARNING] [0m If libaio is already installed (perhaps from source), try setting the CFLAGS and LDFLAGS environment variables to where it can be found.
[93m [WARNING] [0m sparse_attn is not compatible with ROCM
[93m [WARNING] [0m If libaio is already installed (perhaps from source), try setting the CFLAGS and LDFLAGS environment variables to where it can be found.
[93m [WARNING] [0m Please specify the CUTLASS repo directory as environment variable $CUTLASS_PATH
[93m [WARNING] [0m sparse_attn is not compatible with ROCM
[93m [WARNING] [0m sparse_attn is not compatible with ROCM
[93m [WARNING] [0m sparse_attn is not compatible with ROCM
[93m [WARNING] [0m sparse_attn is not compatible with ROCM
[93m [WARNING] [0m If libaio is already installed (perhaps from source), try setting the CFLAGS and LDFLAGS environment variables to where it can be found.
[93m [WARNING] [0m Please specify the CUTLASS repo directory as environment variable $CUTLASS_PATH
[93m [WARNING] [0m Please specify the CUTLASS repo directory as environment variable $CUTLASS_PATH
[93m [WARNING] [0m sparse_attn is not compatible with ROCM
[93m [WARNING] [0m If libaio is already installed (perhaps from source), try setting the CFLAGS and LDFLAGS environment variables to where it can be found.
[93m [WARNING] [0m Please specify the CUTLASS repo directory as environment variable $CUTLASS_PATH
[93m [WARNING] [0m sparse_attn is not compatible with ROCM
[93m [WARNING] [0m sparse_attn is not compatible with ROCM
[93m [WARNING] [0m If libaio is already installed (perhaps from source), try setting the CFLAGS and LDFLAGS environment variables to where it can be found.
[93m [WARNING] [0m Please specify the CUTLASS repo directory as environment variable $CUTLASS_PATH
[93m [WARNING] [0m Please specify the CUTLASS repo directory as environment variable $CUTLASS_PATH
[93m [WARNING] [0m sparse_attn is not compatible with ROCM
[93m [WARNING] [0m sparse_attn is not compatible with ROCM
[93m [WARNING] [0m If libaio is already installed (perhaps from source), try setting the CFLAGS and LDFLAGS environment variables to where it can be found.
[93m [WARNING] [0m Please specify the CUTLASS repo directory as environment variable $CUTLASS_PATH
[93m [WARNING] [0m sparse_attn is not compatible with ROCM
[93m [WARNING] [0m If libaio is already installed (perhaps from source), try setting the CFLAGS and LDFLAGS environment variables to where it can be found.
[93m [WARNING] [0m Please specify the CUTLASS repo directory as environment variable $CUTLASS_PATH
[93m [WARNING] [0m If libaio is already installed (perhaps from source), try setting the CFLAGS and LDFLAGS environment variables to where it can be found.
[93m [WARNING] [0m Please specify the CUTLASS repo directory as environment variable $CUTLASS_PATH
[93m [WARNING] [0m sparse_attn is not compatible with ROCM
[93m [WARNING] [0m sparse_attn is not compatible with ROCM
[93m [WARNING] [0m If libaio is already installed (perhaps from source), try setting the CFLAGS and LDFLAGS environment variables to where it can be found.
[93m [WARNING] [0m If libaio is already installed (perhaps from source), try setting the CFLAGS and LDFLAGS environment variables to where it can be found.
[93m [WARNING] [0m Please specify the CUTLASS repo directory as environment variable $CUTLASS_PATH
[93m [WARNING] [0m sparse_attn is not compatible with ROCM
[93m [WARNING] [0m sparse_attn is not compatible with ROCM
[93m [WARNING] [0m Please specify the CUTLASS repo directory as environment variable $CUTLASS_PATH
[93m [WARNING] [0m sparse_attn is not compatible with ROCM
[93m [WARNING] [0m sparse_attn is not compatible with ROCM
[93m [WARNING] [0m sparse_attn is not compatible with ROCM
[93m [WARNING] [0m sparse_attn is not compatible with ROCM
[93m [WARNING] [0m sparse_attn is not compatible with ROCM
[93m [WARNING] [0m sparse_attn is not compatible with ROCM
[93m [WARNING] [0m sparse_attn is not compatible with ROCM
[93m [WARNING] [0m sparse_attn is not compatible with ROCM
[93m [WARNING] [0m sparse_attn is not compatible with ROCM
[93m [WARNING] [0m sparse_attn is not compatible with ROCM
[93m [WARNING] [0m sparse_attn is not compatible with ROCM
[93m [WARNING] [0m sparse_attn is not compatible with ROCM
[93m [WARNING] [0m sparse_attn is not compatible with ROCM
[93m [WARNING] [0m sparse_attn is not compatible with ROCM
[93m [WARNING] [0m sparse_attn is not compatible with ROCM
[93m [WARNING] [0m sparse_attn is not compatible with ROCM
[93m [WARNING] [0m sparse_attn is not compatible with ROCM
[93m [WARNING] [0m sparse_attn is not compatible with ROCM
[93m [WARNING] [0m sparse_attn is not compatible with ROCM
[93m [WARNING] [0m sparse_attn is not compatible with ROCM
[93m [WARNING] [0m sparse_attn is not compatible with ROCM
[93m [WARNING] [0m sparse_attn is not compatible with ROCM
[93m [WARNING] [0m sparse_attn is not compatible with ROCM
[93m [WARNING] [0m sparse_attn is not compatible with ROCM
[93m [WARNING] [0m sparse_attn is not compatible with ROCM
[93m [WARNING] [0m sparse_attn is not compatible with ROCM
[93m [WARNING] [0m sparse_attn is not compatible with ROCM
[93m [WARNING] [0m sparse_attn is not compatible with ROCM
[93m [WARNING] [0m sparse_attn is not compatible with ROCM
[93m [WARNING] [0m sparse_attn is not compatible with ROCM
[93m [WARNING] [0m sparse_attn is not compatible with ROCM
[93m [WARNING] [0m sparse_attn is not compatible with ROCM
[93m [WARNING] [0m sparse_attn is not compatible with ROCM
[2024-08-08 00:44:49,163] [INFO] [comm.py:637:init_distributed] cdb=None
[2024-08-08 00:44:49,163] [INFO] [comm.py:637:init_distributed] cdb=None
[2024-08-08 00:44:49,163] [INFO] [comm.py:637:init_distributed] cdb=None
[2024-08-08 00:44:49,163] [INFO] [comm.py:637:init_distributed] cdb=None
[2024-08-08 00:44:49,163] [INFO] [comm.py:637:init_distributed] cdb=None
[2024-08-08 00:44:49,163] [INFO] [comm.py:637:init_distributed] cdb=None
[2024-08-08 00:44:49,163] [INFO] [comm.py:637:init_distributed] cdb=None
[2024-08-08 00:44:49,163] [INFO] [comm.py:637:init_distributed] cdb=None
[W socket.cpp:697] [c10d] The client socket cannot be initialized to connect to [frontier07020.frontier.olcf.ornl.gov]:8889 (errno: 97 - Address family not supported by protocol).
[W socket.cpp:697] [c10d] The client socket cannot be initialized to connect to [frontier07020.frontier.olcf.ornl.gov]:8889 (errno: 97 - Address family not supported by protocol).
[W socket.cpp:697] [c10d] The client socket cannot be initialized to connect to [frontier07020.frontier.olcf.ornl.gov]:8889 (errno: 97 - Address family not supported by protocol).
[W socket.cpp:697] [c10d] The client socket cannot be initialized to connect to [frontier07020.frontier.olcf.ornl.gov]:8889 (errno: 97 - Address family not supported by protocol).
[W socket.cpp:697] [c10d] The client socket cannot be initialized to connect to [frontier07020.frontier.olcf.ornl.gov]:8889 (errno: 97 - Address family not supported by protocol).
[W socket.cpp:697] [c10d] The client socket cannot be initialized to connect to [frontier07020.frontier.olcf.ornl.gov]:8889 (errno: 97 - Address family not supported by protocol).
[W socket.cpp:697] [c10d] The client socket cannot be initialized to connect to [frontier07020.frontier.olcf.ornl.gov]:8889 (errno: 97 - Address family not supported by protocol).
[W socket.cpp:697] [c10d] The client socket cannot be initialized to connect to [frontier07020.frontier.olcf.ornl.gov]:8889 (errno: 97 - Address family not supported by protocol).
[2024-08-08 00:44:49,317] [INFO] [comm.py:637:init_distributed] cdb=None
[2024-08-08 00:44:49,317] [INFO] [comm.py:637:init_distributed] cdb=None
[2024-08-08 00:44:49,317] [INFO] [comm.py:637:init_distributed] cdb=None
[2024-08-08 00:44:49,317] [INFO] [comm.py:637:init_distributed] cdb=None
[2024-08-08 00:44:49,317] [INFO] [comm.py:637:init_distributed] cdb=None
[2024-08-08 00:44:49,317] [INFO] [comm.py:637:init_distributed] cdb=None
[2024-08-08 00:44:49,317] [INFO] [comm.py:637:init_distributed] cdb=None
[2024-08-08 00:44:49,317] [INFO] [comm.py:637:init_distributed] cdb=None
[W socket.cpp:697] [c10d] The client socket cannot be initialized to connect to [frontier07020.frontier.olcf.ornl.gov]:8889 (errno: 97 - Address family not supported by protocol).
[W socket.cpp:697] [c10d] The client socket cannot be initialized to connect to [frontier07020.frontier.olcf.ornl.gov]:8889 (errno: 97 - Address family not supported by protocol).
[W socket.cpp:697] [c10d] The client socket cannot be initialized to connect to [frontier07020.frontier.olcf.ornl.gov]:8889 (errno: 97 - Address family not supported by protocol).
[W socket.cpp:697] [c10d] The client socket cannot be initialized to connect to [frontier07020.frontier.olcf.ornl.gov]:8889 (errno: 97 - Address family not supported by protocol).
[W socket.cpp:697] [c10d] The client socket cannot be initialized to connect to [frontier07020.frontier.olcf.ornl.gov]:8889 (errno: 97 - Address family not supported by protocol).
[W socket.cpp:697] [c10d] The client socket cannot be initialized to connect to [frontier07020.frontier.olcf.ornl.gov]:8889 (errno: 97 - Address family not supported by protocol).
[W socket.cpp:697] [c10d] The client socket cannot be initialized to connect to [frontier07020.frontier.olcf.ornl.gov]:8889 (errno: 97 - Address family not supported by protocol).
[W socket.cpp:697] [c10d] The client socket cannot be initialized to connect to [frontier07020.frontier.olcf.ornl.gov]:8889 (errno: 97 - Address family not supported by protocol).
[2024-08-08 00:44:49,584] [INFO] [comm.py:637:init_distributed] cdb=None
[2024-08-08 00:44:49,584] [INFO] [comm.py:637:init_distributed] cdb=None
[2024-08-08 00:44:49,584] [INFO] [comm.py:637:init_distributed] cdb=None
[2024-08-08 00:44:49,584] [INFO] [comm.py:637:init_distributed] cdb=None
[2024-08-08 00:44:49,584] [INFO] [comm.py:637:init_distributed] cdb=None
[2024-08-08 00:44:49,584] [INFO] [comm.py:637:init_distributed] cdb=None
[2024-08-08 00:44:49,584] [INFO] [comm.py:637:init_distributed] cdb=None
[2024-08-08 00:44:49,584] [INFO] [comm.py:637:init_distributed] cdb=None
[W socket.cpp:697] [c10d] The client socket cannot be initialized to connect to [frontier07020.frontier.olcf.ornl.gov]:8889 (errno: 97 - Address family not supported by protocol).
[W socket.cpp:697] [c10d] The client socket cannot be initialized to connect to [frontier07020.frontier.olcf.ornl.gov]:8889 (errno: 97 - Address family not supported by protocol).
[W socket.cpp:697] [c10d] The client socket cannot be initialized to connect to [frontier07020.frontier.olcf.ornl.gov]:8889 (errno: 97 - Address family not supported by protocol).
[W socket.cpp:697] [c10d] The client socket cannot be initialized to connect to [frontier07020.frontier.olcf.ornl.gov]:8889 (errno: 97 - Address family not supported by protocol).
[W socket.cpp:697] [c10d] The client socket cannot be initialized to connect to [frontier07020.frontier.olcf.ornl.gov]:8889 (errno: 97 - Address family not supported by protocol).
[W socket.cpp:697] [c10d] The client socket cannot be initialized to connect to [frontier07020.frontier.olcf.ornl.gov]:8889 (errno: 97 - Address family not supported by protocol).
[W socket.cpp:697] [c10d] The client socket cannot be initialized to connect to [frontier07020.frontier.olcf.ornl.gov]:8889 (errno: 97 - Address family not supported by protocol).
[W socket.cpp:697] [c10d] The client socket cannot be initialized to connect to [frontier07020.frontier.olcf.ornl.gov]:8889 (errno: 97 - Address family not supported by protocol).
[2024-08-08 00:44:49,841] [INFO] [comm.py:637:init_distributed] cdb=None
[2024-08-08 00:44:49,841] [INFO] [comm.py:637:init_distributed] cdb=None
[2024-08-08 00:44:49,841] [INFO] [comm.py:637:init_distributed] cdb=None
[2024-08-08 00:44:49,841] [INFO] [comm.py:637:init_distributed] cdb=None
[2024-08-08 00:44:49,841] [INFO] [comm.py:637:init_distributed] cdb=None
[2024-08-08 00:44:49,841] [INFO] [comm.py:637:init_distributed] cdb=None
[2024-08-08 00:44:49,841] [INFO] [comm.py:637:init_distributed] cdb=None
[2024-08-08 00:44:49,841] [INFO] [comm.py:637:init_distributed] cdb=None
[W socket.cpp:697] [c10d] The client socket cannot be initialized to connect to [frontier07020.frontier.olcf.ornl.gov]:8889 (errno: 97 - Address family not supported by protocol).
[W socket.cpp:697] [c10d] The client socket cannot be initialized to connect to [frontier07020.frontier.olcf.ornl.gov]:8889 (errno: 97 - Address family not supported by protocol).
[W socket.cpp:697] [c10d] The client socket cannot be initialized to connect to [frontier07020.frontier.olcf.ornl.gov]:8889 (errno: 97 - Address family not supported by protocol).
[W socket.cpp:697] [c10d] The client socket cannot be initialized to connect to [frontier07020.frontier.olcf.ornl.gov]:8889 (errno: 97 - Address family not supported by protocol).
[W socket.cpp:697] [c10d] The client socket cannot be initialized to connect to [frontier07020.frontier.olcf.ornl.gov]:8889 (errno: 97 - Address family not supported by protocol).
[W socket.cpp:697] [c10d] The client socket cannot be initialized to connect to [frontier07020.frontier.olcf.ornl.gov]:8889 (errno: 97 - Address family not supported by protocol).
[W socket.cpp:697] [c10d] The client socket cannot be initialized to connect to [frontier07020.frontier.olcf.ornl.gov]:8889 (errno: 97 - Address family not supported by protocol).
[W socket.cpp:697] [c10d] The client socket cannot be initialized to connect to [frontier07020.frontier.olcf.ornl.gov]:8889 (errno: 97 - Address family not supported by protocol).
[2024-08-08 00:44:50,485] [INFO] [comm.py:637:init_distributed] cdb=None
[2024-08-08 00:44:50,485] [INFO] [comm.py:637:init_distributed] cdb=None
[2024-08-08 00:44:50,485] [INFO] [comm.py:637:init_distributed] cdb=None
[2024-08-08 00:44:50,485] [INFO] [comm.py:637:init_distributed] cdb=None
[2024-08-08 00:44:50,485] [INFO] [comm.py:637:init_distributed] cdb=None
[2024-08-08 00:44:50,485] [INFO] [comm.py:637:init_distributed] cdb=None
[2024-08-08 00:44:50,485] [INFO] [comm.py:637:init_distributed] cdb=None
[2024-08-08 00:44:50,485] [INFO] [comm.py:637:init_distributed] cdb=None
[2024-08-08 00:44:50,486] [INFO] [comm.py:637:init_distributed] cdb=None
[2024-08-08 00:44:50,486] [INFO] [comm.py:637:init_distributed] cdb=None
[2024-08-08 00:44:50,486] [INFO] [comm.py:637:init_distributed] cdb=None
[2024-08-08 00:44:50,486] [INFO] [comm.py:637:init_distributed] cdb=None
[2024-08-08 00:44:50,486] [INFO] [comm.py:637:init_distributed] cdb=None
[2024-08-08 00:44:50,486] [INFO] [comm.py:637:init_distributed] cdb=None
[2024-08-08 00:44:50,486] [INFO] [comm.py:637:init_distributed] cdb=None
[2024-08-08 00:44:50,486] [INFO] [comm.py:637:init_distributed] cdb=None
[2024-08-08 00:44:50,486] [INFO] [comm.py:637:init_distributed] cdb=None
[2024-08-08 00:44:50,486] [INFO] [comm.py:637:init_distributed] cdb=None
[2024-08-08 00:44:50,486] [INFO] [comm.py:637:init_distributed] cdb=None
[2024-08-08 00:44:50,486] [INFO] [comm.py:637:init_distributed] cdb=None
[2024-08-08 00:44:50,486] [INFO] [comm.py:637:init_distributed] cdb=None
[2024-08-08 00:44:50,486] [INFO] [comm.py:637:init_distributed] cdb=None
[2024-08-08 00:44:50,486] [INFO] [comm.py:637:init_distributed] cdb=None
[2024-08-08 00:44:50,486] [INFO] [comm.py:637:init_distributed] cdb=None
[W socket.cpp:697] [c10d] The client socket cannot be initialized to connect to [frontier07020.frontier.olcf.ornl.gov]:8889 (errno: 97 - Address family not supported by protocol).
[W socket.cpp:697] [c10d] The client socket cannot be initialized to connect to [frontier07020.frontier.olcf.ornl.gov]:8889 (errno: 97 - Address family not supported by protocol).
[W socket.cpp:697] [c10d] The client socket cannot be initialized to connect to [frontier07020.frontier.olcf.ornl.gov]:8889 (errno: 97 - Address family not supported by protocol).
[W socket.cpp:697] [c10d] The client socket cannot be initialized to connect to [frontier07020.frontier.olcf.ornl.gov]:8889 (errno: 97 - Address family not supported by protocol).
[W socket.cpp:697] [c10d] The client socket cannot be initialized to connect to [frontier07020.frontier.olcf.ornl.gov]:8889 (errno: 97 - Address family not supported by protocol).
[W socket.cpp:697] [c10d] The client socket cannot be initialized to connect to [frontier07020.frontier.olcf.ornl.gov]:8889 (errno: 97 - Address family not supported by protocol).
[W socket.cpp:697] [c10d] The client socket cannot be initialized to connect to [frontier07020.frontier.olcf.ornl.gov]:8889 (errno: 97 - Address family not supported by protocol).
[W socket.cpp:697] [c10d] The client socket cannot be initialized to connect to [frontier07020.frontier.olcf.ornl.gov]:8889 (errno: 97 - Address family not supported by protocol).
[W socket.cpp:697] [c10d] The client socket cannot be initialized to connect to [frontier07020.frontier.olcf.ornl.gov]:8889 (errno: 97 - Address family not supported by protocol).
[W socket.cpp:697] [c10d] The client socket cannot be initialized to connect to [frontier07020.frontier.olcf.ornl.gov]:8889 (errno: 97 - Address family not supported by protocol).
[W socket.cpp:697] [c10d] The client socket cannot be initialized to connect to [frontier07020.frontier.olcf.ornl.gov]:8889 (errno: 97 - Address family not supported by protocol).
[W socket.cpp:697] [c10d] The client socket cannot be initialized to connect to [frontier07020.frontier.olcf.ornl.gov]:8889 (errno: 97 - Address family not supported by protocol).
[W socket.cpp:697] [c10d] The client socket cannot be initialized to connect to [frontier07020.frontier.olcf.ornl.gov]:8889 (errno: 97 - Address family not supported by protocol).
[W socket.cpp:697] [c10d] The client socket cannot be initialized to connect to [frontier07020.frontier.olcf.ornl.gov]:8889 (errno: 97 - Address family not supported by protocol).
[W socket.cpp:697] [c10d] The client socket cannot be initialized to connect to [frontier07020.frontier.olcf.ornl.gov]:8889 (errno: 97 - Address family not supported by protocol).
[W socket.cpp:697] [c10d] The client socket cannot be initialized to connect to [frontier07020.frontier.olcf.ornl.gov]:8889 (errno: 97 - Address family not supported by protocol).
[W socket.cpp:697] [c10d] The client socket cannot be initialized to connect to [frontier07020.frontier.olcf.ornl.gov]:8889 (errno: 97 - Address family not supported by protocol).
[W socket.cpp:697] [c10d] The client socket cannot be initialized to connect to [frontier07020.frontier.olcf.ornl.gov]:8889 (errno: 97 - Address family not supported by protocol).
[W socket.cpp:697] [c10d] The client socket cannot be initialized to connect to [frontier07020.frontier.olcf.ornl.gov]:8889 (errno: 97 - Address family not supported by protocol).
[W socket.cpp:697] [c10d] The client socket cannot be initialized to connect to [frontier07020.frontier.olcf.ornl.gov]:8889 (errno: 97 - Address family not supported by protocol).
[W socket.cpp:697] [c10d] The client socket cannot be initialized to connect to [frontier07020.frontier.olcf.ornl.gov]:8889 (errno: 97 - Address family not supported by protocol).
[W socket.cpp:697] [c10d] The client socket cannot be initialized to connect to [frontier07020.frontier.olcf.ornl.gov]:8889 (errno: 97 - Address family not supported by protocol).
[W socket.cpp:697] [c10d] The client socket cannot be initialized to connect to [frontier07020.frontier.olcf.ornl.gov]:8889 (errno: 97 - Address family not supported by protocol).
[W socket.cpp:697] [c10d] The client socket cannot be initialized to connect to [frontier07020.frontier.olcf.ornl.gov]:8889 (errno: 97 - Address family not supported by protocol).
[2024-08-08 00:44:50,770] [INFO] [comm.py:637:init_distributed] cdb=None
[2024-08-08 00:44:50,770] [INFO] [comm.py:637:init_distributed] cdb=None
[2024-08-08 00:44:50,770] [INFO] [comm.py:637:init_distributed] cdb=None
[2024-08-08 00:44:50,770] [INFO] [comm.py:637:init_distributed] cdb=None
[2024-08-08 00:44:50,770] [INFO] [comm.py:637:init_distributed] cdb=None
[2024-08-08 00:44:50,770] [INFO] [comm.py:637:init_distributed] cdb=None
[2024-08-08 00:44:50,770] [INFO] [comm.py:637:init_distributed] cdb=None
[2024-08-08 00:44:50,770] [INFO] [comm.py:637:init_distributed] cdb=None
[W socket.cpp:697] [c10d] The client socket cannot be initialized to connect to [frontier07020.frontier.olcf.ornl.gov]:8889 (errno: 97 - Address family not supported by protocol).
[W socket.cpp:697] [c10d] The client socket cannot be initialized to connect to [frontier07020.frontier.olcf.ornl.gov]:8889 (errno: 97 - Address family not supported by protocol).
[W socket.cpp:697] [c10d] The client socket cannot be initialized to connect to [frontier07020.frontier.olcf.ornl.gov]:8889 (errno: 97 - Address family not supported by protocol).
[W socket.cpp:697] [c10d] The client socket cannot be initialized to connect to [frontier07020.frontier.olcf.ornl.gov]:8889 (errno: 97 - Address family not supported by protocol).
[W socket.cpp:697] [c10d] The client socket cannot be initialized to connect to [frontier07020.frontier.olcf.ornl.gov]:8889 (errno: 97 - Address family not supported by protocol).
[W socket.cpp:697] [c10d] The client socket cannot be initialized to connect to [frontier07020.frontier.olcf.ornl.gov]:8889 (errno: 97 - Address family not supported by protocol).
[2024-08-08 00:44:50,884] [INFO] [comm.py:637:init_distributed] cdb=None
[2024-08-08 00:44:50,884] [INFO] [comm.py:637:init_distributed] cdb=None
[2024-08-08 00:44:50,884] [INFO] [comm.py:637:init_distributed] cdb=None
[2024-08-08 00:44:50,884] [INFO] [comm.py:637:init_distributed] cdb=None
[2024-08-08 00:44:50,884] [INFO] [comm.py:637:init_distributed] cdb=None
[2024-08-08 00:44:50,884] [INFO] [comm.py:637:init_distributed] cdb=None
[2024-08-08 00:44:50,884] [INFO] [comm.py:637:init_distributed] cdb=None
[2024-08-08 00:44:50,884] [INFO] [comm.py:637:init_distributed] cdb=None
[W socket.cpp:697] [c10d] The client socket cannot be initialized to connect to [frontier07020.frontier.olcf.ornl.gov]:8889 (errno: 97 - Address family not supported by protocol).
[2024-08-08 00:44:50,897] [INFO] [comm.py:637:init_distributed] cdb=None
[2024-08-08 00:44:50,897] [INFO] [comm.py:637:init_distributed] cdb=None
[2024-08-08 00:44:50,897] [INFO] [comm.py:637:init_distributed] cdb=None
[2024-08-08 00:44:50,897] [INFO] [comm.py:637:init_distributed] cdb=None
[2024-08-08 00:44:50,897] [INFO] [comm.py:637:init_distributed] cdb=None
[2024-08-08 00:44:50,897] [INFO] [comm.py:637:init_distributed] cdb=None
[2024-08-08 00:44:50,897] [INFO] [comm.py:637:init_distributed] cdb=None
[2024-08-08 00:44:50,897] [INFO] [comm.py:637:init_distributed] cdb=None
[W socket.cpp:697] [c10d] The client socket cannot be initialized to connect to [frontier07020.frontier.olcf.ornl.gov]:8889 (errno: 97 - Address family not supported by protocol).
[W socket.cpp:697] [c10d] The client socket cannot be initialized to connect to [frontier07020.frontier.olcf.ornl.gov]:8889 (errno: 97 - Address family not supported by protocol).
[W socket.cpp:697] [c10d] The client socket cannot be initialized to connect to [frontier07020.frontier.olcf.ornl.gov]:8889 (errno: 97 - Address family not supported by protocol).
[W socket.cpp:697] [c10d] The client socket cannot be initialized to connect to [frontier07020.frontier.olcf.ornl.gov]:8889 (errno: 97 - Address family not supported by protocol).
[W socket.cpp:697] [c10d] The client socket cannot be initialized to connect to [frontier07020.frontier.olcf.ornl.gov]:8889 (errno: 97 - Address family not supported by protocol).
[W socket.cpp:697] [c10d] The client socket cannot be initialized to connect to [frontier07020.frontier.olcf.ornl.gov]:8889 (errno: 97 - Address family not supported by protocol).
[W socket.cpp:697] [c10d] The client socket cannot be initialized to connect to [frontier07020.frontier.olcf.ornl.gov]:8889 (errno: 97 - Address family not supported by protocol).
[W socket.cpp:697] [c10d] The client socket cannot be initialized to connect to [frontier07020.frontier.olcf.ornl.gov]:8889 (errno: 97 - Address family not supported by protocol).
[W socket.cpp:697] [c10d] The client socket cannot be initialized to connect to [frontier07020.frontier.olcf.ornl.gov]:8889 (errno: 97 - Address family not supported by protocol).
[W socket.cpp:697] [c10d] The client socket cannot be initialized to connect to [frontier07020.frontier.olcf.ornl.gov]:8889 (errno: 97 - Address family not supported by protocol).
[W socket.cpp:697] [c10d] The client socket cannot be initialized to connect to [frontier07020.frontier.olcf.ornl.gov]:8889 (errno: 97 - Address family not supported by protocol).
[W socket.cpp:697] [c10d] The client socket cannot be initialized to connect to [frontier07020.frontier.olcf.ornl.gov]:8889 (errno: 97 - Address family not supported by protocol).
[W socket.cpp:697] [c10d] The client socket cannot be initialized to connect to [frontier07020.frontier.olcf.ornl.gov]:8889 (errno: 97 - Address family not supported by protocol).
[W socket.cpp:697] [c10d] The client socket cannot be initialized to connect to [frontier07020.frontier.olcf.ornl.gov]:8889 (errno: 97 - Address family not supported by protocol).
[W socket.cpp:697] [c10d] The client socket cannot be initialized to connect to [frontier07020.frontier.olcf.ornl.gov]:8889 (errno: 97 - Address family not supported by protocol).
[W socket.cpp:697] [c10d] The client socket cannot be initialized to connect to [frontier07020.frontier.olcf.ornl.gov]:8889 (errno: 97 - Address family not supported by protocol).
[W socket.cpp:697] [c10d] The client socket cannot be initialized to connect to [frontier07020.frontier.olcf.ornl.gov]:8889 (errno: 97 - Address family not supported by protocol).
[2024-08-08 00:44:54,130] [INFO] [comm.py:637:init_distributed] cdb=None
[2024-08-08 00:44:54,130] [INFO] [comm.py:637:init_distributed] cdb=None
[2024-08-08 00:44:54,130] [INFO] [comm.py:637:init_distributed] cdb=None
[2024-08-08 00:44:54,130] [INFO] [comm.py:637:init_distributed] cdb=None
[2024-08-08 00:44:54,130] [INFO] [comm.py:637:init_distributed] cdb=None
[2024-08-08 00:44:54,130] [INFO] [comm.py:637:init_distributed] cdb=None
[2024-08-08 00:44:54,130] [INFO] [comm.py:637:init_distributed] cdb=None
[2024-08-08 00:44:54,130] [INFO] [comm.py:637:init_distributed] cdb=None
[W socket.cpp:697] [c10d] The client socket cannot be initialized to connect to [frontier07020.frontier.olcf.ornl.gov]:8889 (errno: 97 - Address family not supported by protocol).
[W socket.cpp:697] [c10d] The client socket cannot be initialized to connect to [frontier07020.frontier.olcf.ornl.gov]:8889 (errno: 97 - Address family not supported by protocol).
[W socket.cpp:697] [c10d] The client socket cannot be initialized to connect to [frontier07020.frontier.olcf.ornl.gov]:8889 (errno: 97 - Address family not supported by protocol).
[W socket.cpp:697] [c10d] The client socket cannot be initialized to connect to [frontier07020.frontier.olcf.ornl.gov]:8889 (errno: 97 - Address family not supported by protocol).
[2024-08-08 00:44:54,227] [INFO] [comm.py:637:init_distributed] cdb=None
[2024-08-08 00:44:54,227] [INFO] [comm.py:637:init_distributed] cdb=None
[2024-08-08 00:44:54,227] [INFO] [comm.py:637:init_distributed] cdb=None
[2024-08-08 00:44:54,227] [INFO] [comm.py:637:init_distributed] cdb=None
[2024-08-08 00:44:54,227] [INFO] [comm.py:637:init_distributed] cdb=None
[2024-08-08 00:44:54,227] [INFO] [comm.py:637:init_distributed] cdb=None
[2024-08-08 00:44:54,227] [INFO] [comm.py:637:init_distributed] cdb=None
[2024-08-08 00:44:54,227] [INFO] [comm.py:637:init_distributed] cdb=None
[W socket.cpp:697] [c10d] The client socket cannot be initialized to connect to [frontier07020.frontier.olcf.ornl.gov]:8889 (errno: 97 - Address family not supported by protocol).
[W socket.cpp:697] [c10d] The client socket cannot be initialized to connect to [frontier07020.frontier.olcf.ornl.gov]:8889 (errno: 97 - Address family not supported by protocol).
[W socket.cpp:697] [c10d] The client socket cannot be initialized to connect to [frontier07020.frontier.olcf.ornl.gov]:8889 (errno: 97 - Address family not supported by protocol).
[2024-08-08 00:44:54,240] [INFO] [comm.py:637:init_distributed] cdb=None
[2024-08-08 00:44:54,240] [INFO] [comm.py:637:init_distributed] cdb=None
[2024-08-08 00:44:54,240] [INFO] [comm.py:637:init_distributed] cdb=None
[2024-08-08 00:44:54,240] [INFO] [comm.py:637:init_distributed] cdb=None
[2024-08-08 00:44:54,240] [INFO] [comm.py:637:init_distributed] cdb=None
[2024-08-08 00:44:54,240] [INFO] [comm.py:637:init_distributed] cdb=None
[2024-08-08 00:44:54,240] [INFO] [comm.py:637:init_distributed] cdb=None
[2024-08-08 00:44:54,240] [INFO] [comm.py:637:init_distributed] cdb=None
[W socket.cpp:697] [c10d] The client socket cannot be initialized to connect to [frontier07020.frontier.olcf.ornl.gov]:8889 (errno: 97 - Address family not supported by protocol).
[W socket.cpp:697] [c10d] The client socket cannot be initialized to connect to [frontier07020.frontier.olcf.ornl.gov]:8889 (errno: 97 - Address family not supported by protocol).
[W socket.cpp:697] [c10d] The client socket cannot be initialized to connect to [frontier07020.frontier.olcf.ornl.gov]:8889 (errno: 97 - Address family not supported by protocol).
[W socket.cpp:697] [c10d] The client socket cannot be initialized to connect to [frontier07020.frontier.olcf.ornl.gov]:8889 (errno: 97 - Address family not supported by protocol).
[W socket.cpp:697] [c10d] The client socket cannot be initialized to connect to [frontier07020.frontier.olcf.ornl.gov]:8889 (errno: 97 - Address family not supported by protocol).
[W socket.cpp:697] [c10d] The client socket cannot be initialized to connect to [frontier07020.frontier.olcf.ornl.gov]:8889 (errno: 97 - Address family not supported by protocol).
[W socket.cpp:697] [c10d] The client socket cannot be initialized to connect to [frontier07020.frontier.olcf.ornl.gov]:8889 (errno: 97 - Address family not supported by protocol).
[W socket.cpp:697] [c10d] The client socket cannot be initialized to connect to [frontier07020.frontier.olcf.ornl.gov]:8889 (errno: 97 - Address family not supported by protocol).
[W socket.cpp:697] [c10d] The client socket cannot be initialized to connect to [frontier07020.frontier.olcf.ornl.gov]:8889 (errno: 97 - Address family not supported by protocol).
[W socket.cpp:697] [c10d] The client socket cannot be initialized to connect to [frontier07020.frontier.olcf.ornl.gov]:8889 (errno: 97 - Address family not supported by protocol).
[W socket.cpp:697] [c10d] The client socket cannot be initialized to connect to [frontier07020.frontier.olcf.ornl.gov]:8889 (errno: 97 - Address family not supported by protocol).
[W socket.cpp:697] [c10d] The client socket cannot be initialized to connect to [frontier07020.frontier.olcf.ornl.gov]:8889 (errno: 97 - Address family not supported by protocol).
[W socket.cpp:697] [c10d] The client socket cannot be initialized to connect to [frontier07020.frontier.olcf.ornl.gov]:8889 (errno: 97 - Address family not supported by protocol).
[W socket.cpp:697] [c10d] The client socket cannot be initialized to connect to [frontier07020.frontier.olcf.ornl.gov]:8889 (errno: 97 - Address family not supported by protocol).
[W socket.cpp:697] [c10d] The client socket cannot be initialized to connect to [frontier07020.frontier.olcf.ornl.gov]:8889 (errno: 97 - Address family not supported by protocol).
[W socket.cpp:697] [c10d] The client socket cannot be initialized to connect to [frontier07020.frontier.olcf.ornl.gov]:8889 (errno: 97 - Address family not supported by protocol).
[W socket.cpp:697] [c10d] The client socket cannot be initialized to connect to [frontier07020.frontier.olcf.ornl.gov]:8889 (errno: 97 - Address family not supported by protocol).
[2024-08-08 00:44:55,472] [INFO] [comm.py:637:init_distributed] cdb=None
[2024-08-08 00:44:55,472] [INFO] [comm.py:637:init_distributed] cdb=None
[2024-08-08 00:44:55,472] [INFO] [comm.py:637:init_distributed] cdb=None
[2024-08-08 00:44:55,472] [INFO] [comm.py:637:init_distributed] cdb=None
[2024-08-08 00:44:55,472] [INFO] [comm.py:637:init_distributed] cdb=None
[2024-08-08 00:44:55,472] [INFO] [comm.py:637:init_distributed] cdb=None
[2024-08-08 00:44:55,472] [INFO] [comm.py:637:init_distributed] cdb=None
[2024-08-08 00:44:55,472] [INFO] [comm.py:637:init_distributed] cdb=None
[2024-08-08 00:44:55,476] [INFO] [comm.py:637:init_distributed] cdb=None
[2024-08-08 00:44:55,476] [INFO] [comm.py:637:init_distributed] cdb=None
[2024-08-08 00:44:55,476] [INFO] [comm.py:637:init_distributed] cdb=None
[2024-08-08 00:44:55,476] [INFO] [comm.py:637:init_distributed] cdb=None
[2024-08-08 00:44:55,476] [INFO] [comm.py:637:init_distributed] cdb=None
[2024-08-08 00:44:55,476] [INFO] [comm.py:637:init_distributed] cdb=None
[2024-08-08 00:44:55,476] [INFO] [comm.py:637:init_distributed] cdb=None
[2024-08-08 00:44:55,476] [INFO] [comm.py:637:init_distributed] cdb=None
Distributed data parallel: nccl master at frontier07020:8889
[2024-08-08 00:44:55,483] [INFO] [comm.py:637:init_distributed] cdb=None
[2024-08-08 00:44:55,483] [INFO] [comm.py:637:init_distributed] cdb=None
[2024-08-08 00:44:55,483] [INFO] [comm.py:637:init_distributed] cdb=None
[2024-08-08 00:44:55,483] [INFO] [comm.py:637:init_distributed] cdb=None
[2024-08-08 00:44:55,483] [INFO] [comm.py:637:init_distributed] cdb=None
[2024-08-08 00:44:55,483] [INFO] [comm.py:637:init_distributed] cdb=None
[2024-08-08 00:44:55,483] [INFO] [comm.py:637:init_distributed] cdb=None
[2024-08-08 00:44:55,483] [INFO] [comm.py:668:init_distributed] Initializing TorchBackend in DeepSpeed with backend nccl
[2024-08-08 00:44:55,483] [INFO] [comm.py:637:init_distributed] cdb=None
[W socket.cpp:464] [c10d] The server socket cannot be initialized on [::]:8889 (errno: 97 - Address family not supported by protocol).
[W socket.cpp:697] [c10d] The client socket cannot be initialized to connect to [frontier07020.frontier.olcf.ornl.gov]:8889 (errno: 97 - Address family not supported by protocol).
[W socket.cpp:697] [c10d] The client socket cannot be initialized to connect to [frontier07020.frontier.olcf.ornl.gov]:8889 (errno: 97 - Address family not supported by protocol).
[W socket.cpp:697] [c10d] The client socket cannot be initialized to connect to [frontier07020.frontier.olcf.ornl.gov]:8889 (errno: 97 - Address family not supported by protocol).
[W socket.cpp:697] [c10d] The client socket cannot be initialized to connect to [frontier07020.frontier.olcf.ornl.gov]:8889 (errno: 97 - Address family not supported by protocol).
[W socket.cpp:697] [c10d] The client socket cannot be initialized to connect to [frontier07020.frontier.olcf.ornl.gov]:8889 (errno: 97 - Address family not supported by protocol).
[W socket.cpp:697] [c10d] The client socket cannot be initialized to connect to [frontier07020.frontier.olcf.ornl.gov]:8889 (errno: 97 - Address family not supported by protocol).
[W socket.cpp:697] [c10d] The client socket cannot be initialized to connect to [frontier07020.frontier.olcf.ornl.gov]:8889 (errno: 97 - Address family not supported by protocol).
[W socket.cpp:697] [c10d] The client socket cannot be initialized to connect to [frontier07020.frontier.olcf.ornl.gov]:8889 (errno: 97 - Address family not supported by protocol).
[W socket.cpp:697] [c10d] The client socket cannot be initialized to connect to [frontier07020.frontier.olcf.ornl.gov]:8889 (errno: 97 - Address family not supported by protocol).
[W socket.cpp:697] [c10d] The client socket cannot be initialized to connect to [frontier07020.frontier.olcf.ornl.gov]:8889 (errno: 97 - Address family not supported by protocol).
[W socket.cpp:697] [c10d] The client socket cannot be initialized to connect to [frontier07020.frontier.olcf.ornl.gov]:8889 (errno: 97 - Address family not supported by protocol).
[W socket.cpp:697] [c10d] The client socket cannot be initialized to connect to [frontier07020.frontier.olcf.ornl.gov]:8889 (errno: 97 - Address family not supported by protocol).
[W socket.cpp:697] [c10d] The client socket cannot be initialized to connect to [frontier07020.frontier.olcf.ornl.gov]:8889 (errno: 97 - Address family not supported by protocol).
[W socket.cpp:697] [c10d] The client socket cannot be initialized to connect to [frontier07020.frontier.olcf.ornl.gov]:8889 (errno: 97 - Address family not supported by protocol).
[W socket.cpp:697] [c10d] The client socket cannot be initialized to connect to [frontier07020.frontier.olcf.ornl.gov]:8889 (errno: 97 - Address family not supported by protocol).
[W socket.cpp:697] [c10d] The client socket cannot be initialized to connect to [frontier07020.frontier.olcf.ornl.gov]:8889 (errno: 97 - Address family not supported by protocol).
[W socket.cpp:697] [c10d] The client socket cannot be initialized to connect to [frontier07020.frontier.olcf.ornl.gov]:8889 (errno: 97 - Address family not supported by protocol).
[W socket.cpp:697] [c10d] The client socket cannot be initialized to connect to [frontier07020.frontier.olcf.ornl.gov]:8889 (errno: 97 - Address family not supported by protocol).
[W socket.cpp:697] [c10d] The client socket cannot be initialized to connect to [frontier07020.frontier.olcf.ornl.gov]:8889 (errno: 97 - Address family not supported by protocol).
[W socket.cpp:697] [c10d] The client socket cannot be initialized to connect to [frontier07020.frontier.olcf.ornl.gov]:8889 (errno: 97 - Address family not supported by protocol).
[W socket.cpp:697] [c10d] The client socket cannot be initialized to connect to [frontier07020.frontier.olcf.ornl.gov]:8889 (errno: 97 - Address family not supported by protocol).
[W socket.cpp:697] [c10d] The client socket cannot be initialized to connect to [frontier07020.frontier.olcf.ornl.gov]:8889 (errno: 97 - Address family not supported by protocol).
[W socket.cpp:697] [c10d] The client socket cannot be initialized to connect to [frontier07020.frontier.olcf.ornl.gov]:8889 (errno: 97 - Address family not supported by protocol).
[W socket.cpp:697] [c10d] The client socket cannot be initialized to connect to [frontier07020.frontier.olcf.ornl.gov]:8889 (errno: 97 - Address family not supported by protocol).
0: Command: ./examples/multidataset/train_deepspeed_exportmem.py --multi_model_list=OC2022 --multi --num_epoch=1 --everyone --ddstore --log=exp-strongfull-LARGE_H3000-2204534-NN16-VANILLA --inputfile=LARGE_H3000_MTL.json --use_deepspeed

0: Adios reading: /lustre/orion/lrn031/scratch/zye327/HydraGNN_ds/./examples/multidataset/./dataset/OC2022.bp
0: Read attr time (sec):  0.01353907585144043
0: read and bcast: trainset/x/variable_count 0.8518421649932861
0: read and bcast: trainset/x/variable_offset 1.2526822090148926
0: read and bcast: trainset/x/variable_dim 1.252964973449707
0: read and bcast: trainset/edge_index/variable_count 2.8021292686462402
0: read and bcast: trainset/edge_index/variable_offset 3.483341932296753
0: read and bcast: trainset/edge_index/variable_dim 3.502214193344116
0: read and bcast: trainset/edge_attr/variable_count 5.173982620239258
0: read and bcast: trainset/edge_attr/variable_offset 5.775396347045898
0: read and bcast: trainset/edge_attr/variable_dim 5.794509649276733
0: read and bcast: trainset/pos/variable_count 6.777848958969116
0: read and bcast: trainset/pos/variable_offset 7.519023180007935
0: read and bcast: trainset/pos/variable_dim 7.53689980506897
0: read and bcast: trainset/y/variable_count 7.891743183135986
0: read and bcast: trainset/y/variable_offset 8.410629272460938
0: read and bcast: trainset/y/variable_dim 8.428565263748169
0: Overall time (sec):  8.442266941070557
0: DDStore adding time (sec):  0.0
0: Data loading time (sec):  8.45399522781372
0: Adios reading: /lustre/orion/lrn031/scratch/zye327/HydraGNN_ds/./examples/multidataset/./dataset/OC2022.bp
0: Read attr time (sec):  0.005402088165283203
0: read and bcast: valset/x/variable_count 0.3145792484283447
0: read and bcast: valset/x/variable_offset 0.3768801689147949
0: read and bcast: valset/x/variable_dim 0.37711095809936523
0: read and bcast: valset/edge_index/variable_count 0.7421901226043701
0: read and bcast: valset/edge_index/variable_offset 0.8338382244110107
0: read and bcast: valset/edge_index/variable_dim 0.8340773582458496
0: read and bcast: valset/edge_attr/variable_count 1.1730930805206299
0: read and bcast: valset/edge_attr/variable_offset 1.259925365447998
0: read and bcast: valset/edge_attr/variable_dim 1.2601580619812012
0: read and bcast: valset/pos/variable_count 1.6283478736877441
0: read and bcast: valset/pos/variable_offset 1.715998649597168
0: read and bcast: valset/pos/variable_dim 1.7162325382232666
0: read and bcast: valset/y/variable_count 1.7760045528411865
0: read and bcast: valset/y/variable_offset 1.859696865081787
0: read and bcast: valset/y/variable_dim 1.8599343299865723
0: Overall time (sec):  1.8654685020446777
0: DDStore adding time (sec):  0.0
0: Data loading time (sec):  1.8702020645141602
0: Adios reading: /lustre/orion/lrn031/scratch/zye327/HydraGNN_ds/./examples/multidataset/./dataset/OC2022.bp
0: Read attr time (sec):  0.005401134490966797
0: read and bcast: testset/x/variable_count 0.3182969093322754
0: read and bcast: testset/x/variable_offset 0.35852813720703125
0: read and bcast: testset/x/variable_dim 0.35866212844848633
0: read and bcast: testset/edge_index/variable_count 0.5657668113708496
0: read and bcast: testset/edge_index/variable_offset 0.6054246425628662
0: read and bcast: testset/edge_index/variable_dim 0.6055698394775391
0: read and bcast: testset/edge_attr/variable_count 1.0023720264434814
0: read and bcast: testset/edge_attr/variable_offset 1.0689585208892822
0: read and bcast: testset/edge_attr/variable_dim 1.0690901279449463
0: read and bcast: testset/pos/variable_count 1.13527250289917
0: read and bcast: testset/pos/variable_offset 1.1744749546051025
0: read and bcast: testset/pos/variable_dim 1.1746244430541992
0: read and bcast: testset/y/variable_count 1.2420847415924072
0: read and bcast: testset/y/variable_offset 1.2810120582580566
0: read and bcast: testset/y/variable_dim 1.281156063079834
0: Overall time (sec):  1.2866878509521484
0: DDStore adding time (sec):  0.0
0: Data loading time (sec):  1.29087233543396
0: Adios preloading: /lustre/orion/lrn031/scratch/zye327/HydraGNN_ds/./examples/multidataset/./dataset/OC2022.bp
0: Adios reading time (sec):  17.178884029388428
0: Adios preloading: /lustre/orion/lrn031/scratch/zye327/HydraGNN_ds/./examples/multidataset/./dataset/OC2022.bp
0: Adios reading time (sec):  0.8843088150024414
0: Adios preloading: /lustre/orion/lrn031/scratch/zye327/HydraGNN_ds/./examples/multidataset/./dataset/OC2022.bp
0: Adios reading time (sec):  0.26666998863220215
Loading:   0%|          | 0/59255 [00:00<?, ?it/s]Loading:   0%|          | 207/59255 [00:00<00:28, 2068.13it/s]Loading:   1%|          | 512/59255 [00:00<00:22, 2640.56it/s]Loading:   1%|▏         | 805/59255 [00:00<00:21, 2772.04it/s]Loading:   2%|▏         | 1109/59255 [00:00<00:20, 2875.76it/s]Loading:   2%|▏         | 1397/59255 [00:00<00:30, 1879.27it/s]Loading:   3%|▎         | 1695/59255 [00:00<00:26, 2155.11it/s]Loading:   3%|▎         | 1996/59255 [00:00<00:24, 2380.28it/s]Loading:   4%|▍         | 2299/59255 [00:00<00:22, 2556.25it/s]Loading:   4%|▍         | 2609/59255 [00:01<00:20, 2708.88it/s]Loading:   5%|▍         | 2922/59255 [00:01<00:19, 2829.49it/s]Loading:   5%|▌         | 3229/59255 [00:01<00:19, 2897.50it/s]Loading:   6%|▌         | 3538/59255 [00:01<00:18, 2953.00it/s]Loading:   6%|▋         | 3850/59255 [00:01<00:18, 3000.08it/s]Loading:   7%|▋         | 4156/59255 [00:01<00:18, 3015.63it/s]Loading:   8%|▊         | 4461/59255 [00:01<00:18, 2995.43it/s]Loading:   8%|▊         | 4779/59255 [00:01<00:17, 3048.16it/s]Loading:   9%|▊         | 5086/59255 [00:01<00:17, 3039.55it/s]Loading:   9%|▉         | 5392/59255 [00:01<00:17, 3031.05it/s]Loading:  10%|▉         | 5696/59255 [00:02<00:17, 3016.94it/s]Loading:  10%|█         | 6008/59255 [00:02<00:17, 3045.28it/s]Loading:  11%|█         | 6313/59255 [00:02<00:17, 3038.67it/s]Loading:  11%|█         | 6618/59255 [00:02<00:17, 3019.69it/s]Loading:  12%|█▏        | 6925/59255 [00:02<00:17, 3034.15it/s]Loading:  12%|█▏        | 7229/59255 [00:02<00:17, 3029.04it/s]Loading:  13%|█▎        | 7537/59255 [00:02<00:16, 3043.44it/s]Loading:  13%|█▎        | 7842/59255 [00:02<00:17, 3023.63it/s]Loading:  14%|█▎        | 8145/59255 [00:02<00:16, 3007.88it/s]Loading:  14%|█▍        | 8448/59255 [00:02<00:16, 3013.94it/s]Loading:  15%|█▍        | 8750/59255 [00:03<00:16, 3015.57it/s]Loading:  15%|█▌        | 9055/59255 [00:03<00:16, 3023.60it/s]Loading:  16%|█▌        | 9358/59255 [00:03<00:16, 3020.34it/s]Loading:  16%|█▋        | 9670/59255 [00:03<00:16, 3047.81it/s]Loading:  17%|█▋        | 9983/59255 [00:03<00:16, 3071.28it/s]Loading:  17%|█▋        | 10291/59255 [00:03<00:16, 3054.45it/s]Loading:  18%|█▊        | 10597/59255 [00:03<00:16, 3006.64it/s]Loading:  18%|█▊        | 10900/59255 [00:03<00:16, 3011.76it/s]Loading:  19%|█▉        | 11202/59255 [00:03<00:15, 3013.59it/s]Loading:  19%|█▉        | 11512/59255 [00:03<00:15, 3037.23it/s]Loading:  20%|█▉        | 11825/59255 [00:04<00:15, 3063.04it/s]Loading:  20%|██        | 12132/59255 [00:04<00:15, 3042.83it/s]Loading:  21%|██        | 12437/59255 [00:04<00:22, 2106.61it/s]Loading:  22%|██▏       | 12744/59255 [00:04<00:20, 2324.68it/s]Loading:  22%|██▏       | 13061/59255 [00:04<00:18, 2531.03it/s]Loading:  23%|██▎       | 13365/59255 [00:04<00:17, 2660.53it/s]Loading:  23%|██▎       | 13660/59255 [00:04<00:16, 2736.77it/s]Loading:  24%|██▎       | 13956/59255 [00:04<00:16, 2796.68it/s]Loading:  24%|██▍       | 14258/59255 [00:05<00:15, 2859.67it/s]Loading:  25%|██▍       | 14560/59255 [00:05<00:15, 2905.24it/s]Loading:  25%|██▌       | 14865/59255 [00:05<00:15, 2947.32it/s]Loading:  26%|██▌       | 15173/59255 [00:05<00:14, 2984.17it/s]Loading:  26%|██▌       | 15480/59255 [00:05<00:14, 3007.88it/s]Loading:  27%|██▋       | 15788/59255 [00:05<00:14, 3028.91it/s]Loading:  27%|██▋       | 16093/59255 [00:05<00:14, 3019.54it/s]Loading:  28%|██▊       | 16401/59255 [00:05<00:14, 3036.78it/s]Loading:  28%|██▊       | 16706/59255 [00:05<00:14, 3023.41it/s]Loading:  29%|██▊       | 17009/59255 [00:05<00:14, 3004.26it/s]Loading:  29%|██▉       | 17313/59255 [00:06<00:13, 3013.22it/s]Loading:  30%|██▉       | 17624/59255 [00:06<00:13, 3040.51it/s]Loading:  30%|███       | 17929/59255 [00:06<00:13, 3019.52it/s]Loading:  31%|███       | 18232/59255 [00:06<00:13, 3004.78it/s]Loading:  31%|███▏      | 18535/59255 [00:06<00:13, 3011.64it/s]Loading:  32%|███▏      | 18838/59255 [00:06<00:13, 3016.26it/s]Loading:  32%|███▏      | 19141/59255 [00:06<00:13, 3018.54it/s]Loading:  33%|███▎      | 19443/59255 [00:06<00:13, 3009.78it/s]Loading:  33%|███▎      | 19748/59255 [00:06<00:13, 3019.07it/s]Loading:  34%|███▍      | 20055/59255 [00:06<00:12, 3032.17it/s]Loading:  34%|███▍      | 20359/59255 [00:07<00:12, 3012.52it/s]Loading:  35%|███▍      | 20661/59255 [00:07<00:12, 2979.34it/s]Loading:  35%|███▌      | 20980/59255 [00:07<00:12, 3039.24it/s]Loading:  36%|███▌      | 21291/59255 [00:07<00:12, 3059.61it/s]Loading:  36%|███▋      | 21598/59255 [00:07<00:12, 3056.13it/s]Loading:  37%|███▋      | 21908/59255 [00:07<00:12, 3067.04it/s]Loading:  37%|███▋      | 22220/59255 [00:07<00:12, 3082.32it/s]Loading:  38%|███▊      | 22535/59255 [00:07<00:11, 3101.53it/s]Loading:  39%|███▊      | 22851/59255 [00:07<00:11, 3118.19it/s]Loading:  39%|███▉      | 23163/59255 [00:07<00:11, 3090.01it/s]Loading:  40%|███▉      | 23473/59255 [00:08<00:11, 3079.52it/s]Loading:  40%|████      | 23782/59255 [00:08<00:11, 3032.35it/s]Loading:  41%|████      | 24086/59255 [00:08<00:11, 3004.70it/s]Loading:  41%|████      | 24387/59255 [00:08<00:11, 2982.66it/s]Loading:  42%|████▏     | 24686/59255 [00:08<00:11, 2962.02it/s]Loading:  42%|████▏     | 25001/59255 [00:08<00:11, 3015.83it/s]Loading:  43%|████▎     | 25308/59255 [00:08<00:11, 3031.04it/s]Loading:  43%|████▎     | 25615/59255 [00:08<00:11, 3041.12it/s]Loading:  44%|████▎     | 25924/59255 [00:08<00:10, 3054.49it/s]Loading:  44%|████▍     | 26230/59255 [00:09<00:16, 2023.55it/s]Loading:  45%|████▍     | 26526/59255 [00:09<00:14, 2229.62it/s]Loading:  45%|████▌     | 26819/59255 [00:09<00:13, 2396.55it/s]Loading:  46%|████▌     | 27121/59255 [00:09<00:12, 2554.10it/s]Loading:  46%|████▋     | 27433/59255 [00:09<00:11, 2702.78it/s]Loading:  47%|████▋     | 27734/59255 [00:09<00:11, 2786.35it/s]Loading:  47%|████▋     | 28028/59255 [00:09<00:11, 2827.91it/s]Loading:  48%|████▊     | 28333/59255 [00:09<00:10, 2890.70it/s]Loading:  48%|████▊     | 28643/59255 [00:09<00:10, 2950.04it/s]Loading:  49%|████▉     | 28944/59255 [00:10<00:10, 2964.85it/s]Loading:  49%|████▉     | 29245/59255 [00:10<00:10, 2969.85it/s]Loading:  50%|████▉     | 29550/59255 [00:10<00:09, 2993.23it/s]Loading:  50%|█████     | 29865/59255 [00:10<00:09, 3037.17it/s]Loading:  51%|█████     | 30171/59255 [00:10<00:09, 3041.71it/s]Loading:  51%|█████▏    | 30478/59255 [00:10<00:09, 3047.34it/s]Loading:  52%|█████▏    | 30797/59255 [00:10<00:09, 3087.09it/s]Loading:  53%|█████▎    | 31115/59255 [00:10<00:09, 3114.60it/s]Loading:  53%|█████▎    | 31433/59255 [00:10<00:08, 3132.53it/s]Loading:  54%|█████▎    | 31747/59255 [00:10<00:08, 3066.57it/s]Loading:  54%|█████▍    | 32055/59255 [00:11<00:08, 3063.15it/s]Loading:  55%|█████▍    | 32362/59255 [00:11<00:08, 3061.13it/s]Loading:  55%|█████▌    | 32671/59255 [00:11<00:08, 3069.45it/s]Loading:  56%|█████▌    | 32979/59255 [00:11<00:08, 3070.62it/s]Loading:  56%|█████▌    | 33287/59255 [00:11<00:08, 3019.05it/s]Loading:  57%|█████▋    | 33590/59255 [00:11<00:08, 2994.97it/s]Loading:  57%|█████▋    | 33890/59255 [00:11<00:08, 2984.27it/s]Loading:  58%|█████▊    | 34192/59255 [00:11<00:08, 2994.60it/s]Loading:  58%|█████▊    | 34499/59255 [00:11<00:08, 3015.85it/s]Loading:  59%|█████▊    | 34808/59255 [00:11<00:08, 3037.40it/s]Loading:  59%|█████▉    | 35119/59255 [00:12<00:07, 3057.06it/s]Loading:  60%|█████▉    | 35430/59255 [00:12<00:07, 3071.38it/s]Loading:  60%|██████    | 35738/59255 [00:12<00:07, 3032.95it/s]Loading:  61%|██████    | 36042/59255 [00:12<00:07, 3006.67it/s]Loading:  61%|██████▏   | 36352/59255 [00:12<00:07, 3032.88it/s]Loading:  62%|██████▏   | 36657/59255 [00:12<00:07, 3035.32it/s]Loading:  62%|██████▏   | 36969/59255 [00:12<00:07, 3058.09it/s]Loading:  63%|██████▎   | 37277/59255 [00:12<00:07, 3061.77it/s]Loading:  63%|██████▎   | 37587/59255 [00:12<00:07, 3071.22it/s]Loading:  64%|██████▍   | 37895/59255 [00:12<00:06, 3053.53it/s]Loading:  64%|██████▍   | 38201/59255 [00:13<00:06, 3032.47it/s]Loading:  65%|██████▍   | 38508/59255 [00:13<00:06, 3042.88it/s]Loading:  66%|██████▌   | 38813/59255 [00:13<00:06, 3037.56it/s]Loading:  66%|██████▌   | 39117/59255 [00:13<00:06, 3031.37it/s]Loading:  67%|██████▋   | 39422/59255 [00:13<00:06, 3034.94it/s]Loading:  67%|██████▋   | 39728/59255 [00:13<00:06, 3041.26it/s]Loading:  68%|██████▊   | 40036/59255 [00:13<00:06, 3052.05it/s]Loading:  68%|██████▊   | 40345/59255 [00:13<00:06, 3062.33it/s]Loading:  69%|██████▊   | 40656/59255 [00:13<00:06, 3075.88it/s]Loading:  69%|██████▉   | 40971/59255 [00:13<00:05, 3095.60it/s]Loading:  70%|██████▉   | 41281/59255 [00:14<00:05, 3074.25it/s]Loading:  70%|███████   | 41589/59255 [00:14<00:05, 3052.35it/s]Loading:  71%|███████   | 41900/59255 [00:14<00:05, 3068.01it/s]Loading:  71%|███████   | 42210/59255 [00:14<00:05, 3076.69it/s]Loading:  72%|███████▏  | 42519/59255 [00:14<00:05, 3079.01it/s]Loading:  72%|███████▏  | 42827/59255 [00:14<00:05, 3062.92it/s]Loading:  73%|███████▎  | 43134/59255 [00:14<00:05, 3064.54it/s]Loading:  73%|███████▎  | 43441/59255 [00:14<00:08, 1885.65it/s]Loading:  74%|███████▍  | 43746/59255 [00:15<00:07, 2126.02it/s]Loading:  74%|███████▍  | 44047/59255 [00:15<00:06, 2327.39it/s]Loading:  75%|███████▍  | 44345/59255 [00:15<00:05, 2486.02it/s]Loading:  75%|███████▌  | 44646/59255 [00:15<00:05, 2620.91it/s]Loading:  76%|███████▌  | 44951/59255 [00:15<00:05, 2735.57it/s]Loading:  76%|███████▋  | 45256/59255 [00:15<00:04, 2821.55it/s]Loading:  77%|███████▋  | 45555/59255 [00:15<00:04, 2867.53it/s]Loading:  77%|███████▋  | 45857/59255 [00:15<00:04, 2909.62it/s]Loading:  78%|███████▊  | 46166/59255 [00:15<00:04, 2961.30it/s]Loading:  78%|███████▊  | 46475/59255 [00:16<00:04, 2998.55it/s]Loading:  79%|███████▉  | 46789/59255 [00:16<00:04, 3040.11it/s]Loading:  79%|███████▉  | 47099/59255 [00:16<00:03, 3056.73it/s]Loading:  80%|████████  | 47407/59255 [00:16<00:03, 3060.23it/s]Loading:  81%|████████  | 47719/59255 [00:16<00:03, 3075.65it/s]Loading:  81%|████████  | 48028/59255 [00:16<00:03, 3077.42it/s]Loading:  82%|████████▏ | 48339/59255 [00:16<00:03, 3086.91it/s]Loading:  82%|████████▏ | 48649/59255 [00:16<00:03, 3075.84it/s]Loading:  83%|████████▎ | 48957/59255 [00:16<00:03, 3062.83it/s]Loading:  83%|████████▎ | 49267/59255 [00:16<00:03, 3073.16it/s]Loading:  84%|████████▎ | 49577/59255 [00:17<00:03, 3080.60it/s]Loading:  84%|████████▍ | 49886/59255 [00:17<00:03, 3072.59it/s]Loading:  85%|████████▍ | 50194/59255 [00:17<00:02, 3041.87it/s]Loading:  85%|████████▌ | 50499/59255 [00:17<00:02, 3034.38it/s]Loading:  86%|████████▌ | 50816/59255 [00:17<00:02, 3072.56it/s]Loading:  86%|████████▋ | 51124/59255 [00:17<00:02, 3015.32it/s]Loading:  87%|████████▋ | 51426/59255 [00:17<00:02, 2991.99it/s]Loading:  87%|████████▋ | 51734/59255 [00:17<00:02, 3016.58it/s]Loading:  88%|████████▊ | 52037/59255 [00:17<00:02, 3020.14it/s]Loading:  88%|████████▊ | 52340/59255 [00:17<00:02, 3012.93it/s]Loading:  89%|████████▉ | 52647/59255 [00:18<00:02, 3027.00it/s]Loading:  89%|████████▉ | 52959/59255 [00:18<00:02, 3053.46it/s]Loading:  90%|████████▉ | 53265/59255 [00:18<00:01, 3046.14it/s]Loading:  90%|█████████ | 53570/59255 [00:18<00:01, 3040.25it/s]Loading:  91%|█████████ | 53884/59255 [00:18<00:01, 3068.07it/s]Loading:  91%|█████████▏| 54193/59255 [00:18<00:01, 3072.75it/s]Loading:  92%|█████████▏| 54510/59255 [00:18<00:01, 3101.67it/s]Loading:  93%|█████████▎| 54821/59255 [00:18<00:01, 3101.06it/s]Loading:  93%|█████████▎| 55132/59255 [00:18<00:01, 3099.70it/s]Loading:  94%|█████████▎| 55442/59255 [00:18<00:01, 3073.60it/s]Loading:  94%|█████████▍| 55750/59255 [00:19<00:01, 3049.79it/s]Loading:  95%|█████████▍| 56056/59255 [00:19<00:01, 3035.29it/s]Loading:  95%|█████████▌| 56365/59255 [00:19<00:00, 3050.25it/s]Loading:  96%|█████████▌| 56671/59255 [00:19<00:00, 3046.73it/s]Loading:  96%|█████████▌| 56976/59255 [00:19<00:00, 3032.49it/s]Loading:  97%|█████████▋| 57284/59255 [00:19<00:00, 3044.34it/s]Loading:  97%|█████████▋| 57589/59255 [00:19<00:00, 3028.41it/s]Loading:  98%|█████████▊| 57892/59255 [00:19<00:00, 3017.58it/s]Loading:  98%|█████████▊| 58210/59255 [00:19<00:00, 3064.59it/s]Loading:  99%|█████████▉| 58525/59255 [00:19<00:00, 3089.25it/s]Loading:  99%|█████████▉| 58834/59255 [00:20<00:00, 3030.26it/s]Loading: 100%|█████████▉| 59138/59255 [00:20<00:00, 3006.40it/s]Loading: 100%|██████████| 59255/59255 [00:20<00:00, 2934.92it/s]
0: DDStore add: ('trainset/edge_attr', 0, dtype('float32'), (128224860, 1), 547075400.0, 0.47767482697963715)
0: DDStore add: ('trainset/edge_index', 1, dtype('int64'), (128224860, 2), 11878652361, 1.9106993079185486)
0: DDStore add: ('trainset/pos', 0, dtype('float32'), (4795746, 3), 150768850.0, 0.05359663814306259)
0: DDStore add: ('trainset/x', 0, dtype('float32'), (4795746, 4), 252415140.0, 0.07146218419075012)
0: DDStore add: ('trainset/y', 0, dtype('float32'), (14446493, 1), -357729.47, 0.05381738021969795)
0: DDStore add: ('trainset/y_loc', 0, dtype('int64'), (59255, 3), 14505748, 0.0013244524598121643)
0: DDStore total (GB): 2.5685747899115086
Loading:   0%|          | 0/6585 [00:00<?, ?it/s]Loading:   5%|▍         | 325/6585 [00:00<00:01, 3241.96it/s]Loading:  10%|▉         | 654/6585 [00:00<00:01, 3264.47it/s]Loading:  15%|█▍        | 981/6585 [00:00<00:01, 3265.09it/s]Loading:  20%|█▉        | 1308/6585 [00:00<00:01, 3257.56it/s]Loading:  25%|██▍       | 1634/6585 [00:00<00:01, 3225.38it/s]Loading:  30%|██▉       | 1957/6585 [00:00<00:01, 3107.70it/s]Loading:  34%|███▍      | 2269/6585 [00:00<00:01, 3078.04it/s]Loading:  39%|███▉      | 2578/6585 [00:00<00:01, 3059.25it/s]Loading:  44%|████▍     | 2892/6585 [00:00<00:01, 3082.80it/s]Loading:  49%|████▊     | 3201/6585 [00:01<00:01, 1752.57it/s]Loading:  53%|█████▎    | 3513/6585 [00:01<00:01, 2022.10it/s]Loading:  58%|█████▊    | 3820/6585 [00:01<00:01, 2251.23it/s]Loading:  63%|██████▎   | 4122/6585 [00:01<00:01, 2434.33it/s]Loading:  67%|██████▋   | 4415/6585 [00:01<00:00, 2558.79it/s]Loading:  71%|███████▏  | 4707/6585 [00:01<00:00, 2654.79it/s]Loading:  76%|███████▌  | 5006/6585 [00:01<00:00, 2745.74it/s]Loading:  80%|████████  | 5300/6585 [00:01<00:00, 2799.87it/s]Loading:  85%|████████▌ | 5614/6585 [00:02<00:00, 2896.62it/s]Loading:  90%|████████▉ | 5917/6585 [00:02<00:00, 2933.73it/s]Loading:  95%|█████████▍| 6227/6585 [00:02<00:00, 2982.21it/s]Loading:  99%|█████████▉| 6533/6585 [00:02<00:00, 3002.85it/s]Loading: 100%|██████████| 6585/6585 [00:02<00:00, 2752.83it/s]
0: DDStore add: ('valset/edge_attr', 0, dtype('float32'), (13671208, 1), 58309930.0, 0.05092921853065491)
0: DDStore add: ('valset/edge_index', 1, dtype('int64'), (13671208, 2), 1328668416, 0.20371687412261963)
0: DDStore add: ('valset/pos', 0, dtype('float32'), (526425, 3), 17769488.0, 0.005883257836103439)
0: DDStore add: ('valset/x', 0, dtype('float32'), (526425, 4), 31238396.0, 0.007844343781471252)
0: DDStore add: ('valset/y', 0, dtype('float32'), (1585860, 1), -42179.387, 0.005907788872718811)
0: DDStore add: ('valset/y_loc', 0, dtype('int64'), (6585, 3), 1592445, 0.00014718621969223022)
0: DDStore total (GB): 0.27442866936326027
Loading:   0%|          | 0/3183 [00:00<?, ?it/s]Loading:  10%|█         | 330/3183 [00:00<00:00, 3291.66it/s]Loading:  21%|██        | 660/3183 [00:00<00:00, 3293.41it/s]Loading:  31%|███       | 990/3183 [00:00<00:00, 3272.04it/s]Loading:  41%|████▏     | 1318/3183 [00:00<00:00, 3269.29it/s]Loading:  52%|█████▏    | 1645/3183 [00:00<00:00, 3264.37it/s]Loading:  62%|██████▏   | 1972/3183 [00:00<00:00, 3167.91it/s]Loading:  72%|███████▏  | 2290/3183 [00:00<00:00, 3132.62it/s]Loading:  82%|████████▏ | 2604/3183 [00:00<00:00, 3131.87it/s]Loading:  92%|█████████▏| 2918/3183 [00:00<00:00, 3118.54it/s]Loading: 100%|██████████| 3183/3183 [00:01<00:00, 3166.02it/s]
0: DDStore add: ('testset/edge_attr', 0, dtype('float32'), (6685284, 1), 28360668.0, 0.02490462362766266)
0: DDStore add: ('testset/edge_index', 1, dtype('int64'), (6685284, 2), 557089918, 0.09961849451065063)
0: DDStore add: ('testset/pos', 0, dtype('float32'), (241919, 3), 7302729.0, 0.0027036555111408234)
0: DDStore add: ('testset/x', 0, dtype('float32'), (241919, 4), 12574320.0, 0.003604874014854431)
0: DDStore add: ('testset/y', 0, dtype('float32'), (728940, 1), -19235.979, 0.0027155131101608276)
0: DDStore add: ('testset/y_loc', 0, dtype('int64'), (3183, 3), 732123, 7.114559412002563e-05)
0: DDStore total (GB): 0.1336183063685894
0: trainset,valset,testset size: 7584541 842810 407409
0: Using GPU
0:           graph_convs.0.module_0.edge_mlp.0.weight	          [3000, 10]	     30000
0:             graph_convs.0.module_0.edge_mlp.0.bias	              [3000]	      3000
0:           graph_convs.0.module_0.edge_mlp.2.weight	        [3000, 3000]	   9000000
0:             graph_convs.0.module_0.edge_mlp.2.bias	              [3000]	      3000
0:           graph_convs.0.module_0.node_mlp.0.weight	        [3000, 3004]	   9012000
0:             graph_convs.0.module_0.node_mlp.0.bias	              [3000]	      3000
0:           graph_convs.0.module_0.node_mlp.2.weight	        [3000, 3000]	   9000000
0:             graph_convs.0.module_0.node_mlp.2.bias	              [3000]	      3000
0:          graph_convs.0.module_0.coord_mlp.0.weight	        [3000, 3000]	   9000000
0:            graph_convs.0.module_0.coord_mlp.0.bias	              [3000]	      3000
0:          graph_convs.0.module_0.coord_mlp.2.weight	           [1, 3000]	      3000
0:           graph_convs.1.module_0.edge_mlp.0.weight	        [3000, 6002]	  18006000
0:             graph_convs.1.module_0.edge_mlp.0.bias	              [3000]	      3000
0:           graph_convs.1.module_0.edge_mlp.2.weight	        [3000, 3000]	   9000000
0:             graph_convs.1.module_0.edge_mlp.2.bias	              [3000]	      3000
0:           graph_convs.1.module_0.node_mlp.0.weight	        [3000, 6000]	  18000000
0:             graph_convs.1.module_0.node_mlp.0.bias	              [3000]	      3000
0:           graph_convs.1.module_0.node_mlp.2.weight	        [3000, 3000]	   9000000
0:             graph_convs.1.module_0.node_mlp.2.bias	              [3000]	      3000
0:          graph_convs.1.module_0.coord_mlp.0.weight	        [3000, 3000]	   9000000
0:            graph_convs.1.module_0.coord_mlp.0.bias	              [3000]	      3000
0:          graph_convs.1.module_0.coord_mlp.2.weight	           [1, 3000]	      3000
0:           graph_convs.2.module_0.edge_mlp.0.weight	        [3000, 6002]	  18006000
0:             graph_convs.2.module_0.edge_mlp.0.bias	              [3000]	      3000
0:           graph_convs.2.module_0.edge_mlp.2.weight	        [3000, 3000]	   9000000
0:             graph_convs.2.module_0.edge_mlp.2.bias	              [3000]	      3000
0:           graph_convs.2.module_0.node_mlp.0.weight	        [3000, 6000]	  18000000
0:             graph_convs.2.module_0.node_mlp.0.bias	              [3000]	      3000
0:           graph_convs.2.module_0.node_mlp.2.weight	        [3000, 3000]	   9000000
0:             graph_convs.2.module_0.node_mlp.2.bias	              [3000]	      3000
0:          graph_convs.2.module_0.coord_mlp.0.weight	        [3000, 3000]	   9000000
0:            graph_convs.2.module_0.coord_mlp.0.bias	              [3000]	      3000
0:          graph_convs.2.module_0.coord_mlp.2.weight	           [1, 3000]	      3000
0:           graph_convs.3.module_0.edge_mlp.0.weight	        [3000, 6002]	  18006000
0:             graph_convs.3.module_0.edge_mlp.0.bias	              [3000]	      3000
0:           graph_convs.3.module_0.edge_mlp.2.weight	        [3000, 3000]	   9000000
0:             graph_convs.3.module_0.edge_mlp.2.bias	              [3000]	      3000
0:           graph_convs.3.module_0.node_mlp.0.weight	        [3000, 6000]	  18000000
0:             graph_convs.3.module_0.node_mlp.0.bias	              [3000]	      3000
0:           graph_convs.3.module_0.node_mlp.2.weight	        [3000, 3000]	   9000000
0:             graph_convs.3.module_0.node_mlp.2.bias	              [3000]	      3000
0:          graph_convs.3.module_0.coord_mlp.0.weight	        [3000, 3000]	   9000000
0:            graph_convs.3.module_0.coord_mlp.0.bias	              [3000]	      3000
0:          graph_convs.3.module_0.coord_mlp.2.weight	           [1, 3000]	      3000
0:           graph_convs.4.module_0.edge_mlp.0.weight	        [3000, 6002]	  18006000
0:             graph_convs.4.module_0.edge_mlp.0.bias	              [3000]	      3000
0:           graph_convs.4.module_0.edge_mlp.2.weight	        [3000, 3000]	   9000000
0:             graph_convs.4.module_0.edge_mlp.2.bias	              [3000]	      3000
0:           graph_convs.4.module_0.node_mlp.0.weight	        [3000, 6000]	  18000000
0:             graph_convs.4.module_0.node_mlp.0.bias	              [3000]	      3000
0:           graph_convs.4.module_0.node_mlp.2.weight	        [3000, 3000]	   9000000
0:             graph_convs.4.module_0.node_mlp.2.bias	              [3000]	      3000
0:          graph_convs.4.module_0.coord_mlp.0.weight	        [3000, 3000]	   9000000
0:            graph_convs.4.module_0.coord_mlp.0.bias	              [3000]	      3000
0:          graph_convs.4.module_0.coord_mlp.2.weight	           [1, 3000]	      3000
0:           graph_convs.5.module_0.edge_mlp.0.weight	        [3000, 6002]	  18006000
0:             graph_convs.5.module_0.edge_mlp.0.bias	              [3000]	      3000
0:           graph_convs.5.module_0.edge_mlp.2.weight	        [3000, 3000]	   9000000
0:             graph_convs.5.module_0.edge_mlp.2.bias	              [3000]	      3000
0:           graph_convs.5.module_0.node_mlp.0.weight	        [3000, 6000]	  18000000
0:             graph_convs.5.module_0.node_mlp.0.bias	              [3000]	      3000
0:           graph_convs.5.module_0.node_mlp.2.weight	        [3000, 3000]	   9000000
0:             graph_convs.5.module_0.node_mlp.2.bias	              [3000]	      3000
0:                                heads_NN.0.0.weight	        [1000, 1000]	   1000000
0:                                  heads_NN.0.0.bias	              [1000]	      1000
0:                                heads_NN.0.2.weight	        [1000, 1000]	   1000000
0:                                  heads_NN.0.2.bias	              [1000]	      1000
0:                                heads_NN.0.4.weight	        [1000, 1000]	   1000000
0:                                  heads_NN.0.4.bias	              [1000]	      1000
0:                                heads_NN.0.6.weight	           [1, 1000]	      1000
0:                                  heads_NN.0.6.bias	                 [1]	         1
0:                          heads_NN.1.mlp.0.0.weight	        [1000, 3000]	   3000000
0:                            heads_NN.1.mlp.0.0.bias	              [1000]	      1000
0:                          heads_NN.1.mlp.0.2.weight	        [1000, 1000]	   1000000
0:                            heads_NN.1.mlp.0.2.bias	              [1000]	      1000
0:                          heads_NN.1.mlp.0.4.weight	        [1000, 1000]	   1000000
0:                            heads_NN.1.mlp.0.4.bias	              [1000]	      1000
0:                          heads_NN.1.mlp.0.6.weight	           [3, 1000]	      3000
0:                            heads_NN.1.mlp.0.6.bias	                 [3]	         3
0:                              graph_shared.0.weight	        [1000, 3000]	   3000000
0:                                graph_shared.0.bias	              [1000]	      1000
0:                              graph_shared.2.weight	        [1000, 1000]	   1000000
0:                                graph_shared.2.bias	              [1000]	      1000
0:                              graph_shared.4.weight	        [1000, 1000]	   1000000
0:                                graph_shared.4.bias	              [1000]	      1000
0: --------------------------------------------------
0:                                              Total	                    	 355187004
0: All (total, MB): 355187004 1354.93
[2024-08-08 00:46:06,980] [INFO] [logging.py:96:log_dist] [Rank 0] DeepSpeed info: version=0.14.4, git-hash=unknown, git-branch=unknown
[2024-08-08 00:46:07,271] [INFO] [logging.py:96:log_dist] [Rank 0] DeepSpeed Flops Profiler Enabled: False
[2024-08-08 00:46:07,272] [INFO] [logging.py:96:log_dist] [Rank 0] Using client Optimizer as basic optimizer
[2024-08-08 00:46:07,272] [INFO] [logging.py:96:log_dist] [Rank 0] Removing param_group that has no 'params' in the basic Optimizer
[2024-08-08 00:46:07,273] [INFO] [logging.py:96:log_dist] [Rank 0] DeepSpeed Basic Optimizer = AdamW
[2024-08-08 00:46:07,273] [INFO] [logging.py:96:log_dist] [Rank 0] DeepSpeed Final Optimizer = AdamW
[2024-08-08 00:46:07,273] [INFO] [logging.py:96:log_dist] [Rank 0] DeepSpeed using client LR scheduler
[2024-08-08 00:46:07,273] [INFO] [logging.py:96:log_dist] [Rank 0] DeepSpeed LR Scheduler = None
[2024-08-08 00:46:07,273] [INFO] [logging.py:96:log_dist] [Rank 0] step=0, skipped=0, lr=[1e-05], mom=[(0.9, 0.999)]
[2024-08-08 00:46:07,273] [INFO] [config.py:997:print] DeepSpeedEngine configuration:
[2024-08-08 00:46:07,274] [INFO] [config.py:1001:print]   activation_checkpointing_config  {
    "partition_activations": false, 
    "contiguous_memory_optimization": false, 
    "cpu_checkpointing": false, 
    "number_checkpoints": null, 
    "synchronize_checkpoint_boundary": false, 
    "profile": false
}
[2024-08-08 00:46:07,274] [INFO] [config.py:1001:print]   aio_config ................... {'block_size': 1048576, 'queue_depth': 8, 'thread_count': 1, 'single_submit': False, 'overlap_events': True}
[2024-08-08 00:46:07,274] [INFO] [config.py:1001:print]   amp_enabled .................. False
[2024-08-08 00:46:07,274] [INFO] [config.py:1001:print]   amp_params ................... False
[2024-08-08 00:46:07,274] [INFO] [config.py:1001:print]   autotuning_config ............ {
    "enabled": false, 
    "start_step": null, 
    "end_step": null, 
    "metric_path": null, 
    "arg_mappings": null, 
    "metric": "throughput", 
    "model_info": null, 
    "results_dir": "autotuning_results", 
    "exps_dir": "autotuning_exps", 
    "overwrite": true, 
    "fast": true, 
    "start_profile_step": 3, 
    "end_profile_step": 5, 
    "tuner_type": "gridsearch", 
    "tuner_early_stopping": 5, 
    "tuner_num_trials": 50, 
    "model_info_path": null, 
    "mp_size": 1, 
    "max_train_batch_size": null, 
    "min_train_batch_size": 1, 
    "max_train_micro_batch_size_per_gpu": 1.024000e+03, 
    "min_train_micro_batch_size_per_gpu": 1, 
    "num_tuning_micro_batch_sizes": 3
}
[2024-08-08 00:46:07,274] [INFO] [config.py:1001:print]   bfloat16_enabled ............. False
[2024-08-08 00:46:07,274] [INFO] [config.py:1001:print]   bfloat16_immediate_grad_update  False
[2024-08-08 00:46:07,274] [INFO] [config.py:1001:print]   checkpoint_parallel_write_pipeline  False
[2024-08-08 00:46:07,274] [INFO] [config.py:1001:print]   checkpoint_tag_validation_enabled  True
[2024-08-08 00:46:07,274] [INFO] [config.py:1001:print]   checkpoint_tag_validation_fail  False
[2024-08-08 00:46:07,274] [INFO] [config.py:1001:print]   comms_config ................. <deepspeed.comm.config.DeepSpeedCommsConfig object at 0x7ff5329d7f10>
[2024-08-08 00:46:07,274] [INFO] [config.py:1001:print]   communication_data_type ...... None
[2024-08-08 00:46:07,274] [INFO] [config.py:1001:print]   compression_config ........... {'weight_quantization': {'shared_parameters': {'enabled': False, 'quantizer_kernel': False, 'schedule_offset': 0, 'quantize_groups': 1, 'quantize_verbose': False, 'quantization_type': 'symmetric', 'quantize_weight_in_forward': False, 'rounding': 'nearest', 'fp16_mixed_quantize': False, 'quantize_change_ratio': 0.001}, 'different_groups': {}}, 'activation_quantization': {'shared_parameters': {'enabled': False, 'quantization_type': 'symmetric', 'range_calibration': 'dynamic', 'schedule_offset': 1000}, 'different_groups': {}}, 'sparse_pruning': {'shared_parameters': {'enabled': False, 'method': 'l1', 'schedule_offset': 1000}, 'different_groups': {}}, 'row_pruning': {'shared_parameters': {'enabled': False, 'method': 'l1', 'schedule_offset': 1000}, 'different_groups': {}}, 'head_pruning': {'shared_parameters': {'enabled': False, 'method': 'topk', 'schedule_offset': 1000}, 'different_groups': {}}, 'channel_pruning': {'shared_parameters': {'enabled': False, 'method': 'l1', 'schedule_offset': 1000}, 'different_groups': {}}, 'layer_reduction': {'enabled': False}}
[2024-08-08 00:46:07,274] [INFO] [config.py:1001:print]   curriculum_enabled_legacy .... False
[2024-08-08 00:46:07,274] [INFO] [config.py:1001:print]   curriculum_params_legacy ..... False
[2024-08-08 00:46:07,274] [INFO] [config.py:1001:print]   data_efficiency_config ....... {'enabled': False, 'seed': 1234, 'data_sampling': {'enabled': False, 'num_epochs': 1000, 'num_workers': 0, 'curriculum_learning': {'enabled': False}}, 'data_routing': {'enabled': False, 'random_ltd': {'enabled': False, 'layer_token_lr_schedule': {'enabled': False}}}}
[2024-08-08 00:46:07,274] [INFO] [config.py:1001:print]   data_efficiency_enabled ...... False
[2024-08-08 00:46:07,274] [INFO] [config.py:1001:print]   dataloader_drop_last ......... False
[2024-08-08 00:46:07,274] [INFO] [config.py:1001:print]   disable_allgather ............ False
[2024-08-08 00:46:07,274] [INFO] [config.py:1001:print]   dump_state ................... False
[2024-08-08 00:46:07,274] [INFO] [config.py:1001:print]   dynamic_loss_scale_args ...... None
[2024-08-08 00:46:07,274] [INFO] [config.py:1001:print]   eigenvalue_enabled ........... False
[2024-08-08 00:46:07,274] [INFO] [config.py:1001:print]   eigenvalue_gas_boundary_resolution  1
[2024-08-08 00:46:07,274] [INFO] [config.py:1001:print]   eigenvalue_layer_name ........ bert.encoder.layer
[2024-08-08 00:46:07,274] [INFO] [config.py:1001:print]   eigenvalue_layer_num ......... 0
[2024-08-08 00:46:07,274] [INFO] [config.py:1001:print]   eigenvalue_max_iter .......... 100
[2024-08-08 00:46:07,274] [INFO] [config.py:1001:print]   eigenvalue_stability ......... 1e-06
[2024-08-08 00:46:07,274] [INFO] [config.py:1001:print]   eigenvalue_tol ............... 0.01
[2024-08-08 00:46:07,274] [INFO] [config.py:1001:print]   eigenvalue_verbose ........... False
[2024-08-08 00:46:07,274] [INFO] [config.py:1001:print]   elasticity_enabled ........... False
[2024-08-08 00:46:07,275] [INFO] [config.py:1001:print]   flops_profiler_config ........ {
    "enabled": false, 
    "recompute_fwd_factor": 0.0, 
    "profile_step": 1, 
    "module_depth": -1, 
    "top_modules": 1, 
    "detailed": true, 
    "output_file": null
}
[2024-08-08 00:46:07,275] [INFO] [config.py:1001:print]   fp16_auto_cast ............... None
[2024-08-08 00:46:07,275] [INFO] [config.py:1001:print]   fp16_enabled ................. False
[2024-08-08 00:46:07,275] [INFO] [config.py:1001:print]   fp16_master_weights_and_gradients  False
[2024-08-08 00:46:07,275] [INFO] [config.py:1001:print]   global_rank .................. 0
[2024-08-08 00:46:07,275] [INFO] [config.py:1001:print]   grad_accum_dtype ............. None
[2024-08-08 00:46:07,275] [INFO] [config.py:1001:print]   gradient_accumulation_steps .. 1
[2024-08-08 00:46:07,275] [INFO] [config.py:1001:print]   gradient_clipping ............ 0.0
[2024-08-08 00:46:07,275] [INFO] [config.py:1001:print]   gradient_predivide_factor .... 1.0
[2024-08-08 00:46:07,275] [INFO] [config.py:1001:print]   graph_harvesting ............. False
[2024-08-08 00:46:07,275] [INFO] [config.py:1001:print]   hybrid_engine ................ enabled=False max_out_tokens=512 inference_tp_size=1 release_inference_cache=False pin_parameters=True tp_gather_partition_size=8
[2024-08-08 00:46:07,275] [INFO] [config.py:1001:print]   initial_dynamic_scale ........ 65536
[2024-08-08 00:46:07,275] [INFO] [config.py:1001:print]   load_universal_checkpoint .... False
[2024-08-08 00:46:07,275] [INFO] [config.py:1001:print]   loss_scale ................... 0
[2024-08-08 00:46:07,275] [INFO] [config.py:1001:print]   memory_breakdown ............. False
[2024-08-08 00:46:07,275] [INFO] [config.py:1001:print]   mics_hierarchial_params_gather  False
[2024-08-08 00:46:07,275] [INFO] [config.py:1001:print]   mics_shard_size .............. -1
[2024-08-08 00:46:07,275] [INFO] [config.py:1001:print]   monitor_config ............... tensorboard=TensorBoardConfig(enabled=False, output_path='', job_name='DeepSpeedJobName') comet=CometConfig(enabled=False, samples_log_interval=100, project=None, workspace=None, api_key=None, experiment_name=None, experiment_key=None, online=None, mode=None) wandb=WandbConfig(enabled=False, group=None, team=None, project='deepspeed') csv_monitor=CSVConfig(enabled=False, output_path='', job_name='DeepSpeedJobName') enabled=False
[2024-08-08 00:46:07,275] [INFO] [config.py:1001:print]   nebula_config ................ {
    "enabled": false, 
    "persistent_storage_path": null, 
    "persistent_time_interval": 100, 
    "num_of_version_in_retention": 2, 
    "enable_nebula_load": true, 
    "load_path": null
}
[2024-08-08 00:46:07,275] [INFO] [config.py:1001:print]   optimizer_legacy_fusion ...... False
[2024-08-08 00:46:07,275] [INFO] [config.py:1001:print]   optimizer_name ............... None
[2024-08-08 00:46:07,275] [INFO] [config.py:1001:print]   optimizer_params ............. None
[2024-08-08 00:46:07,275] [INFO] [config.py:1001:print]   pipeline ..................... {'stages': 'auto', 'partition': 'best', 'seed_layers': False, 'activation_checkpoint_interval': 0, 'pipe_partitioned': True, 'grad_partitioned': True}
[2024-08-08 00:46:07,275] [INFO] [config.py:1001:print]   pld_enabled .................. False
[2024-08-08 00:46:07,275] [INFO] [config.py:1001:print]   pld_params ................... False
[2024-08-08 00:46:07,275] [INFO] [config.py:1001:print]   prescale_gradients ........... False
[2024-08-08 00:46:07,275] [INFO] [config.py:1001:print]   scheduler_name ............... None
[2024-08-08 00:46:07,275] [INFO] [config.py:1001:print]   scheduler_params ............. None
[2024-08-08 00:46:07,275] [INFO] [config.py:1001:print]   seq_parallel_communication_data_type  torch.float32
[2024-08-08 00:46:07,275] [INFO] [config.py:1001:print]   sparse_attention ............. None
[2024-08-08 00:46:07,275] [INFO] [config.py:1001:print]   sparse_gradients_enabled ..... False
[2024-08-08 00:46:07,275] [INFO] [config.py:1001:print]   steps_per_print .............. 1000000000.0
[2024-08-08 00:46:07,275] [INFO] [config.py:1001:print]   timers_config ................ enabled=True synchronized=True
[2024-08-08 00:46:07,275] [INFO] [config.py:1001:print]   train_batch_size ............. 4096
[2024-08-08 00:46:07,275] [INFO] [config.py:1001:print]   train_micro_batch_size_per_gpu  32
[2024-08-08 00:46:07,275] [INFO] [config.py:1001:print]   use_data_before_expert_parallel_  False
[2024-08-08 00:46:07,275] [INFO] [config.py:1001:print]   use_node_local_storage ....... False
[2024-08-08 00:46:07,275] [INFO] [config.py:1001:print]   wall_clock_breakdown ......... False
[2024-08-08 00:46:07,275] [INFO] [config.py:1001:print]   weight_quantization_config ... None
[2024-08-08 00:46:07,275] [INFO] [config.py:1001:print]   world_size ................... 128
[2024-08-08 00:46:07,275] [INFO] [config.py:1001:print]   zero_allow_untested_optimizer  False
[2024-08-08 00:46:07,275] [INFO] [config.py:1001:print]   zero_config .................. stage=0 contiguous_gradients=True reduce_scatter=True reduce_bucket_size=500,000,000 use_multi_rank_bucket_allreduce=True allgather_partitions=True allgather_bucket_size=500,000,000 overlap_comm=False load_from_fp32_weights=True elastic_checkpoint=False offload_param=None offload_optimizer=None sub_group_size=1,000,000,000 cpu_offload_param=None cpu_offload_use_pin_memory=None cpu_offload=None prefetch_bucket_size=50,000,000 param_persistence_threshold=100,000 model_persistence_threshold=sys.maxsize max_live_parameters=1,000,000,000 max_reuse_distance=1,000,000,000 gather_16bit_weights_on_model_save=False use_all_reduce_for_fetch_params=False stage3_gather_fp16_weights_on_model_save=False ignore_unused_parameters=True legacy_stage1=False round_robin_gradients=False zero_hpz_partition_size=1 zero_quantized_weights=False zero_quantized_nontrainable_weights=False zero_quantized_gradients=False mics_shard_size=-1 mics_hierarchical_params_gather=False memory_efficient_linear=True pipeline_loading_checkpoint=False override_module_apply=True
[2024-08-08 00:46:07,275] [INFO] [config.py:1001:print]   zero_enabled ................. False
[2024-08-08 00:46:07,275] [INFO] [config.py:1001:print]   zero_force_ds_cpu_optimizer .. True
[2024-08-08 00:46:07,275] [INFO] [config.py:1001:print]   zero_optimization_stage ...... 0
[2024-08-08 00:46:07,275] [INFO] [config.py:987:print_user_config]   json = {
    "train_micro_batch_size_per_gpu": 32, 
    "gradient_accumulation_steps": 1, 
    "steps_per_print": 1.000000e+09
}
[rank48]:[W unwind.cpp:201] Warning: Unsupported unwinding pattern: Address not in range (function unwinderFor)
[rank49]:[W unwind.cpp:201] Warning: Unsupported unwinding pattern: Address not in range (function unwinderFor)
[rank51]:[W unwind.cpp:201] Warning: Unsupported unwinding pattern: Address not in range (function unwinderFor)
[rank52]:[W unwind.cpp:201] Warning: Unsupported unwinding pattern: Address not in range (function unwinderFor)
[rank53]:[W unwind.cpp:201] Warning: Unsupported unwinding pattern: Address not in range (function unwinderFor)
[rank50]:[W unwind.cpp:201] Warning: Unsupported unwinding pattern: Address not in range (function unwinderFor)
[rank54]:[W unwind.cpp:201] Warning: Unsupported unwinding pattern: Address not in range (function unwinderFor)
[rank55]:[W unwind.cpp:201] Warning: Unsupported unwinding pattern: Address not in range (function unwinderFor)
[rank33]:[W unwind.cpp:201] Warning: Unsupported unwinding pattern: Address not in range (function unwinderFor)
[rank38]:[W unwind.cpp:201] Warning: Unsupported unwinding pattern: Address not in range (function unwinderFor)
[rank32]:[W unwind.cpp:201] Warning: Unsupported unwinding pattern: Address not in range (function unwinderFor)
[rank34]:[W unwind.cpp:201] Warning: Unsupported unwinding pattern: Address not in range (function unwinderFor)
[rank35]:[W unwind.cpp:201] Warning: Unsupported unwinding pattern: Address not in range (function unwinderFor)
[rank36]:[W unwind.cpp:201] Warning: Unsupported unwinding pattern: Address not in range (function unwinderFor)
[rank37]:[W unwind.cpp:201] Warning: Unsupported unwinding pattern: Address not in range (function unwinderFor)
[rank39]:[W unwind.cpp:201] Warning: Unsupported unwinding pattern: Address not in range (function unwinderFor)
[rank1]:[W unwind.cpp:201] Warning: Unsupported unwinding pattern: Address not in range (function unwinderFor)
[rank0]:[W unwind.cpp:201] Warning: Unsupported unwinding pattern: Address not in range (function unwinderFor)
[rank2]:[W unwind.cpp:201] Warning: Unsupported unwinding pattern: Address not in range (function unwinderFor)
[rank3]:[W unwind.cpp:201] Warning: Unsupported unwinding pattern: Address not in range (function unwinderFor)
[rank4]:[W unwind.cpp:201] Warning: Unsupported unwinding pattern: Address not in range (function unwinderFor)
[rank5]:[W unwind.cpp:201] Warning: Unsupported unwinding pattern: Address not in range (function unwinderFor)
[rank6]:[W unwind.cpp:201] Warning: Unsupported unwinding pattern: Address not in range (function unwinderFor)
[rank7]:[W unwind.cpp:201] Warning: Unsupported unwinding pattern: Address not in range (function unwinderFor)
[rank8]:[W unwind.cpp:201] Warning: Unsupported unwinding pattern: Address not in range (function unwinderFor)
[rank11]:[W unwind.cpp:201] Warning: Unsupported unwinding pattern: Address not in range (function unwinderFor)
[rank9]:[W unwind.cpp:201] Warning: Unsupported unwinding pattern: Address not in range (function unwinderFor)
[rank10]:[W unwind.cpp:201] Warning: Unsupported unwinding pattern: Address not in range (function unwinderFor)
[rank12]:[W unwind.cpp:201] Warning: Unsupported unwinding pattern: Address not in range (function unwinderFor)
[rank13]:[W unwind.cpp:201] Warning: Unsupported unwinding pattern: Address not in range (function unwinderFor)
[rank14]:[W unwind.cpp:201] Warning: Unsupported unwinding pattern: Address not in range (function unwinderFor)
[rank15]:[W unwind.cpp:201] Warning: Unsupported unwinding pattern: Address not in range (function unwinderFor)
[rank41]:[W unwind.cpp:201] Warning: Unsupported unwinding pattern: Address not in range (function unwinderFor)
[rank43]:[W unwind.cpp:201] Warning: Unsupported unwinding pattern: Address not in range (function unwinderFor)
[rank46]:[W unwind.cpp:201] Warning: Unsupported unwinding pattern: Address not in range (function unwinderFor)
[rank40]:[W unwind.cpp:201] Warning: Unsupported unwinding pattern: Address not in range (function unwinderFor)
[rank42]:[W unwind.cpp:201] Warning: Unsupported unwinding pattern: Address not in range (function unwinderFor)
[rank44]:[W unwind.cpp:201] Warning: Unsupported unwinding pattern: Address not in range (function unwinderFor)
[rank45]:[W unwind.cpp:201] Warning: Unsupported unwinding pattern: Address not in range (function unwinderFor)
[rank47]:[W unwind.cpp:201] Warning: Unsupported unwinding pattern: Address not in range (function unwinderFor)
[rank26]:[W unwind.cpp:201] Warning: Unsupported unwinding pattern: Address not in range (function unwinderFor)
[rank27]:[W unwind.cpp:201] Warning: Unsupported unwinding pattern: Address not in range (function unwinderFor)
[rank31]:[W unwind.cpp:201] Warning: Unsupported unwinding pattern: Address not in range (function unwinderFor)
[rank24]:[W unwind.cpp:201] Warning: Unsupported unwinding pattern: Address not in range (function unwinderFor)
[rank25]:[W unwind.cpp:201] Warning: Unsupported unwinding pattern: Address not in range (function unwinderFor)
[rank28]:[W unwind.cpp:201] Warning: Unsupported unwinding pattern: Address not in range (function unwinderFor)
[rank29]:[W unwind.cpp:201] Warning: Unsupported unwinding pattern: Address not in range (function unwinderFor)
[rank30]:[W unwind.cpp:201] Warning: Unsupported unwinding pattern: Address not in range (function unwinderFor)
[rank18]:[W unwind.cpp:201] Warning: Unsupported unwinding pattern: Address not in range (function unwinderFor)
[rank21]:[W unwind.cpp:201] Warning: Unsupported unwinding pattern: Address not in range (function unwinderFor)
[rank22]:[W unwind.cpp:201] Warning: Unsupported unwinding pattern: Address not in range (function unwinderFor)
[rank16]:[W unwind.cpp:201] Warning: Unsupported unwinding pattern: Address not in range (function unwinderFor)
[rank17]:[W unwind.cpp:201] Warning: Unsupported unwinding pattern: Address not in range (function unwinderFor)
[rank19]:[W unwind.cpp:201] Warning: Unsupported unwinding pattern: Address not in range (function unwinderFor)
[rank20]:[W unwind.cpp:201] Warning: Unsupported unwinding pattern: Address not in range (function unwinderFor)
[rank23]:[W unwind.cpp:201] Warning: Unsupported unwinding pattern: Address not in range (function unwinderFor)
[rank67]:[W unwind.cpp:201] Warning: Unsupported unwinding pattern: Address not in range (function unwinderFor)
[rank68]:[W unwind.cpp:201] Warning: Unsupported unwinding pattern: Address not in range (function unwinderFor)
[rank70]:[W unwind.cpp:201] Warning: Unsupported unwinding pattern: Address not in range (function unwinderFor)
[rank64]:[W unwind.cpp:201] Warning: Unsupported unwinding pattern: Address not in range (function unwinderFor)
[rank65]:[W unwind.cpp:201] Warning: Unsupported unwinding pattern: Address not in range (function unwinderFor)
[rank66]:[W unwind.cpp:201] Warning: Unsupported unwinding pattern: Address not in range (function unwinderFor)
[rank69]:[W unwind.cpp:201] Warning: Unsupported unwinding pattern: Address not in range (function unwinderFor)
[rank71]:[W unwind.cpp:201] Warning: Unsupported unwinding pattern: Address not in range (function unwinderFor)
[rank59]:[W unwind.cpp:201] Warning: Unsupported unwinding pattern: Address not in range (function unwinderFor)
[rank60]:[W unwind.cpp:201] Warning: Unsupported unwinding pattern: Address not in range (function unwinderFor)
[rank63]:[W unwind.cpp:201] Warning: Unsupported unwinding pattern: Address not in range (function unwinderFor)
[rank56]:[W unwind.cpp:201] Warning: Unsupported unwinding pattern: Address not in range (function unwinderFor)
[rank57]:[W unwind.cpp:201] Warning: Unsupported unwinding pattern: Address not in range (function unwinderFor)
[rank58]:[W unwind.cpp:201] Warning: Unsupported unwinding pattern: Address not in range (function unwinderFor)
[rank61]:[W unwind.cpp:201] Warning: Unsupported unwinding pattern: Address not in range (function unwinderFor)
[rank62]:[W unwind.cpp:201] Warning: Unsupported unwinding pattern: Address not in range (function unwinderFor)
[rank91]:[W unwind.cpp:201] Warning: Unsupported unwinding pattern: Address not in range (function unwinderFor)
[rank92]:[W unwind.cpp:201] Warning: Unsupported unwinding pattern: Address not in range (function unwinderFor)
[rank88]:[W unwind.cpp:201] Warning: Unsupported unwinding pattern: Address not in range (function unwinderFor)
[rank89]:[W unwind.cpp:201] Warning: Unsupported unwinding pattern: Address not in range (function unwinderFor)
[rank90]:[W unwind.cpp:201] Warning: Unsupported unwinding pattern: Address not in range (function unwinderFor)
[rank93]:[W unwind.cpp:201] Warning: Unsupported unwinding pattern: Address not in range (function unwinderFor)
[rank94]:[W unwind.cpp:201] Warning: Unsupported unwinding pattern: Address not in range (function unwinderFor)
[rank95]:[W unwind.cpp:201] Warning: Unsupported unwinding pattern: Address not in range (function unwinderFor)
[rank122]:[W unwind.cpp:201] Warning: Unsupported unwinding pattern: Address not in range (function unwinderFor)
[rank127]:[W unwind.cpp:201] Warning: Unsupported unwinding pattern: Address not in range (function unwinderFor)
[rank120]:[W unwind.cpp:201] Warning: Unsupported unwinding pattern: Address not in range (function unwinderFor)
[rank121]:[W unwind.cpp:201] Warning: Unsupported unwinding pattern: Address not in range (function unwinderFor)
[rank123]:[W unwind.cpp:201] Warning: Unsupported unwinding pattern: Address not in range (function unwinderFor)
[rank124]:[W unwind.cpp:201] Warning: Unsupported unwinding pattern: Address not in range (function unwinderFor)
[rank125]:[W unwind.cpp:201] Warning: Unsupported unwinding pattern: Address not in range (function unwinderFor)
[rank126]:[W unwind.cpp:201] Warning: Unsupported unwinding pattern: Address not in range (function unwinderFor)
[rank104]:[W unwind.cpp:201] Warning: Unsupported unwinding pattern: Address not in range (function unwinderFor)
[rank105]:[W unwind.cpp:201] Warning: Unsupported unwinding pattern: Address not in range (function unwinderFor)
[rank106]:[W unwind.cpp:201] Warning: Unsupported unwinding pattern: Address not in range (function unwinderFor)
[rank107]:[W unwind.cpp:201] Warning: Unsupported unwinding pattern: Address not in range (function unwinderFor)
[rank108]:[W unwind.cpp:201] Warning: Unsupported unwinding pattern: Address not in range (function unwinderFor)
[rank109]:[W unwind.cpp:201] Warning: Unsupported unwinding pattern: Address not in range (function unwinderFor)
[rank110]:[W unwind.cpp:201] Warning: Unsupported unwinding pattern: Address not in range (function unwinderFor)
[rank111]:[W unwind.cpp:201] Warning: Unsupported unwinding pattern: Address not in range (function unwinderFor)
[rank97]:[W unwind.cpp:201] Warning: Unsupported unwinding pattern: Address not in range (function unwinderFor)
[rank99]:[W unwind.cpp:201] Warning: Unsupported unwinding pattern: Address not in range (function unwinderFor)
[rank100]:[W unwind.cpp:201] Warning: Unsupported unwinding pattern: Address not in range (function unwinderFor)
[rank101]:[W unwind.cpp:201] Warning: Unsupported unwinding pattern: Address not in range (function unwinderFor)
[rank96]:[W unwind.cpp:201] Warning: Unsupported unwinding pattern: Address not in range (function unwinderFor)
[rank98]:[W unwind.cpp:201] Warning: Unsupported unwinding pattern: Address not in range (function unwinderFor)
[rank102]:[W unwind.cpp:201] Warning: Unsupported unwinding pattern: Address not in range (function unwinderFor)
[rank103]:[W unwind.cpp:201] Warning: Unsupported unwinding pattern: Address not in range (function unwinderFor)
[rank79]:[W unwind.cpp:201] Warning: Unsupported unwinding pattern: Address not in range (function unwinderFor)
[rank72]:[W unwind.cpp:201] Warning: Unsupported unwinding pattern: Address not in range (function unwinderFor)
[rank73]:[W unwind.cpp:201] Warning: Unsupported unwinding pattern: Address not in range (function unwinderFor)
[rank74]:[W unwind.cpp:201] Warning: Unsupported unwinding pattern: Address not in range (function unwinderFor)
[rank75]:[W unwind.cpp:201] Warning: Unsupported unwinding pattern: Address not in range (function unwinderFor)
[rank76]:[W unwind.cpp:201] Warning: Unsupported unwinding pattern: Address not in range (function unwinderFor)
[rank77]:[W unwind.cpp:201] Warning: Unsupported unwinding pattern: Address not in range (function unwinderFor)
[rank78]:[W unwind.cpp:201] Warning: Unsupported unwinding pattern: Address not in range (function unwinderFor)
[rank115]:[W unwind.cpp:201] Warning: Unsupported unwinding pattern: Address not in range (function unwinderFor)
[rank118]:[W unwind.cpp:201] Warning: Unsupported unwinding pattern: Address not in range (function unwinderFor)
[rank112]:[W unwind.cpp:201] Warning: Unsupported unwinding pattern: Address not in range (function unwinderFor)
[rank113]:[W unwind.cpp:201] Warning: Unsupported unwinding pattern: Address not in range (function unwinderFor)
[rank114]:[W unwind.cpp:201] Warning: Unsupported unwinding pattern: Address not in range (function unwinderFor)
[rank116]:[W unwind.cpp:201] Warning: Unsupported unwinding pattern: Address not in range (function unwinderFor)
[rank117]:[W unwind.cpp:201] Warning: Unsupported unwinding pattern: Address not in range (function unwinderFor)
[rank119]:[W unwind.cpp:201] Warning: Unsupported unwinding pattern: Address not in range (function unwinderFor)
[rank82]:[W unwind.cpp:201] Warning: Unsupported unwinding pattern: Address not in range (function unwinderFor)
[rank80]:[W unwind.cpp:201] Warning: Unsupported unwinding pattern: Address not in range (function unwinderFor)
[rank81]:[W unwind.cpp:201] Warning: Unsupported unwinding pattern: Address not in range (function unwinderFor)
[rank83]:[W unwind.cpp:201] Warning: Unsupported unwinding pattern: Address not in range (function unwinderFor)
[rank84]:[W unwind.cpp:201] Warning: Unsupported unwinding pattern: Address not in range (function unwinderFor)
[rank85]:[W unwind.cpp:201] Warning: Unsupported unwinding pattern: Address not in range (function unwinderFor)
[rank86]:[W unwind.cpp:201] Warning: Unsupported unwinding pattern: Address not in range (function unwinderFor)
[rank87]:[W unwind.cpp:201] Warning: Unsupported unwinding pattern: Address not in range (function unwinderFor)
WARNNING: ONly training for 2 epochs
WARNNING: ONly training for 2 epochs
WARNNING: ONly training for 2 epochs
WARNNING: ONly training for 2 epochs
WARNNING: ONly training for 2 epochs
WARNNING: ONly training for 2 epochs
WARNNING: ONly training for 2 epochs
WARNNING: ONly training for 2 epochs
WARNNING: ONly training for 2 epochs
WARNNING: ONly training for 2 epochs
WARNNING: ONly training for 2 epochs
WARNNING: ONly training for 2 epochs
WARNNING: ONly training for 2 epochs
WARNNING: ONly training for 2 epochs
WARNNING: ONly training for 2 epochs
WARNNING: ONly training for 2 epochs
WARNNING: ONly training for 2 epochs
WARNNING: ONly training for 2 epochs
WARNNING: ONly training for 2 epochs
WARNNING: ONly training for 2 epochs
WARNNING: ONly training for 2 epochs
WARNNING: ONly training for 2 epochs
WARNNING: ONly training for 2 epochs
WARNNING: ONly training for 2 epochs
WARNNING: ONly training for 2 epochs
WARNNING: ONly training for 2 epochs
WARNNING: ONly training for 2 epochs
WARNNING: ONly training for 2 epochs
WARNNING: ONly training for 2 epochs
WARNNING: ONly training for 2 epochs
WARNNING: ONly training for 2 epochs
WARNNING: ONly training for 2 epochs
WARNNING: ONly training for 2 epochs
WARNNING: ONly training for 2 epochs
WARNNING: ONly training for 2 epochs
WARNNING: ONly training for 2 epochs
WARNNING: ONly training for 2 epochs
WARNNING: ONly training for 2 epochs
WARNNING: ONly training for 2 epochs
WARNNING: ONly training for 2 epochs
WARNNING: ONly training for 2 epochs
WARNNING: ONly training for 2 epochs
WARNNING: ONly training for 2 epochs
WARNNING: ONly training for 2 epochs
WARNNING: ONly training for 2 epochs
WARNNING: ONly training for 2 epochs
WARNNING: ONly training for 2 epochs
WARNNING: ONly training for 2 epochs
WARNNING: ONly training for 2 epochs
WARNNING: ONly training for 2 epochs
WARNNING: ONly training for 2 epochs
WARNNING: ONly training for 2 epochs
WARNNING: ONly training for 2 epochs
WARNNING: ONly training for 2 epochs
WARNNING: ONly training for 2 epochs
WARNNING: ONly training for 2 epochs
WARNNING: ONly training for 2 epochs
WARNNING: ONly training for 2 epochs
WARNNING: ONly training for 2 epochs
WARNNING: ONly training for 2 epochs
WARNNING: ONly training for 2 epochs
WARNNING: ONly training for 2 epochs
WARNNING: ONly training for 2 epochs
WARNNING: ONly training for 2 epochs
WARNNING: ONly training for 2 epochs
WARNNING: ONly training for 2 epochs
WARNNING: ONly training for 2 epochs
WARNNING: ONly training for 2 epochs
WARNNING: ONly training for 2 epochs
WARNNING: ONly training for 2 epochs
WARNNING: ONly training for 2 epochs
WARNNING: ONly training for 2 epochs
WARNNING: ONly training for 2 epochs
WARNNING: ONly training for 2 epochs
WARNNING: ONly training for 2 epochs
WARNNING: ONly training for 2 epochs
WARNNING: ONly training for 2 epochs
WARNNING: ONly training for 2 epochs
WARNNING: ONly training for 2 epochs
WARNNING: ONly training for 2 epochs
WARNNING: ONly training for 2 epochs
WARNNING: ONly training for 2 epochs
WARNNING: ONly training for 2 epochs
WARNNING: ONly training for 2 epochs
WARNNING: ONly training for 2 epochs
WARNNING: ONly training for 2 epochs
WARNNING: ONly training for 2 epochs
WARNNING: ONly training for 2 epochs
WARNNING: ONly training for 2 epochs
WARNNING: ONly training for 2 epochs
WARNNING: ONly training for 2 epochs
WARNNING: ONly training for 2 epochs
WARNNING: ONly training for 2 epochs
WARNNING: ONly training for 2 epochs
WARNNING: ONly training for 2 epochs
WARNNING: ONly training for 2 epochs
WARNNING: ONly training for 2 epochs
WARNNING: ONly training for 2 epochs
WARNNING: ONly training for 2 epochs
WARNNING: ONly training for 2 epochs
WARNNING: ONly training for 2 epochs
WARNNING: ONly training for 2 epochs
WARNNING: ONly training for 2 epochs
WARNNING: ONly training for 2 epochs
WARNNING: ONly training for 2 epochs
WARNNING: ONly training for 2 epochs
WARNNING: ONly training for 2 epochs
WARNNING: ONly training for 2 epochs
WARNNING: ONly training for 2 epochs
WARNNING: ONly training for 2 epochs
WARNNING: ONly training for 2 epochs
WARNNING: ONly training for 2 epochs
WARNNING: ONly training for 2 epochs
WARNNING: ONly training for 2 epochs
WARNNING: ONly training for 2 epochs
WARNNING: ONly training for 2 epochs
WARNNING: ONly training for 2 epochs
WARNNING: ONly training for 2 epochs
WARNNING: ONly training for 2 epochs
WARNNING: ONly training for 2 epochs
WARNNING: ONly training for 2 epochs
WARNNING: ONly training for 2 epochs
WARNNING: ONly training for 2 epochs
WARNNING: ONly training for 2 epochs
WARNNING: ONly training for 2 epochs
WARNNING: ONly training for 2 epochs
WARNNING: ONly training for 2 epochs
WARNNING: ONly training for 2 epochs
Train:   0%|          | 0/2 [00:00<?, ?it/s]Train:  50%|█████     | 1/2 [00:16<00:16, 16.47s/it]Train: 100%|██████████| 2/2 [00:23<00:00, 11.02s/it]Train: 100%|██████████| 2/2 [00:23<00:00, 11.85s/it]
0: Peak Memory Usage
0: 28646.150390625
0: Process 0 - Local timer:  load_data  :  64.45
0: Process 0 - Local timer:  create_model  :  1.84
0: Process 0 - Local timer:  train_validate_test  :  0.0
0: Minimum timers: 
0: load_data  :  64.45
0: create_model  :  1.82
0: train_validate_test  :  0.0
0: Maximum timers: 
0: load_data  :  65.39
0: create_model  :  1.89
0: train_validate_test  :  0.0
0: Average timers: 
0: load_data  :  65.0
0: create_model  :  1.85
0: train_validate_test  :  0.0
0: Number of calls to timers: 
0: {'load_data': 1, 'create_model': 1, 'train_validate_test': 0}
+ for MS in LARGE_H3000 LARGE_H4000 LARGE_H5000 LARGE_H6000 LARGE_H7000
+ for NN in 16
+ srun -N16 -n128 -c7 --gres=gpu:8 python -u ./examples/multidataset/train_deepspeed_exportmem.py --multi_model_list=OC2022 --multi --num_epoch=1 --everyone --ddstore --log=exp-strongfull-LARGE_H4000-2204534-NN16-VANILLA --inputfile=LARGE_H4000_MTL.json --use_deepspeed
srun: Step created for StepId=2204534.1
[2024-08-08 00:46:58,177] [INFO] [real_accelerator.py:203:get_accelerator] Setting ds_accelerator to cuda (auto detect)
[2024-08-08 00:46:58,177] [INFO] [real_accelerator.py:203:get_accelerator] Setting ds_accelerator to cuda (auto detect)
[2024-08-08 00:46:58,177] [INFO] [real_accelerator.py:203:get_accelerator] Setting ds_accelerator to cuda (auto detect)
[2024-08-08 00:46:58,177] [INFO] [real_accelerator.py:203:get_accelerator] Setting ds_accelerator to cuda (auto detect)
[2024-08-08 00:46:58,177] [INFO] [real_accelerator.py:203:get_accelerator] Setting ds_accelerator to cuda (auto detect)
[2024-08-08 00:46:58,177] [INFO] [real_accelerator.py:203:get_accelerator] Setting ds_accelerator to cuda (auto detect)
[2024-08-08 00:46:58,177] [INFO] [real_accelerator.py:203:get_accelerator] Setting ds_accelerator to cuda (auto detect)
[2024-08-08 00:46:58,177] [INFO] [real_accelerator.py:203:get_accelerator] Setting ds_accelerator to cuda (auto detect)
[2024-08-08 00:46:58,181] [INFO] [real_accelerator.py:203:get_accelerator] Setting ds_accelerator to cuda (auto detect)
[2024-08-08 00:46:58,181] [INFO] [real_accelerator.py:203:get_accelerator] Setting ds_accelerator to cuda (auto detect)
[2024-08-08 00:46:58,181] [INFO] [real_accelerator.py:203:get_accelerator] Setting ds_accelerator to cuda (auto detect)
[2024-08-08 00:46:58,181] [INFO] [real_accelerator.py:203:get_accelerator] Setting ds_accelerator to cuda (auto detect)
[2024-08-08 00:46:58,181] [INFO] [real_accelerator.py:203:get_accelerator] Setting ds_accelerator to cuda (auto detect)
[2024-08-08 00:46:58,181] [INFO] [real_accelerator.py:203:get_accelerator] Setting ds_accelerator to cuda (auto detect)
[2024-08-08 00:46:58,181] [INFO] [real_accelerator.py:203:get_accelerator] Setting ds_accelerator to cuda (auto detect)
[2024-08-08 00:46:58,181] [INFO] [real_accelerator.py:203:get_accelerator] Setting ds_accelerator to cuda (auto detect)
[2024-08-08 00:46:58,232] [INFO] [real_accelerator.py:203:get_accelerator] Setting ds_accelerator to cuda (auto detect)
[2024-08-08 00:46:58,232] [INFO] [real_accelerator.py:203:get_accelerator] Setting ds_accelerator to cuda (auto detect)
[2024-08-08 00:46:58,232] [INFO] [real_accelerator.py:203:get_accelerator] Setting ds_accelerator to cuda (auto detect)
[2024-08-08 00:46:58,232] [INFO] [real_accelerator.py:203:get_accelerator] Setting ds_accelerator to cuda (auto detect)
[2024-08-08 00:46:58,232] [INFO] [real_accelerator.py:203:get_accelerator] Setting ds_accelerator to cuda (auto detect)
[2024-08-08 00:46:58,232] [INFO] [real_accelerator.py:203:get_accelerator] Setting ds_accelerator to cuda (auto detect)
[2024-08-08 00:46:58,232] [INFO] [real_accelerator.py:203:get_accelerator] Setting ds_accelerator to cuda (auto detect)
[2024-08-08 00:46:58,232] [INFO] [real_accelerator.py:203:get_accelerator] Setting ds_accelerator to cuda (auto detect)
[2024-08-08 00:46:58,244] [INFO] [real_accelerator.py:203:get_accelerator] Setting ds_accelerator to cuda (auto detect)
[2024-08-08 00:46:58,244] [INFO] [real_accelerator.py:203:get_accelerator] Setting ds_accelerator to cuda (auto detect)
[2024-08-08 00:46:58,244] [INFO] [real_accelerator.py:203:get_accelerator] Setting ds_accelerator to cuda (auto detect)
[2024-08-08 00:46:58,244] [INFO] [real_accelerator.py:203:get_accelerator] Setting ds_accelerator to cuda (auto detect)
[2024-08-08 00:46:58,244] [INFO] [real_accelerator.py:203:get_accelerator] Setting ds_accelerator to cuda (auto detect)
[2024-08-08 00:46:58,244] [INFO] [real_accelerator.py:203:get_accelerator] Setting ds_accelerator to cuda (auto detect)
[2024-08-08 00:46:58,244] [INFO] [real_accelerator.py:203:get_accelerator] Setting ds_accelerator to cuda (auto detect)
[2024-08-08 00:46:58,244] [INFO] [real_accelerator.py:203:get_accelerator] Setting ds_accelerator to cuda (auto detect)
[2024-08-08 00:46:58,288] [INFO] [real_accelerator.py:203:get_accelerator] Setting ds_accelerator to cuda (auto detect)
[2024-08-08 00:46:58,288] [INFO] [real_accelerator.py:203:get_accelerator] Setting ds_accelerator to cuda (auto detect)
[2024-08-08 00:46:58,288] [INFO] [real_accelerator.py:203:get_accelerator] Setting ds_accelerator to cuda (auto detect)
[2024-08-08 00:46:58,288] [INFO] [real_accelerator.py:203:get_accelerator] Setting ds_accelerator to cuda (auto detect)
[2024-08-08 00:46:58,288] [INFO] [real_accelerator.py:203:get_accelerator] Setting ds_accelerator to cuda (auto detect)
[2024-08-08 00:46:58,288] [INFO] [real_accelerator.py:203:get_accelerator] Setting ds_accelerator to cuda (auto detect)
[2024-08-08 00:46:58,288] [INFO] [real_accelerator.py:203:get_accelerator] Setting ds_accelerator to cuda (auto detect)
[2024-08-08 00:46:58,288] [INFO] [real_accelerator.py:203:get_accelerator] Setting ds_accelerator to cuda (auto detect)
[2024-08-08 00:46:58,305] [INFO] [real_accelerator.py:203:get_accelerator] Setting ds_accelerator to cuda (auto detect)
[2024-08-08 00:46:58,305] [INFO] [real_accelerator.py:203:get_accelerator] Setting ds_accelerator to cuda (auto detect)
[2024-08-08 00:46:58,305] [INFO] [real_accelerator.py:203:get_accelerator] Setting ds_accelerator to cuda (auto detect)
[2024-08-08 00:46:58,305] [INFO] [real_accelerator.py:203:get_accelerator] Setting ds_accelerator to cuda (auto detect)
[2024-08-08 00:46:58,305] [INFO] [real_accelerator.py:203:get_accelerator] Setting ds_accelerator to cuda (auto detect)
[2024-08-08 00:46:58,305] [INFO] [real_accelerator.py:203:get_accelerator] Setting ds_accelerator to cuda (auto detect)
[2024-08-08 00:46:58,305] [INFO] [real_accelerator.py:203:get_accelerator] Setting ds_accelerator to cuda (auto detect)
[2024-08-08 00:46:58,305] [INFO] [real_accelerator.py:203:get_accelerator] Setting ds_accelerator to cuda (auto detect)
[2024-08-08 00:46:58,306] [INFO] [real_accelerator.py:203:get_accelerator] Setting ds_accelerator to cuda (auto detect)
[2024-08-08 00:46:58,306] [INFO] [real_accelerator.py:203:get_accelerator] Setting ds_accelerator to cuda (auto detect)
[2024-08-08 00:46:58,306] [INFO] [real_accelerator.py:203:get_accelerator] Setting ds_accelerator to cuda (auto detect)
[2024-08-08 00:46:58,306] [INFO] [real_accelerator.py:203:get_accelerator] Setting ds_accelerator to cuda (auto detect)
[2024-08-08 00:46:58,306] [INFO] [real_accelerator.py:203:get_accelerator] Setting ds_accelerator to cuda (auto detect)
[2024-08-08 00:46:58,306] [INFO] [real_accelerator.py:203:get_accelerator] Setting ds_accelerator to cuda (auto detect)
[2024-08-08 00:46:58,306] [INFO] [real_accelerator.py:203:get_accelerator] Setting ds_accelerator to cuda (auto detect)
[2024-08-08 00:46:58,306] [INFO] [real_accelerator.py:203:get_accelerator] Setting ds_accelerator to cuda (auto detect)
[2024-08-08 00:46:58,315] [INFO] [real_accelerator.py:203:get_accelerator] Setting ds_accelerator to cuda (auto detect)
[2024-08-08 00:46:58,315] [INFO] [real_accelerator.py:203:get_accelerator] Setting ds_accelerator to cuda (auto detect)
[2024-08-08 00:46:58,315] [INFO] [real_accelerator.py:203:get_accelerator] Setting ds_accelerator to cuda (auto detect)
[2024-08-08 00:46:58,315] [INFO] [real_accelerator.py:203:get_accelerator] Setting ds_accelerator to cuda (auto detect)
[2024-08-08 00:46:58,315] [INFO] [real_accelerator.py:203:get_accelerator] Setting ds_accelerator to cuda (auto detect)
[2024-08-08 00:46:58,315] [INFO] [real_accelerator.py:203:get_accelerator] Setting ds_accelerator to cuda (auto detect)
[2024-08-08 00:46:58,316] [INFO] [real_accelerator.py:203:get_accelerator] Setting ds_accelerator to cuda (auto detect)
[2024-08-08 00:46:58,316] [INFO] [real_accelerator.py:203:get_accelerator] Setting ds_accelerator to cuda (auto detect)
[2024-08-08 00:46:58,466] [INFO] [real_accelerator.py:203:get_accelerator] Setting ds_accelerator to cuda (auto detect)
[2024-08-08 00:46:58,466] [INFO] [real_accelerator.py:203:get_accelerator] Setting ds_accelerator to cuda (auto detect)
[2024-08-08 00:46:58,466] [INFO] [real_accelerator.py:203:get_accelerator] Setting ds_accelerator to cuda (auto detect)
[2024-08-08 00:46:58,466] [INFO] [real_accelerator.py:203:get_accelerator] Setting ds_accelerator to cuda (auto detect)
[2024-08-08 00:46:58,466] [INFO] [real_accelerator.py:203:get_accelerator] Setting ds_accelerator to cuda (auto detect)
[2024-08-08 00:46:58,466] [INFO] [real_accelerator.py:203:get_accelerator] Setting ds_accelerator to cuda (auto detect)
[2024-08-08 00:46:58,466] [INFO] [real_accelerator.py:203:get_accelerator] Setting ds_accelerator to cuda (auto detect)
[2024-08-08 00:46:58,466] [INFO] [real_accelerator.py:203:get_accelerator] Setting ds_accelerator to cuda (auto detect)
[2024-08-08 00:46:58,477] [INFO] [real_accelerator.py:203:get_accelerator] Setting ds_accelerator to cuda (auto detect)
[2024-08-08 00:46:58,477] [INFO] [real_accelerator.py:203:get_accelerator] Setting ds_accelerator to cuda (auto detect)
[2024-08-08 00:46:58,477] [INFO] [real_accelerator.py:203:get_accelerator] Setting ds_accelerator to cuda (auto detect)
[2024-08-08 00:46:58,477] [INFO] [real_accelerator.py:203:get_accelerator] Setting ds_accelerator to cuda (auto detect)
[2024-08-08 00:46:58,477] [INFO] [real_accelerator.py:203:get_accelerator] Setting ds_accelerator to cuda (auto detect)
[2024-08-08 00:46:58,477] [INFO] [real_accelerator.py:203:get_accelerator] Setting ds_accelerator to cuda (auto detect)
[2024-08-08 00:46:58,477] [INFO] [real_accelerator.py:203:get_accelerator] Setting ds_accelerator to cuda (auto detect)
[2024-08-08 00:46:58,477] [INFO] [real_accelerator.py:203:get_accelerator] Setting ds_accelerator to cuda (auto detect)
[2024-08-08 00:46:58,484] [INFO] [real_accelerator.py:203:get_accelerator] Setting ds_accelerator to cuda (auto detect)
[2024-08-08 00:46:58,484] [INFO] [real_accelerator.py:203:get_accelerator] Setting ds_accelerator to cuda (auto detect)
[2024-08-08 00:46:58,484] [INFO] [real_accelerator.py:203:get_accelerator] Setting ds_accelerator to cuda (auto detect)
[2024-08-08 00:46:58,484] [INFO] [real_accelerator.py:203:get_accelerator] Setting ds_accelerator to cuda (auto detect)
[2024-08-08 00:46:58,484] [INFO] [real_accelerator.py:203:get_accelerator] Setting ds_accelerator to cuda (auto detect)
[2024-08-08 00:46:58,484] [INFO] [real_accelerator.py:203:get_accelerator] Setting ds_accelerator to cuda (auto detect)
[2024-08-08 00:46:58,484] [INFO] [real_accelerator.py:203:get_accelerator] Setting ds_accelerator to cuda (auto detect)
[2024-08-08 00:46:58,485] [INFO] [real_accelerator.py:203:get_accelerator] Setting ds_accelerator to cuda (auto detect)
[2024-08-08 00:46:58,496] [INFO] [real_accelerator.py:203:get_accelerator] Setting ds_accelerator to cuda (auto detect)
[2024-08-08 00:46:58,497] [INFO] [real_accelerator.py:203:get_accelerator] Setting ds_accelerator to cuda (auto detect)
[2024-08-08 00:46:58,497] [INFO] [real_accelerator.py:203:get_accelerator] Setting ds_accelerator to cuda (auto detect)
[2024-08-08 00:46:58,497] [INFO] [real_accelerator.py:203:get_accelerator] Setting ds_accelerator to cuda (auto detect)
[2024-08-08 00:46:58,497] [INFO] [real_accelerator.py:203:get_accelerator] Setting ds_accelerator to cuda (auto detect)
[2024-08-08 00:46:58,497] [INFO] [real_accelerator.py:203:get_accelerator] Setting ds_accelerator to cuda (auto detect)
[2024-08-08 00:46:58,497] [INFO] [real_accelerator.py:203:get_accelerator] Setting ds_accelerator to cuda (auto detect)
[2024-08-08 00:46:58,497] [INFO] [real_accelerator.py:203:get_accelerator] Setting ds_accelerator to cuda (auto detect)
[2024-08-08 00:46:58,501] [INFO] [real_accelerator.py:203:get_accelerator] Setting ds_accelerator to cuda (auto detect)
[2024-08-08 00:46:58,501] [INFO] [real_accelerator.py:203:get_accelerator] Setting ds_accelerator to cuda (auto detect)
[2024-08-08 00:46:58,501] [INFO] [real_accelerator.py:203:get_accelerator] Setting ds_accelerator to cuda (auto detect)
[2024-08-08 00:46:58,501] [INFO] [real_accelerator.py:203:get_accelerator] Setting ds_accelerator to cuda (auto detect)
[2024-08-08 00:46:58,501] [INFO] [real_accelerator.py:203:get_accelerator] Setting ds_accelerator to cuda (auto detect)
[2024-08-08 00:46:58,501] [INFO] [real_accelerator.py:203:get_accelerator] Setting ds_accelerator to cuda (auto detect)
[2024-08-08 00:46:58,501] [INFO] [real_accelerator.py:203:get_accelerator] Setting ds_accelerator to cuda (auto detect)
[2024-08-08 00:46:58,502] [INFO] [real_accelerator.py:203:get_accelerator] Setting ds_accelerator to cuda (auto detect)
[2024-08-08 00:46:58,504] [INFO] [real_accelerator.py:203:get_accelerator] Setting ds_accelerator to cuda (auto detect)
[2024-08-08 00:46:58,504] [INFO] [real_accelerator.py:203:get_accelerator] Setting ds_accelerator to cuda (auto detect)
[2024-08-08 00:46:58,504] [INFO] [real_accelerator.py:203:get_accelerator] Setting ds_accelerator to cuda (auto detect)
[2024-08-08 00:46:58,504] [INFO] [real_accelerator.py:203:get_accelerator] Setting ds_accelerator to cuda (auto detect)
[2024-08-08 00:46:58,504] [INFO] [real_accelerator.py:203:get_accelerator] Setting ds_accelerator to cuda (auto detect)
[2024-08-08 00:46:58,504] [INFO] [real_accelerator.py:203:get_accelerator] Setting ds_accelerator to cuda (auto detect)
[2024-08-08 00:46:58,504] [INFO] [real_accelerator.py:203:get_accelerator] Setting ds_accelerator to cuda (auto detect)
[2024-08-08 00:46:58,504] [INFO] [real_accelerator.py:203:get_accelerator] Setting ds_accelerator to cuda (auto detect)
[2024-08-08 00:46:58,559] [INFO] [real_accelerator.py:203:get_accelerator] Setting ds_accelerator to cuda (auto detect)
[2024-08-08 00:46:58,559] [INFO] [real_accelerator.py:203:get_accelerator] Setting ds_accelerator to cuda (auto detect)
[2024-08-08 00:46:58,559] [INFO] [real_accelerator.py:203:get_accelerator] Setting ds_accelerator to cuda (auto detect)
[2024-08-08 00:46:58,559] [INFO] [real_accelerator.py:203:get_accelerator] Setting ds_accelerator to cuda (auto detect)
[2024-08-08 00:46:58,559] [INFO] [real_accelerator.py:203:get_accelerator] Setting ds_accelerator to cuda (auto detect)
[2024-08-08 00:46:58,559] [INFO] [real_accelerator.py:203:get_accelerator] Setting ds_accelerator to cuda (auto detect)
[2024-08-08 00:46:58,560] [INFO] [real_accelerator.py:203:get_accelerator] Setting ds_accelerator to cuda (auto detect)
[2024-08-08 00:46:58,560] [INFO] [real_accelerator.py:203:get_accelerator] Setting ds_accelerator to cuda (auto detect)
[2024-08-08 00:46:58,561] [INFO] [real_accelerator.py:203:get_accelerator] Setting ds_accelerator to cuda (auto detect)
[2024-08-08 00:46:58,561] [INFO] [real_accelerator.py:203:get_accelerator] Setting ds_accelerator to cuda (auto detect)
[2024-08-08 00:46:58,562] [INFO] [real_accelerator.py:203:get_accelerator] Setting ds_accelerator to cuda (auto detect)
[2024-08-08 00:46:58,562] [INFO] [real_accelerator.py:203:get_accelerator] Setting ds_accelerator to cuda (auto detect)
[2024-08-08 00:46:58,562] [INFO] [real_accelerator.py:203:get_accelerator] Setting ds_accelerator to cuda (auto detect)
[2024-08-08 00:46:58,562] [INFO] [real_accelerator.py:203:get_accelerator] Setting ds_accelerator to cuda (auto detect)
[2024-08-08 00:46:58,562] [INFO] [real_accelerator.py:203:get_accelerator] Setting ds_accelerator to cuda (auto detect)
[2024-08-08 00:46:58,562] [INFO] [real_accelerator.py:203:get_accelerator] Setting ds_accelerator to cuda (auto detect)
[93m [WARNING] [0m async_io requires the dev libaio .so object and headers but these were not found.
[93m [WARNING] [0m async_io requires the dev libaio .so object and headers but these were not found.
[93m [WARNING] [0m async_io requires the dev libaio .so object and headers but these were not found.
[93m [WARNING] [0m async_io requires the dev libaio .so object and headers but these were not found.
[93m [WARNING] [0m async_io requires the dev libaio .so object and headers but these were not found.
[93m [WARNING] [0m async_io requires the dev libaio .so object and headers but these were not found.
[93m [WARNING] [0m async_io requires the dev libaio .so object and headers but these were not found.
[93m [WARNING] [0m async_io requires the dev libaio .so object and headers but these were not found.
[93m [WARNING] [0m If libaio is already installed (perhaps from source), try setting the CFLAGS and LDFLAGS environment variables to where it can be found.
[93m [WARNING] [0m Please specify the CUTLASS repo directory as environment variable $CUTLASS_PATH
[93m [WARNING] [0m If libaio is already installed (perhaps from source), try setting the CFLAGS and LDFLAGS environment variables to where it can be found.
[93m [WARNING] [0m Please specify the CUTLASS repo directory as environment variable $CUTLASS_PATH
[93m [WARNING] [0m If libaio is already installed (perhaps from source), try setting the CFLAGS and LDFLAGS environment variables to where it can be found.
[93m [WARNING] [0m Please specify the CUTLASS repo directory as environment variable $CUTLASS_PATH
[93m [WARNING] [0m If libaio is already installed (perhaps from source), try setting the CFLAGS and LDFLAGS environment variables to where it can be found.
[93m [WARNING] [0m Please specify the CUTLASS repo directory as environment variable $CUTLASS_PATH
[93m [WARNING] [0m If libaio is already installed (perhaps from source), try setting the CFLAGS and LDFLAGS environment variables to where it can be found.
[93m [WARNING] [0m Please specify the CUTLASS repo directory as environment variable $CUTLASS_PATH
[93m [WARNING] [0m If libaio is already installed (perhaps from source), try setting the CFLAGS and LDFLAGS environment variables to where it can be found.
[93m [WARNING] [0m Please specify the CUTLASS repo directory as environment variable $CUTLASS_PATH
[93m [WARNING] [0m If libaio is already installed (perhaps from source), try setting the CFLAGS and LDFLAGS environment variables to where it can be found.
[93m [WARNING] [0m Please specify the CUTLASS repo directory as environment variable $CUTLASS_PATH
[93m [WARNING] [0m If libaio is already installed (perhaps from source), try setting the CFLAGS and LDFLAGS environment variables to where it can be found.
[93m [WARNING] [0m Please specify the CUTLASS repo directory as environment variable $CUTLASS_PATH
[93m [WARNING] [0m async_io requires the dev libaio .so object and headers but these were not found.
[93m [WARNING] [0m async_io requires the dev libaio .so object and headers but these were not found.
[93m [WARNING] [0m async_io requires the dev libaio .so object and headers but these were not found.
[93m [WARNING] [0m async_io requires the dev libaio .so object and headers but these were not found.
[93m [WARNING] [0m async_io requires the dev libaio .so object and headers but these were not found.
[93m [WARNING] [0m async_io requires the dev libaio .so object and headers but these were not found.
[93m [WARNING] [0m async_io requires the dev libaio .so object and headers but these were not found.
[93m [WARNING] [0m async_io requires the dev libaio .so object and headers but these were not found.
[93m [WARNING] [0m async_io requires the dev libaio .so object and headers but these were not found.
[93m [WARNING] [0m async_io requires the dev libaio .so object and headers but these were not found.
[93m [WARNING] [0m async_io requires the dev libaio .so object and headers but these were not found.
[93m [WARNING] [0m If libaio is already installed (perhaps from source), try setting the CFLAGS and LDFLAGS environment variables to where it can be found.
[93m [WARNING] [0m Please specify the CUTLASS repo directory as environment variable $CUTLASS_PATH
[93m [WARNING] [0m If libaio is already installed (perhaps from source), try setting the CFLAGS and LDFLAGS environment variables to where it can be found.
[93m [WARNING] [0m Please specify the CUTLASS repo directory as environment variable $CUTLASS_PATH
[93m [WARNING] [0m If libaio is already installed (perhaps from source), try setting the CFLAGS and LDFLAGS environment variables to where it can be found.
[93m [WARNING] [0m Please specify the CUTLASS repo directory as environment variable $CUTLASS_PATH
[93m [WARNING] [0m If libaio is already installed (perhaps from source), try setting the CFLAGS and LDFLAGS environment variables to where it can be found.
[93m [WARNING] [0m If libaio is already installed (perhaps from source), try setting the CFLAGS and LDFLAGS environment variables to where it can be found.
[93m [WARNING] [0m Please specify the CUTLASS repo directory as environment variable $CUTLASS_PATH
[93m [WARNING] [0m Please specify the CUTLASS repo directory as environment variable $CUTLASS_PATH
[93m [WARNING] [0m If libaio is already installed (perhaps from source), try setting the CFLAGS and LDFLAGS environment variables to where it can be found.
[93m [WARNING] [0m Please specify the CUTLASS repo directory as environment variable $CUTLASS_PATH
[93m [WARNING] [0m If libaio is already installed (perhaps from source), try setting the CFLAGS and LDFLAGS environment variables to where it can be found.
[93m [WARNING] [0m Please specify the CUTLASS repo directory as environment variable $CUTLASS_PATH
[93m [WARNING] [0m If libaio is already installed (perhaps from source), try setting the CFLAGS and LDFLAGS environment variables to where it can be found.
[93m [WARNING] [0m Please specify the CUTLASS repo directory as environment variable $CUTLASS_PATH
[93m [WARNING] [0m If libaio is already installed (perhaps from source), try setting the CFLAGS and LDFLAGS environment variables to where it can be found.
[93m [WARNING] [0m Please specify the CUTLASS repo directory as environment variable $CUTLASS_PATH
[93m [WARNING] [0m If libaio is already installed (perhaps from source), try setting the CFLAGS and LDFLAGS environment variables to where it can be found.
[93m [WARNING] [0m Please specify the CUTLASS repo directory as environment variable $CUTLASS_PATH
[93m [WARNING] [0m If libaio is already installed (perhaps from source), try setting the CFLAGS and LDFLAGS environment variables to where it can be found.
[93m [WARNING] [0m Please specify the CUTLASS repo directory as environment variable $CUTLASS_PATH
[93m [WARNING] [0m async_io requires the dev libaio .so object and headers but these were not found.
[93m [WARNING] [0m async_io requires the dev libaio .so object and headers but these were not found.
[93m [WARNING] [0m async_io requires the dev libaio .so object and headers but these were not found.
[93m [WARNING] [0m async_io requires the dev libaio .so object and headers but these were not found.
[93m [WARNING] [0m async_io requires the dev libaio .so object and headers but these were not found.
[93m [WARNING] [0m If libaio is already installed (perhaps from source), try setting the CFLAGS and LDFLAGS environment variables to where it can be found.
[93m [WARNING] [0m Please specify the CUTLASS repo directory as environment variable $CUTLASS_PATH
[93m [WARNING] [0m If libaio is already installed (perhaps from source), try setting the CFLAGS and LDFLAGS environment variables to where it can be found.
[93m [WARNING] [0m Please specify the CUTLASS repo directory as environment variable $CUTLASS_PATH
[93m [WARNING] [0m If libaio is already installed (perhaps from source), try setting the CFLAGS and LDFLAGS environment variables to where it can be found.
[93m [WARNING] [0m Please specify the CUTLASS repo directory as environment variable $CUTLASS_PATH
[93m [WARNING] [0m If libaio is already installed (perhaps from source), try setting the CFLAGS and LDFLAGS environment variables to where it can be found.
[93m [WARNING] [0m Please specify the CUTLASS repo directory as environment variable $CUTLASS_PATH
[93m [WARNING] [0m If libaio is already installed (perhaps from source), try setting the CFLAGS and LDFLAGS environment variables to where it can be found.
[93m [WARNING] [0m Please specify the CUTLASS repo directory as environment variable $CUTLASS_PATH
[93m [WARNING] [0m async_io requires the dev libaio .so object and headers but these were not found.
[93m [WARNING] [0m async_io requires the dev libaio .so object and headers but these were not found.
[93m [WARNING] [0m async_io requires the dev libaio .so object and headers but these were not found.
[93m [WARNING] [0m async_io requires the dev libaio .so object and headers but these were not found.
[93m [WARNING] [0m async_io requires the dev libaio .so object and headers but these were not found.
[93m [WARNING] [0m async_io requires the dev libaio .so object and headers but these were not found.
[93m [WARNING] [0m async_io requires the dev libaio .so object and headers but these were not found.
[93m [WARNING] [0m async_io requires the dev libaio .so object and headers but these were not found.
[93m [WARNING] [0m If libaio is already installed (perhaps from source), try setting the CFLAGS and LDFLAGS environment variables to where it can be found.
[93m [WARNING] [0m Please specify the CUTLASS repo directory as environment variable $CUTLASS_PATH
[93m [WARNING] [0m If libaio is already installed (perhaps from source), try setting the CFLAGS and LDFLAGS environment variables to where it can be found.
[93m [WARNING] [0m Please specify the CUTLASS repo directory as environment variable $CUTLASS_PATH
[93m [WARNING] [0m If libaio is already installed (perhaps from source), try setting the CFLAGS and LDFLAGS environment variables to where it can be found.
[93m [WARNING] [0m Please specify the CUTLASS repo directory as environment variable $CUTLASS_PATH
[93m [WARNING] [0m If libaio is already installed (perhaps from source), try setting the CFLAGS and LDFLAGS environment variables to where it can be found.
[93m [WARNING] [0m Please specify the CUTLASS repo directory as environment variable $CUTLASS_PATH
[93m [WARNING] [0m If libaio is already installed (perhaps from source), try setting the CFLAGS and LDFLAGS environment variables to where it can be found.
[93m [WARNING] [0m Please specify the CUTLASS repo directory as environment variable $CUTLASS_PATH
[93m [WARNING] [0m If libaio is already installed (perhaps from source), try setting the CFLAGS and LDFLAGS environment variables to where it can be found.
[93m [WARNING] [0m Please specify the CUTLASS repo directory as environment variable $CUTLASS_PATH
[93m [WARNING] [0m If libaio is already installed (perhaps from source), try setting the CFLAGS and LDFLAGS environment variables to where it can be found.
[93m [WARNING] [0m Please specify the CUTLASS repo directory as environment variable $CUTLASS_PATH
[93m [WARNING] [0m If libaio is already installed (perhaps from source), try setting the CFLAGS and LDFLAGS environment variables to where it can be found.
[93m [WARNING] [0m Please specify the CUTLASS repo directory as environment variable $CUTLASS_PATH
[93m [WARNING] [0m sparse_attn is not compatible with ROCM
[93m [WARNING] [0m sparse_attn is not compatible with ROCM
[93m [WARNING] [0m sparse_attn is not compatible with ROCM
[93m [WARNING] [0m sparse_attn is not compatible with ROCM
[93m [WARNING] [0m sparse_attn is not compatible with ROCM
[93m [WARNING] [0m sparse_attn is not compatible with ROCM
[93m [WARNING] [0m sparse_attn is not compatible with ROCM
[93m [WARNING] [0m sparse_attn is not compatible with ROCM
[93m [WARNING] [0m sparse_attn is not compatible with ROCM
[93m [WARNING] [0m sparse_attn is not compatible with ROCM
[93m [WARNING] [0m sparse_attn is not compatible with ROCM
[93m [WARNING] [0m sparse_attn is not compatible with ROCM
[93m [WARNING] [0m sparse_attn is not compatible with ROCM
[93m [WARNING] [0m sparse_attn is not compatible with ROCM
[93m [WARNING] [0m sparse_attn is not compatible with ROCM
[93m [WARNING] [0m sparse_attn is not compatible with ROCM
[93m [WARNING] [0m sparse_attn is not compatible with ROCM
[93m [WARNING] [0m sparse_attn is not compatible with ROCM
[93m [WARNING] [0m sparse_attn is not compatible with ROCM
[93m [WARNING] [0m sparse_attn is not compatible with ROCM
[93m [WARNING] [0m sparse_attn is not compatible with ROCM
[93m [WARNING] [0m sparse_attn is not compatible with ROCM
[93m [WARNING] [0m sparse_attn is not compatible with ROCM
[93m [WARNING] [0m sparse_attn is not compatible with ROCM
[93m [WARNING] [0m async_io requires the dev libaio .so object and headers but these were not found.
[93m [WARNING] [0m async_io requires the dev libaio .so object and headers but these were not found.
[93m [WARNING] [0m async_io requires the dev libaio .so object and headers but these were not found.
[93m [WARNING] [0m If libaio is already installed (perhaps from source), try setting the CFLAGS and LDFLAGS environment variables to where it can be found.
[93m [WARNING] [0m Please specify the CUTLASS repo directory as environment variable $CUTLASS_PATH
[93m [WARNING] [0m If libaio is already installed (perhaps from source), try setting the CFLAGS and LDFLAGS environment variables to where it can be found.
[93m [WARNING] [0m Please specify the CUTLASS repo directory as environment variable $CUTLASS_PATH
[93m [WARNING] [0m async_io requires the dev libaio .so object and headers but these were not found.
[93m [WARNING] [0m async_io requires the dev libaio .so object and headers but these were not found.
[93m [WARNING] [0m async_io requires the dev libaio .so object and headers but these were not found.
[93m [WARNING] [0m async_io requires the dev libaio .so object and headers but these were not found.
[93m [WARNING] [0m async_io requires the dev libaio .so object and headers but these were not found.
[93m [WARNING] [0m If libaio is already installed (perhaps from source), try setting the CFLAGS and LDFLAGS environment variables to where it can be found.
[93m [WARNING] [0m Please specify the CUTLASS repo directory as environment variable $CUTLASS_PATH
[93m [WARNING] [0m If libaio is already installed (perhaps from source), try setting the CFLAGS and LDFLAGS environment variables to where it can be found.
[93m [WARNING] [0m Please specify the CUTLASS repo directory as environment variable $CUTLASS_PATH
[93m [WARNING] [0m If libaio is already installed (perhaps from source), try setting the CFLAGS and LDFLAGS environment variables to where it can be found.
[93m [WARNING] [0m Please specify the CUTLASS repo directory as environment variable $CUTLASS_PATH
[93m [WARNING] [0m If libaio is already installed (perhaps from source), try setting the CFLAGS and LDFLAGS environment variables to where it can be found.
[93m [WARNING] [0m Please specify the CUTLASS repo directory as environment variable $CUTLASS_PATH
[93m [WARNING] [0m If libaio is already installed (perhaps from source), try setting the CFLAGS and LDFLAGS environment variables to where it can be found.
[93m [WARNING] [0m Please specify the CUTLASS repo directory as environment variable $CUTLASS_PATH
[93m [WARNING] [0m If libaio is already installed (perhaps from source), try setting the CFLAGS and LDFLAGS environment variables to where it can be found.
[93m [WARNING] [0m Please specify the CUTLASS repo directory as environment variable $CUTLASS_PATH
[93m [WARNING] [0m async_io requires the dev libaio .so object and headers but these were not found.
[93m [WARNING] [0m async_io requires the dev libaio .so object and headers but these were not found.
[93m [WARNING] [0m async_io requires the dev libaio .so object and headers but these were not found.
[93m [WARNING] [0m async_io requires the dev libaio .so object and headers but these were not found.
[93m [WARNING] [0m async_io requires the dev libaio .so object and headers but these were not found.
[93m [WARNING] [0m async_io requires the dev libaio .so object and headers but these were not found.
[93m [WARNING] [0m async_io requires the dev libaio .so object and headers but these were not found.
[93m [WARNING] [0m async_io requires the dev libaio .so object and headers but these were not found.
[93m [WARNING] [0m If libaio is already installed (perhaps from source), try setting the CFLAGS and LDFLAGS environment variables to where it can be found.
[93m [WARNING] [0m Please specify the CUTLASS repo directory as environment variable $CUTLASS_PATH
[93m [WARNING] [0m If libaio is already installed (perhaps from source), try setting the CFLAGS and LDFLAGS environment variables to where it can be found.
[93m [WARNING] [0m Please specify the CUTLASS repo directory as environment variable $CUTLASS_PATH
[93m [WARNING] [0m If libaio is already installed (perhaps from source), try setting the CFLAGS and LDFLAGS environment variables to where it can be found.
[93m [WARNING] [0m Please specify the CUTLASS repo directory as environment variable $CUTLASS_PATH
[93m [WARNING] [0m If libaio is already installed (perhaps from source), try setting the CFLAGS and LDFLAGS environment variables to where it can be found.
[93m [WARNING] [0m Please specify the CUTLASS repo directory as environment variable $CUTLASS_PATH
[93m [WARNING] [0m If libaio is already installed (perhaps from source), try setting the CFLAGS and LDFLAGS environment variables to where it can be found.
[93m [WARNING] [0m Please specify the CUTLASS repo directory as environment variable $CUTLASS_PATH
[93m [WARNING] [0m If libaio is already installed (perhaps from source), try setting the CFLAGS and LDFLAGS environment variables to where it can be found.
[93m [WARNING] [0m Please specify the CUTLASS repo directory as environment variable $CUTLASS_PATH
[93m [WARNING] [0m If libaio is already installed (perhaps from source), try setting the CFLAGS and LDFLAGS environment variables to where it can be found.
[93m [WARNING] [0m Please specify the CUTLASS repo directory as environment variable $CUTLASS_PATH
[93m [WARNING] [0m sparse_attn is not compatible with ROCM
[93m [WARNING] [0m If libaio is already installed (perhaps from source), try setting the CFLAGS and LDFLAGS environment variables to where it can be found.
[93m [WARNING] [0m Please specify the CUTLASS repo directory as environment variable $CUTLASS_PATH
[93m [WARNING] [0m sparse_attn is not compatible with ROCM
[93m [WARNING] [0m sparse_attn is not compatible with ROCM
[93m [WARNING] [0m sparse_attn is not compatible with ROCM
[93m [WARNING] [0m sparse_attn is not compatible with ROCM
[93m [WARNING] [0m sparse_attn is not compatible with ROCM
[93m [WARNING] [0m sparse_attn is not compatible with ROCM
[93m [WARNING] [0m sparse_attn is not compatible with ROCM
[93m [WARNING] [0m async_io requires the dev libaio .so object and headers but these were not found.
[93m [WARNING] [0m async_io requires the dev libaio .so object and headers but these were not found.
[93m [WARNING] [0m async_io requires the dev libaio .so object and headers but these were not found.
[93m [WARNING] [0m async_io requires the dev libaio .so object and headers but these were not found.
[93m [WARNING] [0m async_io requires the dev libaio .so object and headers but these were not found.
[93m [WARNING] [0m async_io requires the dev libaio .so object and headers but these were not found.
[93m [WARNING] [0m async_io requires the dev libaio .so object and headers but these were not found.
[93m [WARNING] [0m async_io requires the dev libaio .so object and headers but these were not found.
[93m [WARNING] [0m If libaio is already installed (perhaps from source), try setting the CFLAGS and LDFLAGS environment variables to where it can be found.
[93m [WARNING] [0m Please specify the CUTLASS repo directory as environment variable $CUTLASS_PATH
[93m [WARNING] [0m If libaio is already installed (perhaps from source), try setting the CFLAGS and LDFLAGS environment variables to where it can be found.
[93m [WARNING] [0m Please specify the CUTLASS repo directory as environment variable $CUTLASS_PATH
[93m [WARNING] [0m If libaio is already installed (perhaps from source), try setting the CFLAGS and LDFLAGS environment variables to where it can be found.
[93m [WARNING] [0m Please specify the CUTLASS repo directory as environment variable $CUTLASS_PATH
[93m [WARNING] [0m If libaio is already installed (perhaps from source), try setting the CFLAGS and LDFLAGS environment variables to where it can be found.
[93m [WARNING] [0m Please specify the CUTLASS repo directory as environment variable $CUTLASS_PATH
[93m [WARNING] [0m If libaio is already installed (perhaps from source), try setting the CFLAGS and LDFLAGS environment variables to where it can be found.
[93m [WARNING] [0m Please specify the CUTLASS repo directory as environment variable $CUTLASS_PATH
[93m [WARNING] [0m If libaio is already installed (perhaps from source), try setting the CFLAGS and LDFLAGS environment variables to where it can be found.
[93m [WARNING] [0m Please specify the CUTLASS repo directory as environment variable $CUTLASS_PATH
[93m [WARNING] [0m If libaio is already installed (perhaps from source), try setting the CFLAGS and LDFLAGS environment variables to where it can be found.
[93m [WARNING] [0m Please specify the CUTLASS repo directory as environment variable $CUTLASS_PATH
[93m [WARNING] [0m If libaio is already installed (perhaps from source), try setting the CFLAGS and LDFLAGS environment variables to where it can be found.
[93m [WARNING] [0m Please specify the CUTLASS repo directory as environment variable $CUTLASS_PATH
[93m [WARNING] [0m async_io requires the dev libaio .so object and headers but these were not found.
[93m [WARNING] [0m async_io requires the dev libaio .so object and headers but these were not found.
[93m [WARNING] [0m async_io requires the dev libaio .so object and headers but these were not found.
[93m [WARNING] [0m async_io requires the dev libaio .so object and headers but these were not found.
[93m [WARNING] [0m async_io requires the dev libaio .so object and headers but these were not found.
[93m [WARNING] [0m async_io requires the dev libaio .so object and headers but these were not found.
[93m [WARNING] [0m async_io requires the dev libaio .so object and headers but these were not found.
[93m [WARNING] [0m async_io requires the dev libaio .so object and headers but these were not found.
[93m [WARNING] [0m If libaio is already installed (perhaps from source), try setting the CFLAGS and LDFLAGS environment variables to where it can be found.
[93m [WARNING] [0m Please specify the CUTLASS repo directory as environment variable $CUTLASS_PATH
[93m [WARNING] [0m If libaio is already installed (perhaps from source), try setting the CFLAGS and LDFLAGS environment variables to where it can be found.
[93m [WARNING] [0m Please specify the CUTLASS repo directory as environment variable $CUTLASS_PATH
[93m [WARNING] [0m If libaio is already installed (perhaps from source), try setting the CFLAGS and LDFLAGS environment variables to where it can be found.
[93m [WARNING] [0m Please specify the CUTLASS repo directory as environment variable $CUTLASS_PATH
[93m [WARNING] [0m If libaio is already installed (perhaps from source), try setting the CFLAGS and LDFLAGS environment variables to where it can be found.
[93m [WARNING] [0m Please specify the CUTLASS repo directory as environment variable $CUTLASS_PATH
[93m [WARNING] [0m If libaio is already installed (perhaps from source), try setting the CFLAGS and LDFLAGS environment variables to where it can be found.
[93m [WARNING] [0m Please specify the CUTLASS repo directory as environment variable $CUTLASS_PATH
[93m [WARNING] [0m If libaio is already installed (perhaps from source), try setting the CFLAGS and LDFLAGS environment variables to where it can be found.
[93m [WARNING] [0m Please specify the CUTLASS repo directory as environment variable $CUTLASS_PATH
[93m [WARNING] [0m If libaio is already installed (perhaps from source), try setting the CFLAGS and LDFLAGS environment variables to where it can be found.
[93m [WARNING] [0m Please specify the CUTLASS repo directory as environment variable $CUTLASS_PATH
[93m [WARNING] [0m If libaio is already installed (perhaps from source), try setting the CFLAGS and LDFLAGS environment variables to where it can be found.
[93m [WARNING] [0m Please specify the CUTLASS repo directory as environment variable $CUTLASS_PATH
[93m [WARNING] [0m async_io requires the dev libaio .so object and headers but these were not found.
[93m [WARNING] [0m async_io requires the dev libaio .so object and headers but these were not found.
[93m [WARNING] [0m async_io requires the dev libaio .so object and headers but these were not found.
[93m [WARNING] [0m async_io requires the dev libaio .so object and headers but these were not found.
[93m [WARNING] [0m async_io requires the dev libaio .so object and headers but these were not found.
[93m [WARNING] [0m async_io requires the dev libaio .so object and headers but these were not found.
[93m [WARNING] [0m async_io requires the dev libaio .so object and headers but these were not found.
[93m [WARNING] [0m async_io requires the dev libaio .so object and headers but these were not found.
[93m [WARNING] [0m If libaio is already installed (perhaps from source), try setting the CFLAGS and LDFLAGS environment variables to where it can be found.
[93m [WARNING] [0m Please specify the CUTLASS repo directory as environment variable $CUTLASS_PATH
[93m [WARNING] [0m If libaio is already installed (perhaps from source), try setting the CFLAGS and LDFLAGS environment variables to where it can be found.
[93m [WARNING] [0m Please specify the CUTLASS repo directory as environment variable $CUTLASS_PATH
[93m [WARNING] [0m If libaio is already installed (perhaps from source), try setting the CFLAGS and LDFLAGS environment variables to where it can be found.
[93m [WARNING] [0m Please specify the CUTLASS repo directory as environment variable $CUTLASS_PATH
[93m [WARNING] [0m If libaio is already installed (perhaps from source), try setting the CFLAGS and LDFLAGS environment variables to where it can be found.
[93m [WARNING] [0m Please specify the CUTLASS repo directory as environment variable $CUTLASS_PATH
[93m [WARNING] [0m If libaio is already installed (perhaps from source), try setting the CFLAGS and LDFLAGS environment variables to where it can be found.
[93m [WARNING] [0m Please specify the CUTLASS repo directory as environment variable $CUTLASS_PATH
[93m [WARNING] [0m If libaio is already installed (perhaps from source), try setting the CFLAGS and LDFLAGS environment variables to where it can be found.
[93m [WARNING] [0m Please specify the CUTLASS repo directory as environment variable $CUTLASS_PATH
[93m [WARNING] [0m If libaio is already installed (perhaps from source), try setting the CFLAGS and LDFLAGS environment variables to where it can be found.
[93m [WARNING] [0m Please specify the CUTLASS repo directory as environment variable $CUTLASS_PATH
[93m [WARNING] [0m If libaio is already installed (perhaps from source), try setting the CFLAGS and LDFLAGS environment variables to where it can be found.
[93m [WARNING] [0m Please specify the CUTLASS repo directory as environment variable $CUTLASS_PATH
[93m [WARNING] [0m async_io requires the dev libaio .so object and headers but these were not found.
[93m [WARNING] [0m async_io requires the dev libaio .so object and headers but these were not found.
[93m [WARNING] [0m async_io requires the dev libaio .so object and headers but these were not found.
[93m [WARNING] [0m async_io requires the dev libaio .so object and headers but these were not found.
[93m [WARNING] [0m async_io requires the dev libaio .so object and headers but these were not found.
[93m [WARNING] [0m async_io requires the dev libaio .so object and headers but these were not found.
[93m [WARNING] [0m async_io requires the dev libaio .so object and headers but these were not found.
[93m [WARNING] [0m async_io requires the dev libaio .so object and headers but these were not found.
[93m [WARNING] [0m sparse_attn is not compatible with ROCM
[93m [WARNING] [0m sparse_attn is not compatible with ROCM
[93m [WARNING] [0m sparse_attn is not compatible with ROCM
[93m [WARNING] [0m sparse_attn is not compatible with ROCM
[93m [WARNING] [0m sparse_attn is not compatible with ROCM
[93m [WARNING] [0m sparse_attn is not compatible with ROCM
[93m [WARNING] [0m sparse_attn is not compatible with ROCM
[93m [WARNING] [0m sparse_attn is not compatible with ROCM
[93m [WARNING] [0m If libaio is already installed (perhaps from source), try setting the CFLAGS and LDFLAGS environment variables to where it can be found.
[93m [WARNING] [0m Please specify the CUTLASS repo directory as environment variable $CUTLASS_PATH
[93m [WARNING] [0m If libaio is already installed (perhaps from source), try setting the CFLAGS and LDFLAGS environment variables to where it can be found.
[93m [WARNING] [0m Please specify the CUTLASS repo directory as environment variable $CUTLASS_PATH
[93m [WARNING] [0m If libaio is already installed (perhaps from source), try setting the CFLAGS and LDFLAGS environment variables to where it can be found.
[93m [WARNING] [0m Please specify the CUTLASS repo directory as environment variable $CUTLASS_PATH
[93m [WARNING] [0m If libaio is already installed (perhaps from source), try setting the CFLAGS and LDFLAGS environment variables to where it can be found.
[93m [WARNING] [0m Please specify the CUTLASS repo directory as environment variable $CUTLASS_PATH
[93m [WARNING] [0m If libaio is already installed (perhaps from source), try setting the CFLAGS and LDFLAGS environment variables to where it can be found.
[93m [WARNING] [0m Please specify the CUTLASS repo directory as environment variable $CUTLASS_PATH
[93m [WARNING] [0m If libaio is already installed (perhaps from source), try setting the CFLAGS and LDFLAGS environment variables to where it can be found.
[93m [WARNING] [0m Please specify the CUTLASS repo directory as environment variable $CUTLASS_PATH
[93m [WARNING] [0m If libaio is already installed (perhaps from source), try setting the CFLAGS and LDFLAGS environment variables to where it can be found.
[93m [WARNING] [0m Please specify the CUTLASS repo directory as environment variable $CUTLASS_PATH
[93m [WARNING] [0m If libaio is already installed (perhaps from source), try setting the CFLAGS and LDFLAGS environment variables to where it can be found.
[93m [WARNING] [0m Please specify the CUTLASS repo directory as environment variable $CUTLASS_PATH
[93m [WARNING] [0m sparse_attn is not compatible with ROCM
[93m [WARNING] [0m sparse_attn is not compatible with ROCM
[93m [WARNING] [0m sparse_attn is not compatible with ROCM
[93m [WARNING] [0m sparse_attn is not compatible with ROCM
[93m [WARNING] [0m sparse_attn is not compatible with ROCM
[93m [WARNING] [0m sparse_attn is not compatible with ROCM
[93m [WARNING] [0m sparse_attn is not compatible with ROCM
[93m [WARNING] [0m sparse_attn is not compatible with ROCM
[93m [WARNING] [0m sparse_attn is not compatible with ROCM
[93m [WARNING] [0m sparse_attn is not compatible with ROCM
[93m [WARNING] [0m sparse_attn is not compatible with ROCM
[93m [WARNING] [0m sparse_attn is not compatible with ROCM
[93m [WARNING] [0m sparse_attn is not compatible with ROCM
[93m [WARNING] [0m sparse_attn is not compatible with ROCM
[93m [WARNING] [0m sparse_attn is not compatible with ROCM
[93m [WARNING] [0m sparse_attn is not compatible with ROCM
[93m [WARNING] [0m sparse_attn is not compatible with ROCM
[93m [WARNING] [0m sparse_attn is not compatible with ROCM
[93m [WARNING] [0m sparse_attn is not compatible with ROCM
[93m [WARNING] [0m sparse_attn is not compatible with ROCM
[93m [WARNING] [0m sparse_attn is not compatible with ROCM
[93m [WARNING] [0m sparse_attn is not compatible with ROCM
[93m [WARNING] [0m sparse_attn is not compatible with ROCM
[93m [WARNING] [0m sparse_attn is not compatible with ROCM
[93m [WARNING] [0m sparse_attn is not compatible with ROCM
[93m [WARNING] [0m sparse_attn is not compatible with ROCM
[93m [WARNING] [0m sparse_attn is not compatible with ROCM
[93m [WARNING] [0m sparse_attn is not compatible with ROCM
[93m [WARNING] [0m sparse_attn is not compatible with ROCM
[93m [WARNING] [0m sparse_attn is not compatible with ROCM
[93m [WARNING] [0m sparse_attn is not compatible with ROCM
[93m [WARNING] [0m sparse_attn is not compatible with ROCM
[93m [WARNING] [0m sparse_attn is not compatible with ROCM
[93m [WARNING] [0m sparse_attn is not compatible with ROCM
[93m [WARNING] [0m sparse_attn is not compatible with ROCM
[93m [WARNING] [0m sparse_attn is not compatible with ROCM
[93m [WARNING] [0m sparse_attn is not compatible with ROCM
[93m [WARNING] [0m sparse_attn is not compatible with ROCM
[93m [WARNING] [0m sparse_attn is not compatible with ROCM
[93m [WARNING] [0m sparse_attn is not compatible with ROCM
[93m [WARNING] [0m async_io requires the dev libaio .so object and headers but these were not found.
[93m [WARNING] [0m async_io requires the dev libaio .so object and headers but these were not found.
[93m [WARNING] [0m async_io requires the dev libaio .so object and headers but these were not found.
[93m [WARNING] [0m async_io requires the dev libaio .so object and headers but these were not found.
[93m [WARNING] [0m async_io requires the dev libaio .so object and headers but these were not found.
[93m [WARNING] [0m If libaio is already installed (perhaps from source), try setting the CFLAGS and LDFLAGS environment variables to where it can be found.
[93m [WARNING] [0m Please specify the CUTLASS repo directory as environment variable $CUTLASS_PATH
[93m [WARNING] [0m If libaio is already installed (perhaps from source), try setting the CFLAGS and LDFLAGS environment variables to where it can be found.
[93m [WARNING] [0m Please specify the CUTLASS repo directory as environment variable $CUTLASS_PATH
[93m [WARNING] [0m If libaio is already installed (perhaps from source), try setting the CFLAGS and LDFLAGS environment variables to where it can be found.
[93m [WARNING] [0m Please specify the CUTLASS repo directory as environment variable $CUTLASS_PATH
[93m [WARNING] [0m async_io requires the dev libaio .so object and headers but these were not found.
[93m [WARNING] [0m If libaio is already installed (perhaps from source), try setting the CFLAGS and LDFLAGS environment variables to where it can be found.
[93m [WARNING] [0m Please specify the CUTLASS repo directory as environment variable $CUTLASS_PATH
[93m [WARNING] [0m async_io requires the dev libaio .so object and headers but these were not found.
[93m [WARNING] [0m async_io requires the dev libaio .so object and headers but these were not found.
[93m [WARNING] [0m If libaio is already installed (perhaps from source), try setting the CFLAGS and LDFLAGS environment variables to where it can be found.
[93m [WARNING] [0m Please specify the CUTLASS repo directory as environment variable $CUTLASS_PATH
[93m [WARNING] [0m If libaio is already installed (perhaps from source), try setting the CFLAGS and LDFLAGS environment variables to where it can be found.
[93m [WARNING] [0m Please specify the CUTLASS repo directory as environment variable $CUTLASS_PATH
[93m [WARNING] [0m async_io requires the dev libaio .so object and headers but these were not found.
[93m [WARNING] [0m async_io requires the dev libaio .so object and headers but these were not found.
[93m [WARNING] [0m async_io requires the dev libaio .so object and headers but these were not found.
[93m [WARNING] [0m async_io requires the dev libaio .so object and headers but these were not found.
[93m [WARNING] [0m async_io requires the dev libaio .so object and headers but these were not found.
[93m [WARNING] [0m async_io requires the dev libaio .so object and headers but these were not found.
[93m [WARNING] [0m async_io requires the dev libaio .so object and headers but these were not found.
[93m [WARNING] [0m async_io requires the dev libaio .so object and headers but these were not found.
[93m [WARNING] [0m If libaio is already installed (perhaps from source), try setting the CFLAGS and LDFLAGS environment variables to where it can be found.
[93m [WARNING] [0m Please specify the CUTLASS repo directory as environment variable $CUTLASS_PATH
[93m [WARNING] [0m If libaio is already installed (perhaps from source), try setting the CFLAGS and LDFLAGS environment variables to where it can be found.
[93m [WARNING] [0m Please specify the CUTLASS repo directory as environment variable $CUTLASS_PATH
[93m [WARNING] [0m If libaio is already installed (perhaps from source), try setting the CFLAGS and LDFLAGS environment variables to where it can be found.
[93m [WARNING] [0m Please specify the CUTLASS repo directory as environment variable $CUTLASS_PATH
[93m [WARNING] [0m If libaio is already installed (perhaps from source), try setting the CFLAGS and LDFLAGS environment variables to where it can be found.
[93m [WARNING] [0m Please specify the CUTLASS repo directory as environment variable $CUTLASS_PATH
[93m [WARNING] [0m If libaio is already installed (perhaps from source), try setting the CFLAGS and LDFLAGS environment variables to where it can be found.
[93m [WARNING] [0m Please specify the CUTLASS repo directory as environment variable $CUTLASS_PATH
[93m [WARNING] [0m If libaio is already installed (perhaps from source), try setting the CFLAGS and LDFLAGS environment variables to where it can be found.
[93m [WARNING] [0m Please specify the CUTLASS repo directory as environment variable $CUTLASS_PATH
[93m [WARNING] [0m If libaio is already installed (perhaps from source), try setting the CFLAGS and LDFLAGS environment variables to where it can be found.
[93m [WARNING] [0m Please specify the CUTLASS repo directory as environment variable $CUTLASS_PATH
[93m [WARNING] [0m If libaio is already installed (perhaps from source), try setting the CFLAGS and LDFLAGS environment variables to where it can be found.
[93m [WARNING] [0m Please specify the CUTLASS repo directory as environment variable $CUTLASS_PATH
[93m [WARNING] [0m If libaio is already installed (perhaps from source), try setting the CFLAGS and LDFLAGS environment variables to where it can be found.
[93m [WARNING] [0m Please specify the CUTLASS repo directory as environment variable $CUTLASS_PATH
[93m [WARNING] [0m If libaio is already installed (perhaps from source), try setting the CFLAGS and LDFLAGS environment variables to where it can be found.
[93m [WARNING] [0m Please specify the CUTLASS repo directory as environment variable $CUTLASS_PATH
[93m [WARNING] [0m async_io requires the dev libaio .so object and headers but these were not found.
[93m [WARNING] [0m async_io requires the dev libaio .so object and headers but these were not found.
[93m [WARNING] [0m async_io requires the dev libaio .so object and headers but these were not found.
[93m [WARNING] [0m async_io requires the dev libaio .so object and headers but these were not found.
[93m [WARNING] [0m async_io requires the dev libaio .so object and headers but these were not found.
[93m [WARNING] [0m async_io requires the dev libaio .so object and headers but these were not found.
[93m [WARNING] [0m async_io requires the dev libaio .so object and headers but these were not found.
[93m [WARNING] [0m async_io requires the dev libaio .so object and headers but these were not found.
[93m [WARNING] [0m async_io requires the dev libaio .so object and headers but these were not found.
[93m [WARNING] [0m async_io requires the dev libaio .so object and headers but these were not found.
[93m [WARNING] [0m If libaio is already installed (perhaps from source), try setting the CFLAGS and LDFLAGS environment variables to where it can be found.
[93m [WARNING] [0m Please specify the CUTLASS repo directory as environment variable $CUTLASS_PATH
[93m [WARNING] [0m If libaio is already installed (perhaps from source), try setting the CFLAGS and LDFLAGS environment variables to where it can be found.
[93m [WARNING] [0m Please specify the CUTLASS repo directory as environment variable $CUTLASS_PATH
[93m [WARNING] [0m If libaio is already installed (perhaps from source), try setting the CFLAGS and LDFLAGS environment variables to where it can be found.
[93m [WARNING] [0m Please specify the CUTLASS repo directory as environment variable $CUTLASS_PATH
[93m [WARNING] [0m async_io requires the dev libaio .so object and headers but these were not found.
[93m [WARNING] [0m async_io requires the dev libaio .so object and headers but these were not found.
[93m [WARNING] [0m async_io requires the dev libaio .so object and headers but these were not found.
[93m [WARNING] [0m If libaio is already installed (perhaps from source), try setting the CFLAGS and LDFLAGS environment variables to where it can be found.
[93m [WARNING] [0m Please specify the CUTLASS repo directory as environment variable $CUTLASS_PATH
[93m [WARNING] [0m async_io requires the dev libaio .so object and headers but these were not found.
[93m [WARNING] [0m async_io requires the dev libaio .so object and headers but these were not found.
[93m [WARNING] [0m If libaio is already installed (perhaps from source), try setting the CFLAGS and LDFLAGS environment variables to where it can be found.
[93m [WARNING] [0m async_io requires the dev libaio .so object and headers but these were not found.
[93m [WARNING] [0m Please specify the CUTLASS repo directory as environment variable $CUTLASS_PATH
[93m [WARNING] [0m If libaio is already installed (perhaps from source), try setting the CFLAGS and LDFLAGS environment variables to where it can be found.
[93m [WARNING] [0m Please specify the CUTLASS repo directory as environment variable $CUTLASS_PATH
[93m [WARNING] [0m If libaio is already installed (perhaps from source), try setting the CFLAGS and LDFLAGS environment variables to where it can be found.
[93m [WARNING] [0m Please specify the CUTLASS repo directory as environment variable $CUTLASS_PATH
[93m [WARNING] [0m If libaio is already installed (perhaps from source), try setting the CFLAGS and LDFLAGS environment variables to where it can be found.
[93m [WARNING] [0m Please specify the CUTLASS repo directory as environment variable $CUTLASS_PATH
[93m [WARNING] [0m If libaio is already installed (perhaps from source), try setting the CFLAGS and LDFLAGS environment variables to where it can be found.
[93m [WARNING] [0m Please specify the CUTLASS repo directory as environment variable $CUTLASS_PATH
[93m [WARNING] [0m If libaio is already installed (perhaps from source), try setting the CFLAGS and LDFLAGS environment variables to where it can be found.
[93m [WARNING] [0m Please specify the CUTLASS repo directory as environment variable $CUTLASS_PATH
[93m [WARNING] [0m async_io requires the dev libaio .so object and headers but these were not found.
[93m [WARNING] [0m async_io requires the dev libaio .so object and headers but these were not found.
[93m [WARNING] [0m async_io requires the dev libaio .so object and headers but these were not found.
[93m [WARNING] [0m async_io requires the dev libaio .so object and headers but these were not found.
[93m [WARNING] [0m async_io requires the dev libaio .so object and headers but these were not found.
[93m [WARNING] [0m async_io requires the dev libaio .so object and headers but these were not found.
[93m [WARNING] [0m async_io requires the dev libaio .so object and headers but these were not found.
[93m [WARNING] [0m async_io requires the dev libaio .so object and headers but these were not found.
[93m [WARNING] [0m If libaio is already installed (perhaps from source), try setting the CFLAGS and LDFLAGS environment variables to where it can be found.
[93m [WARNING] [0m Please specify the CUTLASS repo directory as environment variable $CUTLASS_PATH
[93m [WARNING] [0m If libaio is already installed (perhaps from source), try setting the CFLAGS and LDFLAGS environment variables to where it can be found.
[93m [WARNING] [0m Please specify the CUTLASS repo directory as environment variable $CUTLASS_PATH
[93m [WARNING] [0m If libaio is already installed (perhaps from source), try setting the CFLAGS and LDFLAGS environment variables to where it can be found.
[93m [WARNING] [0m Please specify the CUTLASS repo directory as environment variable $CUTLASS_PATH
[93m [WARNING] [0m If libaio is already installed (perhaps from source), try setting the CFLAGS and LDFLAGS environment variables to where it can be found.
[93m [WARNING] [0m Please specify the CUTLASS repo directory as environment variable $CUTLASS_PATH
[93m [WARNING] [0m If libaio is already installed (perhaps from source), try setting the CFLAGS and LDFLAGS environment variables to where it can be found.
[93m [WARNING] [0m Please specify the CUTLASS repo directory as environment variable $CUTLASS_PATH
[93m [WARNING] [0m If libaio is already installed (perhaps from source), try setting the CFLAGS and LDFLAGS environment variables to where it can be found.
[93m [WARNING] [0m Please specify the CUTLASS repo directory as environment variable $CUTLASS_PATH
[93m [WARNING] [0m async_io requires the dev libaio .so object and headers but these were not found.
[93m [WARNING] [0m async_io requires the dev libaio .so object and headers but these were not found.
[93m [WARNING] [0m async_io requires the dev libaio .so object and headers but these were not found.
[93m [WARNING] [0m async_io requires the dev libaio .so object and headers but these were not found.
[93m [WARNING] [0m async_io requires the dev libaio .so object and headers but these were not found.
[93m [WARNING] [0m async_io requires the dev libaio .so object and headers but these were not found.
[93m [WARNING] [0m async_io requires the dev libaio .so object and headers but these were not found.
[93m [WARNING] [0m async_io requires the dev libaio .so object and headers but these were not found.
[93m [WARNING] [0m If libaio is already installed (perhaps from source), try setting the CFLAGS and LDFLAGS environment variables to where it can be found.
[93m [WARNING] [0m Please specify the CUTLASS repo directory as environment variable $CUTLASS_PATH
[93m [WARNING] [0m If libaio is already installed (perhaps from source), try setting the CFLAGS and LDFLAGS environment variables to where it can be found.
[93m [WARNING] [0m Please specify the CUTLASS repo directory as environment variable $CUTLASS_PATH
[93m [WARNING] [0m If libaio is already installed (perhaps from source), try setting the CFLAGS and LDFLAGS environment variables to where it can be found.
[93m [WARNING] [0m Please specify the CUTLASS repo directory as environment variable $CUTLASS_PATH
[93m [WARNING] [0m If libaio is already installed (perhaps from source), try setting the CFLAGS and LDFLAGS environment variables to where it can be found.
[93m [WARNING] [0m Please specify the CUTLASS repo directory as environment variable $CUTLASS_PATH
[93m [WARNING] [0m If libaio is already installed (perhaps from source), try setting the CFLAGS and LDFLAGS environment variables to where it can be found.
[93m [WARNING] [0m Please specify the CUTLASS repo directory as environment variable $CUTLASS_PATH
[93m [WARNING] [0m If libaio is already installed (perhaps from source), try setting the CFLAGS and LDFLAGS environment variables to where it can be found.
[93m [WARNING] [0m Please specify the CUTLASS repo directory as environment variable $CUTLASS_PATH
[93m [WARNING] [0m If libaio is already installed (perhaps from source), try setting the CFLAGS and LDFLAGS environment variables to where it can be found.
[93m [WARNING] [0m Please specify the CUTLASS repo directory as environment variable $CUTLASS_PATH
[93m [WARNING] [0m If libaio is already installed (perhaps from source), try setting the CFLAGS and LDFLAGS environment variables to where it can be found.
[93m [WARNING] [0m Please specify the CUTLASS repo directory as environment variable $CUTLASS_PATH
[93m [WARNING] [0m If libaio is already installed (perhaps from source), try setting the CFLAGS and LDFLAGS environment variables to where it can be found.
[93m [WARNING] [0m Please specify the CUTLASS repo directory as environment variable $CUTLASS_PATH
[93m [WARNING] [0m If libaio is already installed (perhaps from source), try setting the CFLAGS and LDFLAGS environment variables to where it can be found.
[93m [WARNING] [0m Please specify the CUTLASS repo directory as environment variable $CUTLASS_PATH
[93m [WARNING] [0m If libaio is already installed (perhaps from source), try setting the CFLAGS and LDFLAGS environment variables to where it can be found.
[93m [WARNING] [0m Please specify the CUTLASS repo directory as environment variable $CUTLASS_PATH
[93m [WARNING] [0m If libaio is already installed (perhaps from source), try setting the CFLAGS and LDFLAGS environment variables to where it can be found.
[93m [WARNING] [0m Please specify the CUTLASS repo directory as environment variable $CUTLASS_PATH
[93m [WARNING] [0m If libaio is already installed (perhaps from source), try setting the CFLAGS and LDFLAGS environment variables to where it can be found.
[93m [WARNING] [0m Please specify the CUTLASS repo directory as environment variable $CUTLASS_PATH
[93m [WARNING] [0m If libaio is already installed (perhaps from source), try setting the CFLAGS and LDFLAGS environment variables to where it can be found.
[93m [WARNING] [0m Please specify the CUTLASS repo directory as environment variable $CUTLASS_PATH
[93m [WARNING] [0m If libaio is already installed (perhaps from source), try setting the CFLAGS and LDFLAGS environment variables to where it can be found.
[93m [WARNING] [0m Please specify the CUTLASS repo directory as environment variable $CUTLASS_PATH
[93m [WARNING] [0m If libaio is already installed (perhaps from source), try setting the CFLAGS and LDFLAGS environment variables to where it can be found.
[93m [WARNING] [0m Please specify the CUTLASS repo directory as environment variable $CUTLASS_PATH
[93m [WARNING] [0m sparse_attn is not compatible with ROCM
[93m [WARNING] [0m sparse_attn is not compatible with ROCM
[93m [WARNING] [0m sparse_attn is not compatible with ROCM
[93m [WARNING] [0m sparse_attn is not compatible with ROCM
[93m [WARNING] [0m sparse_attn is not compatible with ROCM
[93m [WARNING] [0m sparse_attn is not compatible with ROCM
[93m [WARNING] [0m sparse_attn is not compatible with ROCM
[93m [WARNING] [0m sparse_attn is not compatible with ROCM
[93m [WARNING] [0m sparse_attn is not compatible with ROCM
[93m [WARNING] [0m sparse_attn is not compatible with ROCM
[93m [WARNING] [0m sparse_attn is not compatible with ROCM
[93m [WARNING] [0m sparse_attn is not compatible with ROCM
[93m [WARNING] [0m sparse_attn is not compatible with ROCM
[93m [WARNING] [0m sparse_attn is not compatible with ROCM
[93m [WARNING] [0m sparse_attn is not compatible with ROCM
[93m [WARNING] [0m sparse_attn is not compatible with ROCM
[93m [WARNING] [0m sparse_attn is not compatible with ROCM
[93m [WARNING] [0m sparse_attn is not compatible with ROCM
[93m [WARNING] [0m sparse_attn is not compatible with ROCM
[93m [WARNING] [0m sparse_attn is not compatible with ROCM
[93m [WARNING] [0m sparse_attn is not compatible with ROCM
[93m [WARNING] [0m sparse_attn is not compatible with ROCM
[93m [WARNING] [0m sparse_attn is not compatible with ROCM
[93m [WARNING] [0m sparse_attn is not compatible with ROCM
[93m [WARNING] [0m sparse_attn is not compatible with ROCM
[93m [WARNING] [0m sparse_attn is not compatible with ROCM
[93m [WARNING] [0m sparse_attn is not compatible with ROCM
[93m [WARNING] [0m sparse_attn is not compatible with ROCM
[93m [WARNING] [0m sparse_attn is not compatible with ROCM
[93m [WARNING] [0m sparse_attn is not compatible with ROCM
[93m [WARNING] [0m sparse_attn is not compatible with ROCM
[93m [WARNING] [0m sparse_attn is not compatible with ROCM
[93m [WARNING] [0m sparse_attn is not compatible with ROCM
[93m [WARNING] [0m sparse_attn is not compatible with ROCM
[93m [WARNING] [0m sparse_attn is not compatible with ROCM
[93m [WARNING] [0m sparse_attn is not compatible with ROCM
[93m [WARNING] [0m sparse_attn is not compatible with ROCM
[93m [WARNING] [0m sparse_attn is not compatible with ROCM
[93m [WARNING] [0m sparse_attn is not compatible with ROCM
[93m [WARNING] [0m sparse_attn is not compatible with ROCM
[93m [WARNING] [0m sparse_attn is not compatible with ROCM
[93m [WARNING] [0m sparse_attn is not compatible with ROCM
[93m [WARNING] [0m sparse_attn is not compatible with ROCM
[93m [WARNING] [0m sparse_attn is not compatible with ROCM
[93m [WARNING] [0m sparse_attn is not compatible with ROCM
[93m [WARNING] [0m sparse_attn is not compatible with ROCM
[93m [WARNING] [0m sparse_attn is not compatible with ROCM
[93m [WARNING] [0m sparse_attn is not compatible with ROCM
[2024-08-08 00:47:04,991] [INFO] [comm.py:637:init_distributed] cdb=None
[2024-08-08 00:47:04,991] [INFO] [comm.py:637:init_distributed] cdb=None
[2024-08-08 00:47:04,991] [INFO] [comm.py:637:init_distributed] cdb=None
[2024-08-08 00:47:04,991] [INFO] [comm.py:637:init_distributed] cdb=None
[2024-08-08 00:47:04,991] [INFO] [comm.py:637:init_distributed] cdb=None
[2024-08-08 00:47:04,991] [INFO] [comm.py:637:init_distributed] cdb=None
[2024-08-08 00:47:04,991] [INFO] [comm.py:637:init_distributed] cdb=None
[2024-08-08 00:47:04,991] [INFO] [comm.py:637:init_distributed] cdb=None
[2024-08-08 00:47:04,994] [INFO] [comm.py:637:init_distributed] cdb=None
[2024-08-08 00:47:04,994] [INFO] [comm.py:637:init_distributed] cdb=None
[2024-08-08 00:47:04,994] [INFO] [comm.py:637:init_distributed] cdb=None
[2024-08-08 00:47:04,994] [INFO] [comm.py:637:init_distributed] cdb=None
[2024-08-08 00:47:04,994] [INFO] [comm.py:637:init_distributed] cdb=None
[2024-08-08 00:47:04,994] [INFO] [comm.py:637:init_distributed] cdb=None
[2024-08-08 00:47:04,994] [INFO] [comm.py:637:init_distributed] cdb=None
[2024-08-08 00:47:04,994] [INFO] [comm.py:637:init_distributed] cdb=None
[W socket.cpp:697] [c10d] The client socket cannot be initialized to connect to [frontier07020.frontier.olcf.ornl.gov]:8889 (errno: 97 - Address family not supported by protocol).
[W socket.cpp:697] [c10d] The client socket cannot be initialized to connect to [frontier07020.frontier.olcf.ornl.gov]:8889 (errno: 97 - Address family not supported by protocol).
[W socket.cpp:697] [c10d] The client socket cannot be initialized to connect to [frontier07020.frontier.olcf.ornl.gov]:8889 (errno: 97 - Address family not supported by protocol).
[W socket.cpp:697] [c10d] The client socket cannot be initialized to connect to [frontier07020.frontier.olcf.ornl.gov]:8889 (errno: 97 - Address family not supported by protocol).
[W socket.cpp:697] [c10d] The client socket cannot be initialized to connect to [frontier07020.frontier.olcf.ornl.gov]:8889 (errno: 97 - Address family not supported by protocol).
[W socket.cpp:697] [c10d] The client socket cannot be initialized to connect to [frontier07020.frontier.olcf.ornl.gov]:8889 (errno: 97 - Address family not supported by protocol).
[W socket.cpp:697] [c10d] The client socket cannot be initialized to connect to [frontier07020.frontier.olcf.ornl.gov]:8889 (errno: 97 - Address family not supported by protocol).
[W socket.cpp:697] [c10d] The client socket cannot be initialized to connect to [frontier07020.frontier.olcf.ornl.gov]:8889 (errno: 97 - Address family not supported by protocol).
[W socket.cpp:697] [c10d] The client socket cannot be initialized to connect to [frontier07020.frontier.olcf.ornl.gov]:8889 (errno: 97 - Address family not supported by protocol).
[W socket.cpp:697] [c10d] The client socket cannot be initialized to connect to [frontier07020.frontier.olcf.ornl.gov]:8889 (errno: 97 - Address family not supported by protocol).
[W socket.cpp:697] [c10d] The client socket cannot be initialized to connect to [frontier07020.frontier.olcf.ornl.gov]:8889 (errno: 97 - Address family not supported by protocol).
[W socket.cpp:697] [c10d] The client socket cannot be initialized to connect to [frontier07020.frontier.olcf.ornl.gov]:8889 (errno: 97 - Address family not supported by protocol).
[W socket.cpp:697] [c10d] The client socket cannot be initialized to connect to [frontier07020.frontier.olcf.ornl.gov]:8889 (errno: 97 - Address family not supported by protocol).
[W socket.cpp:697] [c10d] The client socket cannot be initialized to connect to [frontier07020.frontier.olcf.ornl.gov]:8889 (errno: 97 - Address family not supported by protocol).
[W socket.cpp:697] [c10d] The client socket cannot be initialized to connect to [frontier07020.frontier.olcf.ornl.gov]:8889 (errno: 97 - Address family not supported by protocol).
[W socket.cpp:697] [c10d] The client socket cannot be initialized to connect to [frontier07020.frontier.olcf.ornl.gov]:8889 (errno: 97 - Address family not supported by protocol).
[2024-08-08 00:47:05,312] [INFO] [comm.py:637:init_distributed] cdb=None
[2024-08-08 00:47:05,312] [INFO] [comm.py:637:init_distributed] cdb=None
[2024-08-08 00:47:05,312] [INFO] [comm.py:637:init_distributed] cdb=None
[2024-08-08 00:47:05,312] [INFO] [comm.py:637:init_distributed] cdb=None
[2024-08-08 00:47:05,312] [INFO] [comm.py:637:init_distributed] cdb=None
[2024-08-08 00:47:05,312] [INFO] [comm.py:637:init_distributed] cdb=None
[2024-08-08 00:47:05,312] [INFO] [comm.py:637:init_distributed] cdb=None
[2024-08-08 00:47:05,312] [INFO] [comm.py:637:init_distributed] cdb=None
[W socket.cpp:697] [c10d] The client socket cannot be initialized to connect to [frontier07020.frontier.olcf.ornl.gov]:8889 (errno: 97 - Address family not supported by protocol).
[W socket.cpp:697] [c10d] The client socket cannot be initialized to connect to [frontier07020.frontier.olcf.ornl.gov]:8889 (errno: 97 - Address family not supported by protocol).
[W socket.cpp:697] [c10d] The client socket cannot be initialized to connect to [frontier07020.frontier.olcf.ornl.gov]:8889 (errno: 97 - Address family not supported by protocol).
[W socket.cpp:697] [c10d] The client socket cannot be initialized to connect to [frontier07020.frontier.olcf.ornl.gov]:8889 (errno: 97 - Address family not supported by protocol).
[W socket.cpp:697] [c10d] The client socket cannot be initialized to connect to [frontier07020.frontier.olcf.ornl.gov]:8889 (errno: 97 - Address family not supported by protocol).
[W socket.cpp:697] [c10d] The client socket cannot be initialized to connect to [frontier07020.frontier.olcf.ornl.gov]:8889 (errno: 97 - Address family not supported by protocol).
[W socket.cpp:697] [c10d] The client socket cannot be initialized to connect to [frontier07020.frontier.olcf.ornl.gov]:8889 (errno: 97 - Address family not supported by protocol).
[W socket.cpp:697] [c10d] The client socket cannot be initialized to connect to [frontier07020.frontier.olcf.ornl.gov]:8889 (errno: 97 - Address family not supported by protocol).
[2024-08-08 00:47:05,824] [INFO] [comm.py:637:init_distributed] cdb=None
[2024-08-08 00:47:05,824] [INFO] [comm.py:637:init_distributed] cdb=None
[2024-08-08 00:47:05,824] [INFO] [comm.py:637:init_distributed] cdb=None
[2024-08-08 00:47:05,824] [INFO] [comm.py:637:init_distributed] cdb=None
[2024-08-08 00:47:05,824] [INFO] [comm.py:637:init_distributed] cdb=None
[2024-08-08 00:47:05,824] [INFO] [comm.py:637:init_distributed] cdb=None
[2024-08-08 00:47:05,824] [INFO] [comm.py:637:init_distributed] cdb=None
[2024-08-08 00:47:05,824] [INFO] [comm.py:637:init_distributed] cdb=None
[W socket.cpp:697] [c10d] The client socket cannot be initialized to connect to [frontier07020.frontier.olcf.ornl.gov]:8889 (errno: 97 - Address family not supported by protocol).
[W socket.cpp:697] [c10d] The client socket cannot be initialized to connect to [frontier07020.frontier.olcf.ornl.gov]:8889 (errno: 97 - Address family not supported by protocol).
[W socket.cpp:697] [c10d] The client socket cannot be initialized to connect to [frontier07020.frontier.olcf.ornl.gov]:8889 (errno: 97 - Address family not supported by protocol).
[W socket.cpp:697] [c10d] The client socket cannot be initialized to connect to [frontier07020.frontier.olcf.ornl.gov]:8889 (errno: 97 - Address family not supported by protocol).
[W socket.cpp:697] [c10d] The client socket cannot be initialized to connect to [frontier07020.frontier.olcf.ornl.gov]:8889 (errno: 97 - Address family not supported by protocol).
[W socket.cpp:697] [c10d] The client socket cannot be initialized to connect to [frontier07020.frontier.olcf.ornl.gov]:8889 (errno: 97 - Address family not supported by protocol).
[W socket.cpp:697] [c10d] The client socket cannot be initialized to connect to [frontier07020.frontier.olcf.ornl.gov]:8889 (errno: 97 - Address family not supported by protocol).
[W socket.cpp:697] [c10d] The client socket cannot be initialized to connect to [frontier07020.frontier.olcf.ornl.gov]:8889 (errno: 97 - Address family not supported by protocol).
[2024-08-08 00:47:06,588] [INFO] [comm.py:637:init_distributed] cdb=None
[2024-08-08 00:47:06,588] [INFO] [comm.py:637:init_distributed] cdb=None
[2024-08-08 00:47:06,588] [INFO] [comm.py:637:init_distributed] cdb=None
[2024-08-08 00:47:06,588] [INFO] [comm.py:637:init_distributed] cdb=None
[2024-08-08 00:47:06,588] [INFO] [comm.py:637:init_distributed] cdb=None
[2024-08-08 00:47:06,588] [INFO] [comm.py:637:init_distributed] cdb=None
[2024-08-08 00:47:06,588] [INFO] [comm.py:637:init_distributed] cdb=None
[2024-08-08 00:47:06,588] [INFO] [comm.py:637:init_distributed] cdb=None
[W socket.cpp:697] [c10d] The client socket cannot be initialized to connect to [frontier07020.frontier.olcf.ornl.gov]:8889 (errno: 97 - Address family not supported by protocol).
[W socket.cpp:697] [c10d] The client socket cannot be initialized to connect to [frontier07020.frontier.olcf.ornl.gov]:8889 (errno: 97 - Address family not supported by protocol).
[W socket.cpp:697] [c10d] The client socket cannot be initialized to connect to [frontier07020.frontier.olcf.ornl.gov]:8889 (errno: 97 - Address family not supported by protocol).
[W socket.cpp:697] [c10d] The client socket cannot be initialized to connect to [frontier07020.frontier.olcf.ornl.gov]:8889 (errno: 97 - Address family not supported by protocol).
[W socket.cpp:697] [c10d] The client socket cannot be initialized to connect to [frontier07020.frontier.olcf.ornl.gov]:8889 (errno: 97 - Address family not supported by protocol).
[W socket.cpp:697] [c10d] The client socket cannot be initialized to connect to [frontier07020.frontier.olcf.ornl.gov]:8889 (errno: 97 - Address family not supported by protocol).
[W socket.cpp:697] [c10d] The client socket cannot be initialized to connect to [frontier07020.frontier.olcf.ornl.gov]:8889 (errno: 97 - Address family not supported by protocol).
[W socket.cpp:697] [c10d] The client socket cannot be initialized to connect to [frontier07020.frontier.olcf.ornl.gov]:8889 (errno: 97 - Address family not supported by protocol).
[2024-08-08 00:47:06,971] [INFO] [comm.py:637:init_distributed] cdb=None
[2024-08-08 00:47:06,971] [INFO] [comm.py:637:init_distributed] cdb=None
[2024-08-08 00:47:06,971] [INFO] [comm.py:637:init_distributed] cdb=None
[2024-08-08 00:47:06,971] [INFO] [comm.py:637:init_distributed] cdb=None
[2024-08-08 00:47:06,971] [INFO] [comm.py:637:init_distributed] cdb=None
[2024-08-08 00:47:06,971] [INFO] [comm.py:637:init_distributed] cdb=None
[2024-08-08 00:47:06,971] [INFO] [comm.py:637:init_distributed] cdb=None
[2024-08-08 00:47:06,971] [INFO] [comm.py:637:init_distributed] cdb=None
[W socket.cpp:697] [c10d] The client socket cannot be initialized to connect to [frontier07020.frontier.olcf.ornl.gov]:8889 (errno: 97 - Address family not supported by protocol).
[W socket.cpp:697] [c10d] The client socket cannot be initialized to connect to [frontier07020.frontier.olcf.ornl.gov]:8889 (errno: 97 - Address family not supported by protocol).
[W socket.cpp:697] [c10d] The client socket cannot be initialized to connect to [frontier07020.frontier.olcf.ornl.gov]:8889 (errno: 97 - Address family not supported by protocol).
[W socket.cpp:697] [c10d] The client socket cannot be initialized to connect to [frontier07020.frontier.olcf.ornl.gov]:8889 (errno: 97 - Address family not supported by protocol).
[W socket.cpp:697] [c10d] The client socket cannot be initialized to connect to [frontier07020.frontier.olcf.ornl.gov]:8889 (errno: 97 - Address family not supported by protocol).
[W socket.cpp:697] [c10d] The client socket cannot be initialized to connect to [frontier07020.frontier.olcf.ornl.gov]:8889 (errno: 97 - Address family not supported by protocol).
[W socket.cpp:697] [c10d] The client socket cannot be initialized to connect to [frontier07020.frontier.olcf.ornl.gov]:8889 (errno: 97 - Address family not supported by protocol).
[W socket.cpp:697] [c10d] The client socket cannot be initialized to connect to [frontier07020.frontier.olcf.ornl.gov]:8889 (errno: 97 - Address family not supported by protocol).
[2024-08-08 00:47:07,342] [INFO] [comm.py:637:init_distributed] cdb=None
[2024-08-08 00:47:07,342] [INFO] [comm.py:637:init_distributed] cdb=None
[2024-08-08 00:47:07,342] [INFO] [comm.py:637:init_distributed] cdb=None
[2024-08-08 00:47:07,342] [INFO] [comm.py:637:init_distributed] cdb=None
[2024-08-08 00:47:07,342] [INFO] [comm.py:637:init_distributed] cdb=None
[2024-08-08 00:47:07,342] [INFO] [comm.py:637:init_distributed] cdb=None
[2024-08-08 00:47:07,342] [INFO] [comm.py:637:init_distributed] cdb=None
[2024-08-08 00:47:07,342] [INFO] [comm.py:637:init_distributed] cdb=None
[W socket.cpp:697] [c10d] The client socket cannot be initialized to connect to [frontier07020.frontier.olcf.ornl.gov]:8889 (errno: 97 - Address family not supported by protocol).
[W socket.cpp:697] [c10d] The client socket cannot be initialized to connect to [frontier07020.frontier.olcf.ornl.gov]:8889 (errno: 97 - Address family not supported by protocol).
[2024-08-08 00:47:07,355] [INFO] [comm.py:637:init_distributed] cdb=None
[2024-08-08 00:47:07,355] [INFO] [comm.py:637:init_distributed] cdb=None
[2024-08-08 00:47:07,355] [INFO] [comm.py:637:init_distributed] cdb=None
[2024-08-08 00:47:07,355] [INFO] [comm.py:637:init_distributed] cdb=None
[2024-08-08 00:47:07,355] [INFO] [comm.py:637:init_distributed] cdb=None
[2024-08-08 00:47:07,355] [INFO] [comm.py:637:init_distributed] cdb=None
[2024-08-08 00:47:07,355] [INFO] [comm.py:637:init_distributed] cdb=None
[2024-08-08 00:47:07,355] [INFO] [comm.py:637:init_distributed] cdb=None
[W socket.cpp:697] [c10d] The client socket cannot be initialized to connect to [frontier07020.frontier.olcf.ornl.gov]:8889 (errno: 97 - Address family not supported by protocol).
[W socket.cpp:697] [c10d] The client socket cannot be initialized to connect to [frontier07020.frontier.olcf.ornl.gov]:8889 (errno: 97 - Address family not supported by protocol).
[W socket.cpp:697] [c10d] The client socket cannot be initialized to connect to [frontier07020.frontier.olcf.ornl.gov]:8889 (errno: 97 - Address family not supported by protocol).
[W socket.cpp:697] [c10d] The client socket cannot be initialized to connect to [frontier07020.frontier.olcf.ornl.gov]:8889 (errno: 97 - Address family not supported by protocol).
[W socket.cpp:697] [c10d] The client socket cannot be initialized to connect to [frontier07020.frontier.olcf.ornl.gov]:8889 (errno: 97 - Address family not supported by protocol).
[W socket.cpp:697] [c10d] The client socket cannot be initialized to connect to [frontier07020.frontier.olcf.ornl.gov]:8889 (errno: 97 - Address family not supported by protocol).
[W socket.cpp:697] [c10d] The client socket cannot be initialized to connect to [frontier07020.frontier.olcf.ornl.gov]:8889 (errno: 97 - Address family not supported by protocol).
[W socket.cpp:697] [c10d] The client socket cannot be initialized to connect to [frontier07020.frontier.olcf.ornl.gov]:8889 (errno: 97 - Address family not supported by protocol).
[W socket.cpp:697] [c10d] The client socket cannot be initialized to connect to [frontier07020.frontier.olcf.ornl.gov]:8889 (errno: 97 - Address family not supported by protocol).
[W socket.cpp:697] [c10d] The client socket cannot be initialized to connect to [frontier07020.frontier.olcf.ornl.gov]:8889 (errno: 97 - Address family not supported by protocol).
[W socket.cpp:697] [c10d] The client socket cannot be initialized to connect to [frontier07020.frontier.olcf.ornl.gov]:8889 (errno: 97 - Address family not supported by protocol).
[W socket.cpp:697] [c10d] The client socket cannot be initialized to connect to [frontier07020.frontier.olcf.ornl.gov]:8889 (errno: 97 - Address family not supported by protocol).
[W socket.cpp:697] [c10d] The client socket cannot be initialized to connect to [frontier07020.frontier.olcf.ornl.gov]:8889 (errno: 97 - Address family not supported by protocol).
[W socket.cpp:697] [c10d] The client socket cannot be initialized to connect to [frontier07020.frontier.olcf.ornl.gov]:8889 (errno: 97 - Address family not supported by protocol).
[2024-08-08 00:47:07,967] [INFO] [comm.py:637:init_distributed] cdb=None
[2024-08-08 00:47:07,967] [INFO] [comm.py:637:init_distributed] cdb=None
[2024-08-08 00:47:07,967] [INFO] [comm.py:637:init_distributed] cdb=None
[2024-08-08 00:47:07,967] [INFO] [comm.py:637:init_distributed] cdb=None
[2024-08-08 00:47:07,967] [INFO] [comm.py:637:init_distributed] cdb=None
[2024-08-08 00:47:07,967] [INFO] [comm.py:637:init_distributed] cdb=None
[2024-08-08 00:47:07,967] [INFO] [comm.py:637:init_distributed] cdb=None
[2024-08-08 00:47:07,967] [INFO] [comm.py:637:init_distributed] cdb=None
[W socket.cpp:697] [c10d] The client socket cannot be initialized to connect to [frontier07020.frontier.olcf.ornl.gov]:8889 (errno: 97 - Address family not supported by protocol).
[W socket.cpp:697] [c10d] The client socket cannot be initialized to connect to [frontier07020.frontier.olcf.ornl.gov]:8889 (errno: 97 - Address family not supported by protocol).
[2024-08-08 00:47:08,013] [INFO] [comm.py:637:init_distributed] cdb=None
[2024-08-08 00:47:08,013] [INFO] [comm.py:637:init_distributed] cdb=None
[2024-08-08 00:47:08,013] [INFO] [comm.py:637:init_distributed] cdb=None
[2024-08-08 00:47:08,013] [INFO] [comm.py:637:init_distributed] cdb=None
[2024-08-08 00:47:08,013] [INFO] [comm.py:637:init_distributed] cdb=None
[2024-08-08 00:47:08,013] [INFO] [comm.py:637:init_distributed] cdb=None
[2024-08-08 00:47:08,013] [INFO] [comm.py:637:init_distributed] cdb=None
[2024-08-08 00:47:08,013] [INFO] [comm.py:637:init_distributed] cdb=None
[W socket.cpp:697] [c10d] The client socket cannot be initialized to connect to [frontier07020.frontier.olcf.ornl.gov]:8889 (errno: 97 - Address family not supported by protocol).
[W socket.cpp:697] [c10d] The client socket cannot be initialized to connect to [frontier07020.frontier.olcf.ornl.gov]:8889 (errno: 97 - Address family not supported by protocol).
[W socket.cpp:697] [c10d] The client socket cannot be initialized to connect to [frontier07020.frontier.olcf.ornl.gov]:8889 (errno: 97 - Address family not supported by protocol).
[W socket.cpp:697] [c10d] The client socket cannot be initialized to connect to [frontier07020.frontier.olcf.ornl.gov]:8889 (errno: 97 - Address family not supported by protocol).
[W socket.cpp:697] [c10d] The client socket cannot be initialized to connect to [frontier07020.frontier.olcf.ornl.gov]:8889 (errno: 97 - Address family not supported by protocol).
[W socket.cpp:697] [c10d] The client socket cannot be initialized to connect to [frontier07020.frontier.olcf.ornl.gov]:8889 (errno: 97 - Address family not supported by protocol).
[W socket.cpp:697] [c10d] The client socket cannot be initialized to connect to [frontier07020.frontier.olcf.ornl.gov]:8889 (errno: 97 - Address family not supported by protocol).
[W socket.cpp:697] [c10d] The client socket cannot be initialized to connect to [frontier07020.frontier.olcf.ornl.gov]:8889 (errno: 97 - Address family not supported by protocol).
[W socket.cpp:697] [c10d] The client socket cannot be initialized to connect to [frontier07020.frontier.olcf.ornl.gov]:8889 (errno: 97 - Address family not supported by protocol).
[W socket.cpp:697] [c10d] The client socket cannot be initialized to connect to [frontier07020.frontier.olcf.ornl.gov]:8889 (errno: 97 - Address family not supported by protocol).
[W socket.cpp:697] [c10d] The client socket cannot be initialized to connect to [frontier07020.frontier.olcf.ornl.gov]:8889 (errno: 97 - Address family not supported by protocol).
[W socket.cpp:697] [c10d] The client socket cannot be initialized to connect to [frontier07020.frontier.olcf.ornl.gov]:8889 (errno: 97 - Address family not supported by protocol).
[W socket.cpp:697] [c10d] The client socket cannot be initialized to connect to [frontier07020.frontier.olcf.ornl.gov]:8889 (errno: 97 - Address family not supported by protocol).
[W socket.cpp:697] [c10d] The client socket cannot be initialized to connect to [frontier07020.frontier.olcf.ornl.gov]:8889 (errno: 97 - Address family not supported by protocol).
[2024-08-08 00:47:10,260] [INFO] [comm.py:637:init_distributed] cdb=None
[2024-08-08 00:47:10,260] [INFO] [comm.py:637:init_distributed] cdb=None
[2024-08-08 00:47:10,260] [INFO] [comm.py:637:init_distributed] cdb=None
[2024-08-08 00:47:10,260] [INFO] [comm.py:637:init_distributed] cdb=None
[2024-08-08 00:47:10,260] [INFO] [comm.py:637:init_distributed] cdb=None
[2024-08-08 00:47:10,260] [INFO] [comm.py:637:init_distributed] cdb=None
[2024-08-08 00:47:10,260] [INFO] [comm.py:637:init_distributed] cdb=None
[2024-08-08 00:47:10,260] [INFO] [comm.py:637:init_distributed] cdb=None
[2024-08-08 00:47:10,271] [INFO] [comm.py:637:init_distributed] cdb=None
[2024-08-08 00:47:10,271] [INFO] [comm.py:637:init_distributed] cdb=None
[2024-08-08 00:47:10,271] [INFO] [comm.py:637:init_distributed] cdb=None
[2024-08-08 00:47:10,271] [INFO] [comm.py:637:init_distributed] cdb=None
[2024-08-08 00:47:10,271] [INFO] [comm.py:637:init_distributed] cdb=None
[2024-08-08 00:47:10,271] [INFO] [comm.py:637:init_distributed] cdb=None
[2024-08-08 00:47:10,271] [INFO] [comm.py:637:init_distributed] cdb=None
[2024-08-08 00:47:10,271] [INFO] [comm.py:637:init_distributed] cdb=None
[2024-08-08 00:47:10,274] [INFO] [comm.py:637:init_distributed] cdb=None
Distributed data parallel: nccl master at frontier07020:8889
[2024-08-08 00:47:10,274] [INFO] [comm.py:637:init_distributed] cdb=None
[2024-08-08 00:47:10,274] [INFO] [comm.py:637:init_distributed] cdb=None
[2024-08-08 00:47:10,274] [INFO] [comm.py:637:init_distributed] cdb=None
[2024-08-08 00:47:10,274] [INFO] [comm.py:637:init_distributed] cdb=None
[2024-08-08 00:47:10,274] [INFO] [comm.py:637:init_distributed] cdb=None
[2024-08-08 00:47:10,274] [INFO] [comm.py:637:init_distributed] cdb=None
[2024-08-08 00:47:10,274] [INFO] [comm.py:637:init_distributed] cdb=None
[2024-08-08 00:47:10,275] [INFO] [comm.py:668:init_distributed] Initializing TorchBackend in DeepSpeed with backend nccl
[W socket.cpp:697] [c10d] The client socket cannot be initialized to connect to [frontier07020.frontier.olcf.ornl.gov]:8889 (errno: 97 - Address family not supported by protocol).
[W socket.cpp:464] [c10d] The server socket cannot be initialized on [::]:8889 (errno: 97 - Address family not supported by protocol).
[W socket.cpp:697] [c10d] The client socket cannot be initialized to connect to [frontier07020.frontier.olcf.ornl.gov]:8889 (errno: 97 - Address family not supported by protocol).
[W socket.cpp:697] [c10d] The client socket cannot be initialized to connect to [frontier07020.frontier.olcf.ornl.gov]:8889 (errno: 97 - Address family not supported by protocol).
[W socket.cpp:697] [c10d] The client socket cannot be initialized to connect to [frontier07020.frontier.olcf.ornl.gov]:8889 (errno: 97 - Address family not supported by protocol).
[W socket.cpp:697] [c10d] The client socket cannot be initialized to connect to [frontier07020.frontier.olcf.ornl.gov]:8889 (errno: 97 - Address family not supported by protocol).
[2024-08-08 00:47:10,295] [INFO] [comm.py:637:init_distributed] cdb=None
[2024-08-08 00:47:10,295] [INFO] [comm.py:637:init_distributed] cdb=None
[2024-08-08 00:47:10,295] [INFO] [comm.py:637:init_distributed] cdb=None
[2024-08-08 00:47:10,295] [INFO] [comm.py:637:init_distributed] cdb=None
[2024-08-08 00:47:10,295] [INFO] [comm.py:637:init_distributed] cdb=None
[2024-08-08 00:47:10,295] [INFO] [comm.py:637:init_distributed] cdb=None
[2024-08-08 00:47:10,295] [INFO] [comm.py:637:init_distributed] cdb=None
[2024-08-08 00:47:10,295] [INFO] [comm.py:637:init_distributed] cdb=None
[W socket.cpp:697] [c10d] The client socket cannot be initialized to connect to [frontier07020.frontier.olcf.ornl.gov]:8889 (errno: 97 - Address family not supported by protocol).
[W socket.cpp:697] [c10d] The client socket cannot be initialized to connect to [frontier07020.frontier.olcf.ornl.gov]:8889 (errno: 97 - Address family not supported by protocol).
[W socket.cpp:697] [c10d] The client socket cannot be initialized to connect to [frontier07020.frontier.olcf.ornl.gov]:8889 (errno: 97 - Address family not supported by protocol).
[W socket.cpp:697] [c10d] The client socket cannot be initialized to connect to [frontier07020.frontier.olcf.ornl.gov]:8889 (errno: 97 - Address family not supported by protocol).
[W socket.cpp:697] [c10d] The client socket cannot be initialized to connect to [frontier07020.frontier.olcf.ornl.gov]:8889 (errno: 97 - Address family not supported by protocol).
[W socket.cpp:697] [c10d] The client socket cannot be initialized to connect to [frontier07020.frontier.olcf.ornl.gov]:8889 (errno: 97 - Address family not supported by protocol).
[W socket.cpp:697] [c10d] The client socket cannot be initialized to connect to [frontier07020.frontier.olcf.ornl.gov]:8889 (errno: 97 - Address family not supported by protocol).
[W socket.cpp:697] [c10d] The client socket cannot be initialized to connect to [frontier07020.frontier.olcf.ornl.gov]:8889 (errno: 97 - Address family not supported by protocol).
[W socket.cpp:697] [c10d] The client socket cannot be initialized to connect to [frontier07020.frontier.olcf.ornl.gov]:8889 (errno: 97 - Address family not supported by protocol).
[W socket.cpp:697] [c10d] The client socket cannot be initialized to connect to [frontier07020.frontier.olcf.ornl.gov]:8889 (errno: 97 - Address family not supported by protocol).
[W socket.cpp:697] [c10d] The client socket cannot be initialized to connect to [frontier07020.frontier.olcf.ornl.gov]:8889 (errno: 97 - Address family not supported by protocol).
[W socket.cpp:697] [c10d] The client socket cannot be initialized to connect to [frontier07020.frontier.olcf.ornl.gov]:8889 (errno: 97 - Address family not supported by protocol).
[W socket.cpp:697] [c10d] The client socket cannot be initialized to connect to [frontier07020.frontier.olcf.ornl.gov]:8889 (errno: 97 - Address family not supported by protocol).
[W socket.cpp:697] [c10d] The client socket cannot be initialized to connect to [frontier07020.frontier.olcf.ornl.gov]:8889 (errno: 97 - Address family not supported by protocol).
[W socket.cpp:697] [c10d] The client socket cannot be initialized to connect to [frontier07020.frontier.olcf.ornl.gov]:8889 (errno: 97 - Address family not supported by protocol).
[W socket.cpp:697] [c10d] The client socket cannot be initialized to connect to [frontier07020.frontier.olcf.ornl.gov]:8889 (errno: 97 - Address family not supported by protocol).
[W socket.cpp:697] [c10d] The client socket cannot be initialized to connect to [frontier07020.frontier.olcf.ornl.gov]:8889 (errno: 97 - Address family not supported by protocol).
[W socket.cpp:697] [c10d] The client socket cannot be initialized to connect to [frontier07020.frontier.olcf.ornl.gov]:8889 (errno: 97 - Address family not supported by protocol).
[W socket.cpp:697] [c10d] The client socket cannot be initialized to connect to [frontier07020.frontier.olcf.ornl.gov]:8889 (errno: 97 - Address family not supported by protocol).
[W socket.cpp:697] [c10d] The client socket cannot be initialized to connect to [frontier07020.frontier.olcf.ornl.gov]:8889 (errno: 97 - Address family not supported by protocol).
[W socket.cpp:697] [c10d] The client socket cannot be initialized to connect to [frontier07020.frontier.olcf.ornl.gov]:8889 (errno: 97 - Address family not supported by protocol).
[2024-08-08 00:47:10,377] [INFO] [comm.py:637:init_distributed] cdb=None
[2024-08-08 00:47:10,377] [INFO] [comm.py:637:init_distributed] cdb=None
[2024-08-08 00:47:10,378] [INFO] [comm.py:637:init_distributed] cdb=None
[2024-08-08 00:47:10,378] [INFO] [comm.py:637:init_distributed] cdb=None
[2024-08-08 00:47:10,378] [INFO] [comm.py:637:init_distributed] cdb=None
[2024-08-08 00:47:10,378] [INFO] [comm.py:637:init_distributed] cdb=None
[2024-08-08 00:47:10,378] [INFO] [comm.py:637:init_distributed] cdb=None
[2024-08-08 00:47:10,378] [INFO] [comm.py:637:init_distributed] cdb=None
[W socket.cpp:697] [c10d] The client socket cannot be initialized to connect to [frontier07020.frontier.olcf.ornl.gov]:8889 (errno: 97 - Address family not supported by protocol).
[W socket.cpp:697] [c10d] The client socket cannot be initialized to connect to [frontier07020.frontier.olcf.ornl.gov]:8889 (errno: 97 - Address family not supported by protocol).
[W socket.cpp:697] [c10d] The client socket cannot be initialized to connect to [frontier07020.frontier.olcf.ornl.gov]:8889 (errno: 97 - Address family not supported by protocol).
[W socket.cpp:697] [c10d] The client socket cannot be initialized to connect to [frontier07020.frontier.olcf.ornl.gov]:8889 (errno: 97 - Address family not supported by protocol).
[W socket.cpp:697] [c10d] The client socket cannot be initialized to connect to [frontier07020.frontier.olcf.ornl.gov]:8889 (errno: 97 - Address family not supported by protocol).
[W socket.cpp:697] [c10d] The client socket cannot be initialized to connect to [frontier07020.frontier.olcf.ornl.gov]:8889 (errno: 97 - Address family not supported by protocol).
[W socket.cpp:697] [c10d] The client socket cannot be initialized to connect to [frontier07020.frontier.olcf.ornl.gov]:8889 (errno: 97 - Address family not supported by protocol).
[W socket.cpp:697] [c10d] The client socket cannot be initialized to connect to [frontier07020.frontier.olcf.ornl.gov]:8889 (errno: 97 - Address family not supported by protocol).
[W socket.cpp:697] [c10d] The client socket cannot be initialized to connect to [frontier07020.frontier.olcf.ornl.gov]:8889 (errno: 97 - Address family not supported by protocol).
[W socket.cpp:697] [c10d] The client socket cannot be initialized to connect to [frontier07020.frontier.olcf.ornl.gov]:8889 (errno: 97 - Address family not supported by protocol).
[2024-08-08 00:47:10,473] [INFO] [comm.py:637:init_distributed] cdb=None
[2024-08-08 00:47:10,473] [INFO] [comm.py:637:init_distributed] cdb=None
[2024-08-08 00:47:10,473] [INFO] [comm.py:637:init_distributed] cdb=None
[2024-08-08 00:47:10,473] [INFO] [comm.py:637:init_distributed] cdb=None
[2024-08-08 00:47:10,473] [INFO] [comm.py:637:init_distributed] cdb=None
[2024-08-08 00:47:10,473] [INFO] [comm.py:637:init_distributed] cdb=None
[2024-08-08 00:47:10,473] [INFO] [comm.py:637:init_distributed] cdb=None
[2024-08-08 00:47:10,473] [INFO] [comm.py:637:init_distributed] cdb=None
[W socket.cpp:697] [c10d] The client socket cannot be initialized to connect to [frontier07020.frontier.olcf.ornl.gov]:8889 (errno: 97 - Address family not supported by protocol).
[W socket.cpp:697] [c10d] The client socket cannot be initialized to connect to [frontier07020.frontier.olcf.ornl.gov]:8889 (errno: 97 - Address family not supported by protocol).
[W socket.cpp:697] [c10d] The client socket cannot be initialized to connect to [frontier07020.frontier.olcf.ornl.gov]:8889 (errno: 97 - Address family not supported by protocol).
[W socket.cpp:697] [c10d] The client socket cannot be initialized to connect to [frontier07020.frontier.olcf.ornl.gov]:8889 (errno: 97 - Address family not supported by protocol).
[W socket.cpp:697] [c10d] The client socket cannot be initialized to connect to [frontier07020.frontier.olcf.ornl.gov]:8889 (errno: 97 - Address family not supported by protocol).
[W socket.cpp:697] [c10d] The client socket cannot be initialized to connect to [frontier07020.frontier.olcf.ornl.gov]:8889 (errno: 97 - Address family not supported by protocol).
[W socket.cpp:697] [c10d] The client socket cannot be initialized to connect to [frontier07020.frontier.olcf.ornl.gov]:8889 (errno: 97 - Address family not supported by protocol).
[W socket.cpp:697] [c10d] The client socket cannot be initialized to connect to [frontier07020.frontier.olcf.ornl.gov]:8889 (errno: 97 - Address family not supported by protocol).
[W socket.cpp:697] [c10d] The client socket cannot be initialized to connect to [frontier07020.frontier.olcf.ornl.gov]:8889 (errno: 97 - Address family not supported by protocol).
[W socket.cpp:697] [c10d] The client socket cannot be initialized to connect to [frontier07020.frontier.olcf.ornl.gov]:8889 (errno: 97 - Address family not supported by protocol).
[W socket.cpp:697] [c10d] The client socket cannot be initialized to connect to [frontier07020.frontier.olcf.ornl.gov]:8889 (errno: 97 - Address family not supported by protocol).
[W socket.cpp:697] [c10d] The client socket cannot be initialized to connect to [frontier07020.frontier.olcf.ornl.gov]:8889 (errno: 97 - Address family not supported by protocol).
0: Command: ./examples/multidataset/train_deepspeed_exportmem.py --multi_model_list=OC2022 --multi --num_epoch=1 --everyone --ddstore --log=exp-strongfull-LARGE_H4000-2204534-NN16-VANILLA --inputfile=LARGE_H4000_MTL.json --use_deepspeed

0: Adios reading: /lustre/orion/lrn031/scratch/zye327/HydraGNN_ds/./examples/multidataset/./dataset/OC2022.bp
0: Read attr time (sec):  0.00970149040222168
0: read and bcast: trainset/x/variable_count 0.2838902473449707
0: read and bcast: trainset/x/variable_offset 0.5718193054199219
0: read and bcast: trainset/x/variable_dim 0.5721256732940674
0: read and bcast: trainset/edge_index/variable_count 0.8589615821838379
0: read and bcast: trainset/edge_index/variable_offset 1.1475236415863037
0: read and bcast: trainset/edge_index/variable_dim 1.1649444103240967
0: read and bcast: trainset/edge_attr/variable_count 1.453216314315796
0: read and bcast: trainset/edge_attr/variable_offset 1.7433080673217773
0: read and bcast: trainset/edge_attr/variable_dim 1.758915662765503
0: read and bcast: trainset/pos/variable_count 2.0472168922424316
0: read and bcast: trainset/pos/variable_offset 2.338493824005127
0: read and bcast: trainset/pos/variable_dim 2.354121208190918
0: read and bcast: trainset/y/variable_count 2.6400842666625977
0: read and bcast: trainset/y/variable_offset 2.9275639057159424
0: read and bcast: trainset/y/variable_dim 2.9444169998168945
0: Overall time (sec):  2.954274892807007
0: DDStore adding time (sec):  0.0
0: Data loading time (sec):  2.965787649154663
0: Adios reading: /lustre/orion/lrn031/scratch/zye327/HydraGNN_ds/./examples/multidataset/./dataset/OC2022.bp
0: Read attr time (sec):  0.005793571472167969
0: read and bcast: valset/x/variable_count 0.03300762176513672
0: read and bcast: valset/x/variable_offset 0.0628194808959961
0: read and bcast: valset/x/variable_dim 0.0630941390991211
0: read and bcast: valset/edge_index/variable_count 0.09086775779724121
0: read and bcast: valset/edge_index/variable_offset 0.11883354187011719
0: read and bcast: valset/edge_index/variable_dim 0.11910247802734375
0: read and bcast: valset/edge_attr/variable_count 0.14702534675598145
0: read and bcast: valset/edge_attr/variable_offset 0.17474889755249023
0: read and bcast: valset/edge_attr/variable_dim 0.1750178337097168
0: read and bcast: valset/pos/variable_count 0.2031564712524414
0: read and bcast: valset/pos/variable_offset 0.23116564750671387
0: read and bcast: valset/pos/variable_dim 0.23143315315246582
0: read and bcast: valset/y/variable_count 0.258847713470459
0: read and bcast: valset/y/variable_offset 0.2875244617462158
0: read and bcast: valset/y/variable_dim 0.2877845764160156
0: Overall time (sec):  0.2937173843383789
0: DDStore adding time (sec):  0.0
0: Data loading time (sec):  0.2978696823120117
0: Adios reading: /lustre/orion/lrn031/scratch/zye327/HydraGNN_ds/./examples/multidataset/./dataset/OC2022.bp
0: Read attr time (sec):  0.005809783935546875
0: read and bcast: testset/x/variable_count 0.012989521026611328
0: read and bcast: testset/x/variable_offset 0.02598428726196289
0: read and bcast: testset/x/variable_dim 0.026124000549316406
0: read and bcast: testset/edge_index/variable_count 0.038988590240478516
0: read and bcast: testset/edge_index/variable_offset 0.05162930488586426
0: read and bcast: testset/edge_index/variable_dim 0.05177426338195801
0: read and bcast: testset/edge_attr/variable_count 0.06483316421508789
0: read and bcast: testset/edge_attr/variable_offset 0.07777070999145508
0: read and bcast: testset/edge_attr/variable_dim 0.07790994644165039
0: read and bcast: testset/pos/variable_count 0.09026265144348145
0: read and bcast: testset/pos/variable_offset 0.1028282642364502
0: read and bcast: testset/pos/variable_dim 0.10296893119812012
0: read and bcast: testset/y/variable_count 0.11550116539001465
0: read and bcast: testset/y/variable_offset 0.12831401824951172
0: read and bcast: testset/y/variable_dim 0.12845134735107422
0: Overall time (sec):  0.1344006061553955
0: DDStore adding time (sec):  0.0
0: Data loading time (sec):  0.1382598876953125
0: Adios preloading: /lustre/orion/lrn031/scratch/zye327/HydraGNN_ds/./examples/multidataset/./dataset/OC2022.bp
0: Adios reading time (sec):  1.7758076190948486
0: Adios preloading: /lustre/orion/lrn031/scratch/zye327/HydraGNN_ds/./examples/multidataset/./dataset/OC2022.bp
0: Adios reading time (sec):  0.19786810874938965
0: Adios preloading: /lustre/orion/lrn031/scratch/zye327/HydraGNN_ds/./examples/multidataset/./dataset/OC2022.bp
0: Adios reading time (sec):  0.09422850608825684
Loading:   0%|          | 0/59255 [00:00<?, ?it/s]Loading:   1%|          | 298/59255 [00:00<00:19, 2976.26it/s]Loading:   1%|          | 596/59255 [00:00<00:20, 2866.25it/s]Loading:   1%|▏         | 883/59255 [00:00<00:20, 2833.19it/s]Loading:   2%|▏         | 1167/59255 [00:00<00:31, 1836.45it/s]Loading:   2%|▏         | 1447/59255 [00:00<00:27, 2089.62it/s]Loading:   3%|▎         | 1739/59255 [00:00<00:24, 2315.45it/s]Loading:   3%|▎         | 2028/59255 [00:00<00:23, 2476.33it/s]Loading:   4%|▍         | 2311/59255 [00:00<00:22, 2576.70it/s]Loading:   4%|▍         | 2603/59255 [00:01<00:21, 2676.30it/s]Loading:   5%|▍         | 2904/59255 [00:01<00:20, 2772.16it/s]Loading:   5%|▌         | 3200/59255 [00:01<00:19, 2826.21it/s]Loading:   6%|▌         | 3492/59255 [00:01<00:19, 2851.76it/s]Loading:   6%|▋         | 3783/59255 [00:01<00:19, 2868.91it/s]Loading:   7%|▋         | 4073/59255 [00:01<00:19, 2877.16it/s]Loading:   7%|▋         | 4363/59255 [00:01<00:19, 2866.76it/s]Loading:   8%|▊         | 4658/59255 [00:01<00:18, 2891.22it/s]Loading:   8%|▊         | 4950/59255 [00:01<00:18, 2897.41it/s]Loading:   9%|▉         | 5241/59255 [00:01<00:18, 2878.89it/s]Loading:   9%|▉         | 5532/59255 [00:02<00:18, 2887.53it/s]Loading:  10%|▉         | 5829/59255 [00:02<00:18, 2911.28it/s]Loading:  10%|█         | 6126/59255 [00:02<00:18, 2926.94it/s]Loading:  11%|█         | 6419/59255 [00:02<00:18, 2898.97it/s]Loading:  11%|█▏        | 6710/59255 [00:02<00:18, 2869.69it/s]Loading:  12%|█▏        | 7002/59255 [00:02<00:18, 2881.64it/s]Loading:  12%|█▏        | 7291/59255 [00:02<00:18, 2882.42it/s]Loading:  13%|█▎        | 7586/59255 [00:02<00:17, 2899.55it/s]Loading:  13%|█▎        | 7877/59255 [00:02<00:17, 2874.62it/s]Loading:  14%|█▍        | 8165/59255 [00:02<00:17, 2863.08it/s]Loading:  14%|█▍        | 8452/59255 [00:03<00:17, 2863.08it/s]Loading:  15%|█▍        | 8740/59255 [00:03<00:17, 2865.65it/s]Loading:  15%|█▌        | 9031/59255 [00:03<00:17, 2878.36it/s]Loading:  16%|█▌        | 9319/59255 [00:03<00:17, 2865.70it/s]Loading:  16%|█▌        | 9614/59255 [00:03<00:17, 2890.34it/s]Loading:  17%|█▋        | 9910/59255 [00:03<00:16, 2910.66it/s]Loading:  17%|█▋        | 10202/59255 [00:03<00:16, 2901.22it/s]Loading:  18%|█▊        | 10493/59255 [00:03<00:16, 2869.72it/s]Loading:  18%|█▊        | 10781/59255 [00:03<00:17, 2850.40it/s]Loading:  19%|█▊        | 11074/59255 [00:03<00:16, 2872.62it/s]Loading:  19%|█▉        | 11364/59255 [00:04<00:16, 2879.60it/s]Loading:  20%|█▉        | 11659/59255 [00:04<00:16, 2898.83it/s]Loading:  20%|██        | 11956/59255 [00:04<00:16, 2916.98it/s]Loading:  21%|██        | 12248/59255 [00:04<00:23, 1991.70it/s]Loading:  21%|██        | 12534/59255 [00:04<00:21, 2185.70it/s]Loading:  22%|██▏       | 12828/59255 [00:04<00:19, 2368.74it/s]Loading:  22%|██▏       | 13135/59255 [00:04<00:18, 2547.42it/s]Loading:  23%|██▎       | 13418/59255 [00:04<00:17, 2621.95it/s]Loading:  23%|██▎       | 13697/59255 [00:05<00:17, 2667.01it/s]Loading:  24%|██▎       | 13976/59255 [00:05<00:16, 2698.07it/s]Loading:  24%|██▍       | 14265/59255 [00:05<00:16, 2752.54it/s]Loading:  25%|██▍       | 14554/59255 [00:05<00:16, 2790.39it/s]Loading:  25%|██▌       | 14843/59255 [00:05<00:15, 2818.04it/s]Loading:  26%|██▌       | 15134/59255 [00:05<00:15, 2843.86it/s]Loading:  26%|██▌       | 15422/59255 [00:05<00:15, 2853.87it/s]Loading:  27%|██▋       | 15715/59255 [00:05<00:15, 2875.79it/s]Loading:  27%|██▋       | 16004/59255 [00:05<00:15, 2875.31it/s]Loading:  28%|██▊       | 16300/59255 [00:05<00:14, 2898.83it/s]Loading:  28%|██▊       | 16591/59255 [00:06<00:14, 2879.79it/s]Loading:  28%|██▊       | 16880/59255 [00:06<00:14, 2864.27it/s]Loading:  29%|██▉       | 17167/59255 [00:06<00:14, 2862.63it/s]Loading:  29%|██▉       | 17463/59255 [00:06<00:14, 2890.00it/s]Loading:  30%|██▉       | 17753/59255 [00:06<00:14, 2881.99it/s]Loading:  30%|███       | 18042/59255 [00:06<00:14, 2867.80it/s]Loading:  31%|███       | 18329/59255 [00:06<00:14, 2851.79it/s]Loading:  31%|███▏      | 18618/59255 [00:06<00:14, 2860.85it/s]Loading:  32%|███▏      | 18905/59255 [00:06<00:14, 2861.66it/s]Loading:  32%|███▏      | 19194/59255 [00:06<00:13, 2867.40it/s]Loading:  33%|███▎      | 19481/59255 [00:07<00:13, 2858.74it/s]Loading:  33%|███▎      | 19770/59255 [00:07<00:13, 2867.13it/s]Loading:  34%|███▍      | 20060/59255 [00:07<00:13, 2874.94it/s]Loading:  34%|███▍      | 20348/59255 [00:07<00:13, 2865.66it/s]Loading:  35%|███▍      | 20635/59255 [00:07<00:13, 2844.42it/s]Loading:  35%|███▌      | 20936/59255 [00:07<00:13, 2891.87it/s]Loading:  36%|███▌      | 21230/59255 [00:07<00:13, 2905.85it/s]Loading:  36%|███▋      | 21521/59255 [00:07<00:13, 2899.19it/s]Loading:  37%|███▋      | 21817/59255 [00:07<00:12, 2916.74it/s]Loading:  37%|███▋      | 22110/59255 [00:07<00:12, 2918.44it/s]Loading:  38%|███▊      | 22410/59255 [00:08<00:12, 2942.02it/s]Loading:  38%|███▊      | 22706/59255 [00:08<00:12, 2946.10it/s]Loading:  39%|███▉      | 23001/59255 [00:08<00:12, 2939.64it/s]Loading:  39%|███▉      | 23295/59255 [00:08<00:12, 2939.45it/s]Loading:  40%|███▉      | 23589/59255 [00:08<00:12, 2909.50it/s]Loading:  40%|████      | 23881/59255 [00:08<00:12, 2883.56it/s]Loading:  41%|████      | 24170/59255 [00:08<00:12, 2842.65it/s]Loading:  41%|████▏     | 24455/59255 [00:08<00:12, 2821.79it/s]Loading:  42%|████▏     | 24738/59255 [00:08<00:12, 2822.25it/s]Loading:  42%|████▏     | 25038/59255 [00:08<00:11, 2874.62it/s]Loading:  43%|████▎     | 25330/59255 [00:09<00:11, 2885.53it/s]Loading:  43%|████▎     | 25621/59255 [00:09<00:11, 2890.91it/s]Loading:  44%|████▎     | 25912/59255 [00:09<00:11, 2895.82it/s]Loading:  44%|████▍     | 26202/59255 [00:09<00:17, 1887.51it/s]Loading:  45%|████▍     | 26486/59255 [00:09<00:15, 2093.20it/s]Loading:  45%|████▌     | 26763/59255 [00:09<00:14, 2253.54it/s]Loading:  46%|████▌     | 27049/59255 [00:09<00:13, 2405.34it/s]Loading:  46%|████▌     | 27344/59255 [00:09<00:12, 2548.35it/s]Loading:  47%|████▋     | 27634/59255 [00:10<00:11, 2642.67it/s]Loading:  47%|████▋     | 27914/59255 [00:10<00:11, 2686.02it/s]Loading:  48%|████▊     | 28197/59255 [00:10<00:11, 2726.40it/s]Loading:  48%|████▊     | 28486/59255 [00:10<00:11, 2771.90it/s]Loading:  49%|████▊     | 28786/59255 [00:10<00:10, 2836.45it/s]Loading:  49%|████▉     | 29074/59255 [00:10<00:10, 2826.04it/s]Loading:  50%|████▉     | 29361/59255 [00:10<00:10, 2837.04it/s]Loading:  50%|█████     | 29652/59255 [00:10<00:10, 2857.73it/s]Loading:  51%|█████     | 29948/59255 [00:10<00:10, 2885.96it/s]Loading:  51%|█████     | 30238/59255 [00:10<00:10, 2884.96it/s]Loading:  52%|█████▏    | 30532/59255 [00:11<00:09, 2898.88it/s]Loading:  52%|█████▏    | 30835/59255 [00:11<00:09, 2936.90it/s]Loading:  53%|█████▎    | 31137/59255 [00:11<00:09, 2959.65it/s]Loading:  53%|█████▎    | 31437/59255 [00:11<00:09, 2970.35it/s]Loading:  54%|█████▎    | 31735/59255 [00:11<00:09, 2908.52it/s]Loading:  54%|█████▍    | 32027/59255 [00:11<00:09, 2903.08it/s]Loading:  55%|█████▍    | 32318/59255 [00:11<00:09, 2900.88it/s]Loading:  55%|█████▌    | 32609/59255 [00:11<00:09, 2903.52it/s]Loading:  56%|█████▌    | 32905/59255 [00:11<00:09, 2918.35it/s]Loading:  56%|█████▌    | 33197/59255 [00:11<00:09, 2877.06it/s]Loading:  57%|█████▋    | 33485/59255 [00:12<00:09, 2851.56it/s]Loading:  57%|█████▋    | 33771/59255 [00:12<00:09, 2821.84it/s]Loading:  57%|█████▋    | 34060/59255 [00:12<00:08, 2841.06it/s]Loading:  58%|█████▊    | 34346/59255 [00:12<00:08, 2845.06it/s]Loading:  58%|█████▊    | 34642/59255 [00:12<00:08, 2878.77it/s]Loading:  59%|█████▉    | 34934/59255 [00:12<00:08, 2889.72it/s]Loading:  59%|█████▉    | 35232/59255 [00:12<00:08, 2916.44it/s]Loading:  60%|█████▉    | 35524/59255 [00:12<00:08, 2913.46it/s]Loading:  60%|██████    | 35816/59255 [00:12<00:08, 2889.06it/s]Loading:  61%|██████    | 36105/59255 [00:12<00:08, 2876.80it/s]Loading:  61%|██████▏   | 36401/59255 [00:13<00:07, 2901.02it/s]Loading:  62%|██████▏   | 36692/59255 [00:13<00:07, 2890.80it/s]Loading:  62%|██████▏   | 36987/59255 [00:13<00:07, 2906.05it/s]Loading:  63%|██████▎   | 37278/59255 [00:13<00:07, 2899.03it/s]Loading:  63%|██████▎   | 37574/59255 [00:13<00:07, 2914.68it/s]Loading:  64%|██████▍   | 37866/59255 [00:13<00:07, 2901.26it/s]Loading:  64%|██████▍   | 38157/59255 [00:13<00:07, 2877.92it/s]Loading:  65%|██████▍   | 38446/59255 [00:13<00:07, 2880.53it/s]Loading:  65%|██████▌   | 38735/59255 [00:13<00:07, 2882.98it/s]Loading:  66%|██████▌   | 39024/59255 [00:13<00:07, 2876.76it/s]Loading:  66%|██████▋   | 39315/59255 [00:14<00:06, 2885.10it/s]Loading:  67%|██████▋   | 39607/59255 [00:14<00:06, 2892.79it/s]Loading:  67%|██████▋   | 39898/59255 [00:14<00:06, 2896.35it/s]Loading:  68%|██████▊   | 40190/59255 [00:14<00:06, 2902.88it/s]Loading:  68%|██████▊   | 40488/59255 [00:14<00:06, 2925.84it/s]Loading:  69%|██████▉   | 40785/59255 [00:14<00:06, 2937.53it/s]Loading:  69%|██████▉   | 41080/59255 [00:14<00:06, 2939.71it/s]Loading:  70%|██████▉   | 41374/59255 [00:14<00:06, 2907.78it/s]Loading:  70%|███████   | 41665/59255 [00:14<00:06, 2894.74it/s]Loading:  71%|███████   | 41962/59255 [00:15<00:05, 2914.62it/s]Loading:  71%|███████▏  | 42258/59255 [00:15<00:05, 2927.31it/s]Loading:  72%|███████▏  | 42553/59255 [00:15<00:05, 2933.66it/s]Loading:  72%|███████▏  | 42847/59255 [00:15<00:05, 2909.16it/s]Loading:  73%|███████▎  | 43138/59255 [00:15<00:05, 2899.05it/s]Loading:  73%|███████▎  | 43428/59255 [00:15<00:08, 1763.31it/s]Loading:  74%|███████▍  | 43714/59255 [00:15<00:07, 1987.37it/s]Loading:  74%|███████▍  | 44001/59255 [00:15<00:06, 2186.50it/s]Loading:  75%|███████▍  | 44287/59255 [00:16<00:06, 2349.19it/s]Loading:  75%|███████▌  | 44572/59255 [00:16<00:05, 2477.22it/s]Loading:  76%|███████▌  | 44858/59255 [00:16<00:05, 2579.54it/s]Loading:  76%|███████▌  | 45149/59255 [00:16<00:05, 2670.91it/s]Loading:  77%|███████▋  | 45439/59255 [00:16<00:05, 2735.00it/s]Loading:  77%|███████▋  | 45723/59255 [00:16<00:04, 2751.40it/s]Loading:  78%|███████▊  | 46017/59255 [00:16<00:04, 2803.79it/s]Loading:  78%|███████▊  | 46308/59255 [00:16<00:04, 2834.82it/s]Loading:  79%|███████▊  | 46602/59255 [00:16<00:04, 2864.38it/s]Loading:  79%|███████▉  | 46896/59255 [00:16<00:04, 2886.72it/s]Loading:  80%|███████▉  | 47190/59255 [00:17<00:04, 2900.32it/s]Loading:  80%|████████  | 47482/59255 [00:17<00:04, 2905.27it/s]Loading:  81%|████████  | 47779/59255 [00:17<00:03, 2924.33it/s]Loading:  81%|████████  | 48073/59255 [00:17<00:03, 2915.84it/s]Loading:  82%|████████▏ | 48366/59255 [00:17<00:03, 2912.24it/s]Loading:  82%|████████▏ | 48658/59255 [00:17<00:03, 2902.49it/s]Loading:  83%|████████▎ | 48949/59255 [00:17<00:03, 2896.77it/s]Loading:  83%|████████▎ | 49242/59255 [00:17<00:03, 2906.44it/s]Loading:  84%|████████▎ | 49536/59255 [00:17<00:03, 2915.41it/s]Loading:  84%|████████▍ | 49828/59255 [00:17<00:03, 2909.14it/s]Loading:  85%|████████▍ | 50119/59255 [00:18<00:03, 2883.69it/s]Loading:  85%|████████▌ | 50408/59255 [00:18<00:03, 2875.00it/s]Loading:  86%|████████▌ | 50706/59255 [00:18<00:02, 2906.09it/s]Loading:  86%|████████▌ | 50997/59255 [00:18<00:02, 2870.52it/s]Loading:  87%|████████▋ | 51285/59255 [00:18<00:02, 2833.34it/s]Loading:  87%|████████▋ | 51571/59255 [00:18<00:02, 2839.92it/s]Loading:  88%|████████▊ | 51864/59255 [00:18<00:02, 2865.57it/s]Loading:  88%|████████▊ | 52153/59255 [00:18<00:02, 2872.36it/s]Loading:  89%|████████▊ | 52441/59255 [00:18<00:02, 2863.17it/s]Loading:  89%|████████▉ | 52730/59255 [00:18<00:02, 2870.44it/s]Loading:  89%|████████▉ | 53022/59255 [00:19<00:02, 2882.61it/s]Loading:  90%|████████▉ | 53311/59255 [00:19<00:02, 2882.57it/s]Loading:  90%|█████████ | 53602/59255 [00:19<00:01, 2890.33it/s]Loading:  91%|█████████ | 53897/59255 [00:19<00:01, 2908.10it/s]Loading:  91%|█████████▏| 54188/59255 [00:19<00:01, 2906.36it/s]Loading:  92%|█████████▏| 54486/59255 [00:19<00:01, 2925.33it/s]Loading:  92%|█████████▏| 54779/59255 [00:19<00:01, 2909.09it/s]Loading:  93%|█████████▎| 55076/59255 [00:19<00:01, 2924.79it/s]Loading:  93%|█████████▎| 55369/59255 [00:19<00:01, 2904.34it/s]Loading:  94%|█████████▍| 55660/59255 [00:19<00:01, 2878.12it/s]Loading:  94%|█████████▍| 55948/59255 [00:20<00:01, 2855.42it/s]Loading:  95%|█████████▍| 56240/59255 [00:20<00:01, 2874.43it/s]Loading:  95%|█████████▌| 56532/59255 [00:20<00:00, 2885.70it/s]Loading:  96%|█████████▌| 56821/59255 [00:20<00:00, 2874.45it/s]Loading:  96%|█████████▋| 57109/59255 [00:20<00:00, 2875.03it/s]Loading:  97%|█████████▋| 57397/59255 [00:20<00:00, 2868.25it/s]Loading:  97%|█████████▋| 57684/59255 [00:20<00:00, 2867.42it/s]Loading:  98%|█████████▊| 57973/59255 [00:20<00:00, 2874.14it/s]Loading:  98%|█████████▊| 58275/59255 [00:20<00:00, 2916.19it/s]Loading:  99%|█████████▉| 58569/59255 [00:20<00:00, 2922.24it/s]Loading:  99%|█████████▉| 58862/59255 [00:21<00:00, 2866.60it/s]Loading: 100%|█████████▉| 59149/59255 [00:21<00:00, 2854.93it/s]Loading: 100%|██████████| 59255/59255 [00:21<00:00, 2793.66it/s]
0: DDStore add: ('trainset/edge_attr', 0, dtype('float32'), (128224860, 1), 547075400.0, 0.47767482697963715)
0: DDStore add: ('trainset/edge_index', 1, dtype('int64'), (128224860, 2), 11878652361, 1.9106993079185486)
0: DDStore add: ('trainset/pos', 0, dtype('float32'), (4795746, 3), 150768850.0, 0.05359663814306259)
0: DDStore add: ('trainset/x', 0, dtype('float32'), (4795746, 4), 252415140.0, 0.07146218419075012)
0: DDStore add: ('trainset/y', 0, dtype('float32'), (14446493, 1), -357729.47, 0.05381738021969795)
0: DDStore add: ('trainset/y_loc', 0, dtype('int64'), (59255, 3), 14505748, 0.0013244524598121643)
0: DDStore total (GB): 2.5685747899115086
Loading:   0%|          | 0/6585 [00:00<?, ?it/s]Loading:   5%|▍         | 315/6585 [00:00<00:01, 3140.87it/s]Loading:  10%|▉         | 634/6585 [00:00<00:01, 3168.66it/s]Loading:  14%|█▍        | 952/6585 [00:00<00:01, 3169.00it/s]Loading:  19%|█▉        | 1269/6585 [00:00<00:01, 3152.76it/s]Loading:  24%|██▍       | 1585/6585 [00:00<00:01, 3127.43it/s]Loading:  29%|██▉       | 1898/6585 [00:00<00:01, 3013.36it/s]Loading:  33%|███▎      | 2201/6585 [00:00<00:01, 2976.09it/s]Loading:  38%|███▊      | 2500/6585 [00:00<00:01, 2957.09it/s]Loading:  43%|████▎     | 2801/6585 [00:00<00:01, 2970.79it/s]Loading:  47%|████▋     | 3099/6585 [00:01<00:01, 2939.64it/s]Loading:  52%|█████▏    | 3394/6585 [00:01<00:01, 1653.90it/s]Loading:  56%|█████▌    | 3691/6585 [00:01<00:01, 1908.69it/s]Loading:  60%|██████    | 3983/6585 [00:01<00:01, 2126.33it/s]Loading:  65%|██████▍   | 4272/6585 [00:01<00:01, 2305.30it/s]Loading:  69%|██████▉   | 4552/6585 [00:01<00:00, 2428.29it/s]Loading:  74%|███████▎  | 4842/6585 [00:01<00:00, 2551.76it/s]Loading:  78%|███████▊  | 5123/6585 [00:01<00:00, 2621.80it/s]Loading:  82%|████████▏ | 5409/6585 [00:02<00:00, 2687.26it/s]Loading:  87%|████████▋ | 5714/6585 [00:02<00:00, 2791.00it/s]Loading:  91%|█████████ | 6004/6585 [00:02<00:00, 2820.15it/s]Loading:  96%|█████████▌| 6304/6585 [00:02<00:00, 2870.73it/s]Loading: 100%|██████████| 6585/6585 [00:02<00:00, 2648.09it/s]
0: DDStore add: ('valset/edge_attr', 0, dtype('float32'), (13671208, 1), 58309930.0, 0.05092921853065491)
0: DDStore add: ('valset/edge_index', 1, dtype('int64'), (13671208, 2), 1328668416, 0.20371687412261963)
0: DDStore add: ('valset/pos', 0, dtype('float32'), (526425, 3), 17769488.0, 0.005883257836103439)
0: DDStore add: ('valset/x', 0, dtype('float32'), (526425, 4), 31238396.0, 0.007844343781471252)
0: DDStore add: ('valset/y', 0, dtype('float32'), (1585860, 1), -42179.387, 0.005907788872718811)
0: DDStore add: ('valset/y_loc', 0, dtype('int64'), (6585, 3), 1592445, 0.00014718621969223022)
0: DDStore total (GB): 0.27442866936326027
Loading:   0%|          | 0/3183 [00:00<?, ?it/s]Loading:  10%|▉         | 316/3183 [00:00<00:00, 3158.09it/s]Loading:  20%|█▉        | 634/3183 [00:00<00:00, 3165.41it/s]Loading:  30%|██▉       | 951/3183 [00:00<00:00, 3144.39it/s]Loading:  40%|███▉      | 1266/3183 [00:00<00:00, 3138.12it/s]Loading:  50%|████▉     | 1583/3183 [00:00<00:00, 3148.11it/s]Loading:  60%|█████▉    | 1898/3183 [00:00<00:00, 3085.17it/s]Loading:  69%|██████▉   | 2207/3183 [00:00<00:00, 3021.90it/s]Loading:  79%|███████▉  | 2510/3183 [00:00<00:00, 3011.99it/s]Loading:  88%|████████▊ | 2812/3183 [00:00<00:00, 2998.66it/s]Loading:  98%|█████████▊| 3112/3183 [00:01<00:00, 2990.30it/s]Loading: 100%|██████████| 3183/3183 [00:01<00:00, 3049.24it/s]
0: DDStore add: ('testset/edge_attr', 0, dtype('float32'), (6685284, 1), 28360668.0, 0.02490462362766266)
0: DDStore add: ('testset/edge_index', 1, dtype('int64'), (6685284, 2), 557089918, 0.09961849451065063)
0: DDStore add: ('testset/pos', 0, dtype('float32'), (241919, 3), 7302729.0, 0.0027036555111408234)
0: DDStore add: ('testset/x', 0, dtype('float32'), (241919, 4), 12574320.0, 0.003604874014854431)
0: DDStore add: ('testset/y', 0, dtype('float32'), (728940, 1), -19235.979, 0.0027155131101608276)
0: DDStore add: ('testset/y_loc', 0, dtype('int64'), (3183, 3), 732123, 7.114559412002563e-05)
0: DDStore total (GB): 0.1336183063685894
0: trainset,valset,testset size: 7584541 842810 407409
0: Using GPU
0:           graph_convs.0.module_0.edge_mlp.0.weight	          [4000, 10]	     40000
0:             graph_convs.0.module_0.edge_mlp.0.bias	              [4000]	      4000
0:           graph_convs.0.module_0.edge_mlp.2.weight	        [4000, 4000]	  16000000
0:             graph_convs.0.module_0.edge_mlp.2.bias	              [4000]	      4000
0:           graph_convs.0.module_0.node_mlp.0.weight	        [4000, 4004]	  16016000
0:             graph_convs.0.module_0.node_mlp.0.bias	              [4000]	      4000
0:           graph_convs.0.module_0.node_mlp.2.weight	        [4000, 4000]	  16000000
0:             graph_convs.0.module_0.node_mlp.2.bias	              [4000]	      4000
0:          graph_convs.0.module_0.coord_mlp.0.weight	        [4000, 4000]	  16000000
0:            graph_convs.0.module_0.coord_mlp.0.bias	              [4000]	      4000
0:          graph_convs.0.module_0.coord_mlp.2.weight	           [1, 4000]	      4000
0:           graph_convs.1.module_0.edge_mlp.0.weight	        [4000, 8002]	  32008000
0:             graph_convs.1.module_0.edge_mlp.0.bias	              [4000]	      4000
0:           graph_convs.1.module_0.edge_mlp.2.weight	        [4000, 4000]	  16000000
0:             graph_convs.1.module_0.edge_mlp.2.bias	              [4000]	      4000
0:           graph_convs.1.module_0.node_mlp.0.weight	        [4000, 8000]	  32000000
0:             graph_convs.1.module_0.node_mlp.0.bias	              [4000]	      4000
0:           graph_convs.1.module_0.node_mlp.2.weight	        [4000, 4000]	  16000000
0:             graph_convs.1.module_0.node_mlp.2.bias	              [4000]	      4000
0:          graph_convs.1.module_0.coord_mlp.0.weight	        [4000, 4000]	  16000000
0:            graph_convs.1.module_0.coord_mlp.0.bias	              [4000]	      4000
0:          graph_convs.1.module_0.coord_mlp.2.weight	           [1, 4000]	      4000
0:           graph_convs.2.module_0.edge_mlp.0.weight	        [4000, 8002]	  32008000
0:             graph_convs.2.module_0.edge_mlp.0.bias	              [4000]	      4000
0:           graph_convs.2.module_0.edge_mlp.2.weight	        [4000, 4000]	  16000000
0:             graph_convs.2.module_0.edge_mlp.2.bias	              [4000]	      4000
0:           graph_convs.2.module_0.node_mlp.0.weight	        [4000, 8000]	  32000000
0:             graph_convs.2.module_0.node_mlp.0.bias	              [4000]	      4000
0:           graph_convs.2.module_0.node_mlp.2.weight	        [4000, 4000]	  16000000
0:             graph_convs.2.module_0.node_mlp.2.bias	              [4000]	      4000
0:          graph_convs.2.module_0.coord_mlp.0.weight	        [4000, 4000]	  16000000
0:            graph_convs.2.module_0.coord_mlp.0.bias	              [4000]	      4000
0:          graph_convs.2.module_0.coord_mlp.2.weight	           [1, 4000]	      4000
0:           graph_convs.3.module_0.edge_mlp.0.weight	        [4000, 8002]	  32008000
0:             graph_convs.3.module_0.edge_mlp.0.bias	              [4000]	      4000
0:           graph_convs.3.module_0.edge_mlp.2.weight	        [4000, 4000]	  16000000
0:             graph_convs.3.module_0.edge_mlp.2.bias	              [4000]	      4000
0:           graph_convs.3.module_0.node_mlp.0.weight	        [4000, 8000]	  32000000
0:             graph_convs.3.module_0.node_mlp.0.bias	              [4000]	      4000
0:           graph_convs.3.module_0.node_mlp.2.weight	        [4000, 4000]	  16000000
0:             graph_convs.3.module_0.node_mlp.2.bias	              [4000]	      4000
0:          graph_convs.3.module_0.coord_mlp.0.weight	        [4000, 4000]	  16000000
0:            graph_convs.3.module_0.coord_mlp.0.bias	              [4000]	      4000
0:          graph_convs.3.module_0.coord_mlp.2.weight	           [1, 4000]	      4000
0:           graph_convs.4.module_0.edge_mlp.0.weight	        [4000, 8002]	  32008000
0:             graph_convs.4.module_0.edge_mlp.0.bias	              [4000]	      4000
0:           graph_convs.4.module_0.edge_mlp.2.weight	        [4000, 4000]	  16000000
0:             graph_convs.4.module_0.edge_mlp.2.bias	              [4000]	      4000
0:           graph_convs.4.module_0.node_mlp.0.weight	        [4000, 8000]	  32000000
0:             graph_convs.4.module_0.node_mlp.0.bias	              [4000]	      4000
0:           graph_convs.4.module_0.node_mlp.2.weight	        [4000, 4000]	  16000000
0:             graph_convs.4.module_0.node_mlp.2.bias	              [4000]	      4000
0:          graph_convs.4.module_0.coord_mlp.0.weight	        [4000, 4000]	  16000000
0:            graph_convs.4.module_0.coord_mlp.0.bias	              [4000]	      4000
0:          graph_convs.4.module_0.coord_mlp.2.weight	           [1, 4000]	      4000
0:           graph_convs.5.module_0.edge_mlp.0.weight	        [4000, 8002]	  32008000
0:             graph_convs.5.module_0.edge_mlp.0.bias	              [4000]	      4000
0:           graph_convs.5.module_0.edge_mlp.2.weight	        [4000, 4000]	  16000000
0:             graph_convs.5.module_0.edge_mlp.2.bias	              [4000]	      4000
0:           graph_convs.5.module_0.node_mlp.0.weight	        [4000, 8000]	  32000000
0:             graph_convs.5.module_0.node_mlp.0.bias	              [4000]	      4000
0:           graph_convs.5.module_0.node_mlp.2.weight	        [4000, 4000]	  16000000
0:             graph_convs.5.module_0.node_mlp.2.bias	              [4000]	      4000
0:                                heads_NN.0.0.weight	        [1000, 1000]	   1000000
0:                                  heads_NN.0.0.bias	              [1000]	      1000
0:                                heads_NN.0.2.weight	        [1000, 1000]	   1000000
0:                                  heads_NN.0.2.bias	              [1000]	      1000
0:                                heads_NN.0.4.weight	        [1000, 1000]	   1000000
0:                                  heads_NN.0.4.bias	              [1000]	      1000
0:                                heads_NN.0.6.weight	           [1, 1000]	      1000
0:                                  heads_NN.0.6.bias	                 [1]	         1
0:                          heads_NN.1.mlp.0.0.weight	        [1000, 4000]	   4000000
0:                            heads_NN.1.mlp.0.0.bias	              [1000]	      1000
0:                          heads_NN.1.mlp.0.2.weight	        [1000, 1000]	   1000000
0:                            heads_NN.1.mlp.0.2.bias	              [1000]	      1000
0:                          heads_NN.1.mlp.0.4.weight	        [1000, 1000]	   1000000
0:                            heads_NN.1.mlp.0.4.bias	              [1000]	      1000
0:                          heads_NN.1.mlp.0.6.weight	           [3, 1000]	      3000
0:                            heads_NN.1.mlp.0.6.bias	                 [3]	         3
0:                              graph_shared.0.weight	        [1000, 4000]	   4000000
0:                                graph_shared.0.bias	              [1000]	      1000
0:                              graph_shared.2.weight	        [1000, 1000]	   1000000
0:                                graph_shared.2.bias	              [1000]	      1000
0:                              graph_shared.4.weight	        [1000, 1000]	   1000000
0:                                graph_shared.4.bias	              [1000]	      1000
0: --------------------------------------------------
0:                                              Total	                    	 623245004
0: All (total, MB): 623245004 2377.49
[2024-08-08 00:47:55,013] [INFO] [logging.py:96:log_dist] [Rank 0] DeepSpeed info: version=0.14.4, git-hash=unknown, git-branch=unknown
[2024-08-08 00:47:55,295] [INFO] [logging.py:96:log_dist] [Rank 0] DeepSpeed Flops Profiler Enabled: False
[2024-08-08 00:47:55,296] [INFO] [logging.py:96:log_dist] [Rank 0] Using client Optimizer as basic optimizer
[2024-08-08 00:47:55,296] [INFO] [logging.py:96:log_dist] [Rank 0] Removing param_group that has no 'params' in the basic Optimizer
[2024-08-08 00:47:55,297] [INFO] [logging.py:96:log_dist] [Rank 0] DeepSpeed Basic Optimizer = AdamW
[2024-08-08 00:47:55,297] [INFO] [logging.py:96:log_dist] [Rank 0] DeepSpeed Final Optimizer = AdamW
[2024-08-08 00:47:55,297] [INFO] [logging.py:96:log_dist] [Rank 0] DeepSpeed using client LR scheduler
[2024-08-08 00:47:55,297] [INFO] [logging.py:96:log_dist] [Rank 0] DeepSpeed LR Scheduler = None
[2024-08-08 00:47:55,297] [INFO] [logging.py:96:log_dist] [Rank 0] step=0, skipped=0, lr=[1e-05], mom=[(0.9, 0.999)]
[2024-08-08 00:47:55,297] [INFO] [config.py:997:print] DeepSpeedEngine configuration:
[2024-08-08 00:47:55,297] [INFO] [config.py:1001:print]   activation_checkpointing_config  {
    "partition_activations": false, 
    "contiguous_memory_optimization": false, 
    "cpu_checkpointing": false, 
    "number_checkpoints": null, 
    "synchronize_checkpoint_boundary": false, 
    "profile": false
}
[2024-08-08 00:47:55,297] [INFO] [config.py:1001:print]   aio_config ................... {'block_size': 1048576, 'queue_depth': 8, 'thread_count': 1, 'single_submit': False, 'overlap_events': True}
[2024-08-08 00:47:55,297] [INFO] [config.py:1001:print]   amp_enabled .................. False
[2024-08-08 00:47:55,297] [INFO] [config.py:1001:print]   amp_params ................... False
[2024-08-08 00:47:55,298] [INFO] [config.py:1001:print]   autotuning_config ............ {
    "enabled": false, 
    "start_step": null, 
    "end_step": null, 
    "metric_path": null, 
    "arg_mappings": null, 
    "metric": "throughput", 
    "model_info": null, 
    "results_dir": "autotuning_results", 
    "exps_dir": "autotuning_exps", 
    "overwrite": true, 
    "fast": true, 
    "start_profile_step": 3, 
    "end_profile_step": 5, 
    "tuner_type": "gridsearch", 
    "tuner_early_stopping": 5, 
    "tuner_num_trials": 50, 
    "model_info_path": null, 
    "mp_size": 1, 
    "max_train_batch_size": null, 
    "min_train_batch_size": 1, 
    "max_train_micro_batch_size_per_gpu": 1.024000e+03, 
    "min_train_micro_batch_size_per_gpu": 1, 
    "num_tuning_micro_batch_sizes": 3
}
[2024-08-08 00:47:55,298] [INFO] [config.py:1001:print]   bfloat16_enabled ............. False
[2024-08-08 00:47:55,298] [INFO] [config.py:1001:print]   bfloat16_immediate_grad_update  False
[2024-08-08 00:47:55,298] [INFO] [config.py:1001:print]   checkpoint_parallel_write_pipeline  False
[2024-08-08 00:47:55,298] [INFO] [config.py:1001:print]   checkpoint_tag_validation_enabled  True
[2024-08-08 00:47:55,298] [INFO] [config.py:1001:print]   checkpoint_tag_validation_fail  False
[2024-08-08 00:47:55,298] [INFO] [config.py:1001:print]   comms_config ................. <deepspeed.comm.config.DeepSpeedCommsConfig object at 0x7ff5329632d0>
[2024-08-08 00:47:55,298] [INFO] [config.py:1001:print]   communication_data_type ...... None
[2024-08-08 00:47:55,298] [INFO] [config.py:1001:print]   compression_config ........... {'weight_quantization': {'shared_parameters': {'enabled': False, 'quantizer_kernel': False, 'schedule_offset': 0, 'quantize_groups': 1, 'quantize_verbose': False, 'quantization_type': 'symmetric', 'quantize_weight_in_forward': False, 'rounding': 'nearest', 'fp16_mixed_quantize': False, 'quantize_change_ratio': 0.001}, 'different_groups': {}}, 'activation_quantization': {'shared_parameters': {'enabled': False, 'quantization_type': 'symmetric', 'range_calibration': 'dynamic', 'schedule_offset': 1000}, 'different_groups': {}}, 'sparse_pruning': {'shared_parameters': {'enabled': False, 'method': 'l1', 'schedule_offset': 1000}, 'different_groups': {}}, 'row_pruning': {'shared_parameters': {'enabled': False, 'method': 'l1', 'schedule_offset': 1000}, 'different_groups': {}}, 'head_pruning': {'shared_parameters': {'enabled': False, 'method': 'topk', 'schedule_offset': 1000}, 'different_groups': {}}, 'channel_pruning': {'shared_parameters': {'enabled': False, 'method': 'l1', 'schedule_offset': 1000}, 'different_groups': {}}, 'layer_reduction': {'enabled': False}}
[2024-08-08 00:47:55,298] [INFO] [config.py:1001:print]   curriculum_enabled_legacy .... False
[2024-08-08 00:47:55,298] [INFO] [config.py:1001:print]   curriculum_params_legacy ..... False
[2024-08-08 00:47:55,298] [INFO] [config.py:1001:print]   data_efficiency_config ....... {'enabled': False, 'seed': 1234, 'data_sampling': {'enabled': False, 'num_epochs': 1000, 'num_workers': 0, 'curriculum_learning': {'enabled': False}}, 'data_routing': {'enabled': False, 'random_ltd': {'enabled': False, 'layer_token_lr_schedule': {'enabled': False}}}}
[2024-08-08 00:47:55,298] [INFO] [config.py:1001:print]   data_efficiency_enabled ...... False
[2024-08-08 00:47:55,298] [INFO] [config.py:1001:print]   dataloader_drop_last ......... False
[2024-08-08 00:47:55,298] [INFO] [config.py:1001:print]   disable_allgather ............ False
[2024-08-08 00:47:55,298] [INFO] [config.py:1001:print]   dump_state ................... False
[2024-08-08 00:47:55,298] [INFO] [config.py:1001:print]   dynamic_loss_scale_args ...... None
[2024-08-08 00:47:55,298] [INFO] [config.py:1001:print]   eigenvalue_enabled ........... False
[2024-08-08 00:47:55,298] [INFO] [config.py:1001:print]   eigenvalue_gas_boundary_resolution  1
[2024-08-08 00:47:55,298] [INFO] [config.py:1001:print]   eigenvalue_layer_name ........ bert.encoder.layer
[2024-08-08 00:47:55,298] [INFO] [config.py:1001:print]   eigenvalue_layer_num ......... 0
[2024-08-08 00:47:55,298] [INFO] [config.py:1001:print]   eigenvalue_max_iter .......... 100
[2024-08-08 00:47:55,298] [INFO] [config.py:1001:print]   eigenvalue_stability ......... 1e-06
[2024-08-08 00:47:55,298] [INFO] [config.py:1001:print]   eigenvalue_tol ............... 0.01
[2024-08-08 00:47:55,298] [INFO] [config.py:1001:print]   eigenvalue_verbose ........... False
[2024-08-08 00:47:55,298] [INFO] [config.py:1001:print]   elasticity_enabled ........... False
[2024-08-08 00:47:55,298] [INFO] [config.py:1001:print]   flops_profiler_config ........ {
    "enabled": false, 
    "recompute_fwd_factor": 0.0, 
    "profile_step": 1, 
    "module_depth": -1, 
    "top_modules": 1, 
    "detailed": true, 
    "output_file": null
}
[2024-08-08 00:47:55,298] [INFO] [config.py:1001:print]   fp16_auto_cast ............... None
[2024-08-08 00:47:55,298] [INFO] [config.py:1001:print]   fp16_enabled ................. False
[2024-08-08 00:47:55,298] [INFO] [config.py:1001:print]   fp16_master_weights_and_gradients  False
[2024-08-08 00:47:55,298] [INFO] [config.py:1001:print]   global_rank .................. 0
[2024-08-08 00:47:55,298] [INFO] [config.py:1001:print]   grad_accum_dtype ............. None
[2024-08-08 00:47:55,298] [INFO] [config.py:1001:print]   gradient_accumulation_steps .. 1
[2024-08-08 00:47:55,298] [INFO] [config.py:1001:print]   gradient_clipping ............ 0.0
[2024-08-08 00:47:55,298] [INFO] [config.py:1001:print]   gradient_predivide_factor .... 1.0
[2024-08-08 00:47:55,298] [INFO] [config.py:1001:print]   graph_harvesting ............. False
[2024-08-08 00:47:55,298] [INFO] [config.py:1001:print]   hybrid_engine ................ enabled=False max_out_tokens=512 inference_tp_size=1 release_inference_cache=False pin_parameters=True tp_gather_partition_size=8
[2024-08-08 00:47:55,298] [INFO] [config.py:1001:print]   initial_dynamic_scale ........ 65536
[2024-08-08 00:47:55,298] [INFO] [config.py:1001:print]   load_universal_checkpoint .... False
[2024-08-08 00:47:55,298] [INFO] [config.py:1001:print]   loss_scale ................... 0
[2024-08-08 00:47:55,298] [INFO] [config.py:1001:print]   memory_breakdown ............. False
[2024-08-08 00:47:55,299] [INFO] [config.py:1001:print]   mics_hierarchial_params_gather  False
[2024-08-08 00:47:55,299] [INFO] [config.py:1001:print]   mics_shard_size .............. -1
[2024-08-08 00:47:55,299] [INFO] [config.py:1001:print]   monitor_config ............... tensorboard=TensorBoardConfig(enabled=False, output_path='', job_name='DeepSpeedJobName') comet=CometConfig(enabled=False, samples_log_interval=100, project=None, workspace=None, api_key=None, experiment_name=None, experiment_key=None, online=None, mode=None) wandb=WandbConfig(enabled=False, group=None, team=None, project='deepspeed') csv_monitor=CSVConfig(enabled=False, output_path='', job_name='DeepSpeedJobName') enabled=False
[2024-08-08 00:47:55,299] [INFO] [config.py:1001:print]   nebula_config ................ {
    "enabled": false, 
    "persistent_storage_path": null, 
    "persistent_time_interval": 100, 
    "num_of_version_in_retention": 2, 
    "enable_nebula_load": true, 
    "load_path": null
}
[2024-08-08 00:47:55,299] [INFO] [config.py:1001:print]   optimizer_legacy_fusion ...... False
[2024-08-08 00:47:55,299] [INFO] [config.py:1001:print]   optimizer_name ............... None
[2024-08-08 00:47:55,299] [INFO] [config.py:1001:print]   optimizer_params ............. None
[2024-08-08 00:47:55,299] [INFO] [config.py:1001:print]   pipeline ..................... {'stages': 'auto', 'partition': 'best', 'seed_layers': False, 'activation_checkpoint_interval': 0, 'pipe_partitioned': True, 'grad_partitioned': True}
[2024-08-08 00:47:55,299] [INFO] [config.py:1001:print]   pld_enabled .................. False
[2024-08-08 00:47:55,299] [INFO] [config.py:1001:print]   pld_params ................... False
[2024-08-08 00:47:55,299] [INFO] [config.py:1001:print]   prescale_gradients ........... False
[2024-08-08 00:47:55,299] [INFO] [config.py:1001:print]   scheduler_name ............... None
[2024-08-08 00:47:55,299] [INFO] [config.py:1001:print]   scheduler_params ............. None
[2024-08-08 00:47:55,299] [INFO] [config.py:1001:print]   seq_parallel_communication_data_type  torch.float32
[2024-08-08 00:47:55,299] [INFO] [config.py:1001:print]   sparse_attention ............. None
[2024-08-08 00:47:55,299] [INFO] [config.py:1001:print]   sparse_gradients_enabled ..... False
[2024-08-08 00:47:55,299] [INFO] [config.py:1001:print]   steps_per_print .............. 1000000000.0
[2024-08-08 00:47:55,299] [INFO] [config.py:1001:print]   timers_config ................ enabled=True synchronized=True
[2024-08-08 00:47:55,299] [INFO] [config.py:1001:print]   train_batch_size ............. 4096
[2024-08-08 00:47:55,299] [INFO] [config.py:1001:print]   train_micro_batch_size_per_gpu  32
[2024-08-08 00:47:55,299] [INFO] [config.py:1001:print]   use_data_before_expert_parallel_  False
[2024-08-08 00:47:55,299] [INFO] [config.py:1001:print]   use_node_local_storage ....... False
[2024-08-08 00:47:55,299] [INFO] [config.py:1001:print]   wall_clock_breakdown ......... False
[2024-08-08 00:47:55,299] [INFO] [config.py:1001:print]   weight_quantization_config ... None
[2024-08-08 00:47:55,299] [INFO] [config.py:1001:print]   world_size ................... 128
[2024-08-08 00:47:55,299] [INFO] [config.py:1001:print]   zero_allow_untested_optimizer  False
[2024-08-08 00:47:55,299] [INFO] [config.py:1001:print]   zero_config .................. stage=0 contiguous_gradients=True reduce_scatter=True reduce_bucket_size=500,000,000 use_multi_rank_bucket_allreduce=True allgather_partitions=True allgather_bucket_size=500,000,000 overlap_comm=False load_from_fp32_weights=True elastic_checkpoint=False offload_param=None offload_optimizer=None sub_group_size=1,000,000,000 cpu_offload_param=None cpu_offload_use_pin_memory=None cpu_offload=None prefetch_bucket_size=50,000,000 param_persistence_threshold=100,000 model_persistence_threshold=sys.maxsize max_live_parameters=1,000,000,000 max_reuse_distance=1,000,000,000 gather_16bit_weights_on_model_save=False use_all_reduce_for_fetch_params=False stage3_gather_fp16_weights_on_model_save=False ignore_unused_parameters=True legacy_stage1=False round_robin_gradients=False zero_hpz_partition_size=1 zero_quantized_weights=False zero_quantized_nontrainable_weights=False zero_quantized_gradients=False mics_shard_size=-1 mics_hierarchical_params_gather=False memory_efficient_linear=True pipeline_loading_checkpoint=False override_module_apply=True
[2024-08-08 00:47:55,299] [INFO] [config.py:1001:print]   zero_enabled ................. False
[2024-08-08 00:47:55,299] [INFO] [config.py:1001:print]   zero_force_ds_cpu_optimizer .. True
[2024-08-08 00:47:55,299] [INFO] [config.py:1001:print]   zero_optimization_stage ...... 0
[2024-08-08 00:47:55,299] [INFO] [config.py:987:print_user_config]   json = {
    "train_micro_batch_size_per_gpu": 32, 
    "gradient_accumulation_steps": 1, 
    "steps_per_print": 1.000000e+09
}
[rank81]:[W unwind.cpp:201] Warning: Unsupported unwinding pattern: Address not in range (function unwinderFor)
[rank83]:[W unwind.cpp:201] Warning: Unsupported unwinding pattern: Address not in range (function unwinderFor)
[rank84]:[W unwind.cpp:201] Warning: Unsupported unwinding pattern: Address not in range (function unwinderFor)
[rank80]:[W unwind.cpp:201] Warning: Unsupported unwinding pattern: Address not in range (function unwinderFor)
[rank82]:[W unwind.cpp:201] Warning: Unsupported unwinding pattern: Address not in range (function unwinderFor)
[rank85]:[W unwind.cpp:201] Warning: Unsupported unwinding pattern: Address not in range (function unwinderFor)
[rank86]:[W unwind.cpp:201] Warning: Unsupported unwinding pattern: Address not in range (function unwinderFor)
[rank87]:[W unwind.cpp:201] Warning: Unsupported unwinding pattern: Address not in range (function unwinderFor)
[rank122]:[W unwind.cpp:201] Warning: Unsupported unwinding pattern: Address not in range (function unwinderFor)
[rank127]:[W unwind.cpp:201] Warning: Unsupported unwinding pattern: Address not in range (function unwinderFor)
[rank120]:[W unwind.cpp:201] Warning: Unsupported unwinding pattern: Address not in range (function unwinderFor)
[rank121]:[W unwind.cpp:201] Warning: Unsupported unwinding pattern: Address not in range (function unwinderFor)
[rank123]:[W unwind.cpp:201] Warning: Unsupported unwinding pattern: Address not in range (function unwinderFor)
[rank124]:[W unwind.cpp:201] Warning: Unsupported unwinding pattern: Address not in range (function unwinderFor)
[rank125]:[W unwind.cpp:201] Warning: Unsupported unwinding pattern: Address not in range (function unwinderFor)
[rank126]:[W unwind.cpp:201] Warning: Unsupported unwinding pattern: Address not in range (function unwinderFor)
[rank96]:[W unwind.cpp:201] Warning: Unsupported unwinding pattern: Address not in range (function unwinderFor)
[rank97]:[W unwind.cpp:201] Warning: Unsupported unwinding pattern: Address not in range (function unwinderFor)
[rank103]:[W unwind.cpp:201] Warning: Unsupported unwinding pattern: Address not in range (function unwinderFor)
[rank98]:[W unwind.cpp:201] Warning: Unsupported unwinding pattern: Address not in range (function unwinderFor)
[rank99]:[W unwind.cpp:201] Warning: Unsupported unwinding pattern: Address not in range (function unwinderFor)
[rank100]:[W unwind.cpp:201] Warning: Unsupported unwinding pattern: Address not in range (function unwinderFor)
[rank101]:[W unwind.cpp:201] Warning: Unsupported unwinding pattern: Address not in range (function unwinderFor)
[rank102]:[W unwind.cpp:201] Warning: Unsupported unwinding pattern: Address not in range (function unwinderFor)
[rank48]:[W unwind.cpp:201] Warning: Unsupported unwinding pattern: Address not in range (function unwinderFor)
[rank49]:[W unwind.cpp:201] Warning: Unsupported unwinding pattern: Address not in range (function unwinderFor)
[rank50]:[W unwind.cpp:201] Warning: Unsupported unwinding pattern: Address not in range (function unwinderFor)
[rank51]:[W unwind.cpp:201] Warning: Unsupported unwinding pattern: Address not in range (function unwinderFor)
[rank53]:[W unwind.cpp:201] Warning: Unsupported unwinding pattern: Address not in range (function unwinderFor)
[rank55]:[W unwind.cpp:201] Warning: Unsupported unwinding pattern: Address not in range (function unwinderFor)
[rank52]:[W unwind.cpp:201] Warning: Unsupported unwinding pattern: Address not in range (function unwinderFor)
[rank54]:[W unwind.cpp:201] Warning: Unsupported unwinding pattern: Address not in range (function unwinderFor)
[rank106]:[W unwind.cpp:201] Warning: Unsupported unwinding pattern: Address not in range (function unwinderFor)
[rank110]:[W unwind.cpp:201] Warning: Unsupported unwinding pattern: Address not in range (function unwinderFor)
[rank111]:[W unwind.cpp:201] Warning: Unsupported unwinding pattern: Address not in range (function unwinderFor)
[rank104]:[W unwind.cpp:201] Warning: Unsupported unwinding pattern: Address not in range (function unwinderFor)
[rank105]:[W unwind.cpp:201] Warning: Unsupported unwinding pattern: Address not in range (function unwinderFor)
[rank107]:[W unwind.cpp:201] Warning: Unsupported unwinding pattern: Address not in range (function unwinderFor)
[rank108]:[W unwind.cpp:201] Warning: Unsupported unwinding pattern: Address not in range (function unwinderFor)
[rank109]:[W unwind.cpp:201] Warning: Unsupported unwinding pattern: Address not in range (function unwinderFor)
[rank74]:[W unwind.cpp:201] Warning: Unsupported unwinding pattern: Address not in range (function unwinderFor)
[rank79]:[W unwind.cpp:201] Warning: Unsupported unwinding pattern: Address not in range (function unwinderFor)
[rank72]:[W unwind.cpp:201] Warning: Unsupported unwinding pattern: Address not in range (function unwinderFor)
[rank73]:[W unwind.cpp:201] Warning: Unsupported unwinding pattern: Address not in range (function unwinderFor)
[rank75]:[W unwind.cpp:201] Warning: Unsupported unwinding pattern: Address not in range (function unwinderFor)
[rank76]:[W unwind.cpp:201] Warning: Unsupported unwinding pattern: Address not in range (function unwinderFor)
[rank77]:[W unwind.cpp:201] Warning: Unsupported unwinding pattern: Address not in range (function unwinderFor)
[rank78]:[W unwind.cpp:201] Warning: Unsupported unwinding pattern: Address not in range (function unwinderFor)
[rank89]:[W unwind.cpp:201] Warning: Unsupported unwinding pattern: Address not in range (function unwinderFor)
[rank92]:[W unwind.cpp:201] Warning: Unsupported unwinding pattern: Address not in range (function unwinderFor)
[rank95]:[W unwind.cpp:201] Warning: Unsupported unwinding pattern: Address not in range (function unwinderFor)
[rank88]:[W unwind.cpp:201] Warning: Unsupported unwinding pattern: Address not in range (function unwinderFor)
[rank90]:[W unwind.cpp:201] Warning: Unsupported unwinding pattern: Address not in range (function unwinderFor)
[rank91]:[W unwind.cpp:201] Warning: Unsupported unwinding pattern: Address not in range (function unwinderFor)
[rank93]:[W unwind.cpp:201] Warning: Unsupported unwinding pattern: Address not in range (function unwinderFor)
[rank94]:[W unwind.cpp:201] Warning: Unsupported unwinding pattern: Address not in range (function unwinderFor)
[rank65]:[W unwind.cpp:201] Warning: Unsupported unwinding pattern: Address not in range (function unwinderFor)
[rank66]:[W unwind.cpp:201] Warning: Unsupported unwinding pattern: Address not in range (function unwinderFor)
[rank70]:[W unwind.cpp:201] Warning: Unsupported unwinding pattern: Address not in range (function unwinderFor)
[rank64]:[W unwind.cpp:201] Warning: Unsupported unwinding pattern: Address not in range (function unwinderFor)
[rank67]:[W unwind.cpp:201] Warning: Unsupported unwinding pattern: Address not in range (function unwinderFor)
[rank68]:[W unwind.cpp:201] Warning: Unsupported unwinding pattern: Address not in range (function unwinderFor)
[rank69]:[W unwind.cpp:201] Warning: Unsupported unwinding pattern: Address not in range (function unwinderFor)
[rank71]:[W unwind.cpp:201] Warning: Unsupported unwinding pattern: Address not in range (function unwinderFor)
[rank36]:[W unwind.cpp:201] Warning: Unsupported unwinding pattern: Address not in range (function unwinderFor)
[rank39]:[W unwind.cpp:201] Warning: Unsupported unwinding pattern: Address not in range (function unwinderFor)
[rank32]:[W unwind.cpp:201] Warning: Unsupported unwinding pattern: Address not in range (function unwinderFor)
[rank33]:[W unwind.cpp:201] Warning: Unsupported unwinding pattern: Address not in range (function unwinderFor)
[rank34]:[W unwind.cpp:201] Warning: Unsupported unwinding pattern: Address not in range (function unwinderFor)
[rank35]:[W unwind.cpp:201] Warning: Unsupported unwinding pattern: Address not in range (function unwinderFor)
[rank37]:[W unwind.cpp:201] Warning: Unsupported unwinding pattern: Address not in range (function unwinderFor)
[rank38]:[W unwind.cpp:201] Warning: Unsupported unwinding pattern: Address not in range (function unwinderFor)
[rank60]:[W unwind.cpp:201] Warning: Unsupported unwinding pattern: Address not in range (function unwinderFor)
[rank56]:[W unwind.cpp:201] Warning: Unsupported unwinding pattern: Address not in range (function unwinderFor)
[rank57]:[W unwind.cpp:201] Warning: Unsupported unwinding pattern: Address not in range (function unwinderFor)
[rank58]:[W unwind.cpp:201] Warning: Unsupported unwinding pattern: Address not in range (function unwinderFor)
[rank59]:[W unwind.cpp:201] Warning: Unsupported unwinding pattern: Address not in range (function unwinderFor)
[rank61]:[W unwind.cpp:201] Warning: Unsupported unwinding pattern: Address not in range (function unwinderFor)
[rank62]:[W unwind.cpp:201] Warning: Unsupported unwinding pattern: Address not in range (function unwinderFor)
[rank63]:[W unwind.cpp:201] Warning: Unsupported unwinding pattern: Address not in range (function unwinderFor)
[rank2]:[W unwind.cpp:201] Warning: Unsupported unwinding pattern: Address not in range (function unwinderFor)
[rank3]:[W unwind.cpp:201] Warning: Unsupported unwinding pattern: Address not in range (function unwinderFor)
[rank5]:[W unwind.cpp:201] Warning: Unsupported unwinding pattern: Address not in range (function unwinderFor)
[rank6]:[W unwind.cpp:201] Warning: Unsupported unwinding pattern: Address not in range (function unwinderFor)
[rank0]:[W unwind.cpp:201] Warning: Unsupported unwinding pattern: Address not in range (function unwinderFor)
[rank1]:[W unwind.cpp:201] Warning: Unsupported unwinding pattern: Address not in range (function unwinderFor)
[rank4]:[W unwind.cpp:201] Warning: Unsupported unwinding pattern: Address not in range (function unwinderFor)
[rank7]:[W unwind.cpp:201] Warning: Unsupported unwinding pattern: Address not in range (function unwinderFor)
[rank118]:[W unwind.cpp:201] Warning: Unsupported unwinding pattern: Address not in range (function unwinderFor)
[rank112]:[W unwind.cpp:201] Warning: Unsupported unwinding pattern: Address not in range (function unwinderFor)
[rank113]:[W unwind.cpp:201] Warning: Unsupported unwinding pattern: Address not in range (function unwinderFor)
[rank114]:[W unwind.cpp:201] Warning: Unsupported unwinding pattern: Address not in range (function unwinderFor)
[rank115]:[W unwind.cpp:201] Warning: Unsupported unwinding pattern: Address not in range (function unwinderFor)
[rank116]:[W unwind.cpp:201] Warning: Unsupported unwinding pattern: Address not in range (function unwinderFor)
[rank117]:[W unwind.cpp:201] Warning: Unsupported unwinding pattern: Address not in range (function unwinderFor)
[rank119]:[W unwind.cpp:201] Warning: Unsupported unwinding pattern: Address not in range (function unwinderFor)
[rank26]:[W unwind.cpp:201] Warning: Unsupported unwinding pattern: Address not in range (function unwinderFor)
[rank29]:[W unwind.cpp:201] Warning: Unsupported unwinding pattern: Address not in range (function unwinderFor)
[rank30]:[W unwind.cpp:201] Warning: Unsupported unwinding pattern: Address not in range (function unwinderFor)
[rank31]:[W unwind.cpp:201] Warning: Unsupported unwinding pattern: Address not in range (function unwinderFor)
[rank24]:[W unwind.cpp:201] Warning: Unsupported unwinding pattern: Address not in range (function unwinderFor)
[rank25]:[W unwind.cpp:201] Warning: Unsupported unwinding pattern: Address not in range (function unwinderFor)
[rank27]:[W unwind.cpp:201] Warning: Unsupported unwinding pattern: Address not in range (function unwinderFor)
[rank28]:[W unwind.cpp:201] Warning: Unsupported unwinding pattern: Address not in range (function unwinderFor)
[rank40]:[W unwind.cpp:201] Warning: Unsupported unwinding pattern: Address not in range (function unwinderFor)
[rank42]:[W unwind.cpp:201] Warning: Unsupported unwinding pattern: Address not in range (function unwinderFor)
[rank46]:[W unwind.cpp:201] Warning: Unsupported unwinding pattern: Address not in range (function unwinderFor)
[rank41]:[W unwind.cpp:201] Warning: Unsupported unwinding pattern: Address not in range (function unwinderFor)
[rank43]:[W unwind.cpp:201] Warning: Unsupported unwinding pattern: Address not in range (function unwinderFor)
[rank44]:[W unwind.cpp:201] Warning: Unsupported unwinding pattern: Address not in range (function unwinderFor)
[rank45]:[W unwind.cpp:201] Warning: Unsupported unwinding pattern: Address not in range (function unwinderFor)
[rank47]:[W unwind.cpp:201] Warning: Unsupported unwinding pattern: Address not in range (function unwinderFor)
[rank12]:[W unwind.cpp:201] Warning: Unsupported unwinding pattern: Address not in range (function unwinderFor)
[rank8]:[W unwind.cpp:201] Warning: Unsupported unwinding pattern: Address not in range (function unwinderFor)
[rank9]:[W unwind.cpp:201] Warning: Unsupported unwinding pattern: Address not in range (function unwinderFor)
[rank10]:[W unwind.cpp:201] Warning: Unsupported unwinding pattern: Address not in range (function unwinderFor)
[rank11]:[W unwind.cpp:201] Warning: Unsupported unwinding pattern: Address not in range (function unwinderFor)
[rank13]:[W unwind.cpp:201] Warning: Unsupported unwinding pattern: Address not in range (function unwinderFor)
[rank14]:[W unwind.cpp:201] Warning: Unsupported unwinding pattern: Address not in range (function unwinderFor)
[rank15]:[W unwind.cpp:201] Warning: Unsupported unwinding pattern: Address not in range (function unwinderFor)
[rank16]:[W unwind.cpp:201] Warning: Unsupported unwinding pattern: Address not in range (function unwinderFor)
[rank17]:[W unwind.cpp:201] Warning: Unsupported unwinding pattern: Address not in range (function unwinderFor)
[rank19]:[W unwind.cpp:201] Warning: Unsupported unwinding pattern: Address not in range (function unwinderFor)
[rank20]:[W unwind.cpp:201] Warning: Unsupported unwinding pattern: Address not in range (function unwinderFor)
[rank22]:[W unwind.cpp:201] Warning: Unsupported unwinding pattern: Address not in range (function unwinderFor)
[rank18]:[W unwind.cpp:201] Warning: Unsupported unwinding pattern: Address not in range (function unwinderFor)
[rank21]:[W unwind.cpp:201] Warning: Unsupported unwinding pattern: Address not in range (function unwinderFor)
[rank23]:[W unwind.cpp:201] Warning: Unsupported unwinding pattern: Address not in range (function unwinderFor)
WARNNING: ONly training for 2 epochs
WARNNING: ONly training for 2 epochs
WARNNING: ONly training for 2 epochs
WARNNING: ONly training for 2 epochs
WARNNING: ONly training for 2 epochs
WARNNING: ONly training for 2 epochs
WARNNING: ONly training for 2 epochs
WARNNING: ONly training for 2 epochs
WARNNING: ONly training for 2 epochs
WARNNING: ONly training for 2 epochs
WARNNING: ONly training for 2 epochs
WARNNING: ONly training for 2 epochs
WARNNING: ONly training for 2 epochs
WARNNING: ONly training for 2 epochs
WARNNING: ONly training for 2 epochs
WARNNING: ONly training for 2 epochs
WARNNING: ONly training for 2 epochs
WARNNING: ONly training for 2 epochs
WARNNING: ONly training for 2 epochs
WARNNING: ONly training for 2 epochs
WARNNING: ONly training for 2 epochs
WARNNING: ONly training for 2 epochs
WARNNING: ONly training for 2 epochs
WARNNING: ONly training for 2 epochs
WARNNING: ONly training for 2 epochs
WARNNING: ONly training for 2 epochs
WARNNING: ONly training for 2 epochs
WARNNING: ONly training for 2 epochs
WARNNING: ONly training for 2 epochs
WARNNING: ONly training for 2 epochs
WARNNING: ONly training for 2 epochs
WARNNING: ONly training for 2 epochs
WARNNING: ONly training for 2 epochs
WARNNING: ONly training for 2 epochs
WARNNING: ONly training for 2 epochs
WARNNING: ONly training for 2 epochs
WARNNING: ONly training for 2 epochs
WARNNING: ONly training for 2 epochs
WARNNING: ONly training for 2 epochs
WARNNING: ONly training for 2 epochs
WARNNING: ONly training for 2 epochs
WARNNING: ONly training for 2 epochs
WARNNING: ONly training for 2 epochs
WARNNING: ONly training for 2 epochs
WARNNING: ONly training for 2 epochs
WARNNING: ONly training for 2 epochs
WARNNING: ONly training for 2 epochs
WARNNING: ONly training for 2 epochs
WARNNING: ONly training for 2 epochs
WARNNING: ONly training for 2 epochs
WARNNING: ONly training for 2 epochs
WARNNING: ONly training for 2 epochs
WARNNING: ONly training for 2 epochs
WARNNING: ONly training for 2 epochs
WARNNING: ONly training for 2 epochs
WARNNING: ONly training for 2 epochs
WARNNING: ONly training for 2 epochs
WARNNING: ONly training for 2 epochs
WARNNING: ONly training for 2 epochs
WARNNING: ONly training for 2 epochs
WARNNING: ONly training for 2 epochs
WARNNING: ONly training for 2 epochs
WARNNING: ONly training for 2 epochs
WARNNING: ONly training for 2 epochs
WARNNING: ONly training for 2 epochs
WARNNING: ONly training for 2 epochs
WARNNING: ONly training for 2 epochs
WARNNING: ONly training for 2 epochs
WARNNING: ONly training for 2 epochs
WARNNING: ONly training for 2 epochs
WARNNING: ONly training for 2 epochs
WARNNING: ONly training for 2 epochs
WARNNING: ONly training for 2 epochs
WARNNING: ONly training for 2 epochs
WARNNING: ONly training for 2 epochs
WARNNING: ONly training for 2 epochs
WARNNING: ONly training for 2 epochs
WARNNING: ONly training for 2 epochs
WARNNING: ONly training for 2 epochs
WARNNING: ONly training for 2 epochs
WARNNING: ONly training for 2 epochs
WARNNING: ONly training for 2 epochs
WARNNING: ONly training for 2 epochs
WARNNING: ONly training for 2 epochs
WARNNING: ONly training for 2 epochs
WARNNING: ONly training for 2 epochs
WARNNING: ONly training for 2 epochs
WARNNING: ONly training for 2 epochs
WARNNING: ONly training for 2 epochs
WARNNING: ONly training for 2 epochs
WARNNING: ONly training for 2 epochs
WARNNING: ONly training for 2 epochs
WARNNING: ONly training for 2 epochs
WARNNING: ONly training for 2 epochs
WARNNING: ONly training for 2 epochs
WARNNING: ONly training for 2 epochs
WARNNING: ONly training for 2 epochs
WARNNING: ONly training for 2 epochs
WARNNING: ONly training for 2 epochs
WARNNING: ONly training for 2 epochs
WARNNING: ONly training for 2 epochs
WARNNING: ONly training for 2 epochs
WARNNING: ONly training for 2 epochs
WARNNING: ONly training for 2 epochs
WARNNING: ONly training for 2 epochs
WARNNING: ONly training for 2 epochs
WARNNING: ONly training for 2 epochs
WARNNING: ONly training for 2 epochs
WARNNING: ONly training for 2 epochs
WARNNING: ONly training for 2 epochs
WARNNING: ONly training for 2 epochs
WARNNING: ONly training for 2 epochs
WARNNING: ONly training for 2 epochs
WARNNING: ONly training for 2 epochs
WARNNING: ONly training for 2 epochs
WARNNING: ONly training for 2 epochs
WARNNING: ONly training for 2 epochs
WARNNING: ONly training for 2 epochs
WARNNING: ONly training for 2 epochs
WARNNING: ONly training for 2 epochs
WARNNING: ONly training for 2 epochs
WARNNING: ONly training for 2 epochs
WARNNING: ONly training for 2 epochs
WARNNING: ONly training for 2 epochs
WARNNING: ONly training for 2 epochs
WARNNING: ONly training for 2 epochs
WARNNING: ONly training for 2 epochs
WARNNING: ONly training for 2 epochs
[rank38]: Traceback (most recent call last):
[rank38]:   File "/lustre/orion/lrn031/scratch/zye327/HydraGNN_ds/./examples/multidataset/train_deepspeed_exportmem.py", line 421, in <module>
[rank38]:     hydragnn.train.train_validate_test(
[rank38]:   File "/lustre/orion/lrn031/scratch/zye327/HydraGNN_ds/hydragnn/train/train_validate_test.py", line 158, in train_validate_test
[rank38]:     train_loss, train_taskserr = train(
[rank38]:                                  ^^^^^^
[rank38]:   File "/lustre/orion/lrn031/scratch/zye327/HydraGNN_ds/hydragnn/train/train_validate_test.py", line 496, in train
[rank38]:     pred = model(data)
[rank38]:            ^^^^^^^^^^^
[rank38]:   File "/lustre/orion/cph161/world-shared/mlupopa/max_conda_envs_frontier/envs/hydragnn_rocm600/lib/python3.11/site-packages/torch/nn/modules/module.py", line 1532, in _wrapped_call_impl
[rank38]:     return self._call_impl(*args, **kwargs)
[rank38]:            ^^^^^^^^^^^^^^^^^^^^^^^^^^^^^^^^
[rank38]:   File "/lustre/orion/cph161/world-shared/mlupopa/max_conda_envs_frontier/envs/hydragnn_rocm600/lib/python3.11/site-packages/torch/nn/modules/module.py", line 1541, in _call_impl
[rank38]:     return forward_call(*args, **kwargs)
[rank38]:            ^^^^^^^^^^^^^^^^^^^^^^^^^^^^^
[rank38]:   File "/ccs/home/zye327/.local/lib/python3.11/site-packages/deepspeed/utils/nvtx.py", line 15, in wrapped_fn
[rank38]:     ret_val = func(*args, **kwargs)
[rank38]:               ^^^^^^^^^^^^^^^^^^^^^
[rank38]:   File "/ccs/home/zye327/.local/lib/python3.11/site-packages/deepspeed/runtime/engine.py", line 1846, in forward
[rank38]:     loss = self.module(*inputs, **kwargs)
[rank38]:            ^^^^^^^^^^^^^^^^^^^^^^^^^^^^^^
[rank38]:   File "/lustre/orion/cph161/world-shared/mlupopa/max_conda_envs_frontier/envs/hydragnn_rocm600/lib/python3.11/site-packages/torch/nn/modules/module.py", line 1532, in _wrapped_call_impl
[rank38]:     return self._call_impl(*args, **kwargs)
[rank38]:            ^^^^^^^^^^^^^^^^^^^^^^^^^^^^^^^^
[rank38]:   File "/lustre/orion/cph161/world-shared/mlupopa/max_conda_envs_frontier/envs/hydragnn_rocm600/lib/python3.11/site-packages/torch/nn/modules/module.py", line 1541, in _call_impl
[rank38]:     return forward_call(*args, **kwargs)
[rank38]:            ^^^^^^^^^^^^^^^^^^^^^^^^^^^^^
[rank38]:   File "/lustre/orion/lrn031/scratch/zye327/HydraGNN_ds/hydragnn/models/Base.py", line 309, in forward
[rank38]:     x_graph = global_mean_pool(x, data.batch.to(x.device))
[rank38]:               ^^^^^^^^^^^^^^^^^^^^^^^^^^^^^^^^^^^^^^^^^^^^
[rank38]:   File "/lustre/orion/cph161/world-shared/mlupopa/max_conda_envs_frontier/envs/hydragnn_rocm600/lib/python3.11/site-packages/torch_geometric/nn/pool/glob.py", line 63, in global_mean_pool
[rank38]:     return scatter(x, batch, dim=dim, dim_size=size, reduce='mean')
[rank38]:            ^^^^^^^^^^^^^^^^^^^^^^^^^^^^^^^^^^^^^^^^^^^^^^^^^^^^^^^^
[rank38]:   File "/lustre/orion/cph161/world-shared/mlupopa/max_conda_envs_frontier/envs/hydragnn_rocm600/lib/python3.11/site-packages/torch_geometric/utils/_scatter.py", line 78, in scatter
[rank38]:     count = src.new_zeros(dim_size)
[rank38]:             ^^^^^^^^^^^^^^^^^^^^^^^
[rank38]: RuntimeError: aten/src/ATen/RegisterCompositeExplicitAutograd.cpp:2193: SymIntArrayRef expected to contain only concrete integers
[rank117]: Traceback (most recent call last):
[rank117]:   File "/lustre/orion/lrn031/scratch/zye327/HydraGNN_ds/./examples/multidataset/train_deepspeed_exportmem.py", line 421, in <module>
[rank117]:     hydragnn.train.train_validate_test(
[rank117]:   File "/lustre/orion/lrn031/scratch/zye327/HydraGNN_ds/hydragnn/train/train_validate_test.py", line 158, in train_validate_test
[rank117]:     train_loss, train_taskserr = train(
[rank117]:                                  ^^^^^^
[rank117]:   File "/lustre/orion/lrn031/scratch/zye327/HydraGNN_ds/hydragnn/train/train_validate_test.py", line 496, in train
[rank117]:     pred = model(data)
[rank117]:            ^^^^^^^^^^^
[rank117]:   File "/lustre/orion/cph161/world-shared/mlupopa/max_conda_envs_frontier/envs/hydragnn_rocm600/lib/python3.11/site-packages/torch/nn/modules/module.py", line 1532, in _wrapped_call_impl
[rank117]:     return self._call_impl(*args, **kwargs)
[rank117]:            ^^^^^^^^^^^^^^^^^^^^^^^^^^^^^^^^
[rank117]:   File "/lustre/orion/cph161/world-shared/mlupopa/max_conda_envs_frontier/envs/hydragnn_rocm600/lib/python3.11/site-packages/torch/nn/modules/module.py", line 1541, in _call_impl
[rank117]:     return forward_call(*args, **kwargs)
[rank117]:            ^^^^^^^^^^^^^^^^^^^^^^^^^^^^^
[rank117]:   File "/ccs/home/zye327/.local/lib/python3.11/site-packages/deepspeed/utils/nvtx.py", line 15, in wrapped_fn
[rank117]:     ret_val = func(*args, **kwargs)
[rank117]:               ^^^^^^^^^^^^^^^^^^^^^
[rank117]:   File "/ccs/home/zye327/.local/lib/python3.11/site-packages/deepspeed/runtime/engine.py", line 1846, in forward
[rank117]:     loss = self.module(*inputs, **kwargs)
[rank117]:            ^^^^^^^^^^^^^^^^^^^^^^^^^^^^^^
[rank117]:   File "/lustre/orion/cph161/world-shared/mlupopa/max_conda_envs_frontier/envs/hydragnn_rocm600/lib/python3.11/site-packages/torch/nn/modules/module.py", line 1532, in _wrapped_call_impl
[rank117]:     return self._call_impl(*args, **kwargs)
[rank117]:            ^^^^^^^^^^^^^^^^^^^^^^^^^^^^^^^^
[rank117]:   File "/lustre/orion/cph161/world-shared/mlupopa/max_conda_envs_frontier/envs/hydragnn_rocm600/lib/python3.11/site-packages/torch/nn/modules/module.py", line 1541, in _call_impl
[rank117]:     return forward_call(*args, **kwargs)
[rank117]:            ^^^^^^^^^^^^^^^^^^^^^^^^^^^^^
[rank117]:   File "/lustre/orion/lrn031/scratch/zye327/HydraGNN_ds/hydragnn/models/Base.py", line 309, in forward
[rank117]:     x_graph = global_mean_pool(x, data.batch.to(x.device))
[rank117]:               ^^^^^^^^^^^^^^^^^^^^^^^^^^^^^^^^^^^^^^^^^^^^
[rank117]:   File "/lustre/orion/cph161/world-shared/mlupopa/max_conda_envs_frontier/envs/hydragnn_rocm600/lib/python3.11/site-packages/torch_geometric/nn/pool/glob.py", line 63, in global_mean_pool
[rank117]:     return scatter(x, batch, dim=dim, dim_size=size, reduce='mean')
[rank117]:            ^^^^^^^^^^^^^^^^^^^^^^^^^^^^^^^^^^^^^^^^^^^^^^^^^^^^^^^^
[rank117]:   File "/lustre/orion/cph161/world-shared/mlupopa/max_conda_envs_frontier/envs/hydragnn_rocm600/lib/python3.11/site-packages/torch_geometric/utils/_scatter.py", line 78, in scatter
[rank117]:     count = src.new_zeros(dim_size)
[rank117]:             ^^^^^^^^^^^^^^^^^^^^^^^
[rank117]: RuntimeError: aten/src/ATen/RegisterCompositeExplicitAutograd.cpp:2193: SymIntArrayRef expected to contain only concrete integers
[rank17]: Traceback (most recent call last):
[rank17]:   File "/lustre/orion/lrn031/scratch/zye327/HydraGNN_ds/./examples/multidataset/train_deepspeed_exportmem.py", line 421, in <module>
[rank17]:     hydragnn.train.train_validate_test(
[rank17]:   File "/lustre/orion/lrn031/scratch/zye327/HydraGNN_ds/hydragnn/train/train_validate_test.py", line 158, in train_validate_test
[rank17]:     train_loss, train_taskserr = train(
[rank17]:                                  ^^^^^^
[rank17]:   File "/lustre/orion/lrn031/scratch/zye327/HydraGNN_ds/hydragnn/train/train_validate_test.py", line 496, in train
[rank17]:     pred = model(data)
[rank17]:            ^^^^^^^^^^^
[rank17]:   File "/lustre/orion/cph161/world-shared/mlupopa/max_conda_envs_frontier/envs/hydragnn_rocm600/lib/python3.11/site-packages/torch/nn/modules/module.py", line 1532, in _wrapped_call_impl
[rank17]:     return self._call_impl(*args, **kwargs)
[rank17]:            ^^^^^^^^^^^^^^^^^^^^^^^^^^^^^^^^
[rank17]:   File "/lustre/orion/cph161/world-shared/mlupopa/max_conda_envs_frontier/envs/hydragnn_rocm600/lib/python3.11/site-packages/torch/nn/modules/module.py", line 1541, in _call_impl
[rank17]:     return forward_call(*args, **kwargs)
[rank17]:            ^^^^^^^^^^^^^^^^^^^^^^^^^^^^^
[rank17]:   File "/ccs/home/zye327/.local/lib/python3.11/site-packages/deepspeed/utils/nvtx.py", line 15, in wrapped_fn
[rank17]:     ret_val = func(*args, **kwargs)
[rank17]:               ^^^^^^^^^^^^^^^^^^^^^
[rank17]:   File "/ccs/home/zye327/.local/lib/python3.11/site-packages/deepspeed/runtime/engine.py", line 1846, in forward
[rank17]:     loss = self.module(*inputs, **kwargs)
[rank17]:            ^^^^^^^^^^^^^^^^^^^^^^^^^^^^^^
[rank17]:   File "/lustre/orion/cph161/world-shared/mlupopa/max_conda_envs_frontier/envs/hydragnn_rocm600/lib/python3.11/site-packages/torch/nn/modules/module.py", line 1532, in _wrapped_call_impl
[rank17]:     return self._call_impl(*args, **kwargs)
[rank17]:            ^^^^^^^^^^^^^^^^^^^^^^^^^^^^^^^^
[rank17]:   File "/lustre/orion/cph161/world-shared/mlupopa/max_conda_envs_frontier/envs/hydragnn_rocm600/lib/python3.11/site-packages/torch/nn/modules/module.py", line 1541, in _call_impl
[rank17]:     return forward_call(*args, **kwargs)
[rank17]:            ^^^^^^^^^^^^^^^^^^^^^^^^^^^^^
[rank17]:   File "/lustre/orion/lrn031/scratch/zye327/HydraGNN_ds/hydragnn/models/Base.py", line 309, in forward
[rank17]:     x_graph = global_mean_pool(x, data.batch.to(x.device))
[rank17]:               ^^^^^^^^^^^^^^^^^^^^^^^^^^^^^^^^^^^^^^^^^^^^
[rank17]:   File "/lustre/orion/cph161/world-shared/mlupopa/max_conda_envs_frontier/envs/hydragnn_rocm600/lib/python3.11/site-packages/torch_geometric/nn/pool/glob.py", line 63, in global_mean_pool
[rank17]:     return scatter(x, batch, dim=dim, dim_size=size, reduce='mean')
[rank17]:            ^^^^^^^^^^^^^^^^^^^^^^^^^^^^^^^^^^^^^^^^^^^^^^^^^^^^^^^^
[rank17]:   File "/lustre/orion/cph161/world-shared/mlupopa/max_conda_envs_frontier/envs/hydragnn_rocm600/lib/python3.11/site-packages/torch_geometric/utils/_scatter.py", line 78, in scatter
[rank17]:     count = src.new_zeros(dim_size)
[rank17]:             ^^^^^^^^^^^^^^^^^^^^^^^
[rank17]: RuntimeError: aten/src/ATen/RegisterCompositeExplicitAutograd.cpp:2193: SymIntArrayRef expected to contain only concrete integers
[rank49]: Traceback (most recent call last):
[rank49]:   File "/lustre/orion/lrn031/scratch/zye327/HydraGNN_ds/./examples/multidataset/train_deepspeed_exportmem.py", line 421, in <module>
[rank49]:     hydragnn.train.train_validate_test(
[rank49]:   File "/lustre/orion/lrn031/scratch/zye327/HydraGNN_ds/hydragnn/train/train_validate_test.py", line 158, in train_validate_test
[rank49]:     train_loss, train_taskserr = train(
[rank49]:                                  ^^^^^^
[rank49]:   File "/lustre/orion/lrn031/scratch/zye327/HydraGNN_ds/hydragnn/train/train_validate_test.py", line 496, in train
[rank49]:     pred = model(data)
[rank49]:            ^^^^^^^^^^^
[rank49]:   File "/lustre/orion/cph161/world-shared/mlupopa/max_conda_envs_frontier/envs/hydragnn_rocm600/lib/python3.11/site-packages/torch/nn/modules/module.py", line 1532, in _wrapped_call_impl
[rank49]:     return self._call_impl(*args, **kwargs)
[rank49]:            ^^^^^^^^^^^^^^^^^^^^^^^^^^^^^^^^
[rank49]:   File "/lustre/orion/cph161/world-shared/mlupopa/max_conda_envs_frontier/envs/hydragnn_rocm600/lib/python3.11/site-packages/torch/nn/modules/module.py", line 1541, in _call_impl
[rank49]:     return forward_call(*args, **kwargs)
[rank49]:            ^^^^^^^^^^^^^^^^^^^^^^^^^^^^^
[rank49]:   File "/ccs/home/zye327/.local/lib/python3.11/site-packages/deepspeed/utils/nvtx.py", line 15, in wrapped_fn
[rank49]:     ret_val = func(*args, **kwargs)
[rank49]:               ^^^^^^^^^^^^^^^^^^^^^
[rank49]:   File "/ccs/home/zye327/.local/lib/python3.11/site-packages/deepspeed/runtime/engine.py", line 1846, in forward
[rank49]:     loss = self.module(*inputs, **kwargs)
[rank49]:            ^^^^^^^^^^^^^^^^^^^^^^^^^^^^^^
[rank49]:   File "/lustre/orion/cph161/world-shared/mlupopa/max_conda_envs_frontier/envs/hydragnn_rocm600/lib/python3.11/site-packages/torch/nn/modules/module.py", line 1532, in _wrapped_call_impl
[rank49]:     return self._call_impl(*args, **kwargs)
[rank49]:            ^^^^^^^^^^^^^^^^^^^^^^^^^^^^^^^^
[rank49]:   File "/lustre/orion/cph161/world-shared/mlupopa/max_conda_envs_frontier/envs/hydragnn_rocm600/lib/python3.11/site-packages/torch/nn/modules/module.py", line 1541, in _call_impl
[rank49]:     return forward_call(*args, **kwargs)
[rank49]:            ^^^^^^^^^^^^^^^^^^^^^^^^^^^^^
[rank49]:   File "/lustre/orion/lrn031/scratch/zye327/HydraGNN_ds/hydragnn/models/Base.py", line 309, in forward
[rank49]:     x_graph = global_mean_pool(x, data.batch.to(x.device))
[rank49]:               ^^^^^^^^^^^^^^^^^^^^^^^^^^^^^^^^^^^^^^^^^^^^
[rank49]:   File "/lustre/orion/cph161/world-shared/mlupopa/max_conda_envs_frontier/envs/hydragnn_rocm600/lib/python3.11/site-packages/torch_geometric/nn/pool/glob.py", line 63, in global_mean_pool
[rank49]:     return scatter(x, batch, dim=dim, dim_size=size, reduce='mean')
[rank49]:            ^^^^^^^^^^^^^^^^^^^^^^^^^^^^^^^^^^^^^^^^^^^^^^^^^^^^^^^^
[rank49]:   File "/lustre/orion/cph161/world-shared/mlupopa/max_conda_envs_frontier/envs/hydragnn_rocm600/lib/python3.11/site-packages/torch_geometric/utils/_scatter.py", line 78, in scatter
[rank49]:     count = src.new_zeros(dim_size)
[rank49]:             ^^^^^^^^^^^^^^^^^^^^^^^
[rank49]: RuntimeError: aten/src/ATen/RegisterCompositeExplicitAutograd.cpp:2193: SymIntArrayRef expected to contain only concrete integers
[rank16]: Traceback (most recent call last):
[rank16]:   File "/lustre/orion/lrn031/scratch/zye327/HydraGNN_ds/./examples/multidataset/train_deepspeed_exportmem.py", line 421, in <module>
[rank16]:     hydragnn.train.train_validate_test(
[rank16]:   File "/lustre/orion/lrn031/scratch/zye327/HydraGNN_ds/hydragnn/train/train_validate_test.py", line 158, in train_validate_test
[rank16]:     train_loss, train_taskserr = train(
[rank16]:                                  ^^^^^^
[rank16]:   File "/lustre/orion/lrn031/scratch/zye327/HydraGNN_ds/hydragnn/train/train_validate_test.py", line 496, in train
[rank16]:     pred = model(data)
[rank16]:            ^^^^^^^^^^^
[rank16]:   File "/lustre/orion/cph161/world-shared/mlupopa/max_conda_envs_frontier/envs/hydragnn_rocm600/lib/python3.11/site-packages/torch/nn/modules/module.py", line 1532, in _wrapped_call_impl
[rank16]:     return self._call_impl(*args, **kwargs)
[rank16]:            ^^^^^^^^^^^^^^^^^^^^^^^^^^^^^^^^
[rank16]:   File "/lustre/orion/cph161/world-shared/mlupopa/max_conda_envs_frontier/envs/hydragnn_rocm600/lib/python3.11/site-packages/torch/nn/modules/module.py", line 1541, in _call_impl
[rank16]:     return forward_call(*args, **kwargs)
[rank16]:            ^^^^^^^^^^^^^^^^^^^^^^^^^^^^^
[rank16]:   File "/ccs/home/zye327/.local/lib/python3.11/site-packages/deepspeed/utils/nvtx.py", line 15, in wrapped_fn
[rank16]:     ret_val = func(*args, **kwargs)
[rank16]:               ^^^^^^^^^^^^^^^^^^^^^
[rank16]:   File "/ccs/home/zye327/.local/lib/python3.11/site-packages/deepspeed/runtime/engine.py", line 1846, in forward
[rank16]:     loss = self.module(*inputs, **kwargs)
[rank16]:            ^^^^^^^^^^^^^^^^^^^^^^^^^^^^^^
[rank16]:   File "/lustre/orion/cph161/world-shared/mlupopa/max_conda_envs_frontier/envs/hydragnn_rocm600/lib/python3.11/site-packages/torch/nn/modules/module.py", line 1532, in _wrapped_call_impl
[rank16]:     return self._call_impl(*args, **kwargs)
[rank16]:            ^^^^^^^^^^^^^^^^^^^^^^^^^^^^^^^^
[rank16]:   File "/lustre/orion/cph161/world-shared/mlupopa/max_conda_envs_frontier/envs/hydragnn_rocm600/lib/python3.11/site-packages/torch/nn/modules/module.py", line 1541, in _call_impl
[rank16]:     return forward_call(*args, **kwargs)
[rank16]:            ^^^^^^^^^^^^^^^^^^^^^^^^^^^^^
[rank16]:   File "/lustre/orion/lrn031/scratch/zye327/HydraGNN_ds/hydragnn/models/Base.py", line 309, in forward
[rank16]:     x_graph = global_mean_pool(x, data.batch.to(x.device))
[rank16]:               ^^^^^^^^^^^^^^^^^^^^^^^^^^^^^^^^^^^^^^^^^^^^
[rank16]:   File "/lustre/orion/cph161/world-shared/mlupopa/max_conda_envs_frontier/envs/hydragnn_rocm600/lib/python3.11/site-packages/torch_geometric/nn/pool/glob.py", line 63, in global_mean_pool
[rank16]:     return scatter(x, batch, dim=dim, dim_size=size, reduce='mean')
[rank16]:            ^^^^^^^^^^^^^^^^^^^^^^^^^^^^^^^^^^^^^^^^^^^^^^^^^^^^^^^^
[rank16]:   File "/lustre/orion/cph161/world-shared/mlupopa/max_conda_envs_frontier/envs/hydragnn_rocm600/lib/python3.11/site-packages/torch_geometric/utils/_scatter.py", line 78, in scatter
[rank16]:     count = src.new_zeros(dim_size)
[rank16]:             ^^^^^^^^^^^^^^^^^^^^^^^
[rank16]: RuntimeError: aten/src/ATen/RegisterCompositeExplicitAutograd.cpp:2193: SymIntArrayRef expected to contain only concrete integers
[rank48]: Traceback (most recent call last):
[rank48]:   File "/lustre/orion/lrn031/scratch/zye327/HydraGNN_ds/./examples/multidataset/train_deepspeed_exportmem.py", line 421, in <module>
[rank48]:     hydragnn.train.train_validate_test(
[rank48]:   File "/lustre/orion/lrn031/scratch/zye327/HydraGNN_ds/hydragnn/train/train_validate_test.py", line 158, in train_validate_test
[rank48]:     train_loss, train_taskserr = train(
[rank48]:                                  ^^^^^^
[rank48]:   File "/lustre/orion/lrn031/scratch/zye327/HydraGNN_ds/hydragnn/train/train_validate_test.py", line 496, in train
[rank48]:     pred = model(data)
[rank48]:            ^^^^^^^^^^^
[rank48]:   File "/lustre/orion/cph161/world-shared/mlupopa/max_conda_envs_frontier/envs/hydragnn_rocm600/lib/python3.11/site-packages/torch/nn/modules/module.py", line 1532, in _wrapped_call_impl
[rank48]:     return self._call_impl(*args, **kwargs)
[rank48]:            ^^^^^^^^^^^^^^^^^^^^^^^^^^^^^^^^
[rank48]:   File "/lustre/orion/cph161/world-shared/mlupopa/max_conda_envs_frontier/envs/hydragnn_rocm600/lib/python3.11/site-packages/torch/nn/modules/module.py", line 1541, in _call_impl
[rank48]:     return forward_call(*args, **kwargs)
[rank48]:            ^^^^^^^^^^^^^^^^^^^^^^^^^^^^^
[rank48]:   File "/ccs/home/zye327/.local/lib/python3.11/site-packages/deepspeed/utils/nvtx.py", line 15, in wrapped_fn
[rank48]:     ret_val = func(*args, **kwargs)
[rank48]:               ^^^^^^^^^^^^^^^^^^^^^
[rank48]:   File "/ccs/home/zye327/.local/lib/python3.11/site-packages/deepspeed/runtime/engine.py", line 1846, in forward
[rank48]:     loss = self.module(*inputs, **kwargs)
[rank48]:            ^^^^^^^^^^^^^^^^^^^^^^^^^^^^^^
[rank48]:   File "/lustre/orion/cph161/world-shared/mlupopa/max_conda_envs_frontier/envs/hydragnn_rocm600/lib/python3.11/site-packages/torch/nn/modules/module.py", line 1532, in _wrapped_call_impl
[rank48]:     return self._call_impl(*args, **kwargs)
[rank48]:            ^^^^^^^^^^^^^^^^^^^^^^^^^^^^^^^^
[rank48]:   File "/lustre/orion/cph161/world-shared/mlupopa/max_conda_envs_frontier/envs/hydragnn_rocm600/lib/python3.11/site-packages/torch/nn/modules/module.py", line 1541, in _call_impl
[rank48]:     return forward_call(*args, **kwargs)
[rank48]:            ^^^^^^^^^^^^^^^^^^^^^^^^^^^^^
[rank48]:   File "/lustre/orion/lrn031/scratch/zye327/HydraGNN_ds/hydragnn/models/Base.py", line 309, in forward
[rank48]:     x_graph = global_mean_pool(x, data.batch.to(x.device))
[rank48]:               ^^^^^^^^^^^^^^^^^^^^^^^^^^^^^^^^^^^^^^^^^^^^
[rank48]:   File "/lustre/orion/cph161/world-shared/mlupopa/max_conda_envs_frontier/envs/hydragnn_rocm600/lib/python3.11/site-packages/torch_geometric/nn/pool/glob.py", line 63, in global_mean_pool
[rank48]:     return scatter(x, batch, dim=dim, dim_size=size, reduce='mean')
[rank48]:            ^^^^^^^^^^^^^^^^^^^^^^^^^^^^^^^^^^^^^^^^^^^^^^^^^^^^^^^^
[rank48]:   File "/lustre/orion/cph161/world-shared/mlupopa/max_conda_envs_frontier/envs/hydragnn_rocm600/lib/python3.11/site-packages/torch_geometric/utils/_scatter.py", line 78, in scatter
[rank48]:     count = src.new_zeros(dim_size)
[rank48]:             ^^^^^^^^^^^^^^^^^^^^^^^
[rank48]: RuntimeError: aten/src/ATen/RegisterCompositeExplicitAutograd.cpp:2193: SymIntArrayRef expected to contain only concrete integers
[rank39]: Traceback (most recent call last):
[rank39]:   File "/lustre/orion/lrn031/scratch/zye327/HydraGNN_ds/./examples/multidataset/train_deepspeed_exportmem.py", line 421, in <module>
[rank39]:     hydragnn.train.train_validate_test(
[rank39]:   File "/lustre/orion/lrn031/scratch/zye327/HydraGNN_ds/hydragnn/train/train_validate_test.py", line 158, in train_validate_test
[rank39]:     train_loss, train_taskserr = train(
[rank39]:                                  ^^^^^^
[rank39]:   File "/lustre/orion/lrn031/scratch/zye327/HydraGNN_ds/hydragnn/train/train_validate_test.py", line 496, in train
[rank39]:     pred = model(data)
[rank39]:            ^^^^^^^^^^^
[rank39]:   File "/lustre/orion/cph161/world-shared/mlupopa/max_conda_envs_frontier/envs/hydragnn_rocm600/lib/python3.11/site-packages/torch/nn/modules/module.py", line 1532, in _wrapped_call_impl
[rank39]:     return self._call_impl(*args, **kwargs)
[rank39]:            ^^^^^^^^^^^^^^^^^^^^^^^^^^^^^^^^
[rank39]:   File "/lustre/orion/cph161/world-shared/mlupopa/max_conda_envs_frontier/envs/hydragnn_rocm600/lib/python3.11/site-packages/torch/nn/modules/module.py", line 1541, in _call_impl
[rank39]:     return forward_call(*args, **kwargs)
[rank39]:            ^^^^^^^^^^^^^^^^^^^^^^^^^^^^^
[rank39]:   File "/ccs/home/zye327/.local/lib/python3.11/site-packages/deepspeed/utils/nvtx.py", line 15, in wrapped_fn
[rank39]:     ret_val = func(*args, **kwargs)
[rank39]:               ^^^^^^^^^^^^^^^^^^^^^
[rank39]:   File "/ccs/home/zye327/.local/lib/python3.11/site-packages/deepspeed/runtime/engine.py", line 1846, in forward
[rank39]:     loss = self.module(*inputs, **kwargs)
[rank39]:            ^^^^^^^^^^^^^^^^^^^^^^^^^^^^^^
[rank39]:   File "/lustre/orion/cph161/world-shared/mlupopa/max_conda_envs_frontier/envs/hydragnn_rocm600/lib/python3.11/site-packages/torch/nn/modules/module.py", line 1532, in _wrapped_call_impl
[rank39]:     return self._call_impl(*args, **kwargs)
[rank39]:            ^^^^^^^^^^^^^^^^^^^^^^^^^^^^^^^^
[rank39]:   File "/lustre/orion/cph161/world-shared/mlupopa/max_conda_envs_frontier/envs/hydragnn_rocm600/lib/python3.11/site-packages/torch/nn/modules/module.py", line 1541, in _call_impl
[rank39]:     return forward_call(*args, **kwargs)
[rank39]:            ^^^^^^^^^^^^^^^^^^^^^^^^^^^^^
[rank39]:   File "/lustre/orion/lrn031/scratch/zye327/HydraGNN_ds/hydragnn/models/Base.py", line 309, in forward
[rank39]:     x_graph = global_mean_pool(x, data.batch.to(x.device))
[rank39]:               ^^^^^^^^^^^^^^^^^^^^^^^^^^^^^^^^^^^^^^^^^^^^
[rank39]:   File "/lustre/orion/cph161/world-shared/mlupopa/max_conda_envs_frontier/envs/hydragnn_rocm600/lib/python3.11/site-packages/torch_geometric/nn/pool/glob.py", line 63, in global_mean_pool
[rank39]:     return scatter(x, batch, dim=dim, dim_size=size, reduce='mean')
[rank39]:            ^^^^^^^^^^^^^^^^^^^^^^^^^^^^^^^^^^^^^^^^^^^^^^^^^^^^^^^^
[rank39]:   File "/lustre/orion/cph161/world-shared/mlupopa/max_conda_envs_frontier/envs/hydragnn_rocm600/lib/python3.11/site-packages/torch_geometric/utils/_scatter.py", line 78, in scatter
[rank39]:     count = src.new_zeros(dim_size)
[rank39]:             ^^^^^^^^^^^^^^^^^^^^^^^
[rank39]: RuntimeError: aten/src/ATen/RegisterCompositeExplicitAutograd.cpp:2193: SymIntArrayRef expected to contain only concrete integers
[rank22]: Traceback (most recent call last):
[rank22]:   File "/lustre/orion/lrn031/scratch/zye327/HydraGNN_ds/./examples/multidataset/train_deepspeed_exportmem.py", line 421, in <module>
[rank22]:     hydragnn.train.train_validate_test(
[rank22]:   File "/lustre/orion/lrn031/scratch/zye327/HydraGNN_ds/hydragnn/train/train_validate_test.py", line 158, in train_validate_test
[rank22]:     train_loss, train_taskserr = train(
[rank22]:                                  ^^^^^^
[rank22]:   File "/lustre/orion/lrn031/scratch/zye327/HydraGNN_ds/hydragnn/train/train_validate_test.py", line 496, in train
[rank22]:     pred = model(data)
[rank22]:            ^^^^^^^^^^^
[rank22]:   File "/lustre/orion/cph161/world-shared/mlupopa/max_conda_envs_frontier/envs/hydragnn_rocm600/lib/python3.11/site-packages/torch/nn/modules/module.py", line 1532, in _wrapped_call_impl
[rank22]:     return self._call_impl(*args, **kwargs)
[rank22]:            ^^^^^^^^^^^^^^^^^^^^^^^^^^^^^^^^
[rank22]:   File "/lustre/orion/cph161/world-shared/mlupopa/max_conda_envs_frontier/envs/hydragnn_rocm600/lib/python3.11/site-packages/torch/nn/modules/module.py", line 1541, in _call_impl
[rank22]:     return forward_call(*args, **kwargs)
[rank22]:            ^^^^^^^^^^^^^^^^^^^^^^^^^^^^^
[rank22]:   File "/ccs/home/zye327/.local/lib/python3.11/site-packages/deepspeed/utils/nvtx.py", line 15, in wrapped_fn
[rank22]:     ret_val = func(*args, **kwargs)
[rank22]:               ^^^^^^^^^^^^^^^^^^^^^
[rank22]:   File "/ccs/home/zye327/.local/lib/python3.11/site-packages/deepspeed/runtime/engine.py", line 1846, in forward
[rank22]:     loss = self.module(*inputs, **kwargs)
[rank22]:            ^^^^^^^^^^^^^^^^^^^^^^^^^^^^^^
[rank22]:   File "/lustre/orion/cph161/world-shared/mlupopa/max_conda_envs_frontier/envs/hydragnn_rocm600/lib/python3.11/site-packages/torch/nn/modules/module.py", line 1532, in _wrapped_call_impl
[rank22]:     return self._call_impl(*args, **kwargs)
[rank22]:            ^^^^^^^^^^^^^^^^^^^^^^^^^^^^^^^^
[rank22]:   File "/lustre/orion/cph161/world-shared/mlupopa/max_conda_envs_frontier/envs/hydragnn_rocm600/lib/python3.11/site-packages/torch/nn/modules/module.py", line 1541, in _call_impl
[rank22]:     return forward_call(*args, **kwargs)
[rank22]:            ^^^^^^^^^^^^^^^^^^^^^^^^^^^^^
[rank22]:   File "/lustre/orion/lrn031/scratch/zye327/HydraGNN_ds/hydragnn/models/Base.py", line 309, in forward
[rank22]:     x_graph = global_mean_pool(x, data.batch.to(x.device))
[rank22]:               ^^^^^^^^^^^^^^^^^^^^^^^^^^^^^^^^^^^^^^^^^^^^
[rank22]:   File "/lustre/orion/cph161/world-shared/mlupopa/max_conda_envs_frontier/envs/hydragnn_rocm600/lib/python3.11/site-packages/torch_geometric/nn/pool/glob.py", line 63, in global_mean_pool
[rank22]:     return scatter(x, batch, dim=dim, dim_size=size, reduce='mean')
[rank22]:            ^^^^^^^^^^^^^^^^^^^^^^^^^^^^^^^^^^^^^^^^^^^^^^^^^^^^^^^^
[rank22]:   File "/lustre/orion/cph161/world-shared/mlupopa/max_conda_envs_frontier/envs/hydragnn_rocm600/lib/python3.11/site-packages/torch_geometric/utils/_scatter.py", line 78, in scatter
[rank22]:     count = src.new_zeros(dim_size)
[rank22]:             ^^^^^^^^^^^^^^^^^^^^^^^
[rank22]: RuntimeError: aten/src/ATen/RegisterCompositeExplicitAutograd.cpp:2193: SymIntArrayRef expected to contain only concrete integers
[rank80]: Traceback (most recent call last):
[rank80]:   File "/lustre/orion/lrn031/scratch/zye327/HydraGNN_ds/./examples/multidataset/train_deepspeed_exportmem.py", line 421, in <module>
[rank80]:     hydragnn.train.train_validate_test(
[rank80]:   File "/lustre/orion/lrn031/scratch/zye327/HydraGNN_ds/hydragnn/train/train_validate_test.py", line 158, in train_validate_test
[rank80]:     train_loss, train_taskserr = train(
[rank80]:                                  ^^^^^^
[rank80]:   File "/lustre/orion/lrn031/scratch/zye327/HydraGNN_ds/hydragnn/train/train_validate_test.py", line 496, in train
[rank80]:     pred = model(data)
[rank80]:            ^^^^^^^^^^^
[rank80]:   File "/lustre/orion/cph161/world-shared/mlupopa/max_conda_envs_frontier/envs/hydragnn_rocm600/lib/python3.11/site-packages/torch/nn/modules/module.py", line 1532, in _wrapped_call_impl
[rank80]:     return self._call_impl(*args, **kwargs)
[rank80]:            ^^^^^^^^^^^^^^^^^^^^^^^^^^^^^^^^
[rank80]:   File "/lustre/orion/cph161/world-shared/mlupopa/max_conda_envs_frontier/envs/hydragnn_rocm600/lib/python3.11/site-packages/torch/nn/modules/module.py", line 1541, in _call_impl
[rank80]:     return forward_call(*args, **kwargs)
[rank80]:            ^^^^^^^^^^^^^^^^^^^^^^^^^^^^^
[rank80]:   File "/ccs/home/zye327/.local/lib/python3.11/site-packages/deepspeed/utils/nvtx.py", line 15, in wrapped_fn
[rank80]:     ret_val = func(*args, **kwargs)
[rank80]:               ^^^^^^^^^^^^^^^^^^^^^
[rank80]:   File "/ccs/home/zye327/.local/lib/python3.11/site-packages/deepspeed/runtime/engine.py", line 1846, in forward
[rank80]:     loss = self.module(*inputs, **kwargs)
[rank80]:            ^^^^^^^^^^^^^^^^^^^^^^^^^^^^^^
[rank80]:   File "/lustre/orion/cph161/world-shared/mlupopa/max_conda_envs_frontier/envs/hydragnn_rocm600/lib/python3.11/site-packages/torch/nn/modules/module.py", line 1532, in _wrapped_call_impl
[rank80]:     return self._call_impl(*args, **kwargs)
[rank80]:            ^^^^^^^^^^^^^^^^^^^^^^^^^^^^^^^^
[rank80]:   File "/lustre/orion/cph161/world-shared/mlupopa/max_conda_envs_frontier/envs/hydragnn_rocm600/lib/python3.11/site-packages/torch/nn/modules/module.py", line 1541, in _call_impl
[rank80]:     return forward_call(*args, **kwargs)
[rank80]:            ^^^^^^^^^^^^^^^^^^^^^^^^^^^^^
[rank80]:   File "/lustre/orion/lrn031/scratch/zye327/HydraGNN_ds/hydragnn/models/Base.py", line 309, in forward
[rank80]:     x_graph = global_mean_pool(x, data.batch.to(x.device))
[rank80]:               ^^^^^^^^^^^^^^^^^^^^^^^^^^^^^^^^^^^^^^^^^^^^
[rank80]:   File "/lustre/orion/cph161/world-shared/mlupopa/max_conda_envs_frontier/envs/hydragnn_rocm600/lib/python3.11/site-packages/torch_geometric/nn/pool/glob.py", line 63, in global_mean_pool
[rank80]:     return scatter(x, batch, dim=dim, dim_size=size, reduce='mean')
[rank80]:            ^^^^^^^^^^^^^^^^^^^^^^^^^^^^^^^^^^^^^^^^^^^^^^^^^^^^^^^^
[rank80]:   File "/lustre/orion/cph161/world-shared/mlupopa/max_conda_envs_frontier/envs/hydragnn_rocm600/lib/python3.11/site-packages/torch_geometric/utils/_scatter.py", line 78, in scatter
[rank80]:     count = src.new_zeros(dim_size)
[rank80]:             ^^^^^^^^^^^^^^^^^^^^^^^
[rank80]: RuntimeError: aten/src/ATen/RegisterCompositeExplicitAutograd.cpp:2193: SymIntArrayRef expected to contain only concrete integers
[rank30]: Traceback (most recent call last):
[rank30]:   File "/lustre/orion/lrn031/scratch/zye327/HydraGNN_ds/./examples/multidataset/train_deepspeed_exportmem.py", line 421, in <module>
[rank30]:     hydragnn.train.train_validate_test(
[rank30]:   File "/lustre/orion/lrn031/scratch/zye327/HydraGNN_ds/hydragnn/train/train_validate_test.py", line 158, in train_validate_test
[rank30]:     train_loss, train_taskserr = train(
[rank30]:                                  ^^^^^^
[rank30]:   File "/lustre/orion/lrn031/scratch/zye327/HydraGNN_ds/hydragnn/train/train_validate_test.py", line 496, in train
[rank30]:     pred = model(data)
[rank30]:            ^^^^^^^^^^^
[rank30]:   File "/lustre/orion/cph161/world-shared/mlupopa/max_conda_envs_frontier/envs/hydragnn_rocm600/lib/python3.11/site-packages/torch/nn/modules/module.py", line 1532, in _wrapped_call_impl
[rank30]:     return self._call_impl(*args, **kwargs)
[rank30]:            ^^^^^^^^^^^^^^^^^^^^^^^^^^^^^^^^
[rank30]:   File "/lustre/orion/cph161/world-shared/mlupopa/max_conda_envs_frontier/envs/hydragnn_rocm600/lib/python3.11/site-packages/torch/nn/modules/module.py", line 1541, in _call_impl
[rank30]:     return forward_call(*args, **kwargs)
[rank30]:            ^^^^^^^^^^^^^^^^^^^^^^^^^^^^^
[rank30]:   File "/ccs/home/zye327/.local/lib/python3.11/site-packages/deepspeed/utils/nvtx.py", line 15, in wrapped_fn
[rank30]:     ret_val = func(*args, **kwargs)
[rank30]:               ^^^^^^^^^^^^^^^^^^^^^
[rank30]:   File "/ccs/home/zye327/.local/lib/python3.11/site-packages/deepspeed/runtime/engine.py", line 1846, in forward
[rank30]:     loss = self.module(*inputs, **kwargs)
[rank30]:            ^^^^^^^^^^^^^^^^^^^^^^^^^^^^^^
[rank30]:   File "/lustre/orion/cph161/world-shared/mlupopa/max_conda_envs_frontier/envs/hydragnn_rocm600/lib/python3.11/site-packages/torch/nn/modules/module.py", line 1532, in _wrapped_call_impl
[rank30]:     return self._call_impl(*args, **kwargs)
[rank30]:            ^^^^^^^^^^^^^^^^^^^^^^^^^^^^^^^^
[rank30]:   File "/lustre/orion/cph161/world-shared/mlupopa/max_conda_envs_frontier/envs/hydragnn_rocm600/lib/python3.11/site-packages/torch/nn/modules/module.py", line 1541, in _call_impl
[rank30]:     return forward_call(*args, **kwargs)
[rank30]:            ^^^^^^^^^^^^^^^^^^^^^^^^^^^^^
[rank30]:   File "/lustre/orion/lrn031/scratch/zye327/HydraGNN_ds/hydragnn/models/Base.py", line 309, in forward
[rank30]:     x_graph = global_mean_pool(x, data.batch.to(x.device))
[rank30]:               ^^^^^^^^^^^^^^^^^^^^^^^^^^^^^^^^^^^^^^^^^^^^
[rank30]:   File "/lustre/orion/cph161/world-shared/mlupopa/max_conda_envs_frontier/envs/hydragnn_rocm600/lib/python3.11/site-packages/torch_geometric/nn/pool/glob.py", line 63, in global_mean_pool
[rank30]:     return scatter(x, batch, dim=dim, dim_size=size, reduce='mean')
[rank30]:            ^^^^^^^^^^^^^^^^^^^^^^^^^^^^^^^^^^^^^^^^^^^^^^^^^^^^^^^^
[rank30]:   File "/lustre/orion/cph161/world-shared/mlupopa/max_conda_envs_frontier/envs/hydragnn_rocm600/lib/python3.11/site-packages/torch_geometric/utils/_scatter.py", line 78, in scatter
[rank30]:     count = src.new_zeros(dim_size)
[rank30]:             ^^^^^^^^^^^^^^^^^^^^^^^
[rank30]: RuntimeError: aten/src/ATen/RegisterCompositeExplicitAutograd.cpp:2193: SymIntArrayRef expected to contain only concrete integers
[rank92]: Traceback (most recent call last):
[rank92]:   File "/lustre/orion/lrn031/scratch/zye327/HydraGNN_ds/./examples/multidataset/train_deepspeed_exportmem.py", line 421, in <module>
[rank92]:     hydragnn.train.train_validate_test(
[rank92]:   File "/lustre/orion/lrn031/scratch/zye327/HydraGNN_ds/hydragnn/train/train_validate_test.py", line 158, in train_validate_test
[rank92]:     train_loss, train_taskserr = train(
[rank92]:                                  ^^^^^^
[rank92]:   File "/lustre/orion/lrn031/scratch/zye327/HydraGNN_ds/hydragnn/train/train_validate_test.py", line 496, in train
[rank92]:     pred = model(data)
[rank92]:            ^^^^^^^^^^^
[rank92]:   File "/lustre/orion/cph161/world-shared/mlupopa/max_conda_envs_frontier/envs/hydragnn_rocm600/lib/python3.11/site-packages/torch/nn/modules/module.py", line 1532, in _wrapped_call_impl
[rank92]:     return self._call_impl(*args, **kwargs)
[rank92]:            ^^^^^^^^^^^^^^^^^^^^^^^^^^^^^^^^
[rank92]:   File "/lustre/orion/cph161/world-shared/mlupopa/max_conda_envs_frontier/envs/hydragnn_rocm600/lib/python3.11/site-packages/torch/nn/modules/module.py", line 1541, in _call_impl
[rank92]:     return forward_call(*args, **kwargs)
[rank92]:            ^^^^^^^^^^^^^^^^^^^^^^^^^^^^^
[rank92]:   File "/ccs/home/zye327/.local/lib/python3.11/site-packages/deepspeed/utils/nvtx.py", line 15, in wrapped_fn
[rank92]:     ret_val = func(*args, **kwargs)
[rank92]:               ^^^^^^^^^^^^^^^^^^^^^
[rank92]:   File "/ccs/home/zye327/.local/lib/python3.11/site-packages/deepspeed/runtime/engine.py", line 1846, in forward
[rank92]:     loss = self.module(*inputs, **kwargs)
[rank92]:            ^^^^^^^^^^^^^^^^^^^^^^^^^^^^^^
[rank92]:   File "/lustre/orion/cph161/world-shared/mlupopa/max_conda_envs_frontier/envs/hydragnn_rocm600/lib/python3.11/site-packages/torch/nn/modules/module.py", line 1532, in _wrapped_call_impl
[rank92]:     return self._call_impl(*args, **kwargs)
[rank92]:            ^^^^^^^^^^^^^^^^^^^^^^^^^^^^^^^^
[rank92]:   File "/lustre/orion/cph161/world-shared/mlupopa/max_conda_envs_frontier/envs/hydragnn_rocm600/lib/python3.11/site-packages/torch/nn/modules/module.py", line 1541, in _call_impl
[rank92]:     return forward_call(*args, **kwargs)
[rank92]:            ^^^^^^^^^^^^^^^^^^^^^^^^^^^^^
[rank92]:   File "/lustre/orion/lrn031/scratch/zye327/HydraGNN_ds/hydragnn/models/Base.py", line 309, in forward
[rank92]:     x_graph = global_mean_pool(x, data.batch.to(x.device))
[rank92]:               ^^^^^^^^^^^^^^^^^^^^^^^^^^^^^^^^^^^^^^^^^^^^
[rank92]:   File "/lustre/orion/cph161/world-shared/mlupopa/max_conda_envs_frontier/envs/hydragnn_rocm600/lib/python3.11/site-packages/torch_geometric/nn/pool/glob.py", line 63, in global_mean_pool
[rank92]:     return scatter(x, batch, dim=dim, dim_size=size, reduce='mean')
[rank92]:            ^^^^^^^^^^^^^^^^^^^^^^^^^^^^^^^^^^^^^^^^^^^^^^^^^^^^^^^^
[rank92]:   File "/lustre/orion/cph161/world-shared/mlupopa/max_conda_envs_frontier/envs/hydragnn_rocm600/lib/python3.11/site-packages/torch_geometric/utils/_scatter.py", line 78, in scatter
[rank92]:     count = src.new_zeros(dim_size)
[rank92]:             ^^^^^^^^^^^^^^^^^^^^^^^
[rank92]: RuntimeError: aten/src/ATen/RegisterCompositeExplicitAutograd.cpp:2193: SymIntArrayRef expected to contain only concrete integers
[rank10]: Traceback (most recent call last):
[rank10]:   File "/lustre/orion/lrn031/scratch/zye327/HydraGNN_ds/./examples/multidataset/train_deepspeed_exportmem.py", line 421, in <module>
[rank10]:     hydragnn.train.train_validate_test(
[rank10]:   File "/lustre/orion/lrn031/scratch/zye327/HydraGNN_ds/hydragnn/train/train_validate_test.py", line 158, in train_validate_test
[rank10]:     train_loss, train_taskserr = train(
[rank10]:                                  ^^^^^^
[rank10]:   File "/lustre/orion/lrn031/scratch/zye327/HydraGNN_ds/hydragnn/train/train_validate_test.py", line 496, in train
[rank10]:     pred = model(data)
[rank10]:            ^^^^^^^^^^^
[rank10]:   File "/lustre/orion/cph161/world-shared/mlupopa/max_conda_envs_frontier/envs/hydragnn_rocm600/lib/python3.11/site-packages/torch/nn/modules/module.py", line 1532, in _wrapped_call_impl
[rank10]:     return self._call_impl(*args, **kwargs)
[rank10]:            ^^^^^^^^^^^^^^^^^^^^^^^^^^^^^^^^
[rank10]:   File "/lustre/orion/cph161/world-shared/mlupopa/max_conda_envs_frontier/envs/hydragnn_rocm600/lib/python3.11/site-packages/torch/nn/modules/module.py", line 1541, in _call_impl
[rank10]:     return forward_call(*args, **kwargs)
[rank10]:            ^^^^^^^^^^^^^^^^^^^^^^^^^^^^^
[rank10]:   File "/ccs/home/zye327/.local/lib/python3.11/site-packages/deepspeed/utils/nvtx.py", line 15, in wrapped_fn
[rank10]:     ret_val = func(*args, **kwargs)
[rank10]:               ^^^^^^^^^^^^^^^^^^^^^
[rank10]:   File "/ccs/home/zye327/.local/lib/python3.11/site-packages/deepspeed/runtime/engine.py", line 1846, in forward
[rank10]:     loss = self.module(*inputs, **kwargs)
[rank10]:            ^^^^^^^^^^^^^^^^^^^^^^^^^^^^^^
[rank10]:   File "/lustre/orion/cph161/world-shared/mlupopa/max_conda_envs_frontier/envs/hydragnn_rocm600/lib/python3.11/site-packages/torch/nn/modules/module.py", line 1532, in _wrapped_call_impl
[rank10]:     return self._call_impl(*args, **kwargs)
[rank10]:            ^^^^^^^^^^^^^^^^^^^^^^^^^^^^^^^^
[rank10]:   File "/lustre/orion/cph161/world-shared/mlupopa/max_conda_envs_frontier/envs/hydragnn_rocm600/lib/python3.11/site-packages/torch/nn/modules/module.py", line 1541, in _call_impl
[rank10]:     return forward_call(*args, **kwargs)
[rank10]:            ^^^^^^^^^^^^^^^^^^^^^^^^^^^^^
[rank10]:   File "/lustre/orion/lrn031/scratch/zye327/HydraGNN_ds/hydragnn/models/Base.py", line 309, in forward
[rank10]:     x_graph = global_mean_pool(x, data.batch.to(x.device))
[rank10]:               ^^^^^^^^^^^^^^^^^^^^^^^^^^^^^^^^^^^^^^^^^^^^
[rank10]:   File "/lustre/orion/cph161/world-shared/mlupopa/max_conda_envs_frontier/envs/hydragnn_rocm600/lib/python3.11/site-packages/torch_geometric/nn/pool/glob.py", line 63, in global_mean_pool
[rank10]:     return scatter(x, batch, dim=dim, dim_size=size, reduce='mean')
[rank10]:            ^^^^^^^^^^^^^^^^^^^^^^^^^^^^^^^^^^^^^^^^^^^^^^^^^^^^^^^^
[rank10]:   File "/lustre/orion/cph161/world-shared/mlupopa/max_conda_envs_frontier/envs/hydragnn_rocm600/lib/python3.11/site-packages/torch_geometric/utils/_scatter.py", line 78, in scatter
[rank10]:     count = src.new_zeros(dim_size)
[rank10]:             ^^^^^^^^^^^^^^^^^^^^^^^
[rank10]: RuntimeError: aten/src/ATen/RegisterCompositeExplicitAutograd.cpp:2193: SymIntArrayRef expected to contain only concrete integers
[rank101]: Traceback (most recent call last):
[rank101]:   File "/lustre/orion/lrn031/scratch/zye327/HydraGNN_ds/./examples/multidataset/train_deepspeed_exportmem.py", line 421, in <module>
[rank101]:     hydragnn.train.train_validate_test(
[rank101]:   File "/lustre/orion/lrn031/scratch/zye327/HydraGNN_ds/hydragnn/train/train_validate_test.py", line 158, in train_validate_test
[rank101]:     train_loss, train_taskserr = train(
[rank101]:                                  ^^^^^^
[rank101]:   File "/lustre/orion/lrn031/scratch/zye327/HydraGNN_ds/hydragnn/train/train_validate_test.py", line 496, in train
[rank101]:     pred = model(data)
[rank101]:            ^^^^^^^^^^^
[rank101]:   File "/lustre/orion/cph161/world-shared/mlupopa/max_conda_envs_frontier/envs/hydragnn_rocm600/lib/python3.11/site-packages/torch/nn/modules/module.py", line 1532, in _wrapped_call_impl
[rank101]:     return self._call_impl(*args, **kwargs)
[rank101]:            ^^^^^^^^^^^^^^^^^^^^^^^^^^^^^^^^
[rank101]:   File "/lustre/orion/cph161/world-shared/mlupopa/max_conda_envs_frontier/envs/hydragnn_rocm600/lib/python3.11/site-packages/torch/nn/modules/module.py", line 1541, in _call_impl
[rank101]:     return forward_call(*args, **kwargs)
[rank101]:            ^^^^^^^^^^^^^^^^^^^^^^^^^^^^^
[rank101]:   File "/ccs/home/zye327/.local/lib/python3.11/site-packages/deepspeed/utils/nvtx.py", line 15, in wrapped_fn
[rank101]:     ret_val = func(*args, **kwargs)
[rank101]:               ^^^^^^^^^^^^^^^^^^^^^
[rank101]:   File "/ccs/home/zye327/.local/lib/python3.11/site-packages/deepspeed/runtime/engine.py", line 1846, in forward
[rank101]:     loss = self.module(*inputs, **kwargs)
[rank101]:            ^^^^^^^^^^^^^^^^^^^^^^^^^^^^^^
[rank101]:   File "/lustre/orion/cph161/world-shared/mlupopa/max_conda_envs_frontier/envs/hydragnn_rocm600/lib/python3.11/site-packages/torch/nn/modules/module.py", line 1532, in _wrapped_call_impl
[rank101]:     return self._call_impl(*args, **kwargs)
[rank101]:            ^^^^^^^^^^^^^^^^^^^^^^^^^^^^^^^^
[rank101]:   File "/lustre/orion/cph161/world-shared/mlupopa/max_conda_envs_frontier/envs/hydragnn_rocm600/lib/python3.11/site-packages/torch/nn/modules/module.py", line 1541, in _call_impl
[rank101]:     return forward_call(*args, **kwargs)
[rank101]:            ^^^^^^^^^^^^^^^^^^^^^^^^^^^^^
[rank101]:   File "/lustre/orion/lrn031/scratch/zye327/HydraGNN_ds/hydragnn/models/Base.py", line 309, in forward
[rank101]:     x_graph = global_mean_pool(x, data.batch.to(x.device))
[rank101]:               ^^^^^^^^^^^^^^^^^^^^^^^^^^^^^^^^^^^^^^^^^^^^
[rank101]:   File "/lustre/orion/cph161/world-shared/mlupopa/max_conda_envs_frontier/envs/hydragnn_rocm600/lib/python3.11/site-packages/torch_geometric/nn/pool/glob.py", line 63, in global_mean_pool
[rank101]:     return scatter(x, batch, dim=dim, dim_size=size, reduce='mean')
[rank101]:            ^^^^^^^^^^^^^^^^^^^^^^^^^^^^^^^^^^^^^^^^^^^^^^^^^^^^^^^^
[rank101]:   File "/lustre/orion/cph161/world-shared/mlupopa/max_conda_envs_frontier/envs/hydragnn_rocm600/lib/python3.11/site-packages/torch_geometric/utils/_scatter.py", line 78, in scatter
[rank101]:     count = src.new_zeros(dim_size)
[rank101]:             ^^^^^^^^^^^^^^^^^^^^^^^
[rank101]: RuntimeError: aten/src/ATen/RegisterCompositeExplicitAutograd.cpp:2193: SymIntArrayRef expected to contain only concrete integers
[rank127]: Traceback (most recent call last):
[rank127]:   File "/lustre/orion/lrn031/scratch/zye327/HydraGNN_ds/./examples/multidataset/train_deepspeed_exportmem.py", line 421, in <module>
[rank127]:     hydragnn.train.train_validate_test(
[rank127]:   File "/lustre/orion/lrn031/scratch/zye327/HydraGNN_ds/hydragnn/train/train_validate_test.py", line 158, in train_validate_test
[rank127]:     train_loss, train_taskserr = train(
[rank127]:                                  ^^^^^^
[rank127]:   File "/lustre/orion/lrn031/scratch/zye327/HydraGNN_ds/hydragnn/train/train_validate_test.py", line 496, in train
[rank127]:     pred = model(data)
[rank127]:            ^^^^^^^^^^^
[rank127]:   File "/lustre/orion/cph161/world-shared/mlupopa/max_conda_envs_frontier/envs/hydragnn_rocm600/lib/python3.11/site-packages/torch/nn/modules/module.py", line 1532, in _wrapped_call_impl
[rank127]:     return self._call_impl(*args, **kwargs)
[rank127]:            ^^^^^^^^^^^^^^^^^^^^^^^^^^^^^^^^
[rank127]:   File "/lustre/orion/cph161/world-shared/mlupopa/max_conda_envs_frontier/envs/hydragnn_rocm600/lib/python3.11/site-packages/torch/nn/modules/module.py", line 1541, in _call_impl
[rank127]:     return forward_call(*args, **kwargs)
[rank127]:            ^^^^^^^^^^^^^^^^^^^^^^^^^^^^^
[rank127]:   File "/ccs/home/zye327/.local/lib/python3.11/site-packages/deepspeed/utils/nvtx.py", line 15, in wrapped_fn
[rank127]:     ret_val = func(*args, **kwargs)
[rank127]:               ^^^^^^^^^^^^^^^^^^^^^
[rank127]:   File "/ccs/home/zye327/.local/lib/python3.11/site-packages/deepspeed/runtime/engine.py", line 1846, in forward
[rank127]:     loss = self.module(*inputs, **kwargs)
[rank127]:            ^^^^^^^^^^^^^^^^^^^^^^^^^^^^^^
[rank127]:   File "/lustre/orion/cph161/world-shared/mlupopa/max_conda_envs_frontier/envs/hydragnn_rocm600/lib/python3.11/site-packages/torch/nn/modules/module.py", line 1532, in _wrapped_call_impl
[rank127]:     return self._call_impl(*args, **kwargs)
[rank127]:            ^^^^^^^^^^^^^^^^^^^^^^^^^^^^^^^^
[rank127]:   File "/lustre/orion/cph161/world-shared/mlupopa/max_conda_envs_frontier/envs/hydragnn_rocm600/lib/python3.11/site-packages/torch/nn/modules/module.py", line 1541, in _call_impl
[rank127]:     return forward_call(*args, **kwargs)
[rank127]:            ^^^^^^^^^^^^^^^^^^^^^^^^^^^^^
[rank127]:   File "/lustre/orion/lrn031/scratch/zye327/HydraGNN_ds/hydragnn/models/Base.py", line 309, in forward
[rank127]:     x_graph = global_mean_pool(x, data.batch.to(x.device))
[rank127]:               ^^^^^^^^^^^^^^^^^^^^^^^^^^^^^^^^^^^^^^^^^^^^
[rank127]:   File "/lustre/orion/cph161/world-shared/mlupopa/max_conda_envs_frontier/envs/hydragnn_rocm600/lib/python3.11/site-packages/torch_geometric/nn/pool/glob.py", line 63, in global_mean_pool
[rank127]:     return scatter(x, batch, dim=dim, dim_size=size, reduce='mean')
[rank127]:            ^^^^^^^^^^^^^^^^^^^^^^^^^^^^^^^^^^^^^^^^^^^^^^^^^^^^^^^^
[rank127]:   File "/lustre/orion/cph161/world-shared/mlupopa/max_conda_envs_frontier/envs/hydragnn_rocm600/lib/python3.11/site-packages/torch_geometric/utils/_scatter.py", line 78, in scatter
[rank127]:     count = src.new_zeros(dim_size)
[rank127]:             ^^^^^^^^^^^^^^^^^^^^^^^
[rank127]: RuntimeError: aten/src/ATen/RegisterCompositeExplicitAutograd.cpp:2193: SymIntArrayRef expected to contain only concrete integers
[rank116]: Traceback (most recent call last):
[rank116]:   File "/lustre/orion/lrn031/scratch/zye327/HydraGNN_ds/./examples/multidataset/train_deepspeed_exportmem.py", line 421, in <module>
[rank116]:     hydragnn.train.train_validate_test(
[rank116]:   File "/lustre/orion/lrn031/scratch/zye327/HydraGNN_ds/hydragnn/train/train_validate_test.py", line 158, in train_validate_test
[rank116]:     train_loss, train_taskserr = train(
[rank116]:                                  ^^^^^^
[rank116]:   File "/lustre/orion/lrn031/scratch/zye327/HydraGNN_ds/hydragnn/train/train_validate_test.py", line 496, in train
[rank116]:     pred = model(data)
[rank116]:            ^^^^^^^^^^^
[rank116]:   File "/lustre/orion/cph161/world-shared/mlupopa/max_conda_envs_frontier/envs/hydragnn_rocm600/lib/python3.11/site-packages/torch/nn/modules/module.py", line 1532, in _wrapped_call_impl
[rank116]:     return self._call_impl(*args, **kwargs)
[rank116]:            ^^^^^^^^^^^^^^^^^^^^^^^^^^^^^^^^
[rank116]:   File "/lustre/orion/cph161/world-shared/mlupopa/max_conda_envs_frontier/envs/hydragnn_rocm600/lib/python3.11/site-packages/torch/nn/modules/module.py", line 1541, in _call_impl
[rank116]:     return forward_call(*args, **kwargs)
[rank116]:            ^^^^^^^^^^^^^^^^^^^^^^^^^^^^^
[rank116]:   File "/ccs/home/zye327/.local/lib/python3.11/site-packages/deepspeed/utils/nvtx.py", line 15, in wrapped_fn
[rank116]:     ret_val = func(*args, **kwargs)
[rank116]:               ^^^^^^^^^^^^^^^^^^^^^
[rank116]:   File "/ccs/home/zye327/.local/lib/python3.11/site-packages/deepspeed/runtime/engine.py", line 1846, in forward
[rank116]:     loss = self.module(*inputs, **kwargs)
[rank116]:            ^^^^^^^^^^^^^^^^^^^^^^^^^^^^^^
[rank116]:   File "/lustre/orion/cph161/world-shared/mlupopa/max_conda_envs_frontier/envs/hydragnn_rocm600/lib/python3.11/site-packages/torch/nn/modules/module.py", line 1532, in _wrapped_call_impl
[rank116]:     return self._call_impl(*args, **kwargs)
[rank116]:            ^^^^^^^^^^^^^^^^^^^^^^^^^^^^^^^^
[rank116]:   File "/lustre/orion/cph161/world-shared/mlupopa/max_conda_envs_frontier/envs/hydragnn_rocm600/lib/python3.11/site-packages/torch/nn/modules/module.py", line 1541, in _call_impl
[rank116]:     return forward_call(*args, **kwargs)
[rank116]:            ^^^^^^^^^^^^^^^^^^^^^^^^^^^^^
[rank116]:   File "/lustre/orion/lrn031/scratch/zye327/HydraGNN_ds/hydragnn/models/Base.py", line 309, in forward
[rank116]:     x_graph = global_mean_pool(x, data.batch.to(x.device))
[rank116]:               ^^^^^^^^^^^^^^^^^^^^^^^^^^^^^^^^^^^^^^^^^^^^
[rank116]:   File "/lustre/orion/cph161/world-shared/mlupopa/max_conda_envs_frontier/envs/hydragnn_rocm600/lib/python3.11/site-packages/torch_geometric/nn/pool/glob.py", line 63, in global_mean_pool
[rank116]:     return scatter(x, batch, dim=dim, dim_size=size, reduce='mean')
[rank116]:            ^^^^^^^^^^^^^^^^^^^^^^^^^^^^^^^^^^^^^^^^^^^^^^^^^^^^^^^^
[rank116]:   File "/lustre/orion/cph161/world-shared/mlupopa/max_conda_envs_frontier/envs/hydragnn_rocm600/lib/python3.11/site-packages/torch_geometric/utils/_scatter.py", line 78, in scatter
[rank116]:     count = src.new_zeros(dim_size)
[rank116]:             ^^^^^^^^^^^^^^^^^^^^^^^
[rank116]: RuntimeError: aten/src/ATen/RegisterCompositeExplicitAutograd.cpp:2193: SymIntArrayRef expected to contain only concrete integers
[rank123]: Traceback (most recent call last):
[rank123]:   File "/lustre/orion/lrn031/scratch/zye327/HydraGNN_ds/./examples/multidataset/train_deepspeed_exportmem.py", line 421, in <module>
[rank123]:     hydragnn.train.train_validate_test(
[rank123]:   File "/lustre/orion/lrn031/scratch/zye327/HydraGNN_ds/hydragnn/train/train_validate_test.py", line 158, in train_validate_test
[rank123]:     train_loss, train_taskserr = train(
[rank123]:                                  ^^^^^^
[rank123]:   File "/lustre/orion/lrn031/scratch/zye327/HydraGNN_ds/hydragnn/train/train_validate_test.py", line 496, in train
[rank123]:     pred = model(data)
[rank123]:            ^^^^^^^^^^^
[rank123]:   File "/lustre/orion/cph161/world-shared/mlupopa/max_conda_envs_frontier/envs/hydragnn_rocm600/lib/python3.11/site-packages/torch/nn/modules/module.py", line 1532, in _wrapped_call_impl
[rank123]:     return self._call_impl(*args, **kwargs)
[rank123]:            ^^^^^^^^^^^^^^^^^^^^^^^^^^^^^^^^
[rank123]:   File "/lustre/orion/cph161/world-shared/mlupopa/max_conda_envs_frontier/envs/hydragnn_rocm600/lib/python3.11/site-packages/torch/nn/modules/module.py", line 1541, in _call_impl
[rank123]:     return forward_call(*args, **kwargs)
[rank123]:            ^^^^^^^^^^^^^^^^^^^^^^^^^^^^^
[rank123]:   File "/ccs/home/zye327/.local/lib/python3.11/site-packages/deepspeed/utils/nvtx.py", line 15, in wrapped_fn
[rank123]:     ret_val = func(*args, **kwargs)
[rank123]:               ^^^^^^^^^^^^^^^^^^^^^
[rank123]:   File "/ccs/home/zye327/.local/lib/python3.11/site-packages/deepspeed/runtime/engine.py", line 1846, in forward
[rank123]:     loss = self.module(*inputs, **kwargs)
[rank123]:            ^^^^^^^^^^^^^^^^^^^^^^^^^^^^^^
[rank123]:   File "/lustre/orion/cph161/world-shared/mlupopa/max_conda_envs_frontier/envs/hydragnn_rocm600/lib/python3.11/site-packages/torch/nn/modules/module.py", line 1532, in _wrapped_call_impl
[rank123]:     return self._call_impl(*args, **kwargs)
[rank123]:            ^^^^^^^^^^^^^^^^^^^^^^^^^^^^^^^^
[rank123]:   File "/lustre/orion/cph161/world-shared/mlupopa/max_conda_envs_frontier/envs/hydragnn_rocm600/lib/python3.11/site-packages/torch/nn/modules/module.py", line 1541, in _call_impl
[rank123]:     return forward_call(*args, **kwargs)
[rank123]:            ^^^^^^^^^^^^^^^^^^^^^^^^^^^^^
[rank123]:   File "/lustre/orion/lrn031/scratch/zye327/HydraGNN_ds/hydragnn/models/Base.py", line 309, in forward
[rank123]:     x_graph = global_mean_pool(x, data.batch.to(x.device))
[rank123]:               ^^^^^^^^^^^^^^^^^^^^^^^^^^^^^^^^^^^^^^^^^^^^
[rank123]:   File "/lustre/orion/cph161/world-shared/mlupopa/max_conda_envs_frontier/envs/hydragnn_rocm600/lib/python3.11/site-packages/torch_geometric/nn/pool/glob.py", line 63, in global_mean_pool
[rank123]:     return scatter(x, batch, dim=dim, dim_size=size, reduce='mean')
[rank123]:            ^^^^^^^^^^^^^^^^^^^^^^^^^^^^^^^^^^^^^^^^^^^^^^^^^^^^^^^^
[rank123]:   File "/lustre/orion/cph161/world-shared/mlupopa/max_conda_envs_frontier/envs/hydragnn_rocm600/lib/python3.11/site-packages/torch_geometric/utils/_scatter.py", line 78, in scatter
[rank123]:     count = src.new_zeros(dim_size)
[rank123]:             ^^^^^^^^^^^^^^^^^^^^^^^
[rank123]: RuntimeError: aten/src/ATen/RegisterCompositeExplicitAutograd.cpp:2193: SymIntArrayRef expected to contain only concrete integers
srun: Job step aborted: Waiting up to 32 seconds for job step to finish.
Train:   0%|          | 0/2 [00:00<?, ?it/s]slurmstepd: error: *** STEP 2204534.1 ON frontier07020 CANCELLED AT 2024-08-08T01:05:56 ***
slurmstepd: error: *** JOB 2204534 ON frontier07020 CANCELLED AT 2024-08-08T01:05:56 ***
