MINICOM=-c on
MIOPEN_DISABLE_CACHE=1
MPICH_ENV_DISPLAY=0
MPICH_OFI_NIC_POLICY=NUMA
MPICH_VERSION_DISPLAY=0
MPICH_DIR=/opt/cray/pe/mpich/8.1.28/ofi/crayclang/17.0
HYDRA_LAUNCHER_EXTRA_ARGS=--external-launcher
HYDRAGNN_VALTEST=0
HYDRAGNN_AGGR_BACKEND=mpi
HYDRAGNN_NUM_WORKERS=0
HYDRA_BOOTSTRAP=slurm
HYDRAGNN_USE_VARIABLE_GRAPH_SIZE=1
NCCL_P2P_LEVEL=NVL
NCCL_PROTO=Simple
NCCL_P2P_DISABLE=1
Running "module reset". Resetting modules to system default. The following $MODULEPATH directories have been removed: None
-------------------------------------------------------------------------------
There are messages associated with the following module(s):
-------------------------------------------------------------------------------

DefApps:
   The software stack on Frontier had updates on July 9th & 16th, 2024.
   Retired modules: https://docs.olcf.ornl.gov/software/software-news.html#frontier-user-environment-changes-july-9-2024
   New defaults: https://docs.olcf.ornl.gov/software/software-news.html#frontier-system-software-update-july-16-2024

-------------------------------------------------------------------------------


Lmod is automatically replacing "cce/17.0.0" with "gcc-native/12.3".


Lmod is automatically replacing "PrgEnv-cray/8.5.0" with "PrgEnv-gnu/8.5.0".


Due to MODULEPATH changes, the following have been reloaded:
  1) cray-libsci/23.12.5     2) cray-mpich/8.1.28     3) darshan-runtime/3.4.0-mpi


Lmod is automatically replacing "gcc-native/12.3" with "amd-mixed/5.4.3".

Lmod has detected the following error: The following module(s) are unknown:
"amd-mixed/5.4.3" "darshan-runtime"

Please check the spelling or version number. Also try "module spider ..."
It is also possible your cache file is out-of-date; it may help to try:
  $ module --ignore_cache load "amd-mixed/5.4.3" "darshan-runtime"

Also make sure that all modulefiles written in TCL start with the string
#%Module



Lmod has detected the following error: The following module(s) are unknown:
"cray-mpich/8.1.26"

Please check the spelling or version number. Also try "module spider ..."
It is also possible your cache file is out-of-date; it may help to try:
  $ module --ignore_cache load "cray-mpich/8.1.26"

Also make sure that all modulefiles written in TCL start with the string
#%Module



+ export HYDRAGNN_TRACE_LEVEL=2
+ HYDRAGNN_TRACE_LEVEL=2
+ for MS in SMALL
+ for NN in 16
+ srun -N16 -n128 -c7 --gpus-per-task=1 --gpu-bind=closest python -u ./examples/multidataset/train_deepspeed.py --multi_model_list=OC2022 --multi --num_epoch=3 --everyone --ddstore --log=exp-strongfull-SMALL-2129462-NN16 --inputfile=SMALL_MTL.json --use_deepspeed
[2024-07-25 01:02:47,951] [INFO] [real_accelerator.py:203:get_accelerator] Setting ds_accelerator to cuda (auto detect)
[2024-07-25 01:02:47,951] [INFO] [real_accelerator.py:203:get_accelerator] Setting ds_accelerator to cuda (auto detect)
[2024-07-25 01:02:47,951] [INFO] [real_accelerator.py:203:get_accelerator] Setting ds_accelerator to cuda (auto detect)
[2024-07-25 01:02:47,951] [INFO] [real_accelerator.py:203:get_accelerator] Setting ds_accelerator to cuda (auto detect)
[2024-07-25 01:02:47,951] [INFO] [real_accelerator.py:203:get_accelerator] Setting ds_accelerator to cuda (auto detect)
[2024-07-25 01:02:47,951] [INFO] [real_accelerator.py:203:get_accelerator] Setting ds_accelerator to cuda (auto detect)
[2024-07-25 01:02:47,951] [INFO] [real_accelerator.py:203:get_accelerator] Setting ds_accelerator to cuda (auto detect)
[2024-07-25 01:02:47,951] [INFO] [real_accelerator.py:203:get_accelerator] Setting ds_accelerator to cuda (auto detect)
[2024-07-25 01:02:47,962] [INFO] [real_accelerator.py:203:get_accelerator] Setting ds_accelerator to cuda (auto detect)
[2024-07-25 01:02:47,962] [INFO] [real_accelerator.py:203:get_accelerator] Setting ds_accelerator to cuda (auto detect)
[2024-07-25 01:02:47,962] [INFO] [real_accelerator.py:203:get_accelerator] Setting ds_accelerator to cuda (auto detect)
[2024-07-25 01:02:47,962] [INFO] [real_accelerator.py:203:get_accelerator] Setting ds_accelerator to cuda (auto detect)
[2024-07-25 01:02:47,962] [INFO] [real_accelerator.py:203:get_accelerator] Setting ds_accelerator to cuda (auto detect)
[2024-07-25 01:02:47,962] [INFO] [real_accelerator.py:203:get_accelerator] Setting ds_accelerator to cuda (auto detect)
[2024-07-25 01:02:47,962] [INFO] [real_accelerator.py:203:get_accelerator] Setting ds_accelerator to cuda (auto detect)
[2024-07-25 01:02:47,962] [INFO] [real_accelerator.py:203:get_accelerator] Setting ds_accelerator to cuda (auto detect)
[2024-07-25 01:02:47,969] [INFO] [real_accelerator.py:203:get_accelerator] Setting ds_accelerator to cuda (auto detect)
[2024-07-25 01:02:47,969] [INFO] [real_accelerator.py:203:get_accelerator] Setting ds_accelerator to cuda (auto detect)
[2024-07-25 01:02:47,969] [INFO] [real_accelerator.py:203:get_accelerator] Setting ds_accelerator to cuda (auto detect)
[2024-07-25 01:02:47,969] [INFO] [real_accelerator.py:203:get_accelerator] Setting ds_accelerator to cuda (auto detect)
[2024-07-25 01:02:47,969] [INFO] [real_accelerator.py:203:get_accelerator] Setting ds_accelerator to cuda (auto detect)
[2024-07-25 01:02:47,969] [INFO] [real_accelerator.py:203:get_accelerator] Setting ds_accelerator to cuda (auto detect)
[2024-07-25 01:02:47,969] [INFO] [real_accelerator.py:203:get_accelerator] Setting ds_accelerator to cuda (auto detect)
[2024-07-25 01:02:47,969] [INFO] [real_accelerator.py:203:get_accelerator] Setting ds_accelerator to cuda (auto detect)
[2024-07-25 01:02:47,969] [INFO] [real_accelerator.py:203:get_accelerator] Setting ds_accelerator to cuda (auto detect)
[2024-07-25 01:02:47,969] [INFO] [real_accelerator.py:203:get_accelerator] Setting ds_accelerator to cuda (auto detect)
[2024-07-25 01:02:47,969] [INFO] [real_accelerator.py:203:get_accelerator] Setting ds_accelerator to cuda (auto detect)
[2024-07-25 01:02:47,969] [INFO] [real_accelerator.py:203:get_accelerator] Setting ds_accelerator to cuda (auto detect)
[2024-07-25 01:02:47,969] [INFO] [real_accelerator.py:203:get_accelerator] Setting ds_accelerator to cuda (auto detect)
[2024-07-25 01:02:47,969] [INFO] [real_accelerator.py:203:get_accelerator] Setting ds_accelerator to cuda (auto detect)
[2024-07-25 01:02:47,969] [INFO] [real_accelerator.py:203:get_accelerator] Setting ds_accelerator to cuda (auto detect)
[2024-07-25 01:02:47,969] [INFO] [real_accelerator.py:203:get_accelerator] Setting ds_accelerator to cuda (auto detect)
[2024-07-25 01:02:47,985] [INFO] [real_accelerator.py:203:get_accelerator] Setting ds_accelerator to cuda (auto detect)
[2024-07-25 01:02:47,985] [INFO] [real_accelerator.py:203:get_accelerator] Setting ds_accelerator to cuda (auto detect)
[2024-07-25 01:02:47,985] [INFO] [real_accelerator.py:203:get_accelerator] Setting ds_accelerator to cuda (auto detect)
[2024-07-25 01:02:47,985] [INFO] [real_accelerator.py:203:get_accelerator] Setting ds_accelerator to cuda (auto detect)
[2024-07-25 01:02:47,985] [INFO] [real_accelerator.py:203:get_accelerator] Setting ds_accelerator to cuda (auto detect)
[2024-07-25 01:02:47,985] [INFO] [real_accelerator.py:203:get_accelerator] Setting ds_accelerator to cuda (auto detect)
[2024-07-25 01:02:47,985] [INFO] [real_accelerator.py:203:get_accelerator] Setting ds_accelerator to cuda (auto detect)
[2024-07-25 01:02:47,985] [INFO] [real_accelerator.py:203:get_accelerator] Setting ds_accelerator to cuda (auto detect)
[2024-07-25 01:02:47,988] [INFO] [real_accelerator.py:203:get_accelerator] Setting ds_accelerator to cuda (auto detect)
[2024-07-25 01:02:47,988] [INFO] [real_accelerator.py:203:get_accelerator] Setting ds_accelerator to cuda (auto detect)
[2024-07-25 01:02:47,988] [INFO] [real_accelerator.py:203:get_accelerator] Setting ds_accelerator to cuda (auto detect)
[2024-07-25 01:02:47,988] [INFO] [real_accelerator.py:203:get_accelerator] Setting ds_accelerator to cuda (auto detect)
[2024-07-25 01:02:47,988] [INFO] [real_accelerator.py:203:get_accelerator] Setting ds_accelerator to cuda (auto detect)
[2024-07-25 01:02:47,988] [INFO] [real_accelerator.py:203:get_accelerator] Setting ds_accelerator to cuda (auto detect)
[2024-07-25 01:02:47,988] [INFO] [real_accelerator.py:203:get_accelerator] Setting ds_accelerator to cuda (auto detect)
[2024-07-25 01:02:47,988] [INFO] [real_accelerator.py:203:get_accelerator] Setting ds_accelerator to cuda (auto detect)
[2024-07-25 01:02:47,999] [INFO] [real_accelerator.py:203:get_accelerator] Setting ds_accelerator to cuda (auto detect)
[2024-07-25 01:02:47,999] [INFO] [real_accelerator.py:203:get_accelerator] Setting ds_accelerator to cuda (auto detect)
[2024-07-25 01:02:47,999] [INFO] [real_accelerator.py:203:get_accelerator] Setting ds_accelerator to cuda (auto detect)
[2024-07-25 01:02:47,999] [INFO] [real_accelerator.py:203:get_accelerator] Setting ds_accelerator to cuda (auto detect)
[2024-07-25 01:02:47,999] [INFO] [real_accelerator.py:203:get_accelerator] Setting ds_accelerator to cuda (auto detect)
[2024-07-25 01:02:47,999] [INFO] [real_accelerator.py:203:get_accelerator] Setting ds_accelerator to cuda (auto detect)
[2024-07-25 01:02:47,999] [INFO] [real_accelerator.py:203:get_accelerator] Setting ds_accelerator to cuda (auto detect)
[2024-07-25 01:02:47,999] [INFO] [real_accelerator.py:203:get_accelerator] Setting ds_accelerator to cuda (auto detect)
[2024-07-25 01:02:47,999] [INFO] [real_accelerator.py:203:get_accelerator] Setting ds_accelerator to cuda (auto detect)
[2024-07-25 01:02:47,999] [INFO] [real_accelerator.py:203:get_accelerator] Setting ds_accelerator to cuda (auto detect)
[2024-07-25 01:02:47,999] [INFO] [real_accelerator.py:203:get_accelerator] Setting ds_accelerator to cuda (auto detect)
[2024-07-25 01:02:47,999] [INFO] [real_accelerator.py:203:get_accelerator] Setting ds_accelerator to cuda (auto detect)
[2024-07-25 01:02:47,999] [INFO] [real_accelerator.py:203:get_accelerator] Setting ds_accelerator to cuda (auto detect)
[2024-07-25 01:02:47,999] [INFO] [real_accelerator.py:203:get_accelerator] Setting ds_accelerator to cuda (auto detect)
[2024-07-25 01:02:47,999] [INFO] [real_accelerator.py:203:get_accelerator] Setting ds_accelerator to cuda (auto detect)
[2024-07-25 01:02:47,999] [INFO] [real_accelerator.py:203:get_accelerator] Setting ds_accelerator to cuda (auto detect)
[2024-07-25 01:02:48,000] [INFO] [real_accelerator.py:203:get_accelerator] Setting ds_accelerator to cuda (auto detect)
[2024-07-25 01:02:48,000] [INFO] [real_accelerator.py:203:get_accelerator] Setting ds_accelerator to cuda (auto detect)
[2024-07-25 01:02:48,000] [INFO] [real_accelerator.py:203:get_accelerator] Setting ds_accelerator to cuda (auto detect)
[2024-07-25 01:02:48,000] [INFO] [real_accelerator.py:203:get_accelerator] Setting ds_accelerator to cuda (auto detect)
[2024-07-25 01:02:48,000] [INFO] [real_accelerator.py:203:get_accelerator] Setting ds_accelerator to cuda (auto detect)
[2024-07-25 01:02:48,000] [INFO] [real_accelerator.py:203:get_accelerator] Setting ds_accelerator to cuda (auto detect)
[2024-07-25 01:02:48,000] [INFO] [real_accelerator.py:203:get_accelerator] Setting ds_accelerator to cuda (auto detect)
[2024-07-25 01:02:48,000] [INFO] [real_accelerator.py:203:get_accelerator] Setting ds_accelerator to cuda (auto detect)
[2024-07-25 01:02:48,004] [INFO] [real_accelerator.py:203:get_accelerator] Setting ds_accelerator to cuda (auto detect)
[2024-07-25 01:02:48,004] [INFO] [real_accelerator.py:203:get_accelerator] Setting ds_accelerator to cuda (auto detect)
[2024-07-25 01:02:48,004] [INFO] [real_accelerator.py:203:get_accelerator] Setting ds_accelerator to cuda (auto detect)
[2024-07-25 01:02:48,004] [INFO] [real_accelerator.py:203:get_accelerator] Setting ds_accelerator to cuda (auto detect)
[2024-07-25 01:02:48,004] [INFO] [real_accelerator.py:203:get_accelerator] Setting ds_accelerator to cuda (auto detect)
[2024-07-25 01:02:48,004] [INFO] [real_accelerator.py:203:get_accelerator] Setting ds_accelerator to cuda (auto detect)
[2024-07-25 01:02:48,004] [INFO] [real_accelerator.py:203:get_accelerator] Setting ds_accelerator to cuda (auto detect)
[2024-07-25 01:02:48,004] [INFO] [real_accelerator.py:203:get_accelerator] Setting ds_accelerator to cuda (auto detect)
[2024-07-25 01:02:48,021] [INFO] [real_accelerator.py:203:get_accelerator] Setting ds_accelerator to cuda (auto detect)
[2024-07-25 01:02:48,021] [INFO] [real_accelerator.py:203:get_accelerator] Setting ds_accelerator to cuda (auto detect)
[2024-07-25 01:02:48,021] [INFO] [real_accelerator.py:203:get_accelerator] Setting ds_accelerator to cuda (auto detect)
[2024-07-25 01:02:48,021] [INFO] [real_accelerator.py:203:get_accelerator] Setting ds_accelerator to cuda (auto detect)
[2024-07-25 01:02:48,021] [INFO] [real_accelerator.py:203:get_accelerator] Setting ds_accelerator to cuda (auto detect)
[2024-07-25 01:02:48,021] [INFO] [real_accelerator.py:203:get_accelerator] Setting ds_accelerator to cuda (auto detect)
[2024-07-25 01:02:48,021] [INFO] [real_accelerator.py:203:get_accelerator] Setting ds_accelerator to cuda (auto detect)
[2024-07-25 01:02:48,021] [INFO] [real_accelerator.py:203:get_accelerator] Setting ds_accelerator to cuda (auto detect)
[2024-07-25 01:02:48,025] [INFO] [real_accelerator.py:203:get_accelerator] Setting ds_accelerator to cuda (auto detect)
[2024-07-25 01:02:48,025] [INFO] [real_accelerator.py:203:get_accelerator] Setting ds_accelerator to cuda (auto detect)
[2024-07-25 01:02:48,025] [INFO] [real_accelerator.py:203:get_accelerator] Setting ds_accelerator to cuda (auto detect)
[2024-07-25 01:02:48,025] [INFO] [real_accelerator.py:203:get_accelerator] Setting ds_accelerator to cuda (auto detect)
[2024-07-25 01:02:48,025] [INFO] [real_accelerator.py:203:get_accelerator] Setting ds_accelerator to cuda (auto detect)
[2024-07-25 01:02:48,025] [INFO] [real_accelerator.py:203:get_accelerator] Setting ds_accelerator to cuda (auto detect)
[2024-07-25 01:02:48,025] [INFO] [real_accelerator.py:203:get_accelerator] Setting ds_accelerator to cuda (auto detect)
[2024-07-25 01:02:48,025] [INFO] [real_accelerator.py:203:get_accelerator] Setting ds_accelerator to cuda (auto detect)
[2024-07-25 01:02:48,029] [INFO] [real_accelerator.py:203:get_accelerator] Setting ds_accelerator to cuda (auto detect)
[2024-07-25 01:02:48,029] [INFO] [real_accelerator.py:203:get_accelerator] Setting ds_accelerator to cuda (auto detect)
[2024-07-25 01:02:48,029] [INFO] [real_accelerator.py:203:get_accelerator] Setting ds_accelerator to cuda (auto detect)
[2024-07-25 01:02:48,029] [INFO] [real_accelerator.py:203:get_accelerator] Setting ds_accelerator to cuda (auto detect)
[2024-07-25 01:02:48,029] [INFO] [real_accelerator.py:203:get_accelerator] Setting ds_accelerator to cuda (auto detect)
[2024-07-25 01:02:48,029] [INFO] [real_accelerator.py:203:get_accelerator] Setting ds_accelerator to cuda (auto detect)
[2024-07-25 01:02:48,029] [INFO] [real_accelerator.py:203:get_accelerator] Setting ds_accelerator to cuda (auto detect)
[2024-07-25 01:02:48,029] [INFO] [real_accelerator.py:203:get_accelerator] Setting ds_accelerator to cuda (auto detect)
[2024-07-25 01:02:48,035] [INFO] [real_accelerator.py:203:get_accelerator] Setting ds_accelerator to cuda (auto detect)
[2024-07-25 01:02:48,035] [INFO] [real_accelerator.py:203:get_accelerator] Setting ds_accelerator to cuda (auto detect)
[2024-07-25 01:02:48,035] [INFO] [real_accelerator.py:203:get_accelerator] Setting ds_accelerator to cuda (auto detect)
[2024-07-25 01:02:48,035] [INFO] [real_accelerator.py:203:get_accelerator] Setting ds_accelerator to cuda (auto detect)
[2024-07-25 01:02:48,035] [INFO] [real_accelerator.py:203:get_accelerator] Setting ds_accelerator to cuda (auto detect)
[2024-07-25 01:02:48,035] [INFO] [real_accelerator.py:203:get_accelerator] Setting ds_accelerator to cuda (auto detect)
[2024-07-25 01:02:48,035] [INFO] [real_accelerator.py:203:get_accelerator] Setting ds_accelerator to cuda (auto detect)
[2024-07-25 01:02:48,035] [INFO] [real_accelerator.py:203:get_accelerator] Setting ds_accelerator to cuda (auto detect)
[2024-07-25 01:02:48,401] [INFO] [real_accelerator.py:203:get_accelerator] Setting ds_accelerator to cuda (auto detect)
[2024-07-25 01:02:48,401] [INFO] [real_accelerator.py:203:get_accelerator] Setting ds_accelerator to cuda (auto detect)
[2024-07-25 01:02:48,401] [INFO] [real_accelerator.py:203:get_accelerator] Setting ds_accelerator to cuda (auto detect)
[2024-07-25 01:02:48,401] [INFO] [real_accelerator.py:203:get_accelerator] Setting ds_accelerator to cuda (auto detect)
[2024-07-25 01:02:48,401] [INFO] [real_accelerator.py:203:get_accelerator] Setting ds_accelerator to cuda (auto detect)
[2024-07-25 01:02:48,401] [INFO] [real_accelerator.py:203:get_accelerator] Setting ds_accelerator to cuda (auto detect)
[2024-07-25 01:02:48,401] [INFO] [real_accelerator.py:203:get_accelerator] Setting ds_accelerator to cuda (auto detect)
[2024-07-25 01:02:48,401] [INFO] [real_accelerator.py:203:get_accelerator] Setting ds_accelerator to cuda (auto detect)
[2024-07-25 01:02:52,291] [INFO] [real_accelerator.py:203:get_accelerator] Setting ds_accelerator to cuda (auto detect)
[2024-07-25 01:02:52,291] [INFO] [real_accelerator.py:203:get_accelerator] Setting ds_accelerator to cuda (auto detect)
[2024-07-25 01:02:52,291] [INFO] [real_accelerator.py:203:get_accelerator] Setting ds_accelerator to cuda (auto detect)
[2024-07-25 01:02:52,291] [INFO] [real_accelerator.py:203:get_accelerator] Setting ds_accelerator to cuda (auto detect)
[2024-07-25 01:02:52,291] [INFO] [real_accelerator.py:203:get_accelerator] Setting ds_accelerator to cuda (auto detect)
[2024-07-25 01:02:52,291] [INFO] [real_accelerator.py:203:get_accelerator] Setting ds_accelerator to cuda (auto detect)
[2024-07-25 01:02:52,291] [INFO] [real_accelerator.py:203:get_accelerator] Setting ds_accelerator to cuda (auto detect)
[2024-07-25 01:02:52,291] [INFO] [real_accelerator.py:203:get_accelerator] Setting ds_accelerator to cuda (auto detect)
[93m [WARNING] [0m async_io requires the dev libaio .so object and headers but these were not found.
[93m [WARNING] [0m async_io requires the dev libaio .so object and headers but these were not found.
[93m [WARNING] [0m async_io requires the dev libaio .so object and headers but these were not found.
[93m [WARNING] [0m async_io requires the dev libaio .so object and headers but these were not found.
[93m [WARNING] [0m async_io requires the dev libaio .so object and headers but these were not found.
[93m [WARNING] [0m async_io requires the dev libaio .so object and headers but these were not found.
[93m [WARNING] [0m async_io requires the dev libaio .so object and headers but these were not found.
[93m [WARNING] [0m async_io requires the dev libaio .so object and headers but these were not found.
[93m [WARNING] [0m If libaio is already installed (perhaps from source), try setting the CFLAGS and LDFLAGS environment variables to where it can be found.
[93m [WARNING] [0m Please specify the CUTLASS repo directory as environment variable $CUTLASS_PATH
[93m [WARNING] [0m If libaio is already installed (perhaps from source), try setting the CFLAGS and LDFLAGS environment variables to where it can be found.
[93m [WARNING] [0m Please specify the CUTLASS repo directory as environment variable $CUTLASS_PATH
[93m [WARNING] [0m If libaio is already installed (perhaps from source), try setting the CFLAGS and LDFLAGS environment variables to where it can be found.
[93m [WARNING] [0m Please specify the CUTLASS repo directory as environment variable $CUTLASS_PATH
[93m [WARNING] [0m If libaio is already installed (perhaps from source), try setting the CFLAGS and LDFLAGS environment variables to where it can be found.
[93m [WARNING] [0m If libaio is already installed (perhaps from source), try setting the CFLAGS and LDFLAGS environment variables to where it can be found.
[93m [WARNING] [0m If libaio is already installed (perhaps from source), try setting the CFLAGS and LDFLAGS environment variables to where it can be found.
[93m [WARNING] [0m Please specify the CUTLASS repo directory as environment variable $CUTLASS_PATH
[93m [WARNING] [0m If libaio is already installed (perhaps from source), try setting the CFLAGS and LDFLAGS environment variables to where it can be found.
[93m [WARNING] [0m Please specify the CUTLASS repo directory as environment variable $CUTLASS_PATH
[93m [WARNING] [0m Please specify the CUTLASS repo directory as environment variable $CUTLASS_PATH
[93m [WARNING] [0m Please specify the CUTLASS repo directory as environment variable $CUTLASS_PATH
[93m [WARNING] [0m If libaio is already installed (perhaps from source), try setting the CFLAGS and LDFLAGS environment variables to where it can be found.
[93m [WARNING] [0m Please specify the CUTLASS repo directory as environment variable $CUTLASS_PATH
[93m [WARNING] [0m async_io requires the dev libaio .so object and headers but these were not found.
[93m [WARNING] [0m async_io requires the dev libaio .so object and headers but these were not found.
[93m [WARNING] [0m async_io requires the dev libaio .so object and headers but these were not found.
[93m [WARNING] [0m async_io requires the dev libaio .so object and headers but these were not found.
[93m [WARNING] [0m async_io requires the dev libaio .so object and headers but these were not found.
[93m [WARNING] [0m async_io requires the dev libaio .so object and headers but these were not found.
[93m [WARNING] [0m async_io requires the dev libaio .so object and headers but these were not found.
[93m [WARNING] [0m async_io requires the dev libaio .so object and headers but these were not found.
[93m [WARNING] [0m If libaio is already installed (perhaps from source), try setting the CFLAGS and LDFLAGS environment variables to where it can be found.
[93m [WARNING] [0m Please specify the CUTLASS repo directory as environment variable $CUTLASS_PATH
[93m [WARNING] [0m If libaio is already installed (perhaps from source), try setting the CFLAGS and LDFLAGS environment variables to where it can be found.
[93m [WARNING] [0m Please specify the CUTLASS repo directory as environment variable $CUTLASS_PATH
[93m [WARNING] [0m If libaio is already installed (perhaps from source), try setting the CFLAGS and LDFLAGS environment variables to where it can be found.
[93m [WARNING] [0m If libaio is already installed (perhaps from source), try setting the CFLAGS and LDFLAGS environment variables to where it can be found.
[93m [WARNING] [0m If libaio is already installed (perhaps from source), try setting the CFLAGS and LDFLAGS environment variables to where it can be found.
[93m [WARNING] [0m If libaio is already installed (perhaps from source), try setting the CFLAGS and LDFLAGS environment variables to where it can be found.
[93m [WARNING] [0m Please specify the CUTLASS repo directory as environment variable $CUTLASS_PATH
[93m [WARNING] [0m Please specify the CUTLASS repo directory as environment variable $CUTLASS_PATH
[93m [WARNING] [0m Please specify the CUTLASS repo directory as environment variable $CUTLASS_PATH
[93m [WARNING] [0m Please specify the CUTLASS repo directory as environment variable $CUTLASS_PATH
[93m [WARNING] [0m If libaio is already installed (perhaps from source), try setting the CFLAGS and LDFLAGS environment variables to where it can be found.
[93m [WARNING] [0m Please specify the CUTLASS repo directory as environment variable $CUTLASS_PATH
[93m [WARNING] [0m If libaio is already installed (perhaps from source), try setting the CFLAGS and LDFLAGS environment variables to where it can be found.
[93m [WARNING] [0m Please specify the CUTLASS repo directory as environment variable $CUTLASS_PATH
[93m [WARNING] [0m async_io requires the dev libaio .so object and headers but these were not found.
[93m [WARNING] [0m async_io requires the dev libaio .so object and headers but these were not found.
[93m [WARNING] [0m async_io requires the dev libaio .so object and headers but these were not found.
[93m [WARNING] [0m async_io requires the dev libaio .so object and headers but these were not found.
[93m [WARNING] [0m async_io requires the dev libaio .so object and headers but these were not found.
[93m [WARNING] [0m async_io requires the dev libaio .so object and headers but these were not found.
[93m [WARNING] [0m async_io requires the dev libaio .so object and headers but these were not found.
[93m [WARNING] [0m async_io requires the dev libaio .so object and headers but these were not found.
[93m [WARNING] [0m async_io requires the dev libaio .so object and headers but these were not found.
[93m [WARNING] [0m async_io requires the dev libaio .so object and headers but these were not found.
[93m [WARNING] [0m async_io requires the dev libaio .so object and headers but these were not found.
[93m [WARNING] [0m async_io requires the dev libaio .so object and headers but these were not found.
[93m [WARNING] [0m async_io requires the dev libaio .so object and headers but these were not found.
[93m [WARNING] [0m async_io requires the dev libaio .so object and headers but these were not found.
[93m [WARNING] [0m async_io requires the dev libaio .so object and headers but these were not found.
[93m [WARNING] [0m async_io requires the dev libaio .so object and headers but these were not found.
[93m [WARNING] [0m async_io requires the dev libaio .so object and headers but these were not found.
[93m [WARNING] [0m async_io requires the dev libaio .so object and headers but these were not found.
[93m [WARNING] [0m async_io requires the dev libaio .so object and headers but these were not found.
[93m [WARNING] [0m async_io requires the dev libaio .so object and headers but these were not found.
[93m [WARNING] [0m async_io requires the dev libaio .so object and headers but these were not found.
[93m [WARNING] [0m async_io requires the dev libaio .so object and headers but these were not found.
[93m [WARNING] [0m If libaio is already installed (perhaps from source), try setting the CFLAGS and LDFLAGS environment variables to where it can be found.
[93m [WARNING] [0m Please specify the CUTLASS repo directory as environment variable $CUTLASS_PATH
[93m [WARNING] [0m If libaio is already installed (perhaps from source), try setting the CFLAGS and LDFLAGS environment variables to where it can be found.
[93m [WARNING] [0m If libaio is already installed (perhaps from source), try setting the CFLAGS and LDFLAGS environment variables to where it can be found.
[93m [WARNING] [0m If libaio is already installed (perhaps from source), try setting the CFLAGS and LDFLAGS environment variables to where it can be found.
[93m [WARNING] [0m Please specify the CUTLASS repo directory as environment variable $CUTLASS_PATH
[93m [WARNING] [0m async_io requires the dev libaio .so object and headers but these were not found.
[93m [WARNING] [0m Please specify the CUTLASS repo directory as environment variable $CUTLASS_PATH
[93m [WARNING] [0m Please specify the CUTLASS repo directory as environment variable $CUTLASS_PATH
[93m [WARNING] [0m If libaio is already installed (perhaps from source), try setting the CFLAGS and LDFLAGS environment variables to where it can be found.
[93m [WARNING] [0m If libaio is already installed (perhaps from source), try setting the CFLAGS and LDFLAGS environment variables to where it can be found.
[93m [WARNING] [0m If libaio is already installed (perhaps from source), try setting the CFLAGS and LDFLAGS environment variables to where it can be found.
[93m [WARNING] [0m Please specify the CUTLASS repo directory as environment variable $CUTLASS_PATH
[93m [WARNING] [0m Please specify the CUTLASS repo directory as environment variable $CUTLASS_PATH
[93m [WARNING] [0m Please specify the CUTLASS repo directory as environment variable $CUTLASS_PATH
[93m [WARNING] [0m If libaio is already installed (perhaps from source), try setting the CFLAGS and LDFLAGS environment variables to where it can be found.
[93m [WARNING] [0m Please specify the CUTLASS repo directory as environment variable $CUTLASS_PATH
[93m [WARNING] [0m async_io requires the dev libaio .so object and headers but these were not found.
[93m [WARNING] [0m If libaio is already installed (perhaps from source), try setting the CFLAGS and LDFLAGS environment variables to where it can be found.
[93m [WARNING] [0m Please specify the CUTLASS repo directory as environment variable $CUTLASS_PATH
[93m [WARNING] [0m If libaio is already installed (perhaps from source), try setting the CFLAGS and LDFLAGS environment variables to where it can be found.
[93m [WARNING] [0m If libaio is already installed (perhaps from source), try setting the CFLAGS and LDFLAGS environment variables to where it can be found.
[93m [WARNING] [0m Please specify the CUTLASS repo directory as environment variable $CUTLASS_PATH
[93m [WARNING] [0m Please specify the CUTLASS repo directory as environment variable $CUTLASS_PATH
[93m [WARNING] [0m If libaio is already installed (perhaps from source), try setting the CFLAGS and LDFLAGS environment variables to where it can be found.
[93m [WARNING] [0m If libaio is already installed (perhaps from source), try setting the CFLAGS and LDFLAGS environment variables to where it can be found.
[93m [WARNING] [0m Please specify the CUTLASS repo directory as environment variable $CUTLASS_PATH
[93m [WARNING] [0m Please specify the CUTLASS repo directory as environment variable $CUTLASS_PATH
[93m [WARNING] [0m If libaio is already installed (perhaps from source), try setting the CFLAGS and LDFLAGS environment variables to where it can be found.
[93m [WARNING] [0m If libaio is already installed (perhaps from source), try setting the CFLAGS and LDFLAGS environment variables to where it can be found.
[93m [WARNING] [0m Please specify the CUTLASS repo directory as environment variable $CUTLASS_PATH
[93m [WARNING] [0m Please specify the CUTLASS repo directory as environment variable $CUTLASS_PATH
[93m [WARNING] [0m If libaio is already installed (perhaps from source), try setting the CFLAGS and LDFLAGS environment variables to where it can be found.
[93m [WARNING] [0m Please specify the CUTLASS repo directory as environment variable $CUTLASS_PATH
[93m [WARNING] [0m If libaio is already installed (perhaps from source), try setting the CFLAGS and LDFLAGS environment variables to where it can be found.
[93m [WARNING] [0m Please specify the CUTLASS repo directory as environment variable $CUTLASS_PATH
[93m [WARNING] [0m If libaio is already installed (perhaps from source), try setting the CFLAGS and LDFLAGS environment variables to where it can be found.
[93m [WARNING] [0m If libaio is already installed (perhaps from source), try setting the CFLAGS and LDFLAGS environment variables to where it can be found.
[93m [WARNING] [0m If libaio is already installed (perhaps from source), try setting the CFLAGS and LDFLAGS environment variables to where it can be found.
[93m [WARNING] [0m If libaio is already installed (perhaps from source), try setting the CFLAGS and LDFLAGS environment variables to where it can be found.
[93m [WARNING] [0m Please specify the CUTLASS repo directory as environment variable $CUTLASS_PATH
[93m [WARNING] [0m Please specify the CUTLASS repo directory as environment variable $CUTLASS_PATH
[93m [WARNING] [0m Please specify the CUTLASS repo directory as environment variable $CUTLASS_PATH
[93m [WARNING] [0m Please specify the CUTLASS repo directory as environment variable $CUTLASS_PATH
[93m [WARNING] [0m If libaio is already installed (perhaps from source), try setting the CFLAGS and LDFLAGS environment variables to where it can be found.
[93m [WARNING] [0m Please specify the CUTLASS repo directory as environment variable $CUTLASS_PATH
[93m [WARNING] [0m If libaio is already installed (perhaps from source), try setting the CFLAGS and LDFLAGS environment variables to where it can be found.
[93m [WARNING] [0m Please specify the CUTLASS repo directory as environment variable $CUTLASS_PATH
[93m [WARNING] [0m If libaio is already installed (perhaps from source), try setting the CFLAGS and LDFLAGS environment variables to where it can be found.
[93m [WARNING] [0m Please specify the CUTLASS repo directory as environment variable $CUTLASS_PATH
[93m [WARNING] [0m async_io requires the dev libaio .so object and headers but these were not found.
[93m [WARNING] [0m async_io requires the dev libaio .so object and headers but these were not found.
[93m [WARNING] [0m async_io requires the dev libaio .so object and headers but these were not found.
[93m [WARNING] [0m async_io requires the dev libaio .so object and headers but these were not found.
[93m [WARNING] [0m async_io requires the dev libaio .so object and headers but these were not found.
[93m [WARNING] [0m async_io requires the dev libaio .so object and headers but these were not found.
[93m [WARNING] [0m async_io requires the dev libaio .so object and headers but these were not found.
[93m [WARNING] [0m async_io requires the dev libaio .so object and headers but these were not found.
[93m [WARNING] [0m If libaio is already installed (perhaps from source), try setting the CFLAGS and LDFLAGS environment variables to where it can be found.
[93m [WARNING] [0m Please specify the CUTLASS repo directory as environment variable $CUTLASS_PATH
[93m [WARNING] [0m If libaio is already installed (perhaps from source), try setting the CFLAGS and LDFLAGS environment variables to where it can be found.
[93m [WARNING] [0m If libaio is already installed (perhaps from source), try setting the CFLAGS and LDFLAGS environment variables to where it can be found.
[93m [WARNING] [0m Please specify the CUTLASS repo directory as environment variable $CUTLASS_PATH
[93m [WARNING] [0m Please specify the CUTLASS repo directory as environment variable $CUTLASS_PATH
[93m [WARNING] [0m If libaio is already installed (perhaps from source), try setting the CFLAGS and LDFLAGS environment variables to where it can be found.
[93m [WARNING] [0m Please specify the CUTLASS repo directory as environment variable $CUTLASS_PATH
[93m [WARNING] [0m If libaio is already installed (perhaps from source), try setting the CFLAGS and LDFLAGS environment variables to where it can be found.
[93m [WARNING] [0m If libaio is already installed (perhaps from source), try setting the CFLAGS and LDFLAGS environment variables to where it can be found.
[93m [WARNING] [0m If libaio is already installed (perhaps from source), try setting the CFLAGS and LDFLAGS environment variables to where it can be found.
[93m [WARNING] [0m Please specify the CUTLASS repo directory as environment variable $CUTLASS_PATH
[93m [WARNING] [0m Please specify the CUTLASS repo directory as environment variable $CUTLASS_PATH
[93m [WARNING] [0m Please specify the CUTLASS repo directory as environment variable $CUTLASS_PATH
[93m [WARNING] [0m If libaio is already installed (perhaps from source), try setting the CFLAGS and LDFLAGS environment variables to where it can be found.
[93m [WARNING] [0m Please specify the CUTLASS repo directory as environment variable $CUTLASS_PATH
[93m [WARNING] [0m async_io requires the dev libaio .so object and headers but these were not found.
[93m [WARNING] [0m async_io requires the dev libaio .so object and headers but these were not found.
[93m [WARNING] [0m async_io requires the dev libaio .so object and headers but these were not found.
[93m [WARNING] [0m async_io requires the dev libaio .so object and headers but these were not found.
[93m [WARNING] [0m async_io requires the dev libaio .so object and headers but these were not found.
[93m [WARNING] [0m async_io requires the dev libaio .so object and headers but these were not found.
[93m [WARNING] [0m async_io requires the dev libaio .so object and headers but these were not found.
[93m [WARNING] [0m async_io requires the dev libaio .so object and headers but these were not found.
[93m [WARNING] [0m If libaio is already installed (perhaps from source), try setting the CFLAGS and LDFLAGS environment variables to where it can be found.
[93m [WARNING] [0m Please specify the CUTLASS repo directory as environment variable $CUTLASS_PATH
[93m [WARNING] [0m If libaio is already installed (perhaps from source), try setting the CFLAGS and LDFLAGS environment variables to where it can be found.
[93m [WARNING] [0m If libaio is already installed (perhaps from source), try setting the CFLAGS and LDFLAGS environment variables to where it can be found.
[93m [WARNING] [0m If libaio is already installed (perhaps from source), try setting the CFLAGS and LDFLAGS environment variables to where it can be found.
[93m [WARNING] [0m Please specify the CUTLASS repo directory as environment variable $CUTLASS_PATH
[93m [WARNING] [0m Please specify the CUTLASS repo directory as environment variable $CUTLASS_PATH
[93m [WARNING] [0m Please specify the CUTLASS repo directory as environment variable $CUTLASS_PATH
[93m [WARNING] [0m If libaio is already installed (perhaps from source), try setting the CFLAGS and LDFLAGS environment variables to where it can be found.
[93m [WARNING] [0m If libaio is already installed (perhaps from source), try setting the CFLAGS and LDFLAGS environment variables to where it can be found.
[93m [WARNING] [0m Please specify the CUTLASS repo directory as environment variable $CUTLASS_PATH
[93m [WARNING] [0m Please specify the CUTLASS repo directory as environment variable $CUTLASS_PATH
[93m [WARNING] [0m If libaio is already installed (perhaps from source), try setting the CFLAGS and LDFLAGS environment variables to where it can be found.
[93m [WARNING] [0m Please specify the CUTLASS repo directory as environment variable $CUTLASS_PATH
[93m [WARNING] [0m If libaio is already installed (perhaps from source), try setting the CFLAGS and LDFLAGS environment variables to where it can be found.
[93m [WARNING] [0m Please specify the CUTLASS repo directory as environment variable $CUTLASS_PATH
[93m [WARNING] [0m async_io requires the dev libaio .so object and headers but these were not found.
[93m [WARNING] [0m async_io requires the dev libaio .so object and headers but these were not found.
[93m [WARNING] [0m async_io requires the dev libaio .so object and headers but these were not found.
[93m [WARNING] [0m async_io requires the dev libaio .so object and headers but these were not found.
[93m [WARNING] [0m async_io requires the dev libaio .so object and headers but these were not found.
[93m [WARNING] [0m async_io requires the dev libaio .so object and headers but these were not found.
[93m [WARNING] [0m async_io requires the dev libaio .so object and headers but these were not found.
[93m [WARNING] [0m async_io requires the dev libaio .so object and headers but these were not found.
[93m [WARNING] [0m async_io requires the dev libaio .so object and headers but these were not found.
[93m [WARNING] [0m async_io requires the dev libaio .so object and headers but these were not found.
[93m [WARNING] [0m async_io requires the dev libaio .so object and headers but these were not found.
[93m [WARNING] [0m async_io requires the dev libaio .so object and headers but these were not found.
[93m [WARNING] [0m async_io requires the dev libaio .so object and headers but these were not found.
[93m [WARNING] [0m async_io requires the dev libaio .so object and headers but these were not found.
[93m [WARNING] [0m async_io requires the dev libaio .so object and headers but these were not found.
[93m [WARNING] [0m async_io requires the dev libaio .so object and headers but these were not found.
[93m [WARNING] [0m async_io requires the dev libaio .so object and headers but these were not found.
[93m [WARNING] [0m async_io requires the dev libaio .so object and headers but these were not found.
[93m [WARNING] [0m async_io requires the dev libaio .so object and headers but these were not found.
[93m [WARNING] [0m async_io requires the dev libaio .so object and headers but these were not found.
[93m [WARNING] [0m async_io requires the dev libaio .so object and headers but these were not found.
[93m [WARNING] [0m async_io requires the dev libaio .so object and headers but these were not found.
[93m [WARNING] [0m async_io requires the dev libaio .so object and headers but these were not found.
[93m [WARNING] [0m async_io requires the dev libaio .so object and headers but these were not found.
[93m [WARNING] [0m If libaio is already installed (perhaps from source), try setting the CFLAGS and LDFLAGS environment variables to where it can be found.
[93m [WARNING] [0m Please specify the CUTLASS repo directory as environment variable $CUTLASS_PATH
[93m [WARNING] [0m If libaio is already installed (perhaps from source), try setting the CFLAGS and LDFLAGS environment variables to where it can be found.
[93m [WARNING] [0m If libaio is already installed (perhaps from source), try setting the CFLAGS and LDFLAGS environment variables to where it can be found.
[93m [WARNING] [0m Please specify the CUTLASS repo directory as environment variable $CUTLASS_PATH
[93m [WARNING] [0m Please specify the CUTLASS repo directory as environment variable $CUTLASS_PATH
[93m [WARNING] [0m If libaio is already installed (perhaps from source), try setting the CFLAGS and LDFLAGS environment variables to where it can be found.
[93m [WARNING] [0m Please specify the CUTLASS repo directory as environment variable $CUTLASS_PATH
[93m [WARNING] [0m If libaio is already installed (perhaps from source), try setting the CFLAGS and LDFLAGS environment variables to where it can be found.
[93m [WARNING] [0m Please specify the CUTLASS repo directory as environment variable $CUTLASS_PATH
[93m [WARNING] [0m If libaio is already installed (perhaps from source), try setting the CFLAGS and LDFLAGS environment variables to where it can be found.
[93m [WARNING] [0m Please specify the CUTLASS repo directory as environment variable $CUTLASS_PATH
[93m [WARNING] [0m If libaio is already installed (perhaps from source), try setting the CFLAGS and LDFLAGS environment variables to where it can be found.
[93m [WARNING] [0m Please specify the CUTLASS repo directory as environment variable $CUTLASS_PATH
[93m [WARNING] [0m If libaio is already installed (perhaps from source), try setting the CFLAGS and LDFLAGS environment variables to where it can be found.
[93m [WARNING] [0m Please specify the CUTLASS repo directory as environment variable $CUTLASS_PATH
[93m [WARNING] [0m If libaio is already installed (perhaps from source), try setting the CFLAGS and LDFLAGS environment variables to where it can be found.
[93m [WARNING] [0m Please specify the CUTLASS repo directory as environment variable $CUTLASS_PATH
[93m [WARNING] [0m If libaio is already installed (perhaps from source), try setting the CFLAGS and LDFLAGS environment variables to where it can be found.
[93m [WARNING] [0m Please specify the CUTLASS repo directory as environment variable $CUTLASS_PATH
[93m [WARNING] [0m If libaio is already installed (perhaps from source), try setting the CFLAGS and LDFLAGS environment variables to where it can be found.
[93m [WARNING] [0m Please specify the CUTLASS repo directory as environment variable $CUTLASS_PATH
[93m [WARNING] [0m If libaio is already installed (perhaps from source), try setting the CFLAGS and LDFLAGS environment variables to where it can be found.
[93m [WARNING] [0m Please specify the CUTLASS repo directory as environment variable $CUTLASS_PATH
[93m [WARNING] [0m If libaio is already installed (perhaps from source), try setting the CFLAGS and LDFLAGS environment variables to where it can be found.
[93m [WARNING] [0m Please specify the CUTLASS repo directory as environment variable $CUTLASS_PATH
[93m [WARNING] [0m If libaio is already installed (perhaps from source), try setting the CFLAGS and LDFLAGS environment variables to where it can be found.
[93m [WARNING] [0m Please specify the CUTLASS repo directory as environment variable $CUTLASS_PATH
[93m [WARNING] [0m If libaio is already installed (perhaps from source), try setting the CFLAGS and LDFLAGS environment variables to where it can be found.
[93m [WARNING] [0m Please specify the CUTLASS repo directory as environment variable $CUTLASS_PATH
[93m [WARNING] [0m If libaio is already installed (perhaps from source), try setting the CFLAGS and LDFLAGS environment variables to where it can be found.
[93m [WARNING] [0m Please specify the CUTLASS repo directory as environment variable $CUTLASS_PATH
[93m [WARNING] [0m async_io requires the dev libaio .so object and headers but these were not found.
[93m [WARNING] [0m async_io requires the dev libaio .so object and headers but these were not found.
[93m [WARNING] [0m async_io requires the dev libaio .so object and headers but these were not found.
[93m [WARNING] [0m async_io requires the dev libaio .so object and headers but these were not found.
[93m [WARNING] [0m async_io requires the dev libaio .so object and headers but these were not found.
[93m [WARNING] [0m async_io requires the dev libaio .so object and headers but these were not found.
[93m [WARNING] [0m async_io requires the dev libaio .so object and headers but these were not found.
[93m [WARNING] [0m async_io requires the dev libaio .so object and headers but these were not found.
[93m [WARNING] [0m async_io requires the dev libaio .so object and headers but these were not found.
[93m [WARNING] [0m async_io requires the dev libaio .so object and headers but these were not found.
[93m [WARNING] [0m async_io requires the dev libaio .so object and headers but these were not found.
[93m [WARNING] [0m async_io requires the dev libaio .so object and headers but these were not found.
[93m [WARNING] [0m async_io requires the dev libaio .so object and headers but these were not found.
[93m [WARNING] [0m async_io requires the dev libaio .so object and headers but these were not found.
[93m [WARNING] [0m async_io requires the dev libaio .so object and headers but these were not found.
[93m [WARNING] [0m async_io requires the dev libaio .so object and headers but these were not found.
[93m [WARNING] [0m async_io requires the dev libaio .so object and headers but these were not found.
[93m [WARNING] [0m async_io requires the dev libaio .so object and headers but these were not found.
[93m [WARNING] [0m async_io requires the dev libaio .so object and headers but these were not found.
[93m [WARNING] [0m async_io requires the dev libaio .so object and headers but these were not found.
[93m [WARNING] [0m async_io requires the dev libaio .so object and headers but these were not found.
[93m [WARNING] [0m async_io requires the dev libaio .so object and headers but these were not found.
[93m [WARNING] [0m async_io requires the dev libaio .so object and headers but these were not found.
[93m [WARNING] [0m async_io requires the dev libaio .so object and headers but these were not found.
[93m [WARNING] [0m If libaio is already installed (perhaps from source), try setting the CFLAGS and LDFLAGS environment variables to where it can be found.
[93m [WARNING] [0m Please specify the CUTLASS repo directory as environment variable $CUTLASS_PATH
[93m [WARNING] [0m If libaio is already installed (perhaps from source), try setting the CFLAGS and LDFLAGS environment variables to where it can be found.
[93m [WARNING] [0m Please specify the CUTLASS repo directory as environment variable $CUTLASS_PATH
[93m [WARNING] [0m If libaio is already installed (perhaps from source), try setting the CFLAGS and LDFLAGS environment variables to where it can be found.
[93m [WARNING] [0m If libaio is already installed (perhaps from source), try setting the CFLAGS and LDFLAGS environment variables to where it can be found.
[93m [WARNING] [0m Please specify the CUTLASS repo directory as environment variable $CUTLASS_PATH
[93m [WARNING] [0m If libaio is already installed (perhaps from source), try setting the CFLAGS and LDFLAGS environment variables to where it can be found.
[93m [WARNING] [0m If libaio is already installed (perhaps from source), try setting the CFLAGS and LDFLAGS environment variables to where it can be found.
[93m [WARNING] [0m If libaio is already installed (perhaps from source), try setting the CFLAGS and LDFLAGS environment variables to where it can be found.
[93m [WARNING] [0m Please specify the CUTLASS repo directory as environment variable $CUTLASS_PATH
[93m [WARNING] [0m Please specify the CUTLASS repo directory as environment variable $CUTLASS_PATH
[93m [WARNING] [0m Please specify the CUTLASS repo directory as environment variable $CUTLASS_PATH
[93m [WARNING] [0m Please specify the CUTLASS repo directory as environment variable $CUTLASS_PATH
[93m [WARNING] [0m If libaio is already installed (perhaps from source), try setting the CFLAGS and LDFLAGS environment variables to where it can be found.
[93m [WARNING] [0m Please specify the CUTLASS repo directory as environment variable $CUTLASS_PATH
[93m [WARNING] [0m async_io requires the dev libaio .so object and headers but these were not found.
[93m [WARNING] [0m async_io requires the dev libaio .so object and headers but these were not found.
[93m [WARNING] [0m async_io requires the dev libaio .so object and headers but these were not found.
[93m [WARNING] [0m async_io requires the dev libaio .so object and headers but these were not found.
[93m [WARNING] [0m async_io requires the dev libaio .so object and headers but these were not found.
[93m [WARNING] [0m async_io requires the dev libaio .so object and headers but these were not found.
[93m [WARNING] [0m async_io requires the dev libaio .so object and headers but these were not found.
[93m [WARNING] [0m async_io requires the dev libaio .so object and headers but these were not found.
[93m [WARNING] [0m If libaio is already installed (perhaps from source), try setting the CFLAGS and LDFLAGS environment variables to where it can be found.
[93m [WARNING] [0m Please specify the CUTLASS repo directory as environment variable $CUTLASS_PATH
[93m [WARNING] [0m If libaio is already installed (perhaps from source), try setting the CFLAGS and LDFLAGS environment variables to where it can be found.
[93m [WARNING] [0m Please specify the CUTLASS repo directory as environment variable $CUTLASS_PATH
[93m [WARNING] [0m If libaio is already installed (perhaps from source), try setting the CFLAGS and LDFLAGS environment variables to where it can be found.
[93m [WARNING] [0m If libaio is already installed (perhaps from source), try setting the CFLAGS and LDFLAGS environment variables to where it can be found.
[93m [WARNING] [0m Please specify the CUTLASS repo directory as environment variable $CUTLASS_PATH
[93m [WARNING] [0m If libaio is already installed (perhaps from source), try setting the CFLAGS and LDFLAGS environment variables to where it can be found.
[93m [WARNING] [0m If libaio is already installed (perhaps from source), try setting the CFLAGS and LDFLAGS environment variables to where it can be found.
[93m [WARNING] [0m Please specify the CUTLASS repo directory as environment variable $CUTLASS_PATH
[93m [WARNING] [0m Please specify the CUTLASS repo directory as environment variable $CUTLASS_PATH
[93m [WARNING] [0m Please specify the CUTLASS repo directory as environment variable $CUTLASS_PATH
[93m [WARNING] [0m If libaio is already installed (perhaps from source), try setting the CFLAGS and LDFLAGS environment variables to where it can be found.
[93m [WARNING] [0m Please specify the CUTLASS repo directory as environment variable $CUTLASS_PATH
[93m [WARNING] [0m If libaio is already installed (perhaps from source), try setting the CFLAGS and LDFLAGS environment variables to where it can be found.
[93m [WARNING] [0m Please specify the CUTLASS repo directory as environment variable $CUTLASS_PATH
[93m [WARNING] [0m async_io requires the dev libaio .so object and headers but these were not found.
[93m [WARNING] [0m async_io requires the dev libaio .so object and headers but these were not found.
[93m [WARNING] [0m async_io requires the dev libaio .so object and headers but these were not found.
[93m [WARNING] [0m async_io requires the dev libaio .so object and headers but these were not found.
[93m [WARNING] [0m async_io requires the dev libaio .so object and headers but these were not found.
[93m [WARNING] [0m async_io requires the dev libaio .so object and headers but these were not found.
[93m [WARNING] [0m async_io requires the dev libaio .so object and headers but these were not found.
[93m [WARNING] [0m async_io requires the dev libaio .so object and headers but these were not found.
[93m [WARNING] [0m If libaio is already installed (perhaps from source), try setting the CFLAGS and LDFLAGS environment variables to where it can be found.
[93m [WARNING] [0m Please specify the CUTLASS repo directory as environment variable $CUTLASS_PATH
[93m [WARNING] [0m If libaio is already installed (perhaps from source), try setting the CFLAGS and LDFLAGS environment variables to where it can be found.
[93m [WARNING] [0m If libaio is already installed (perhaps from source), try setting the CFLAGS and LDFLAGS environment variables to where it can be found.
[93m [WARNING] [0m Please specify the CUTLASS repo directory as environment variable $CUTLASS_PATH
[93m [WARNING] [0m If libaio is already installed (perhaps from source), try setting the CFLAGS and LDFLAGS environment variables to where it can be found.
[93m [WARNING] [0m Please specify the CUTLASS repo directory as environment variable $CUTLASS_PATH
[93m [WARNING] [0m Please specify the CUTLASS repo directory as environment variable $CUTLASS_PATH
[93m [WARNING] [0m If libaio is already installed (perhaps from source), try setting the CFLAGS and LDFLAGS environment variables to where it can be found.
[93m [WARNING] [0m If libaio is already installed (perhaps from source), try setting the CFLAGS and LDFLAGS environment variables to where it can be found.
[93m [WARNING] [0m Please specify the CUTLASS repo directory as environment variable $CUTLASS_PATH
[93m [WARNING] [0m Please specify the CUTLASS repo directory as environment variable $CUTLASS_PATH
[93m [WARNING] [0m If libaio is already installed (perhaps from source), try setting the CFLAGS and LDFLAGS environment variables to where it can be found.
[93m [WARNING] [0m If libaio is already installed (perhaps from source), try setting the CFLAGS and LDFLAGS environment variables to where it can be found.
[93m [WARNING] [0m Please specify the CUTLASS repo directory as environment variable $CUTLASS_PATH
[93m [WARNING] [0m Please specify the CUTLASS repo directory as environment variable $CUTLASS_PATH
[93m [WARNING] [0m If libaio is already installed (perhaps from source), try setting the CFLAGS and LDFLAGS environment variables to where it can be found.
[93m [WARNING] [0m Please specify the CUTLASS repo directory as environment variable $CUTLASS_PATH
[93m [WARNING] [0m If libaio is already installed (perhaps from source), try setting the CFLAGS and LDFLAGS environment variables to where it can be found.
[93m [WARNING] [0m If libaio is already installed (perhaps from source), try setting the CFLAGS and LDFLAGS environment variables to where it can be found.
[93m [WARNING] [0m Please specify the CUTLASS repo directory as environment variable $CUTLASS_PATH
[93m [WARNING] [0m If libaio is already installed (perhaps from source), try setting the CFLAGS and LDFLAGS environment variables to where it can be found.
[93m [WARNING] [0m Please specify the CUTLASS repo directory as environment variable $CUTLASS_PATH
[93m [WARNING] [0m Please specify the CUTLASS repo directory as environment variable $CUTLASS_PATH
[93m [WARNING] [0m If libaio is already installed (perhaps from source), try setting the CFLAGS and LDFLAGS environment variables to where it can be found.
[93m [WARNING] [0m Please specify the CUTLASS repo directory as environment variable $CUTLASS_PATH
[93m [WARNING] [0m If libaio is already installed (perhaps from source), try setting the CFLAGS and LDFLAGS environment variables to where it can be found.
[93m [WARNING] [0m If libaio is already installed (perhaps from source), try setting the CFLAGS and LDFLAGS environment variables to where it can be found.
[93m [WARNING] [0m Please specify the CUTLASS repo directory as environment variable $CUTLASS_PATH
[93m [WARNING] [0m Please specify the CUTLASS repo directory as environment variable $CUTLASS_PATH
[93m [WARNING] [0m If libaio is already installed (perhaps from source), try setting the CFLAGS and LDFLAGS environment variables to where it can be found.
[93m [WARNING] [0m Please specify the CUTLASS repo directory as environment variable $CUTLASS_PATH
[93m [WARNING] [0m If libaio is already installed (perhaps from source), try setting the CFLAGS and LDFLAGS environment variables to where it can be found.
[93m [WARNING] [0m Please specify the CUTLASS repo directory as environment variable $CUTLASS_PATH
[93m [WARNING] [0m If libaio is already installed (perhaps from source), try setting the CFLAGS and LDFLAGS environment variables to where it can be found.
[93m [WARNING] [0m Please specify the CUTLASS repo directory as environment variable $CUTLASS_PATH
[93m [WARNING] [0m If libaio is already installed (perhaps from source), try setting the CFLAGS and LDFLAGS environment variables to where it can be found.
[93m [WARNING] [0m Please specify the CUTLASS repo directory as environment variable $CUTLASS_PATH
[93m [WARNING] [0m If libaio is already installed (perhaps from source), try setting the CFLAGS and LDFLAGS environment variables to where it can be found.
[93m [WARNING] [0m If libaio is already installed (perhaps from source), try setting the CFLAGS and LDFLAGS environment variables to where it can be found.
[93m [WARNING] [0m Please specify the CUTLASS repo directory as environment variable $CUTLASS_PATH
[93m [WARNING] [0m Please specify the CUTLASS repo directory as environment variable $CUTLASS_PATH
[93m [WARNING] [0m If libaio is already installed (perhaps from source), try setting the CFLAGS and LDFLAGS environment variables to where it can be found.
[93m [WARNING] [0m If libaio is already installed (perhaps from source), try setting the CFLAGS and LDFLAGS environment variables to where it can be found.
[93m [WARNING] [0m Please specify the CUTLASS repo directory as environment variable $CUTLASS_PATH
[93m [WARNING] [0m Please specify the CUTLASS repo directory as environment variable $CUTLASS_PATH
[93m [WARNING] [0m If libaio is already installed (perhaps from source), try setting the CFLAGS and LDFLAGS environment variables to where it can be found.
[93m [WARNING] [0m Please specify the CUTLASS repo directory as environment variable $CUTLASS_PATH
[93m [WARNING] [0m If libaio is already installed (perhaps from source), try setting the CFLAGS and LDFLAGS environment variables to where it can be found.
[93m [WARNING] [0m Please specify the CUTLASS repo directory as environment variable $CUTLASS_PATH
[93m [WARNING] [0m If libaio is already installed (perhaps from source), try setting the CFLAGS and LDFLAGS environment variables to where it can be found.
[93m [WARNING] [0m Please specify the CUTLASS repo directory as environment variable $CUTLASS_PATH
[93m [WARNING] [0m If libaio is already installed (perhaps from source), try setting the CFLAGS and LDFLAGS environment variables to where it can be found.
[93m [WARNING] [0m If libaio is already installed (perhaps from source), try setting the CFLAGS and LDFLAGS environment variables to where it can be found.
[93m [WARNING] [0m If libaio is already installed (perhaps from source), try setting the CFLAGS and LDFLAGS environment variables to where it can be found.
[93m [WARNING] [0m Please specify the CUTLASS repo directory as environment variable $CUTLASS_PATH
[93m [WARNING] [0m Please specify the CUTLASS repo directory as environment variable $CUTLASS_PATH
[93m [WARNING] [0m Please specify the CUTLASS repo directory as environment variable $CUTLASS_PATH
[93m [WARNING] [0m If libaio is already installed (perhaps from source), try setting the CFLAGS and LDFLAGS environment variables to where it can be found.
[93m [WARNING] [0m If libaio is already installed (perhaps from source), try setting the CFLAGS and LDFLAGS environment variables to where it can be found.
[93m [WARNING] [0m Please specify the CUTLASS repo directory as environment variable $CUTLASS_PATH
[93m [WARNING] [0m Please specify the CUTLASS repo directory as environment variable $CUTLASS_PATH
[93m [WARNING] [0m If libaio is already installed (perhaps from source), try setting the CFLAGS and LDFLAGS environment variables to where it can be found.
[93m [WARNING] [0m Please specify the CUTLASS repo directory as environment variable $CUTLASS_PATH
[93m [WARNING] [0m sparse_attn is not compatible with ROCM
[93m [WARNING] [0m sparse_attn is not compatible with ROCM
[93m [WARNING] [0m sparse_attn is not compatible with ROCM
[93m [WARNING] [0m sparse_attn is not compatible with ROCM
[93m [WARNING] [0m sparse_attn is not compatible with ROCM
[93m [WARNING] [0m sparse_attn is not compatible with ROCM
[93m [WARNING] [0m sparse_attn is not compatible with ROCM
[93m [WARNING] [0m sparse_attn is not compatible with ROCM
[93m [WARNING] [0m sparse_attn is not compatible with ROCM
[93m [WARNING] [0m sparse_attn is not compatible with ROCM
[93m [WARNING] [0m sparse_attn is not compatible with ROCM
[93m [WARNING] [0m sparse_attn is not compatible with ROCM
[93m [WARNING] [0m sparse_attn is not compatible with ROCM
[93m [WARNING] [0m sparse_attn is not compatible with ROCM
[93m [WARNING] [0m sparse_attn is not compatible with ROCM
[93m [WARNING] [0m sparse_attn is not compatible with ROCM
[93m [WARNING] [0m sparse_attn is not compatible with ROCM
[93m [WARNING] [0m sparse_attn is not compatible with ROCM
[93m [WARNING] [0m sparse_attn is not compatible with ROCM
[93m [WARNING] [0m sparse_attn is not compatible with ROCM
[93m [WARNING] [0m sparse_attn is not compatible with ROCM
[93m [WARNING] [0m sparse_attn is not compatible with ROCM
[93m [WARNING] [0m sparse_attn is not compatible with ROCM
[93m [WARNING] [0m sparse_attn is not compatible with ROCM
[93m [WARNING] [0m sparse_attn is not compatible with ROCM
[93m [WARNING] [0m sparse_attn is not compatible with ROCM
[93m [WARNING] [0m sparse_attn is not compatible with ROCM
[93m [WARNING] [0m sparse_attn is not compatible with ROCM
[93m [WARNING] [0m sparse_attn is not compatible with ROCM
[93m [WARNING] [0m sparse_attn is not compatible with ROCM
[93m [WARNING] [0m sparse_attn is not compatible with ROCM
[93m [WARNING] [0m sparse_attn is not compatible with ROCM
[93m [WARNING] [0m sparse_attn is not compatible with ROCM
[93m [WARNING] [0m sparse_attn is not compatible with ROCM
[93m [WARNING] [0m sparse_attn is not compatible with ROCM
[93m [WARNING] [0m sparse_attn is not compatible with ROCM
[93m [WARNING] [0m sparse_attn is not compatible with ROCM
[93m [WARNING] [0m sparse_attn is not compatible with ROCM
[93m [WARNING] [0m sparse_attn is not compatible with ROCM
[93m [WARNING] [0m sparse_attn is not compatible with ROCM
[93m [WARNING] [0m sparse_attn is not compatible with ROCM
[93m [WARNING] [0m sparse_attn is not compatible with ROCM
[93m [WARNING] [0m sparse_attn is not compatible with ROCM
[93m [WARNING] [0m sparse_attn is not compatible with ROCM
[93m [WARNING] [0m sparse_attn is not compatible with ROCM
[93m [WARNING] [0m sparse_attn is not compatible with ROCM
[93m [WARNING] [0m sparse_attn is not compatible with ROCM
[93m [WARNING] [0m sparse_attn is not compatible with ROCM
[93m [WARNING] [0m sparse_attn is not compatible with ROCM
[93m [WARNING] [0m sparse_attn is not compatible with ROCM
[93m [WARNING] [0m sparse_attn is not compatible with ROCM
[93m [WARNING] [0m sparse_attn is not compatible with ROCM
[93m [WARNING] [0m sparse_attn is not compatible with ROCM
[93m [WARNING] [0m sparse_attn is not compatible with ROCM
[93m [WARNING] [0m sparse_attn is not compatible with ROCM
[93m [WARNING] [0m sparse_attn is not compatible with ROCM
[93m [WARNING] [0m sparse_attn is not compatible with ROCM
[93m [WARNING] [0m sparse_attn is not compatible with ROCM
[93m [WARNING] [0m sparse_attn is not compatible with ROCM
[93m [WARNING] [0m sparse_attn is not compatible with ROCM
[93m [WARNING] [0m sparse_attn is not compatible with ROCM
[93m [WARNING] [0m sparse_attn is not compatible with ROCM
[93m [WARNING] [0m sparse_attn is not compatible with ROCM
[93m [WARNING] [0m sparse_attn is not compatible with ROCM
[93m [WARNING] [0m sparse_attn is not compatible with ROCM
[93m [WARNING] [0m sparse_attn is not compatible with ROCM
[93m [WARNING] [0m sparse_attn is not compatible with ROCM
[93m [WARNING] [0m sparse_attn is not compatible with ROCM
[93m [WARNING] [0m sparse_attn is not compatible with ROCM
[93m [WARNING] [0m sparse_attn is not compatible with ROCM
[93m [WARNING] [0m sparse_attn is not compatible with ROCM
[93m [WARNING] [0m sparse_attn is not compatible with ROCM
[93m [WARNING] [0m sparse_attn is not compatible with ROCM
[93m [WARNING] [0m sparse_attn is not compatible with ROCM
[93m [WARNING] [0m sparse_attn is not compatible with ROCM
[93m [WARNING] [0m sparse_attn is not compatible with ROCM
[93m [WARNING] [0m sparse_attn is not compatible with ROCM
[93m [WARNING] [0m sparse_attn is not compatible with ROCM
[93m [WARNING] [0m sparse_attn is not compatible with ROCM
[93m [WARNING] [0m sparse_attn is not compatible with ROCM
[93m [WARNING] [0m sparse_attn is not compatible with ROCM
[93m [WARNING] [0m sparse_attn is not compatible with ROCM
[93m [WARNING] [0m sparse_attn is not compatible with ROCM
[93m [WARNING] [0m sparse_attn is not compatible with ROCM
[93m [WARNING] [0m sparse_attn is not compatible with ROCM
[93m [WARNING] [0m sparse_attn is not compatible with ROCM
[93m [WARNING] [0m sparse_attn is not compatible with ROCM
[93m [WARNING] [0m sparse_attn is not compatible with ROCM
[93m [WARNING] [0m sparse_attn is not compatible with ROCM
[93m [WARNING] [0m sparse_attn is not compatible with ROCM
[93m [WARNING] [0m sparse_attn is not compatible with ROCM
[93m [WARNING] [0m sparse_attn is not compatible with ROCM
[93m [WARNING] [0m sparse_attn is not compatible with ROCM
[93m [WARNING] [0m sparse_attn is not compatible with ROCM
[93m [WARNING] [0m sparse_attn is not compatible with ROCM
[93m [WARNING] [0m sparse_attn is not compatible with ROCM
[93m [WARNING] [0m sparse_attn is not compatible with ROCM
[93m [WARNING] [0m sparse_attn is not compatible with ROCM
[93m [WARNING] [0m sparse_attn is not compatible with ROCM
[93m [WARNING] [0m sparse_attn is not compatible with ROCM
[93m [WARNING] [0m sparse_attn is not compatible with ROCM
[93m [WARNING] [0m sparse_attn is not compatible with ROCM
[93m [WARNING] [0m sparse_attn is not compatible with ROCM
[93m [WARNING] [0m sparse_attn is not compatible with ROCM
[93m [WARNING] [0m sparse_attn is not compatible with ROCM
[93m [WARNING] [0m sparse_attn is not compatible with ROCM
[93m [WARNING] [0m sparse_attn is not compatible with ROCM
[93m [WARNING] [0m sparse_attn is not compatible with ROCM
[93m [WARNING] [0m sparse_attn is not compatible with ROCM
[93m [WARNING] [0m sparse_attn is not compatible with ROCM
[93m [WARNING] [0m sparse_attn is not compatible with ROCM
[93m [WARNING] [0m sparse_attn is not compatible with ROCM
[93m [WARNING] [0m sparse_attn is not compatible with ROCM
[93m [WARNING] [0m sparse_attn is not compatible with ROCM
[93m [WARNING] [0m sparse_attn is not compatible with ROCM
[93m [WARNING] [0m sparse_attn is not compatible with ROCM
[93m [WARNING] [0m sparse_attn is not compatible with ROCM
[93m [WARNING] [0m sparse_attn is not compatible with ROCM
[93m [WARNING] [0m sparse_attn is not compatible with ROCM
[93m [WARNING] [0m sparse_attn is not compatible with ROCM
[93m [WARNING] [0m async_io requires the dev libaio .so object and headers but these were not found.
[93m [WARNING] [0m async_io requires the dev libaio .so object and headers but these were not found.
[93m [WARNING] [0m async_io requires the dev libaio .so object and headers but these were not found.
[93m [WARNING] [0m async_io requires the dev libaio .so object and headers but these were not found.
[93m [WARNING] [0m async_io requires the dev libaio .so object and headers but these were not found.
[93m [WARNING] [0m async_io requires the dev libaio .so object and headers but these were not found.
[93m [WARNING] [0m async_io requires the dev libaio .so object and headers but these were not found.
[93m [WARNING] [0m async_io requires the dev libaio .so object and headers but these were not found.
[93m [WARNING] [0m If libaio is already installed (perhaps from source), try setting the CFLAGS and LDFLAGS environment variables to where it can be found.
[93m [WARNING] [0m Please specify the CUTLASS repo directory as environment variable $CUTLASS_PATH
[93m [WARNING] [0m If libaio is already installed (perhaps from source), try setting the CFLAGS and LDFLAGS environment variables to where it can be found.
[93m [WARNING] [0m If libaio is already installed (perhaps from source), try setting the CFLAGS and LDFLAGS environment variables to where it can be found.
[93m [WARNING] [0m Please specify the CUTLASS repo directory as environment variable $CUTLASS_PATH
[93m [WARNING] [0m If libaio is already installed (perhaps from source), try setting the CFLAGS and LDFLAGS environment variables to where it can be found.
[93m [WARNING] [0m Please specify the CUTLASS repo directory as environment variable $CUTLASS_PATH
[93m [WARNING] [0m If libaio is already installed (perhaps from source), try setting the CFLAGS and LDFLAGS environment variables to where it can be found.
[93m [WARNING] [0m If libaio is already installed (perhaps from source), try setting the CFLAGS and LDFLAGS environment variables to where it can be found.
[93m [WARNING] [0m Please specify the CUTLASS repo directory as environment variable $CUTLASS_PATH
[93m [WARNING] [0m If libaio is already installed (perhaps from source), try setting the CFLAGS and LDFLAGS environment variables to where it can be found.
[93m [WARNING] [0m Please specify the CUTLASS repo directory as environment variable $CUTLASS_PATH
[93m [WARNING] [0m Please specify the CUTLASS repo directory as environment variable $CUTLASS_PATH
[93m [WARNING] [0m Please specify the CUTLASS repo directory as environment variable $CUTLASS_PATH
[93m [WARNING] [0m If libaio is already installed (perhaps from source), try setting the CFLAGS and LDFLAGS environment variables to where it can be found.
[93m [WARNING] [0m Please specify the CUTLASS repo directory as environment variable $CUTLASS_PATH
[93m [WARNING] [0m sparse_attn is not compatible with ROCM
[93m [WARNING] [0m sparse_attn is not compatible with ROCM
[93m [WARNING] [0m sparse_attn is not compatible with ROCM
[93m [WARNING] [0m sparse_attn is not compatible with ROCM
[93m [WARNING] [0m sparse_attn is not compatible with ROCM
[93m [WARNING] [0m sparse_attn is not compatible with ROCM
[93m [WARNING] [0m sparse_attn is not compatible with ROCM
[93m [WARNING] [0m sparse_attn is not compatible with ROCM
[2024-07-25 01:03:57,233] [INFO] [comm.py:637:init_distributed] cdb=None
[2024-07-25 01:03:57,233] [INFO] [comm.py:637:init_distributed] cdb=None
[2024-07-25 01:03:57,233] [INFO] [comm.py:637:init_distributed] cdb=None
[2024-07-25 01:03:57,233] [INFO] [comm.py:637:init_distributed] cdb=None
[2024-07-25 01:03:57,233] [INFO] [comm.py:637:init_distributed] cdb=None
[2024-07-25 01:03:57,233] [INFO] [comm.py:637:init_distributed] cdb=None
[2024-07-25 01:03:57,233] [INFO] [comm.py:637:init_distributed] cdb=None
[2024-07-25 01:03:57,233] [INFO] [comm.py:637:init_distributed] cdb=None
[2024-07-25 01:03:57,235] [INFO] [comm.py:637:init_distributed] cdb=None
[2024-07-25 01:03:57,235] [INFO] [comm.py:637:init_distributed] cdb=None
[2024-07-25 01:03:57,235] [INFO] [comm.py:637:init_distributed] cdb=None
[2024-07-25 01:03:57,235] [INFO] [comm.py:637:init_distributed] cdb=None
[2024-07-25 01:03:57,235] [INFO] [comm.py:637:init_distributed] cdb=None
[2024-07-25 01:03:57,235] [INFO] [comm.py:637:init_distributed] cdb=None
[2024-07-25 01:03:57,235] [INFO] [comm.py:637:init_distributed] cdb=None
[2024-07-25 01:03:57,235] [INFO] [comm.py:637:init_distributed] cdb=None
[W socket.cpp:601] [c10d] The client socket cannot be initialized to connect to [frontier04157.frontier.olcf.ornl.gov]:8889 (errno: 97 - Address family not supported by protocol).
[W socket.cpp:601] [c10d] The client socket cannot be initialized to connect to [frontier04157.frontier.olcf.ornl.gov]:8889 (errno: 97 - Address family not supported by protocol).
[W socket.cpp:601] [c10d] The client socket cannot be initialized to connect to [frontier04157.frontier.olcf.ornl.gov]:8889 (errno: 97 - Address family not supported by protocol).
[W socket.cpp:601] [c10d] The client socket cannot be initialized to connect to [frontier04157.frontier.olcf.ornl.gov]:8889 (errno: 97 - Address family not supported by protocol).
[W socket.cpp:601] [c10d] The client socket cannot be initialized to connect to [frontier04157.frontier.olcf.ornl.gov]:8889 (errno: 97 - Address family not supported by protocol).
[W socket.cpp:601] [c10d] The client socket cannot be initialized to connect to [frontier04157.frontier.olcf.ornl.gov]:8889 (errno: 97 - Address family not supported by protocol).
[W socket.cpp:601] [c10d] The client socket cannot be initialized to connect to [frontier04157.frontier.olcf.ornl.gov]:8889 (errno: 97 - Address family not supported by protocol).
[W socket.cpp:601] [c10d] The client socket cannot be initialized to connect to [frontier04157.frontier.olcf.ornl.gov]:8889 (errno: 97 - Address family not supported by protocol).
[W socket.cpp:601] [c10d] The client socket cannot be initialized to connect to [frontier04157.frontier.olcf.ornl.gov]:8889 (errno: 97 - Address family not supported by protocol).
[W socket.cpp:601] [c10d] The client socket cannot be initialized to connect to [frontier04157.frontier.olcf.ornl.gov]:8889 (errno: 97 - Address family not supported by protocol).
[W socket.cpp:601] [c10d] The client socket cannot be initialized to connect to [frontier04157.frontier.olcf.ornl.gov]:8889 (errno: 97 - Address family not supported by protocol).
[W socket.cpp:601] [c10d] The client socket cannot be initialized to connect to [frontier04157.frontier.olcf.ornl.gov]:8889 (errno: 97 - Address family not supported by protocol).
[W socket.cpp:601] [c10d] The client socket cannot be initialized to connect to [frontier04157.frontier.olcf.ornl.gov]:8889 (errno: 97 - Address family not supported by protocol).
[W socket.cpp:601] [c10d] The client socket cannot be initialized to connect to [frontier04157.frontier.olcf.ornl.gov]:8889 (errno: 97 - Address family not supported by protocol).
[W socket.cpp:601] [c10d] The client socket cannot be initialized to connect to [frontier04157.frontier.olcf.ornl.gov]:8889 (errno: 97 - Address family not supported by protocol).
[W socket.cpp:601] [c10d] The client socket cannot be initialized to connect to [frontier04157.frontier.olcf.ornl.gov]:8889 (errno: 97 - Address family not supported by protocol).
[2024-07-25 01:03:59,338] [INFO] [comm.py:637:init_distributed] cdb=None
[2024-07-25 01:03:59,338] [INFO] [comm.py:637:init_distributed] cdb=None
[2024-07-25 01:03:59,338] [INFO] [comm.py:637:init_distributed] cdb=None
[2024-07-25 01:03:59,338] [INFO] [comm.py:637:init_distributed] cdb=None
[2024-07-25 01:03:59,338] [INFO] [comm.py:637:init_distributed] cdb=None
[2024-07-25 01:03:59,338] [INFO] [comm.py:637:init_distributed] cdb=None
[2024-07-25 01:03:59,338] [INFO] [comm.py:637:init_distributed] cdb=None
[2024-07-25 01:03:59,338] [INFO] [comm.py:637:init_distributed] cdb=None
[W socket.cpp:601] [c10d] The client socket cannot be initialized to connect to [frontier04157.frontier.olcf.ornl.gov]:8889 (errno: 97 - Address family not supported by protocol).
[W socket.cpp:601] [c10d] The client socket cannot be initialized to connect to [frontier04157.frontier.olcf.ornl.gov]:8889 (errno: 97 - Address family not supported by protocol).
[W socket.cpp:601] [c10d] The client socket cannot be initialized to connect to [frontier04157.frontier.olcf.ornl.gov]:8889 (errno: 97 - Address family not supported by protocol).
[W socket.cpp:601] [c10d] The client socket cannot be initialized to connect to [frontier04157.frontier.olcf.ornl.gov]:8889 (errno: 97 - Address family not supported by protocol).
[W socket.cpp:601] [c10d] The client socket cannot be initialized to connect to [frontier04157.frontier.olcf.ornl.gov]:8889 (errno: 97 - Address family not supported by protocol).
[W socket.cpp:601] [c10d] The client socket cannot be initialized to connect to [frontier04157.frontier.olcf.ornl.gov]:8889 (errno: 97 - Address family not supported by protocol).
[W socket.cpp:601] [c10d] The client socket cannot be initialized to connect to [frontier04157.frontier.olcf.ornl.gov]:8889 (errno: 97 - Address family not supported by protocol).
[W socket.cpp:601] [c10d] The client socket cannot be initialized to connect to [frontier04157.frontier.olcf.ornl.gov]:8889 (errno: 97 - Address family not supported by protocol).
[2024-07-25 01:03:59,889] [INFO] [comm.py:637:init_distributed] cdb=None
[2024-07-25 01:03:59,889] [INFO] [comm.py:637:init_distributed] cdb=None
[2024-07-25 01:03:59,889] [INFO] [comm.py:637:init_distributed] cdb=None
[2024-07-25 01:03:59,889] [INFO] [comm.py:637:init_distributed] cdb=None
[2024-07-25 01:03:59,889] [INFO] [comm.py:637:init_distributed] cdb=None
[2024-07-25 01:03:59,889] [INFO] [comm.py:637:init_distributed] cdb=None
[2024-07-25 01:03:59,889] [INFO] [comm.py:637:init_distributed] cdb=None
[2024-07-25 01:03:59,889] [INFO] [comm.py:637:init_distributed] cdb=None
[W socket.cpp:601] [c10d] The client socket cannot be initialized to connect to [frontier04157.frontier.olcf.ornl.gov]:8889 (errno: 97 - Address family not supported by protocol).
[W socket.cpp:601] [c10d] The client socket cannot be initialized to connect to [frontier04157.frontier.olcf.ornl.gov]:8889 (errno: 97 - Address family not supported by protocol).
[W socket.cpp:601] [c10d] The client socket cannot be initialized to connect to [frontier04157.frontier.olcf.ornl.gov]:8889 (errno: 97 - Address family not supported by protocol).
[W socket.cpp:601] [c10d] The client socket cannot be initialized to connect to [frontier04157.frontier.olcf.ornl.gov]:8889 (errno: 97 - Address family not supported by protocol).
[W socket.cpp:601] [c10d] The client socket cannot be initialized to connect to [frontier04157.frontier.olcf.ornl.gov]:8889 (errno: 97 - Address family not supported by protocol).
[W socket.cpp:601] [c10d] The client socket cannot be initialized to connect to [frontier04157.frontier.olcf.ornl.gov]:8889 (errno: 97 - Address family not supported by protocol).
[W socket.cpp:601] [c10d] The client socket cannot be initialized to connect to [frontier04157.frontier.olcf.ornl.gov]:8889 (errno: 97 - Address family not supported by protocol).
[W socket.cpp:601] [c10d] The client socket cannot be initialized to connect to [frontier04157.frontier.olcf.ornl.gov]:8889 (errno: 97 - Address family not supported by protocol).
[2024-07-25 01:03:59,953] [INFO] [comm.py:637:init_distributed] cdb=None
[2024-07-25 01:03:59,953] [INFO] [comm.py:637:init_distributed] cdb=None
[2024-07-25 01:03:59,953] [INFO] [comm.py:637:init_distributed] cdb=None
[2024-07-25 01:03:59,953] [INFO] [comm.py:637:init_distributed] cdb=None
[2024-07-25 01:03:59,953] [INFO] [comm.py:637:init_distributed] cdb=None
[2024-07-25 01:03:59,953] [INFO] [comm.py:637:init_distributed] cdb=None
[2024-07-25 01:03:59,953] [INFO] [comm.py:637:init_distributed] cdb=None
[2024-07-25 01:03:59,953] [INFO] [comm.py:637:init_distributed] cdb=None
[W socket.cpp:601] [c10d] The client socket cannot be initialized to connect to [frontier04157.frontier.olcf.ornl.gov]:8889 (errno: 97 - Address family not supported by protocol).
[W socket.cpp:601] [c10d] The client socket cannot be initialized to connect to [frontier04157.frontier.olcf.ornl.gov]:8889 (errno: 97 - Address family not supported by protocol).
[W socket.cpp:601] [c10d] The client socket cannot be initialized to connect to [frontier04157.frontier.olcf.ornl.gov]:8889 (errno: 97 - Address family not supported by protocol).
[W socket.cpp:601] [c10d] The client socket cannot be initialized to connect to [frontier04157.frontier.olcf.ornl.gov]:8889 (errno: 97 - Address family not supported by protocol).
[W socket.cpp:601] [c10d] The client socket cannot be initialized to connect to [frontier04157.frontier.olcf.ornl.gov]:8889 (errno: 97 - Address family not supported by protocol).
[W socket.cpp:601] [c10d] The client socket cannot be initialized to connect to [frontier04157.frontier.olcf.ornl.gov]:8889 (errno: 97 - Address family not supported by protocol).
[W socket.cpp:601] [c10d] The client socket cannot be initialized to connect to [frontier04157.frontier.olcf.ornl.gov]:8889 (errno: 97 - Address family not supported by protocol).
[W socket.cpp:601] [c10d] The client socket cannot be initialized to connect to [frontier04157.frontier.olcf.ornl.gov]:8889 (errno: 97 - Address family not supported by protocol).
[2024-07-25 01:04:00,272] [INFO] [comm.py:637:init_distributed] cdb=None
[2024-07-25 01:04:00,272] [INFO] [comm.py:637:init_distributed] cdb=None
[2024-07-25 01:04:00,272] [INFO] [comm.py:637:init_distributed] cdb=None
[2024-07-25 01:04:00,272] [INFO] [comm.py:637:init_distributed] cdb=None
[2024-07-25 01:04:00,272] [INFO] [comm.py:637:init_distributed] cdb=None
[2024-07-25 01:04:00,272] [INFO] [comm.py:637:init_distributed] cdb=None
[2024-07-25 01:04:00,272] [INFO] [comm.py:637:init_distributed] cdb=None
[2024-07-25 01:04:00,272] [INFO] [comm.py:637:init_distributed] cdb=None
[W socket.cpp:601] [c10d] The client socket cannot be initialized to connect to [frontier04157.frontier.olcf.ornl.gov]:8889 (errno: 97 - Address family not supported by protocol).
[W socket.cpp:601] [c10d] The client socket cannot be initialized to connect to [frontier04157.frontier.olcf.ornl.gov]:8889 (errno: 97 - Address family not supported by protocol).
[W socket.cpp:601] [c10d] The client socket cannot be initialized to connect to [frontier04157.frontier.olcf.ornl.gov]:8889 (errno: 97 - Address family not supported by protocol).
[W socket.cpp:601] [c10d] The client socket cannot be initialized to connect to [frontier04157.frontier.olcf.ornl.gov]:8889 (errno: 97 - Address family not supported by protocol).
[W socket.cpp:601] [c10d] The client socket cannot be initialized to connect to [frontier04157.frontier.olcf.ornl.gov]:8889 (errno: 97 - Address family not supported by protocol).
[W socket.cpp:601] [c10d] The client socket cannot be initialized to connect to [frontier04157.frontier.olcf.ornl.gov]:8889 (errno: 97 - Address family not supported by protocol).
[W socket.cpp:601] [c10d] The client socket cannot be initialized to connect to [frontier04157.frontier.olcf.ornl.gov]:8889 (errno: 97 - Address family not supported by protocol).
[W socket.cpp:601] [c10d] The client socket cannot be initialized to connect to [frontier04157.frontier.olcf.ornl.gov]:8889 (errno: 97 - Address family not supported by protocol).
[2024-07-25 01:04:00,635] [INFO] [comm.py:637:init_distributed] cdb=None
[2024-07-25 01:04:00,635] [INFO] [comm.py:637:init_distributed] cdb=None
[2024-07-25 01:04:00,635] [INFO] [comm.py:637:init_distributed] cdb=None
[2024-07-25 01:04:00,635] [INFO] [comm.py:637:init_distributed] cdb=None
[2024-07-25 01:04:00,635] [INFO] [comm.py:637:init_distributed] cdb=None
[2024-07-25 01:04:00,635] [INFO] [comm.py:637:init_distributed] cdb=None
[2024-07-25 01:04:00,635] [INFO] [comm.py:637:init_distributed] cdb=None
[2024-07-25 01:04:00,635] [INFO] [comm.py:637:init_distributed] cdb=None
[W socket.cpp:601] [c10d] The client socket cannot be initialized to connect to [frontier04157.frontier.olcf.ornl.gov]:8889 (errno: 97 - Address family not supported by protocol).
[W socket.cpp:601] [c10d] The client socket cannot be initialized to connect to [frontier04157.frontier.olcf.ornl.gov]:8889 (errno: 97 - Address family not supported by protocol).
[W socket.cpp:601] [c10d] The client socket cannot be initialized to connect to [frontier04157.frontier.olcf.ornl.gov]:8889 (errno: 97 - Address family not supported by protocol).
[W socket.cpp:601] [c10d] The client socket cannot be initialized to connect to [frontier04157.frontier.olcf.ornl.gov]:8889 (errno: 97 - Address family not supported by protocol).
[W socket.cpp:601] [c10d] The client socket cannot be initialized to connect to [frontier04157.frontier.olcf.ornl.gov]:8889 (errno: 97 - Address family not supported by protocol).
[W socket.cpp:601] [c10d] The client socket cannot be initialized to connect to [frontier04157.frontier.olcf.ornl.gov]:8889 (errno: 97 - Address family not supported by protocol).
[W socket.cpp:601] [c10d] The client socket cannot be initialized to connect to [frontier04157.frontier.olcf.ornl.gov]:8889 (errno: 97 - Address family not supported by protocol).
[W socket.cpp:601] [c10d] The client socket cannot be initialized to connect to [frontier04157.frontier.olcf.ornl.gov]:8889 (errno: 97 - Address family not supported by protocol).
[2024-07-25 01:04:00,907] [INFO] [comm.py:637:init_distributed] cdb=None
[2024-07-25 01:04:00,907] [INFO] [comm.py:637:init_distributed] cdb=None
Distributed data parallel: nccl master at frontier04157:8889
[2024-07-25 01:04:00,907] [INFO] [comm.py:637:init_distributed] cdb=None
[2024-07-25 01:04:00,907] [INFO] [comm.py:637:init_distributed] cdb=None
[2024-07-25 01:04:00,907] [INFO] [comm.py:637:init_distributed] cdb=None
[2024-07-25 01:04:00,907] [INFO] [comm.py:637:init_distributed] cdb=None
[2024-07-25 01:04:00,907] [INFO] [comm.py:637:init_distributed] cdb=None
[2024-07-25 01:04:00,907] [INFO] [comm.py:637:init_distributed] cdb=None
[2024-07-25 01:04:00,907] [INFO] [comm.py:668:init_distributed] Initializing TorchBackend in DeepSpeed with backend nccl
[W socket.cpp:426] [c10d] The server socket cannot be initialized on [::]:8889 (errno: 97 - Address family not supported by protocol).
[2024-07-25 01:04:00,915] [INFO] [comm.py:637:init_distributed] cdb=None
[2024-07-25 01:04:00,915] [INFO] [comm.py:637:init_distributed] cdb=None
[2024-07-25 01:04:00,915] [INFO] [comm.py:637:init_distributed] cdb=None
[2024-07-25 01:04:00,915] [INFO] [comm.py:637:init_distributed] cdb=None
[2024-07-25 01:04:00,915] [INFO] [comm.py:637:init_distributed] cdb=None
[2024-07-25 01:04:00,915] [INFO] [comm.py:637:init_distributed] cdb=None
[2024-07-25 01:04:00,915] [INFO] [comm.py:637:init_distributed] cdb=None
[2024-07-25 01:04:00,915] [INFO] [comm.py:637:init_distributed] cdb=None
[W socket.cpp:601] [c10d] The client socket cannot be initialized to connect to [frontier04157.frontier.olcf.ornl.gov]:8889 (errno: 97 - Address family not supported by protocol).
[W socket.cpp:601] [c10d] The client socket cannot be initialized to connect to [frontier04157.frontier.olcf.ornl.gov]:8889 (errno: 97 - Address family not supported by protocol).
[W socket.cpp:601] [c10d] The client socket cannot be initialized to connect to [frontier04157.frontier.olcf.ornl.gov]:8889 (errno: 97 - Address family not supported by protocol).
[W socket.cpp:601] [c10d] The client socket cannot be initialized to connect to [frontier04157.frontier.olcf.ornl.gov]:8889 (errno: 97 - Address family not supported by protocol).
[W socket.cpp:601] [c10d] The client socket cannot be initialized to connect to [frontier04157.frontier.olcf.ornl.gov]:8889 (errno: 97 - Address family not supported by protocol).
[W socket.cpp:601] [c10d] The client socket cannot be initialized to connect to [frontier04157.frontier.olcf.ornl.gov]:8889 (errno: 97 - Address family not supported by protocol).
[W socket.cpp:601] [c10d] The client socket cannot be initialized to connect to [frontier04157.frontier.olcf.ornl.gov]:8889 (errno: 97 - Address family not supported by protocol).
[W socket.cpp:601] [c10d] The client socket cannot be initialized to connect to [frontier04157.frontier.olcf.ornl.gov]:8889 (errno: 97 - Address family not supported by protocol).
[W socket.cpp:601] [c10d] The client socket cannot be initialized to connect to [frontier04157.frontier.olcf.ornl.gov]:8889 (errno: 97 - Address family not supported by protocol).
[W socket.cpp:601] [c10d] The client socket cannot be initialized to connect to [frontier04157.frontier.olcf.ornl.gov]:8889 (errno: 97 - Address family not supported by protocol).
[W socket.cpp:601] [c10d] The client socket cannot be initialized to connect to [frontier04157.frontier.olcf.ornl.gov]:8889 (errno: 97 - Address family not supported by protocol).
[W socket.cpp:601] [c10d] The client socket cannot be initialized to connect to [frontier04157.frontier.olcf.ornl.gov]:8889 (errno: 97 - Address family not supported by protocol).
[W socket.cpp:601] [c10d] The client socket cannot be initialized to connect to [frontier04157.frontier.olcf.ornl.gov]:8889 (errno: 97 - Address family not supported by protocol).
[W socket.cpp:601] [c10d] The client socket cannot be initialized to connect to [frontier04157.frontier.olcf.ornl.gov]:8889 (errno: 97 - Address family not supported by protocol).
[W socket.cpp:601] [c10d] The client socket cannot be initialized to connect to [frontier04157.frontier.olcf.ornl.gov]:8889 (errno: 97 - Address family not supported by protocol).
[W socket.cpp:601] [c10d] The client socket cannot be initialized to connect to [frontier04157.frontier.olcf.ornl.gov]:8889 (errno: 97 - Address family not supported by protocol).
[W socket.cpp:601] [c10d] The client socket cannot be initialized to connect to [frontier04157.frontier.olcf.ornl.gov]:8889 (errno: 97 - Address family not supported by protocol).
[W socket.cpp:601] [c10d] The client socket cannot be initialized to connect to [frontier04157.frontier.olcf.ornl.gov]:8889 (errno: 97 - Address family not supported by protocol).
[W socket.cpp:601] [c10d] The client socket cannot be initialized to connect to [frontier04157.frontier.olcf.ornl.gov]:8889 (errno: 97 - Address family not supported by protocol).
[W socket.cpp:601] [c10d] The client socket cannot be initialized to connect to [frontier04157.frontier.olcf.ornl.gov]:8889 (errno: 97 - Address family not supported by protocol).
[W socket.cpp:601] [c10d] The client socket cannot be initialized to connect to [frontier04157.frontier.olcf.ornl.gov]:8889 (errno: 97 - Address family not supported by protocol).
[W socket.cpp:601] [c10d] The client socket cannot be initialized to connect to [frontier04157.frontier.olcf.ornl.gov]:8889 (errno: 97 - Address family not supported by protocol).
[W socket.cpp:601] [c10d] The client socket cannot be initialized to connect to [frontier04157.frontier.olcf.ornl.gov]:8889 (errno: 97 - Address family not supported by protocol).
[W socket.cpp:601] [c10d] The client socket cannot be initialized to connect to [frontier04157.frontier.olcf.ornl.gov]:8889 (errno: 97 - Address family not supported by protocol).
[W socket.cpp:601] [c10d] The client socket cannot be initialized to connect to [frontier04157.frontier.olcf.ornl.gov]:8889 (errno: 97 - Address family not supported by protocol).
[W socket.cpp:601] [c10d] The client socket cannot be initialized to connect to [frontier04157.frontier.olcf.ornl.gov]:8889 (errno: 97 - Address family not supported by protocol).
[W socket.cpp:601] [c10d] The client socket cannot be initialized to connect to [frontier04157.frontier.olcf.ornl.gov]:8889 (errno: 97 - Address family not supported by protocol).
[W socket.cpp:601] [c10d] The client socket cannot be initialized to connect to [frontier04157.frontier.olcf.ornl.gov]:8889 (errno: 97 - Address family not supported by protocol).
[W socket.cpp:601] [c10d] The client socket cannot be initialized to connect to [frontier04157.frontier.olcf.ornl.gov]:8889 (errno: 97 - Address family not supported by protocol).
[W socket.cpp:601] [c10d] The client socket cannot be initialized to connect to [frontier04157.frontier.olcf.ornl.gov]:8889 (errno: 97 - Address family not supported by protocol).
[W socket.cpp:601] [c10d] The client socket cannot be initialized to connect to [frontier04157.frontier.olcf.ornl.gov]:8889 (errno: 97 - Address family not supported by protocol).
[W socket.cpp:601] [c10d] The client socket cannot be initialized to connect to [frontier04157.frontier.olcf.ornl.gov]:8889 (errno: 97 - Address family not supported by protocol).
[W socket.cpp:601] [c10d] The client socket cannot be initialized to connect to [frontier04157.frontier.olcf.ornl.gov]:8889 (errno: 97 - Address family not supported by protocol).
[W socket.cpp:601] [c10d] The client socket cannot be initialized to connect to [frontier04157.frontier.olcf.ornl.gov]:8889 (errno: 97 - Address family not supported by protocol).
[W socket.cpp:601] [c10d] The client socket cannot be initialized to connect to [frontier04157.frontier.olcf.ornl.gov]:8889 (errno: 97 - Address family not supported by protocol).
[W socket.cpp:601] [c10d] The client socket cannot be initialized to connect to [frontier04157.frontier.olcf.ornl.gov]:8889 (errno: 97 - Address family not supported by protocol).
[W socket.cpp:601] [c10d] The client socket cannot be initialized to connect to [frontier04157.frontier.olcf.ornl.gov]:8889 (errno: 97 - Address family not supported by protocol).
[W socket.cpp:601] [c10d] The client socket cannot be initialized to connect to [frontier04157.frontier.olcf.ornl.gov]:8889 (errno: 97 - Address family not supported by protocol).
[W socket.cpp:601] [c10d] The client socket cannot be initialized to connect to [frontier04157.frontier.olcf.ornl.gov]:8889 (errno: 97 - Address family not supported by protocol).
[W socket.cpp:601] [c10d] The client socket cannot be initialized to connect to [frontier04157.frontier.olcf.ornl.gov]:8889 (errno: 97 - Address family not supported by protocol).
[W socket.cpp:601] [c10d] The client socket cannot be initialized to connect to [frontier04157.frontier.olcf.ornl.gov]:8889 (errno: 97 - Address family not supported by protocol).
[W socket.cpp:601] [c10d] The client socket cannot be initialized to connect to [frontier04157.frontier.olcf.ornl.gov]:8889 (errno: 97 - Address family not supported by protocol).
[W socket.cpp:601] [c10d] The client socket cannot be initialized to connect to [frontier04157.frontier.olcf.ornl.gov]:8889 (errno: 97 - Address family not supported by protocol).
[W socket.cpp:601] [c10d] The client socket cannot be initialized to connect to [frontier04157.frontier.olcf.ornl.gov]:8889 (errno: 97 - Address family not supported by protocol).
[W socket.cpp:601] [c10d] The client socket cannot be initialized to connect to [frontier04157.frontier.olcf.ornl.gov]:8889 (errno: 97 - Address family not supported by protocol).
[W socket.cpp:601] [c10d] The client socket cannot be initialized to connect to [frontier04157.frontier.olcf.ornl.gov]:8889 (errno: 97 - Address family not supported by protocol).
[W socket.cpp:601] [c10d] The client socket cannot be initialized to connect to [frontier04157.frontier.olcf.ornl.gov]:8889 (errno: 97 - Address family not supported by protocol).
[2024-07-25 01:04:01,051] [INFO] [comm.py:637:init_distributed] cdb=None
[2024-07-25 01:04:01,051] [INFO] [comm.py:637:init_distributed] cdb=None
[2024-07-25 01:04:01,051] [INFO] [comm.py:637:init_distributed] cdb=None
[2024-07-25 01:04:01,051] [INFO] [comm.py:637:init_distributed] cdb=None
[2024-07-25 01:04:01,051] [INFO] [comm.py:637:init_distributed] cdb=None
[2024-07-25 01:04:01,051] [INFO] [comm.py:637:init_distributed] cdb=None
[2024-07-25 01:04:01,051] [INFO] [comm.py:637:init_distributed] cdb=None
[2024-07-25 01:04:01,052] [INFO] [comm.py:637:init_distributed] cdb=None
[W socket.cpp:601] [c10d] The client socket cannot be initialized to connect to [frontier04157.frontier.olcf.ornl.gov]:8889 (errno: 97 - Address family not supported by protocol).
[W socket.cpp:601] [c10d] The client socket cannot be initialized to connect to [frontier04157.frontier.olcf.ornl.gov]:8889 (errno: 97 - Address family not supported by protocol).
[W socket.cpp:601] [c10d] The client socket cannot be initialized to connect to [frontier04157.frontier.olcf.ornl.gov]:8889 (errno: 97 - Address family not supported by protocol).
[W socket.cpp:601] [c10d] The client socket cannot be initialized to connect to [frontier04157.frontier.olcf.ornl.gov]:8889 (errno: 97 - Address family not supported by protocol).
[W socket.cpp:601] [c10d] The client socket cannot be initialized to connect to [frontier04157.frontier.olcf.ornl.gov]:8889 (errno: 97 - Address family not supported by protocol).
[W socket.cpp:601] [c10d] The client socket cannot be initialized to connect to [frontier04157.frontier.olcf.ornl.gov]:8889 (errno: 97 - Address family not supported by protocol).
[W socket.cpp:601] [c10d] The client socket cannot be initialized to connect to [frontier04157.frontier.olcf.ornl.gov]:8889 (errno: 97 - Address family not supported by protocol).
[W socket.cpp:601] [c10d] The client socket cannot be initialized to connect to [frontier04157.frontier.olcf.ornl.gov]:8889 (errno: 97 - Address family not supported by protocol).
[W socket.cpp:601] [c10d] The client socket cannot be initialized to connect to [frontier04157.frontier.olcf.ornl.gov]:8889 (errno: 97 - Address family not supported by protocol).
[W socket.cpp:601] [c10d] The client socket cannot be initialized to connect to [frontier04157.frontier.olcf.ornl.gov]:8889 (errno: 97 - Address family not supported by protocol).
[W socket.cpp:601] [c10d] The client socket cannot be initialized to connect to [frontier04157.frontier.olcf.ornl.gov]:8889 (errno: 97 - Address family not supported by protocol).
[W socket.cpp:601] [c10d] The client socket cannot be initialized to connect to [frontier04157.frontier.olcf.ornl.gov]:8889 (errno: 97 - Address family not supported by protocol).
[W socket.cpp:601] [c10d] The client socket cannot be initialized to connect to [frontier04157.frontier.olcf.ornl.gov]:8889 (errno: 97 - Address family not supported by protocol).
[W socket.cpp:601] [c10d] The client socket cannot be initialized to connect to [frontier04157.frontier.olcf.ornl.gov]:8889 (errno: 97 - Address family not supported by protocol).
[W socket.cpp:601] [c10d] The client socket cannot be initialized to connect to [frontier04157.frontier.olcf.ornl.gov]:8889 (errno: 97 - Address family not supported by protocol).
[W socket.cpp:601] [c10d] The client socket cannot be initialized to connect to [frontier04157.frontier.olcf.ornl.gov]:8889 (errno: 97 - Address family not supported by protocol).
[W socket.cpp:601] [c10d] The client socket cannot be initialized to connect to [frontier04157.frontier.olcf.ornl.gov]:8889 (errno: 97 - Address family not supported by protocol).
[W socket.cpp:601] [c10d] The client socket cannot be initialized to connect to [frontier04157.frontier.olcf.ornl.gov]:8889 (errno: 97 - Address family not supported by protocol).
[W socket.cpp:601] [c10d] The client socket cannot be initialized to connect to [frontier04157.frontier.olcf.ornl.gov]:8889 (errno: 97 - Address family not supported by protocol).
[W socket.cpp:601] [c10d] The client socket cannot be initialized to connect to [frontier04157.frontier.olcf.ornl.gov]:8889 (errno: 97 - Address family not supported by protocol).
[W socket.cpp:601] [c10d] The client socket cannot be initialized to connect to [frontier04157.frontier.olcf.ornl.gov]:8889 (errno: 97 - Address family not supported by protocol).
[W socket.cpp:601] [c10d] The client socket cannot be initialized to connect to [frontier04157.frontier.olcf.ornl.gov]:8889 (errno: 97 - Address family not supported by protocol).
[W socket.cpp:601] [c10d] The client socket cannot be initialized to connect to [frontier04157.frontier.olcf.ornl.gov]:8889 (errno: 97 - Address family not supported by protocol).
[W socket.cpp:601] [c10d] The client socket cannot be initialized to connect to [frontier04157.frontier.olcf.ornl.gov]:8889 (errno: 97 - Address family not supported by protocol).
[W socket.cpp:601] [c10d] The client socket cannot be initialized to connect to [frontier04157.frontier.olcf.ornl.gov]:8889 (errno: 97 - Address family not supported by protocol).
[W socket.cpp:601] [c10d] The client socket cannot be initialized to connect to [frontier04157.frontier.olcf.ornl.gov]:8889 (errno: 97 - Address family not supported by protocol).
[W socket.cpp:601] [c10d] The client socket cannot be initialized to connect to [frontier04157.frontier.olcf.ornl.gov]:8889 (errno: 97 - Address family not supported by protocol).
[W socket.cpp:601] [c10d] The client socket cannot be initialized to connect to [frontier04157.frontier.olcf.ornl.gov]:8889 (errno: 97 - Address family not supported by protocol).
[W socket.cpp:601] [c10d] The client socket cannot be initialized to connect to [frontier04157.frontier.olcf.ornl.gov]:8889 (errno: 97 - Address family not supported by protocol).
[W socket.cpp:601] [c10d] The client socket cannot be initialized to connect to [frontier04157.frontier.olcf.ornl.gov]:8889 (errno: 97 - Address family not supported by protocol).
[W socket.cpp:601] [c10d] The client socket cannot be initialized to connect to [frontier04157.frontier.olcf.ornl.gov]:8889 (errno: 97 - Address family not supported by protocol).
[W socket.cpp:601] [c10d] The client socket cannot be initialized to connect to [frontier04157.frontier.olcf.ornl.gov]:8889 (errno: 97 - Address family not supported by protocol).
[W socket.cpp:601] [c10d] The client socket cannot be initialized to connect to [frontier04157.frontier.olcf.ornl.gov]:8889 (errno: 97 - Address family not supported by protocol).
[W socket.cpp:601] [c10d] The client socket cannot be initialized to connect to [frontier04157.frontier.olcf.ornl.gov]:8889 (errno: 97 - Address family not supported by protocol).
[W socket.cpp:601] [c10d] The client socket cannot be initialized to connect to [frontier04157.frontier.olcf.ornl.gov]:8889 (errno: 97 - Address family not supported by protocol).
[W socket.cpp:601] [c10d] The client socket cannot be initialized to connect to [frontier04157.frontier.olcf.ornl.gov]:8889 (errno: 97 - Address family not supported by protocol).
[W socket.cpp:601] [c10d] The client socket cannot be initialized to connect to [frontier04157.frontier.olcf.ornl.gov]:8889 (errno: 97 - Address family not supported by protocol).
[W socket.cpp:601] [c10d] The client socket cannot be initialized to connect to [frontier04157.frontier.olcf.ornl.gov]:8889 (errno: 97 - Address family not supported by protocol).
[W socket.cpp:601] [c10d] The client socket cannot be initialized to connect to [frontier04157.frontier.olcf.ornl.gov]:8889 (errno: 97 - Address family not supported by protocol).
[W socket.cpp:601] [c10d] The client socket cannot be initialized to connect to [frontier04157.frontier.olcf.ornl.gov]:8889 (errno: 97 - Address family not supported by protocol).
[W socket.cpp:601] [c10d] The client socket cannot be initialized to connect to [frontier04157.frontier.olcf.ornl.gov]:8889 (errno: 97 - Address family not supported by protocol).
[W socket.cpp:601] [c10d] The client socket cannot be initialized to connect to [frontier04157.frontier.olcf.ornl.gov]:8889 (errno: 97 - Address family not supported by protocol).
[W socket.cpp:601] [c10d] The client socket cannot be initialized to connect to [frontier04157.frontier.olcf.ornl.gov]:8889 (errno: 97 - Address family not supported by protocol).
[W socket.cpp:601] [c10d] The client socket cannot be initialized to connect to [frontier04157.frontier.olcf.ornl.gov]:8889 (errno: 97 - Address family not supported by protocol).
[W socket.cpp:601] [c10d] The client socket cannot be initialized to connect to [frontier04157.frontier.olcf.ornl.gov]:8889 (errno: 97 - Address family not supported by protocol).
[W socket.cpp:601] [c10d] The client socket cannot be initialized to connect to [frontier04157.frontier.olcf.ornl.gov]:8889 (errno: 97 - Address family not supported by protocol).
[W socket.cpp:601] [c10d] The client socket cannot be initialized to connect to [frontier04157.frontier.olcf.ornl.gov]:8889 (errno: 97 - Address family not supported by protocol).
[W socket.cpp:601] [c10d] The client socket cannot be initialized to connect to [frontier04157.frontier.olcf.ornl.gov]:8889 (errno: 97 - Address family not supported by protocol).
[W socket.cpp:601] [c10d] The client socket cannot be initialized to connect to [frontier04157.frontier.olcf.ornl.gov]:8889 (errno: 97 - Address family not supported by protocol).
[W socket.cpp:601] [c10d] The client socket cannot be initialized to connect to [frontier04157.frontier.olcf.ornl.gov]:8889 (errno: 97 - Address family not supported by protocol).
[W socket.cpp:601] [c10d] The client socket cannot be initialized to connect to [frontier04157.frontier.olcf.ornl.gov]:8889 (errno: 97 - Address family not supported by protocol).
[W socket.cpp:601] [c10d] The client socket cannot be initialized to connect to [frontier04157.frontier.olcf.ornl.gov]:8889 (errno: 97 - Address family not supported by protocol).
[W socket.cpp:601] [c10d] The client socket cannot be initialized to connect to [frontier04157.frontier.olcf.ornl.gov]:8889 (errno: 97 - Address family not supported by protocol).
[W socket.cpp:601] [c10d] The client socket cannot be initialized to connect to [frontier04157.frontier.olcf.ornl.gov]:8889 (errno: 97 - Address family not supported by protocol).
[W socket.cpp:601] [c10d] The client socket cannot be initialized to connect to [frontier04157.frontier.olcf.ornl.gov]:8889 (errno: 97 - Address family not supported by protocol).
[W socket.cpp:601] [c10d] The client socket cannot be initialized to connect to [frontier04157.frontier.olcf.ornl.gov]:8889 (errno: 97 - Address family not supported by protocol).
[2024-07-25 01:04:02,189] [INFO] [comm.py:637:init_distributed] cdb=None
[2024-07-25 01:04:02,189] [INFO] [comm.py:637:init_distributed] cdb=None
[2024-07-25 01:04:02,189] [INFO] [comm.py:637:init_distributed] cdb=None
[2024-07-25 01:04:02,189] [INFO] [comm.py:637:init_distributed] cdb=None
[2024-07-25 01:04:02,189] [INFO] [comm.py:637:init_distributed] cdb=None
[2024-07-25 01:04:02,189] [INFO] [comm.py:637:init_distributed] cdb=None
[2024-07-25 01:04:02,189] [INFO] [comm.py:637:init_distributed] cdb=None
[2024-07-25 01:04:02,189] [INFO] [comm.py:637:init_distributed] cdb=None
[W socket.cpp:601] [c10d] The client socket cannot be initialized to connect to [frontier04157.frontier.olcf.ornl.gov]:8889 (errno: 97 - Address family not supported by protocol).
[W socket.cpp:601] [c10d] The client socket cannot be initialized to connect to [frontier04157.frontier.olcf.ornl.gov]:8889 (errno: 97 - Address family not supported by protocol).
[W socket.cpp:601] [c10d] The client socket cannot be initialized to connect to [frontier04157.frontier.olcf.ornl.gov]:8889 (errno: 97 - Address family not supported by protocol).
[W socket.cpp:601] [c10d] The client socket cannot be initialized to connect to [frontier04157.frontier.olcf.ornl.gov]:8889 (errno: 97 - Address family not supported by protocol).
[W socket.cpp:601] [c10d] The client socket cannot be initialized to connect to [frontier04157.frontier.olcf.ornl.gov]:8889 (errno: 97 - Address family not supported by protocol).
[W socket.cpp:601] [c10d] The client socket cannot be initialized to connect to [frontier04157.frontier.olcf.ornl.gov]:8889 (errno: 97 - Address family not supported by protocol).
[W socket.cpp:601] [c10d] The client socket cannot be initialized to connect to [frontier04157.frontier.olcf.ornl.gov]:8889 (errno: 97 - Address family not supported by protocol).
[W socket.cpp:601] [c10d] The client socket cannot be initialized to connect to [frontier04157.frontier.olcf.ornl.gov]:8889 (errno: 97 - Address family not supported by protocol).
[W socket.cpp:601] [c10d] The client socket cannot be initialized to connect to [frontier04157.frontier.olcf.ornl.gov]:8889 (errno: 97 - Address family not supported by protocol).
[W socket.cpp:601] [c10d] The client socket cannot be initialized to connect to [frontier04157.frontier.olcf.ornl.gov]:8889 (errno: 97 - Address family not supported by protocol).
[W socket.cpp:601] [c10d] The client socket cannot be initialized to connect to [frontier04157.frontier.olcf.ornl.gov]:8889 (errno: 97 - Address family not supported by protocol).
[W socket.cpp:601] [c10d] The client socket cannot be initialized to connect to [frontier04157.frontier.olcf.ornl.gov]:8889 (errno: 97 - Address family not supported by protocol).
[W socket.cpp:601] [c10d] The client socket cannot be initialized to connect to [frontier04157.frontier.olcf.ornl.gov]:8889 (errno: 97 - Address family not supported by protocol).
[W socket.cpp:601] [c10d] The client socket cannot be initialized to connect to [frontier04157.frontier.olcf.ornl.gov]:8889 (errno: 97 - Address family not supported by protocol).
[W socket.cpp:601] [c10d] The client socket cannot be initialized to connect to [frontier04157.frontier.olcf.ornl.gov]:8889 (errno: 97 - Address family not supported by protocol).
[W socket.cpp:601] [c10d] The client socket cannot be initialized to connect to [frontier04157.frontier.olcf.ornl.gov]:8889 (errno: 97 - Address family not supported by protocol).
[2024-07-25 01:04:02,943] [INFO] [comm.py:637:init_distributed] cdb=None
[2024-07-25 01:04:02,943] [INFO] [comm.py:637:init_distributed] cdb=None
[2024-07-25 01:04:02,943] [INFO] [comm.py:637:init_distributed] cdb=None
[2024-07-25 01:04:02,943] [INFO] [comm.py:637:init_distributed] cdb=None
[2024-07-25 01:04:02,943] [INFO] [comm.py:637:init_distributed] cdb=None
[2024-07-25 01:04:02,943] [INFO] [comm.py:637:init_distributed] cdb=None
[2024-07-25 01:04:02,943] [INFO] [comm.py:637:init_distributed] cdb=None
[2024-07-25 01:04:02,943] [INFO] [comm.py:637:init_distributed] cdb=None
[W socket.cpp:601] [c10d] The client socket cannot be initialized to connect to [frontier04157.frontier.olcf.ornl.gov]:8889 (errno: 97 - Address family not supported by protocol).
[W socket.cpp:601] [c10d] The client socket cannot be initialized to connect to [frontier04157.frontier.olcf.ornl.gov]:8889 (errno: 97 - Address family not supported by protocol).
[W socket.cpp:601] [c10d] The client socket cannot be initialized to connect to [frontier04157.frontier.olcf.ornl.gov]:8889 (errno: 97 - Address family not supported by protocol).
[W socket.cpp:601] [c10d] The client socket cannot be initialized to connect to [frontier04157.frontier.olcf.ornl.gov]:8889 (errno: 97 - Address family not supported by protocol).
[W socket.cpp:601] [c10d] The client socket cannot be initialized to connect to [frontier04157.frontier.olcf.ornl.gov]:8889 (errno: 97 - Address family not supported by protocol).
[W socket.cpp:601] [c10d] The client socket cannot be initialized to connect to [frontier04157.frontier.olcf.ornl.gov]:8889 (errno: 97 - Address family not supported by protocol).
[W socket.cpp:601] [c10d] The client socket cannot be initialized to connect to [frontier04157.frontier.olcf.ornl.gov]:8889 (errno: 97 - Address family not supported by protocol).
[W socket.cpp:601] [c10d] The client socket cannot be initialized to connect to [frontier04157.frontier.olcf.ornl.gov]:8889 (errno: 97 - Address family not supported by protocol).
[W socket.cpp:601] [c10d] The client socket cannot be initialized to connect to [frontier04157.frontier.olcf.ornl.gov]:8889 (errno: 97 - Address family not supported by protocol).
[W socket.cpp:601] [c10d] The client socket cannot be initialized to connect to [frontier04157.frontier.olcf.ornl.gov]:8889 (errno: 97 - Address family not supported by protocol).
[W socket.cpp:601] [c10d] The client socket cannot be initialized to connect to [frontier04157.frontier.olcf.ornl.gov]:8889 (errno: 97 - Address family not supported by protocol).
[W socket.cpp:601] [c10d] The client socket cannot be initialized to connect to [frontier04157.frontier.olcf.ornl.gov]:8889 (errno: 97 - Address family not supported by protocol).
[W socket.cpp:601] [c10d] The client socket cannot be initialized to connect to [frontier04157.frontier.olcf.ornl.gov]:8889 (errno: 97 - Address family not supported by protocol).
[W socket.cpp:601] [c10d] The client socket cannot be initialized to connect to [frontier04157.frontier.olcf.ornl.gov]:8889 (errno: 97 - Address family not supported by protocol).
[W socket.cpp:601] [c10d] The client socket cannot be initialized to connect to [frontier04157.frontier.olcf.ornl.gov]:8889 (errno: 97 - Address family not supported by protocol).
[W socket.cpp:601] [c10d] The client socket cannot be initialized to connect to [frontier04157.frontier.olcf.ornl.gov]:8889 (errno: 97 - Address family not supported by protocol).
[2024-07-25 01:04:05,014] [INFO] [comm.py:637:init_distributed] cdb=None
[2024-07-25 01:04:05,014] [INFO] [comm.py:637:init_distributed] cdb=None
[2024-07-25 01:04:05,014] [INFO] [comm.py:637:init_distributed] cdb=None
[2024-07-25 01:04:05,014] [INFO] [comm.py:637:init_distributed] cdb=None
[2024-07-25 01:04:05,014] [INFO] [comm.py:637:init_distributed] cdb=None
[2024-07-25 01:04:05,014] [INFO] [comm.py:637:init_distributed] cdb=None
[2024-07-25 01:04:05,014] [INFO] [comm.py:637:init_distributed] cdb=None
[2024-07-25 01:04:05,014] [INFO] [comm.py:637:init_distributed] cdb=None
[W socket.cpp:601] [c10d] The client socket cannot be initialized to connect to [frontier04157.frontier.olcf.ornl.gov]:8889 (errno: 97 - Address family not supported by protocol).
[W socket.cpp:601] [c10d] The client socket cannot be initialized to connect to [frontier04157.frontier.olcf.ornl.gov]:8889 (errno: 97 - Address family not supported by protocol).
[W socket.cpp:601] [c10d] The client socket cannot be initialized to connect to [frontier04157.frontier.olcf.ornl.gov]:8889 (errno: 97 - Address family not supported by protocol).
[W socket.cpp:601] [c10d] The client socket cannot be initialized to connect to [frontier04157.frontier.olcf.ornl.gov]:8889 (errno: 97 - Address family not supported by protocol).
[W socket.cpp:601] [c10d] The client socket cannot be initialized to connect to [frontier04157.frontier.olcf.ornl.gov]:8889 (errno: 97 - Address family not supported by protocol).
[W socket.cpp:601] [c10d] The client socket cannot be initialized to connect to [frontier04157.frontier.olcf.ornl.gov]:8889 (errno: 97 - Address family not supported by protocol).
[W socket.cpp:601] [c10d] The client socket cannot be initialized to connect to [frontier04157.frontier.olcf.ornl.gov]:8889 (errno: 97 - Address family not supported by protocol).
[W socket.cpp:601] [c10d] The client socket cannot be initialized to connect to [frontier04157.frontier.olcf.ornl.gov]:8889 (errno: 97 - Address family not supported by protocol).
[W socket.cpp:601] [c10d] The client socket cannot be initialized to connect to [frontier04157.frontier.olcf.ornl.gov]:8889 (errno: 97 - Address family not supported by protocol).
[W socket.cpp:601] [c10d] The client socket cannot be initialized to connect to [frontier04157.frontier.olcf.ornl.gov]:8889 (errno: 97 - Address family not supported by protocol).
[W socket.cpp:601] [c10d] The client socket cannot be initialized to connect to [frontier04157.frontier.olcf.ornl.gov]:8889 (errno: 97 - Address family not supported by protocol).
[W socket.cpp:601] [c10d] The client socket cannot be initialized to connect to [frontier04157.frontier.olcf.ornl.gov]:8889 (errno: 97 - Address family not supported by protocol).
[W socket.cpp:601] [c10d] The client socket cannot be initialized to connect to [frontier04157.frontier.olcf.ornl.gov]:8889 (errno: 97 - Address family not supported by protocol).
[W socket.cpp:601] [c10d] The client socket cannot be initialized to connect to [frontier04157.frontier.olcf.ornl.gov]:8889 (errno: 97 - Address family not supported by protocol).
[W socket.cpp:601] [c10d] The client socket cannot be initialized to connect to [frontier04157.frontier.olcf.ornl.gov]:8889 (errno: 97 - Address family not supported by protocol).
[W socket.cpp:601] [c10d] The client socket cannot be initialized to connect to [frontier04157.frontier.olcf.ornl.gov]:8889 (errno: 97 - Address family not supported by protocol).
[2024-07-25 01:04:08,971] [INFO] [comm.py:637:init_distributed] cdb=None
[2024-07-25 01:04:08,971] [INFO] [comm.py:637:init_distributed] cdb=None
[2024-07-25 01:04:08,971] [INFO] [comm.py:637:init_distributed] cdb=None
[2024-07-25 01:04:08,971] [INFO] [comm.py:637:init_distributed] cdb=None
[2024-07-25 01:04:08,971] [INFO] [comm.py:637:init_distributed] cdb=None
[2024-07-25 01:04:08,971] [INFO] [comm.py:637:init_distributed] cdb=None
[2024-07-25 01:04:08,971] [INFO] [comm.py:637:init_distributed] cdb=None
[2024-07-25 01:04:08,971] [INFO] [comm.py:637:init_distributed] cdb=None
[W socket.cpp:601] [c10d] The client socket cannot be initialized to connect to [frontier04157.frontier.olcf.ornl.gov]:8889 (errno: 97 - Address family not supported by protocol).
[W socket.cpp:601] [c10d] The client socket cannot be initialized to connect to [frontier04157.frontier.olcf.ornl.gov]:8889 (errno: 97 - Address family not supported by protocol).
[W socket.cpp:601] [c10d] The client socket cannot be initialized to connect to [frontier04157.frontier.olcf.ornl.gov]:8889 (errno: 97 - Address family not supported by protocol).
[W socket.cpp:601] [c10d] The client socket cannot be initialized to connect to [frontier04157.frontier.olcf.ornl.gov]:8889 (errno: 97 - Address family not supported by protocol).
[W socket.cpp:601] [c10d] The client socket cannot be initialized to connect to [frontier04157.frontier.olcf.ornl.gov]:8889 (errno: 97 - Address family not supported by protocol).
[W socket.cpp:601] [c10d] The client socket cannot be initialized to connect to [frontier04157.frontier.olcf.ornl.gov]:8889 (errno: 97 - Address family not supported by protocol).
[W socket.cpp:601] [c10d] The client socket cannot be initialized to connect to [frontier04157.frontier.olcf.ornl.gov]:8889 (errno: 97 - Address family not supported by protocol).
[W socket.cpp:601] [c10d] The client socket cannot be initialized to connect to [frontier04157.frontier.olcf.ornl.gov]:8889 (errno: 97 - Address family not supported by protocol).
[W socket.cpp:601] [c10d] The client socket cannot be initialized to connect to [frontier04157.frontier.olcf.ornl.gov]:8889 (errno: 97 - Address family not supported by protocol).
[W socket.cpp:601] [c10d] The client socket cannot be initialized to connect to [frontier04157.frontier.olcf.ornl.gov]:8889 (errno: 97 - Address family not supported by protocol).
[W socket.cpp:601] [c10d] The client socket cannot be initialized to connect to [frontier04157.frontier.olcf.ornl.gov]:8889 (errno: 97 - Address family not supported by protocol).
[W socket.cpp:601] [c10d] The client socket cannot be initialized to connect to [frontier04157.frontier.olcf.ornl.gov]:8889 (errno: 97 - Address family not supported by protocol).
[W socket.cpp:601] [c10d] The client socket cannot be initialized to connect to [frontier04157.frontier.olcf.ornl.gov]:8889 (errno: 97 - Address family not supported by protocol).
[W socket.cpp:601] [c10d] The client socket cannot be initialized to connect to [frontier04157.frontier.olcf.ornl.gov]:8889 (errno: 97 - Address family not supported by protocol).
[W socket.cpp:601] [c10d] The client socket cannot be initialized to connect to [frontier04157.frontier.olcf.ornl.gov]:8889 (errno: 97 - Address family not supported by protocol).
[W socket.cpp:601] [c10d] The client socket cannot be initialized to connect to [frontier04157.frontier.olcf.ornl.gov]:8889 (errno: 97 - Address family not supported by protocol).
[2024-07-25 01:04:09,777] [INFO] [comm.py:637:init_distributed] cdb=None
[2024-07-25 01:04:09,777] [INFO] [comm.py:637:init_distributed] cdb=None
[2024-07-25 01:04:09,777] [INFO] [comm.py:637:init_distributed] cdb=None
[2024-07-25 01:04:09,777] [INFO] [comm.py:637:init_distributed] cdb=None
[2024-07-25 01:04:09,777] [INFO] [comm.py:637:init_distributed] cdb=None
[2024-07-25 01:04:09,777] [INFO] [comm.py:637:init_distributed] cdb=None
[2024-07-25 01:04:09,777] [INFO] [comm.py:637:init_distributed] cdb=None
[2024-07-25 01:04:09,777] [INFO] [comm.py:637:init_distributed] cdb=None
[W socket.cpp:601] [c10d] The client socket cannot be initialized to connect to [frontier04157.frontier.olcf.ornl.gov]:8889 (errno: 97 - Address family not supported by protocol).
[W socket.cpp:601] [c10d] The client socket cannot be initialized to connect to [frontier04157.frontier.olcf.ornl.gov]:8889 (errno: 97 - Address family not supported by protocol).
[W socket.cpp:601] [c10d] The client socket cannot be initialized to connect to [frontier04157.frontier.olcf.ornl.gov]:8889 (errno: 97 - Address family not supported by protocol).
[W socket.cpp:601] [c10d] The client socket cannot be initialized to connect to [frontier04157.frontier.olcf.ornl.gov]:8889 (errno: 97 - Address family not supported by protocol).
[W socket.cpp:601] [c10d] The client socket cannot be initialized to connect to [frontier04157.frontier.olcf.ornl.gov]:8889 (errno: 97 - Address family not supported by protocol).
[W socket.cpp:601] [c10d] The client socket cannot be initialized to connect to [frontier04157.frontier.olcf.ornl.gov]:8889 (errno: 97 - Address family not supported by protocol).
[W socket.cpp:601] [c10d] The client socket cannot be initialized to connect to [frontier04157.frontier.olcf.ornl.gov]:8889 (errno: 97 - Address family not supported by protocol).
[W socket.cpp:601] [c10d] The client socket cannot be initialized to connect to [frontier04157.frontier.olcf.ornl.gov]:8889 (errno: 97 - Address family not supported by protocol).
[W socket.cpp:601] [c10d] The client socket cannot be initialized to connect to [frontier04157.frontier.olcf.ornl.gov]:8889 (errno: 97 - Address family not supported by protocol).
[W socket.cpp:601] [c10d] The client socket cannot be initialized to connect to [frontier04157.frontier.olcf.ornl.gov]:8889 (errno: 97 - Address family not supported by protocol).
[W socket.cpp:601] [c10d] The client socket cannot be initialized to connect to [frontier04157.frontier.olcf.ornl.gov]:8889 (errno: 97 - Address family not supported by protocol).
[W socket.cpp:601] [c10d] The client socket cannot be initialized to connect to [frontier04157.frontier.olcf.ornl.gov]:8889 (errno: 97 - Address family not supported by protocol).
[W socket.cpp:601] [c10d] The client socket cannot be initialized to connect to [frontier04157.frontier.olcf.ornl.gov]:8889 (errno: 97 - Address family not supported by protocol).
[W socket.cpp:601] [c10d] The client socket cannot be initialized to connect to [frontier04157.frontier.olcf.ornl.gov]:8889 (errno: 97 - Address family not supported by protocol).
[W socket.cpp:601] [c10d] The client socket cannot be initialized to connect to [frontier04157.frontier.olcf.ornl.gov]:8889 (errno: 97 - Address family not supported by protocol).
[W socket.cpp:601] [c10d] The client socket cannot be initialized to connect to [frontier04157.frontier.olcf.ornl.gov]:8889 (errno: 97 - Address family not supported by protocol).
[2024-07-25 01:04:21,868] [INFO] [comm.py:637:init_distributed] cdb=None
[2024-07-25 01:04:21,868] [INFO] [comm.py:637:init_distributed] cdb=None
[2024-07-25 01:04:21,868] [INFO] [comm.py:637:init_distributed] cdb=None
[2024-07-25 01:04:21,868] [INFO] [comm.py:637:init_distributed] cdb=None
[2024-07-25 01:04:21,868] [INFO] [comm.py:637:init_distributed] cdb=None
[2024-07-25 01:04:21,868] [INFO] [comm.py:637:init_distributed] cdb=None
[2024-07-25 01:04:21,870] [INFO] [comm.py:637:init_distributed] cdb=None
[W socket.cpp:601] [c10d] The client socket cannot be initialized to connect to [frontier04157.frontier.olcf.ornl.gov]:8889 (errno: 97 - Address family not supported by protocol).
[W socket.cpp:601] [c10d] The client socket cannot be initialized to connect to [frontier04157.frontier.olcf.ornl.gov]:8889 (errno: 97 - Address family not supported by protocol).
[W socket.cpp:601] [c10d] The client socket cannot be initialized to connect to [frontier04157.frontier.olcf.ornl.gov]:8889 (errno: 97 - Address family not supported by protocol).
[W socket.cpp:601] [c10d] The client socket cannot be initialized to connect to [frontier04157.frontier.olcf.ornl.gov]:8889 (errno: 97 - Address family not supported by protocol).
[W socket.cpp:601] [c10d] The client socket cannot be initialized to connect to [frontier04157.frontier.olcf.ornl.gov]:8889 (errno: 97 - Address family not supported by protocol).
[W socket.cpp:601] [c10d] The client socket cannot be initialized to connect to [frontier04157.frontier.olcf.ornl.gov]:8889 (errno: 97 - Address family not supported by protocol).
[2024-07-25 01:04:21,929] [INFO] [comm.py:637:init_distributed] cdb=None
[W socket.cpp:601] [c10d] The client socket cannot be initialized to connect to [frontier04157.frontier.olcf.ornl.gov]:8889 (errno: 97 - Address family not supported by protocol).
[W socket.cpp:601] [c10d] The client socket cannot be initialized to connect to [frontier04157.frontier.olcf.ornl.gov]:8889 (errno: 97 - Address family not supported by protocol).
[W socket.cpp:601] [c10d] The client socket cannot be initialized to connect to [frontier04157.frontier.olcf.ornl.gov]:8889 (errno: 97 - Address family not supported by protocol).
[W socket.cpp:601] [c10d] The client socket cannot be initialized to connect to [frontier04157.frontier.olcf.ornl.gov]:8889 (errno: 97 - Address family not supported by protocol).
[W socket.cpp:601] [c10d] The client socket cannot be initialized to connect to [frontier04157.frontier.olcf.ornl.gov]:8889 (errno: 97 - Address family not supported by protocol).
[W socket.cpp:601] [c10d] The client socket cannot be initialized to connect to [frontier04157.frontier.olcf.ornl.gov]:8889 (errno: 97 - Address family not supported by protocol).
[W socket.cpp:601] [c10d] The client socket cannot be initialized to connect to [frontier04157.frontier.olcf.ornl.gov]:8889 (errno: 97 - Address family not supported by protocol).
[W socket.cpp:601] [c10d] The client socket cannot be initialized to connect to [frontier04157.frontier.olcf.ornl.gov]:8889 (errno: 97 - Address family not supported by protocol).
[W socket.cpp:601] [c10d] The client socket cannot be initialized to connect to [frontier04157.frontier.olcf.ornl.gov]:8889 (errno: 97 - Address family not supported by protocol).
[W socket.cpp:601] [c10d] The client socket cannot be initialized to connect to [frontier04157.frontier.olcf.ornl.gov]:8889 (errno: 97 - Address family not supported by protocol).
[W socket.cpp:601] [c10d] The client socket cannot be initialized to connect to [frontier04157.frontier.olcf.ornl.gov]:8889 (errno: 97 - Address family not supported by protocol).
0: Command: ./examples/multidataset/train_deepspeed.py --multi_model_list=OC2022 --multi --num_epoch=3 --everyone --ddstore --log=exp-strongfull-SMALL-2129462-NN16 --inputfile=SMALL_MTL.json --use_deepspeed

0: Adios reading: ./examples/multidataset/./dataset/OC2022.bp
0: Read attr time (sec):  0.014055728912353516
0: read and bcast: trainset/x/variable_count 6.238070964813232
0: read and bcast: trainset/x/variable_offset 6.83935022354126
0: read and bcast: trainset/x/variable_dim 6.839687347412109
0: read and bcast: trainset/edge_index/variable_count 13.580729722976685
0: read and bcast: trainset/edge_index/variable_offset 14.27146577835083
0: read and bcast: trainset/edge_index/variable_dim 14.288509607315063
0: read and bcast: trainset/edge_attr/variable_count 19.71903371810913
0: read and bcast: trainset/edge_attr/variable_offset 20.406293630599976
0: read and bcast: trainset/edge_attr/variable_dim 20.42293930053711
0: read and bcast: trainset/pos/variable_count 25.94152021408081
0: read and bcast: trainset/pos/variable_offset 26.62486433982849
0: read and bcast: trainset/pos/variable_dim 26.641804933547974
0: read and bcast: trainset/y/variable_count 27.846410989761353
0: read and bcast: trainset/y/variable_offset 28.58685541152954
0: read and bcast: trainset/y/variable_dim 28.604955911636353
0: Overall time (sec):  28.61915397644043
0: DDStore adding time (sec):  0.0
0: Data loading time (sec):  28.630753755569458
0: Adios reading: ./examples/multidataset/./dataset/OC2022.bp
0: Read attr time (sec):  0.005225658416748047
0: read and bcast: valset/x/variable_count 5.113243818283081
0: read and bcast: valset/x/variable_offset 5.237735986709595
0: read and bcast: valset/x/variable_dim 5.238005876541138
0: read and bcast: valset/edge_index/variable_count 11.05616283416748
0: read and bcast: valset/edge_index/variable_offset 11.126504898071289
0: read and bcast: valset/edge_index/variable_dim 11.126783609390259
0: read and bcast: valset/edge_attr/variable_count 16.367913007736206
0: read and bcast: valset/edge_attr/variable_offset 16.45209574699402
0: read and bcast: valset/edge_attr/variable_dim 16.45237898826599
0: read and bcast: valset/pos/variable_count 20.727367162704468
0: read and bcast: valset/pos/variable_offset 20.823897123336792
0: read and bcast: valset/pos/variable_dim 20.82418394088745
0: read and bcast: valset/y/variable_count 20.907255172729492
0: read and bcast: valset/y/variable_offset 20.99743962287903
0: read and bcast: valset/y/variable_dim 20.997738361358643
0: Overall time (sec):  21.0031099319458
0: DDStore adding time (sec):  0.0
0: Data loading time (sec):  21.00751757621765
0: Adios reading: ./examples/multidataset/./dataset/OC2022.bp
0: Read attr time (sec):  0.0055522918701171875
0: read and bcast: testset/x/variable_count 4.890225172042847
0: read and bcast: testset/x/variable_offset 4.945382833480835
0: read and bcast: testset/x/variable_dim 4.945580720901489
0: read and bcast: testset/edge_index/variable_count 9.601560354232788
0: read and bcast: testset/edge_index/variable_offset 9.64293384552002
0: read and bcast: testset/edge_index/variable_dim 9.643124341964722
0: read and bcast: testset/edge_attr/variable_count 14.355546474456787
0: read and bcast: testset/edge_attr/variable_offset 14.397925615310669
0: read and bcast: testset/edge_attr/variable_dim 14.39812183380127
0: read and bcast: testset/pos/variable_count 17.831421613693237
0: read and bcast: testset/pos/variable_offset 17.88899803161621
0: read and bcast: testset/pos/variable_dim 17.88918423652649
0: read and bcast: testset/y/variable_count 17.932158708572388
0: read and bcast: testset/y/variable_offset 17.97253704071045
0: read and bcast: testset/y/variable_dim 17.97271752357483
0: Overall time (sec):  17.978418588638306
0: DDStore adding time (sec):  0.0
0: Data loading time (sec):  17.98258948326111
0: Adios preloading: ./examples/multidataset/./dataset/OC2022.bp
0: Adios reading time (sec):  14.064714193344116
0: Adios preloading: ./examples/multidataset/./dataset/OC2022.bp
0: Adios reading time (sec):  2.2464373111724854
0: Adios preloading: ./examples/multidataset/./dataset/OC2022.bp
0: Adios reading time (sec):  1.2801573276519775
Loading:   0%|          | 0/59255 [00:00<?, ?it/s]Loading:   0%|          | 196/59255 [00:00<00:30, 1957.08it/s]Loading:   1%|          | 536/59255 [00:00<00:20, 2804.81it/s]Loading:   1%|▏         | 867/59255 [00:00<00:19, 3032.80it/s]Loading:   2%|▏         | 1216/59255 [00:00<00:18, 3211.39it/s]Loading:   3%|▎         | 1569/59255 [00:00<00:17, 3324.36it/s]Loading:   3%|▎         | 1902/59255 [00:00<00:25, 2223.51it/s]Loading:   4%|▍         | 2244/59255 [00:00<00:22, 2516.27it/s]Loading:   4%|▍         | 2592/59255 [00:00<00:20, 2765.95it/s]Loading:   5%|▍         | 2955/59255 [00:01<00:18, 2997.42it/s]Loading:   6%|▌         | 3310/59255 [00:01<00:17, 3149.59it/s]Loading:   6%|▌         | 3667/59255 [00:01<00:17, 3267.06it/s]Loading:   7%|▋         | 4024/59255 [00:01<00:16, 3354.39it/s]Loading:   7%|▋         | 4370/59255 [00:01<00:16, 3364.19it/s]Loading:   8%|▊         | 4726/59255 [00:01<00:15, 3420.17it/s]Loading:   9%|▊         | 5077/59255 [00:01<00:15, 3444.82it/s]Loading:   9%|▉         | 5426/59255 [00:01<00:15, 3447.19it/s]Loading:  10%|▉         | 5785/59255 [00:01<00:15, 3489.44it/s]Loading:  10%|█         | 6142/59255 [00:01<00:15, 3511.87it/s]Loading:  11%|█         | 6495/59255 [00:02<00:15, 3496.43it/s]Loading:  12%|█▏        | 6846/59255 [00:02<00:15, 3477.65it/s]Loading:  12%|█▏        | 7195/59255 [00:02<00:15, 3448.72it/s]Loading:  13%|█▎        | 7550/59255 [00:02<00:14, 3476.00it/s]Loading:  13%|█▎        | 7898/59255 [00:02<00:14, 3450.30it/s]Loading:  14%|█▍        | 8244/59255 [00:02<00:14, 3451.62it/s]Loading:  14%|█▍        | 8590/59255 [00:02<00:14, 3453.13it/s]Loading:  15%|█▌        | 8940/59255 [00:02<00:14, 3466.94it/s]Loading:  16%|█▌        | 9287/59255 [00:02<00:14, 3464.53it/s]Loading:  16%|█▋        | 9647/59255 [00:02<00:14, 3502.93it/s]Loading:  17%|█▋        | 10008/59255 [00:03<00:13, 3533.13it/s]Loading:  17%|█▋        | 10362/59255 [00:03<00:13, 3493.71it/s]Loading:  18%|█▊        | 10712/59255 [00:03<00:14, 3435.14it/s]Loading:  19%|█▊        | 11064/59255 [00:03<00:13, 3457.04it/s]Loading:  19%|█▉        | 11411/59255 [00:03<00:13, 3460.84it/s]Loading:  20%|█▉        | 11765/59255 [00:03<00:13, 3484.14it/s]Loading:  20%|██        | 12114/59255 [00:03<00:13, 3473.45it/s]Loading:  21%|██        | 12462/59255 [00:03<00:13, 3460.70it/s]Loading:  22%|██▏       | 12816/59255 [00:03<00:13, 3483.28it/s]Loading:  22%|██▏       | 13183/59255 [00:03<00:13, 3537.24it/s]Loading:  23%|██▎       | 13537/59255 [00:04<00:13, 3445.03it/s]Loading:  23%|██▎       | 13883/59255 [00:04<00:20, 2246.98it/s]Loading:  24%|██▍       | 14226/59255 [00:04<00:18, 2499.48it/s]Loading:  25%|██▍       | 14573/59255 [00:04<00:16, 2725.84it/s]Loading:  25%|██▌       | 14924/59255 [00:04<00:15, 2922.44it/s]Loading:  26%|██▌       | 15270/59255 [00:04<00:14, 3063.63it/s]Loading:  26%|██▋       | 15627/59255 [00:04<00:13, 3199.97it/s]Loading:  27%|██▋       | 15973/59255 [00:04<00:13, 3270.19it/s]Loading:  28%|██▊       | 16326/59255 [00:05<00:12, 3342.39it/s]Loading:  28%|██▊       | 16670/59255 [00:05<00:12, 3365.81it/s]Loading:  29%|██▊       | 17014/59255 [00:05<00:12, 3371.44it/s]Loading:  29%|██▉       | 17360/59255 [00:05<00:12, 3395.98it/s]Loading:  30%|██▉       | 17706/59255 [00:05<00:12, 3413.42it/s]Loading:  30%|███       | 18050/59255 [00:05<00:12, 3394.55it/s]Loading:  31%|███       | 18392/59255 [00:05<00:12, 3392.67it/s]Loading:  32%|███▏      | 18739/59255 [00:05<00:11, 3415.21it/s]Loading:  32%|███▏      | 19082/59255 [00:05<00:11, 3417.05it/s]Loading:  33%|███▎      | 19425/59255 [00:05<00:11, 3411.65it/s]Loading:  33%|███▎      | 19770/59255 [00:06<00:11, 3421.15it/s]Loading:  34%|███▍      | 20119/59255 [00:06<00:11, 3441.32it/s]Loading:  35%|███▍      | 20464/59255 [00:06<00:11, 3424.41it/s]Loading:  35%|███▌      | 20811/59255 [00:06<00:11, 3437.09it/s]Loading:  36%|███▌      | 21173/59255 [00:06<00:10, 3489.36it/s]Loading:  36%|███▋      | 21523/59255 [00:06<00:10, 3488.91it/s]Loading:  37%|███▋      | 21876/59255 [00:06<00:10, 3499.08it/s]Loading:  38%|███▊      | 22232/59255 [00:06<00:10, 3517.19it/s]Loading:  38%|███▊      | 22595/59255 [00:06<00:10, 3548.60it/s]Loading:  39%|███▊      | 22958/59255 [00:06<00:10, 3570.11it/s]Loading:  39%|███▉      | 23316/59255 [00:07<00:10, 3542.42it/s]Loading:  40%|███▉      | 23671/59255 [00:07<00:10, 3489.20it/s]Loading:  41%|████      | 24021/59255 [00:07<00:10, 3465.10it/s]Loading:  41%|████      | 24368/59255 [00:07<00:10, 3399.22it/s]Loading:  42%|████▏     | 24709/59255 [00:07<00:10, 3374.98it/s]Loading:  42%|████▏     | 25068/59255 [00:07<00:09, 3435.26it/s]Loading:  43%|████▎     | 25422/59255 [00:07<00:09, 3465.23it/s]Loading:  43%|████▎     | 25773/59255 [00:07<00:09, 3475.76it/s]Loading:  44%|████▍     | 26129/59255 [00:07<00:09, 3499.57it/s]Loading:  45%|████▍     | 26480/59255 [00:08<00:09, 3481.86it/s]Loading:  45%|████▌     | 26829/59255 [00:08<00:09, 3433.21it/s]Loading:  46%|████▌     | 27175/59255 [00:08<00:09, 3438.36it/s]Loading:  46%|████▋     | 27532/59255 [00:08<00:09, 3474.97it/s]Loading:  47%|████▋     | 27880/59255 [00:08<00:09, 3446.74it/s]Loading:  48%|████▊     | 28225/59255 [00:08<00:09, 3441.31it/s]Loading:  48%|████▊     | 28570/59255 [00:08<00:14, 2104.45it/s]Loading:  49%|████▉     | 28923/59255 [00:08<00:12, 2397.05it/s]Loading:  49%|████▉     | 29268/59255 [00:09<00:11, 2635.98it/s]Loading:  50%|████▉     | 29621/59255 [00:09<00:10, 2854.40it/s]Loading:  51%|█████     | 29981/59255 [00:09<00:09, 3045.43it/s]Loading:  51%|█████     | 30330/59255 [00:09<00:09, 3164.14it/s]Loading:  52%|█████▏    | 30688/59255 [00:09<00:08, 3277.91it/s]Loading:  52%|█████▏    | 31058/59255 [00:09<00:08, 3397.11it/s]Loading:  53%|█████▎    | 31421/59255 [00:09<00:08, 3461.72it/s]Loading:  54%|█████▎    | 31776/59255 [00:09<00:08, 3424.56it/s]Loading:  54%|█████▍    | 32125/59255 [00:09<00:07, 3435.28it/s]Loading:  55%|█████▍    | 32481/59255 [00:09<00:07, 3469.25it/s]Loading:  55%|█████▌    | 32839/59255 [00:10<00:07, 3499.65it/s]Loading:  56%|█████▌    | 33192/59255 [00:10<00:07, 3448.74it/s]Loading:  57%|█████▋    | 33539/59255 [00:10<00:07, 3372.66it/s]Loading:  57%|█████▋    | 33878/59255 [00:10<00:07, 3373.64it/s]Loading:  58%|█████▊    | 34226/59255 [00:10<00:07, 3404.05it/s]Loading:  58%|█████▊    | 34579/59255 [00:10<00:07, 3439.44it/s]Loading:  59%|█████▉    | 34931/59255 [00:10<00:07, 3461.76it/s]Loading:  60%|█████▉    | 35288/59255 [00:10<00:06, 3493.41it/s]Loading:  60%|██████    | 35639/59255 [00:10<00:06, 3498.20it/s]Loading:  61%|██████    | 35990/59255 [00:10<00:06, 3472.67it/s]Loading:  61%|██████▏   | 36342/59255 [00:11<00:06, 3485.10it/s]Loading:  62%|██████▏   | 36695/59255 [00:11<00:06, 3495.85it/s]Loading:  63%|██████▎   | 37048/59255 [00:11<00:06, 3505.78it/s]Loading:  63%|██████▎   | 37400/59255 [00:11<00:06, 3508.42it/s]Loading:  64%|██████▎   | 37751/59255 [00:11<00:06, 3508.02it/s]Loading:  64%|██████▍   | 38102/59255 [00:11<00:06, 3460.43it/s]Loading:  65%|██████▍   | 38451/59255 [00:11<00:06, 3466.90it/s]Loading:  65%|██████▌   | 38799/59255 [00:11<00:05, 3469.13it/s]Loading:  66%|██████▌   | 39147/59255 [00:11<00:05, 3468.78it/s]Loading:  67%|██████▋   | 39496/59255 [00:11<00:05, 3472.35it/s]Loading:  67%|██████▋   | 39848/59255 [00:12<00:05, 3484.12it/s]Loading:  68%|██████▊   | 40205/59255 [00:12<00:05, 3507.15it/s]Loading:  68%|██████▊   | 40561/59255 [00:12<00:05, 3520.11it/s]Loading:  69%|██████▉   | 40923/59255 [00:12<00:05, 3549.32it/s]Loading:  70%|██████▉   | 41278/59255 [00:12<00:05, 3534.84it/s]Loading:  70%|███████   | 41632/59255 [00:12<00:05, 3514.79it/s]Loading:  71%|███████   | 41988/59255 [00:12<00:04, 3526.35it/s]Loading:  71%|███████▏  | 42341/59255 [00:12<00:04, 3516.86it/s]Loading:  72%|███████▏  | 42696/59255 [00:12<00:04, 3525.09it/s]Loading:  73%|███████▎  | 43049/59255 [00:12<00:04, 3499.48it/s]Loading:  73%|███████▎  | 43399/59255 [00:13<00:04, 3492.57it/s]Loading:  74%|███████▍  | 43749/59255 [00:13<00:04, 3475.86it/s]Loading:  74%|███████▍  | 44097/59255 [00:13<00:04, 3462.51it/s]Loading:  75%|███████▌  | 44444/59255 [00:13<00:04, 3425.90it/s]Loading:  76%|███████▌  | 44787/59255 [00:13<00:04, 3409.42it/s]Loading:  76%|███████▌  | 45140/59255 [00:13<00:04, 3444.25it/s]Loading:  77%|███████▋  | 45489/59255 [00:13<00:03, 3456.76it/s]Loading:  77%|███████▋  | 45835/59255 [00:13<00:03, 3430.74it/s]Loading:  78%|███████▊  | 46188/59255 [00:13<00:03, 3459.05it/s]Loading:  79%|███████▊  | 46540/59255 [00:13<00:03, 3475.03it/s]Loading:  79%|███████▉  | 46888/59255 [00:14<00:06, 1955.11it/s]Loading:  80%|███████▉  | 47243/59255 [00:14<00:05, 2263.26it/s]Loading:  80%|████████  | 47591/59255 [00:14<00:04, 2525.10it/s]Loading:  81%|████████  | 47945/59255 [00:14<00:04, 2762.97it/s]Loading:  82%|████████▏ | 48298/59255 [00:14<00:03, 2955.20it/s]Loading:  82%|████████▏ | 48648/59255 [00:14<00:03, 3098.96it/s]Loading:  83%|████████▎ | 48995/59255 [00:14<00:03, 3199.11it/s]Loading:  83%|████████▎ | 49353/59255 [00:15<00:02, 3305.57it/s]Loading:  84%|████████▍ | 49710/59255 [00:15<00:02, 3380.40it/s]Loading:  84%|████████▍ | 50059/59255 [00:15<00:02, 3395.33it/s]Loading:  85%|████████▌ | 50407/59255 [00:15<00:02, 3392.53it/s]Loading:  86%|████████▌ | 50764/59255 [00:15<00:02, 3444.46it/s]Loading:  86%|████████▋ | 51113/59255 [00:15<00:02, 3405.03it/s]Loading:  87%|████████▋ | 51457/59255 [00:15<00:02, 3381.75it/s]Loading:  87%|████████▋ | 51808/59255 [00:15<00:02, 3418.15it/s]Loading:  88%|████████▊ | 52156/59255 [00:15<00:02, 3434.81it/s]Loading:  89%|████████▊ | 52501/59255 [00:15<00:01, 3436.55it/s]Loading:  89%|████████▉ | 52852/59255 [00:16<00:01, 3457.95it/s]Loading:  90%|████████▉ | 53203/59255 [00:16<00:01, 3472.98it/s]Loading:  90%|█████████ | 53551/59255 [00:16<00:01, 3455.44it/s]Loading:  91%|█████████ | 53907/59255 [00:16<00:01, 3484.51it/s]Loading:  92%|█████████▏| 54261/59255 [00:16<00:01, 3498.76it/s]Loading:  92%|█████████▏| 54620/59255 [00:16<00:01, 3525.85it/s]Loading:  93%|█████████▎| 54976/59255 [00:16<00:01, 3533.30it/s]Loading:  93%|█████████▎| 55330/59255 [00:16<00:01, 3521.00it/s]Loading:  94%|█████████▍| 55683/59255 [00:16<00:01, 3485.33it/s]Loading:  95%|█████████▍| 56032/59255 [00:16<00:00, 3462.96it/s]Loading:  95%|█████████▌| 56385/59255 [00:17<00:00, 3480.69it/s]Loading:  96%|█████████▌| 56735/59255 [00:17<00:00, 3485.42it/s]Loading:  96%|█████████▋| 57084/59255 [00:17<00:00, 3465.48it/s]Loading:  97%|█████████▋| 57431/59255 [00:17<00:00, 3464.43it/s]Loading:  98%|█████████▊| 57778/59255 [00:17<00:00, 3441.32it/s]Loading:  98%|█████████▊| 58134/59255 [00:17<00:00, 3474.94it/s]Loading:  99%|█████████▊| 58498/59255 [00:17<00:00, 3522.22it/s]Loading:  99%|█████████▉| 58851/59255 [00:17<00:00, 3462.03it/s]Loading: 100%|█████████▉| 59198/59255 [00:17<00:00, 3434.37it/s]Loading: 100%|██████████| 59255/59255 [00:17<00:00, 3311.03it/s]
0: DDStore add: ('trainset/edge_attr', 0, dtype('float32'), (128224860, 1), 547075400.0, 0.47767482697963715)
0: DDStore add: ('trainset/edge_index', 1, dtype('int64'), (128224860, 2), 11878652361, 1.9106993079185486)
0: DDStore add: ('trainset/pos', 0, dtype('float32'), (4795746, 3), 150768850.0, 0.05359663814306259)
0: DDStore add: ('trainset/x', 0, dtype('float32'), (4795746, 4), 252415140.0, 0.07146218419075012)
0: DDStore add: ('trainset/y', 0, dtype('float32'), (14446493, 1), -357729.47, 0.05381738021969795)
0: DDStore add: ('trainset/y_loc', 0, dtype('int64'), (59255, 3), 14505748, 0.0013244524598121643)
0: DDStore total (GB): 2.5685747899115086
Loading:   0%|          | 0/6585 [00:00<?, ?it/s]Loading:   6%|▌         | 363/6585 [00:00<00:01, 3624.43it/s]Loading:  11%|█▏        | 749/6585 [00:00<00:01, 3758.85it/s]Loading:  17%|█▋        | 1129/6585 [00:00<00:01, 3775.18it/s]Loading:  23%|██▎       | 1507/6585 [00:00<00:01, 3771.72it/s]Loading:  29%|██▊       | 1885/6585 [00:00<00:01, 3695.52it/s]Loading:  34%|███▍      | 2255/6585 [00:00<00:01, 3632.52it/s]Loading:  40%|███▉      | 2619/6585 [00:00<00:01, 3605.72it/s]Loading:  45%|████▌     | 2980/6585 [00:00<00:01, 3604.48it/s]Loading:  51%|█████     | 3341/6585 [00:00<00:00, 3585.80it/s]Loading:  56%|█████▌    | 3702/6585 [00:01<00:00, 3592.96it/s]Loading:  62%|██████▏   | 4062/6585 [00:01<00:00, 3567.41it/s]Loading:  67%|██████▋   | 4419/6585 [00:01<00:00, 3516.55it/s]Loading:  72%|███████▏  | 4771/6585 [00:01<00:00, 3490.87it/s]Loading:  78%|███████▊  | 5121/6585 [00:01<00:00, 3462.66it/s]Loading:  83%|████████▎ | 5474/6585 [00:01<00:00, 3482.15it/s]Loading:  89%|████████▊ | 5832/6585 [00:01<00:00, 3509.22it/s]Loading:  94%|█████████▍| 6193/6585 [00:01<00:00, 3537.54it/s]Loading:  99%|█████████▉| 6548/6585 [00:01<00:00, 3541.18it/s]Loading: 100%|██████████| 6585/6585 [00:01<00:00, 3575.01it/s]
0: DDStore add: ('valset/edge_attr', 0, dtype('float32'), (13671208, 1), 58309930.0, 0.05092921853065491)
0: DDStore add: ('valset/edge_index', 1, dtype('int64'), (13671208, 2), 1328668416, 0.20371687412261963)
0: DDStore add: ('valset/pos', 0, dtype('float32'), (526425, 3), 17769488.0, 0.005883257836103439)
0: DDStore add: ('valset/x', 0, dtype('float32'), (526425, 4), 31238396.0, 0.007844343781471252)
0: DDStore add: ('valset/y', 0, dtype('float32'), (1585860, 1), -42179.387, 0.005907788872718811)
0: DDStore add: ('valset/y_loc', 0, dtype('int64'), (6585, 3), 1592445, 0.00014718621969223022)
0: DDStore total (GB): 0.27442866936326027
Loading:   0%|          | 0/3183 [00:00<?, ?it/s]Loading:  12%|█▏        | 381/3183 [00:00<00:00, 3809.20it/s]Loading:  24%|██▍       | 763/3183 [00:00<00:00, 3812.45it/s]Loading:  36%|███▌      | 1145/3183 [00:00<00:00, 3762.36it/s]Loading:  48%|████▊     | 1522/3183 [00:00<00:00, 3762.28it/s]Loading:  60%|█████▉    | 1899/3183 [00:00<00:00, 3696.73it/s]Loading:  71%|███████▏  | 2269/3183 [00:00<00:00, 3618.91it/s]Loading:  83%|████████▎ | 2632/3183 [00:00<00:00, 3616.88it/s]Loading:  94%|█████████▍| 2994/3183 [00:00<00:00, 3615.52it/s]Loading: 100%|██████████| 3183/3183 [00:00<00:00, 3657.89it/s]
0: DDStore add: ('testset/edge_attr', 0, dtype('float32'), (6685284, 1), 28360668.0, 0.02490462362766266)
0: DDStore add: ('testset/edge_index', 1, dtype('int64'), (6685284, 2), 557089918, 0.09961849451065063)
0: DDStore add: ('testset/pos', 0, dtype('float32'), (241919, 3), 7302729.0, 0.0027036555111408234)
0: DDStore add: ('testset/x', 0, dtype('float32'), (241919, 4), 12574320.0, 0.003604874014854431)
0: DDStore add: ('testset/y', 0, dtype('float32'), (728940, 1), -19235.979, 0.0027155131101608276)
0: DDStore add: ('testset/y_loc', 0, dtype('int64'), (3183, 3), 732123, 7.114559412002563e-05)
0: DDStore total (GB): 0.1336183063685894
0: trainset,valset,testset size: 7584541 842810 407409
0: Using GPU
[2024-07-25 01:06:21,241] [INFO] [logging.py:96:log_dist] [Rank 0] DeepSpeed info: version=0.14.4, git-hash=unknown, git-branch=unknown
INFO (rank 7): Added key: store_based_barrier_key:2 to store for rank: 7
INFO (rank 9): Added key: store_based_barrier_key:2 to store for rank: 9
INFO (rank 1): Added key: store_based_barrier_key:2 to store for rank: 1
INFO (rank 17): Added key: store_based_barrier_key:2 to store for rank: 17
INFO (rank 18): Added key: store_based_barrier_key:2 to store for rank: 18
INFO (rank 13): Added key: store_based_barrier_key:2 to store for rank: 13
INFO (rank 19): Added key: store_based_barrier_key:2 to store for rank: 19
INFO (rank 15): Added key: store_based_barrier_key:2 to store for rank: 15
INFO (rank 5): Added key: store_based_barrier_key:2 to store for rank: 5
INFO (rank 2): Added key: store_based_barrier_key:2 to store for rank: 2
INFO (rank 21): Added key: store_based_barrier_key:2 to store for rank: 21
INFO (rank 23): Added key: store_based_barrier_key:2 to store for rank: 23
INFO (rank 22): Added key: store_based_barrier_key:2 to store for rank: 22
INFO (rank 14): Added key: store_based_barrier_key:2 to store for rank: 14
INFO (rank 16): Added key: store_based_barrier_key:2 to store for rank: 16
INFO (rank 3): Added key: store_based_barrier_key:2 to store for rank: 3
INFO (rank 20): Added key: store_based_barrier_key:2 to store for rank: 20
INFO (rank 10): Added key: store_based_barrier_key:2 to store for rank: 10
INFO (rank 11): Added key: store_based_barrier_key:2 to store for rank: 11
INFO (rank 4): Added key: store_based_barrier_key:2 to store for rank: 4
INFO (rank 6): Added key: store_based_barrier_key:2 to store for rank: 6
INFO (rank 12): Added key: store_based_barrier_key:2 to store for rank: 12
INFO (rank 8): Added key: store_based_barrier_key:2 to store for rank: 8
INFO (rank 29): Added key: store_based_barrier_key:2 to store for rank: 29
INFO (rank 31): Added key: store_based_barrier_key:2 to store for rank: 31
INFO (rank 24): Added key: store_based_barrier_key:2 to store for rank: 24
INFO (rank 27): Added key: store_based_barrier_key:2 to store for rank: 27
INFO (rank 51): Added key: store_based_barrier_key:2 to store for rank: 51
INFO (rank 26): Added key: store_based_barrier_key:2 to store for rank: 26
INFO (rank 53): Added key: store_based_barrier_key:2 to store for rank: 53
INFO (rank 30): Added key: store_based_barrier_key:2 to store for rank: 30
INFO (rank 48): Added key: store_based_barrier_key:2 to store for rank: 48
INFO (rank 25): Added key: store_based_barrier_key:2 to store for rank: 25
INFO (rank 54): Added key: store_based_barrier_key:2 to store for rank: 54
INFO (rank 28): Added key: store_based_barrier_key:2 to store for rank: 28
INFO (rank 55): Added key: store_based_barrier_key:2 to store for rank: 55
INFO (rank 50): Added key: store_based_barrier_key:2 to store for rank: 50
INFO (rank 49): Added key: store_based_barrier_key:2 to store for rank: 49
INFO (rank 52): Added key: store_based_barrier_key:2 to store for rank: 52
INFO (rank 0): Added key: store_based_barrier_key:2 to store for rank: 0
INFO (rank 80): Added key: store_based_barrier_key:2 to store for rank: 80
INFO (rank 82): Added key: store_based_barrier_key:2 to store for rank: 82
INFO (rank 83): Added key: store_based_barrier_key:2 to store for rank: 83
INFO (rank 86): Added key: store_based_barrier_key:2 to store for rank: 86
INFO (rank 81): Added key: store_based_barrier_key:2 to store for rank: 81
INFO (rank 84): Added key: store_based_barrier_key:2 to store for rank: 84
INFO (rank 87): Added key: store_based_barrier_key:2 to store for rank: 87
INFO (rank 85): Added key: store_based_barrier_key:2 to store for rank: 85
INFO (rank 97): Added key: store_based_barrier_key:2 to store for rank: 97
INFO (rank 102): Added key: store_based_barrier_key:2 to store for rank: 102
INFO (rank 98): Added key: store_based_barrier_key:2 to store for rank: 98
INFO (rank 100): Added key: store_based_barrier_key:2 to store for rank: 100
INFO (rank 101): Added key: store_based_barrier_key:2 to store for rank: 101
INFO (rank 96): Added key: store_based_barrier_key:2 to store for rank: 96
INFO (rank 125): Added key: store_based_barrier_key:2 to store for rank: 125
INFO (rank 126): Added key: store_based_barrier_key:2 to store for rank: 126
INFO (rank 121): Added key: store_based_barrier_key:2 to store for rank: 121
INFO (rank 127): Added key: store_based_barrier_key:2 to store for rank: 127
INFO (rank 113): Added key: store_based_barrier_key:2 to store for rank: 113
INFO (rank 119): Added key: store_based_barrier_key:2 to store for rank: 119
INFO (rank 116): Added key: store_based_barrier_key:2 to store for rank: 116
INFO (rank 124): Added key: store_based_barrier_key:2 to store for rank: 124
INFO (rank 117): Added key: store_based_barrier_key:2 to store for rank: 117
INFO (rank 120): Added key: store_based_barrier_key:2 to store for rank: 120
INFO (rank 118): Added key: store_based_barrier_key:2 to store for rank: 118
INFO (rank 99): Added key: store_based_barrier_key:2 to store for rank: 99
INFO (rank 115): Added key: store_based_barrier_key:2 to store for rank: 115
INFO (rank 123): Added key: store_based_barrier_key:2 to store for rank: 123
INFO (rank 112): Added key: store_based_barrier_key:2 to store for rank: 112
INFO (rank 103): Added key: store_based_barrier_key:2 to store for rank: 103
INFO (rank 114): Added key: store_based_barrier_key:2 to store for rank: 114
INFO (rank 122): Added key: store_based_barrier_key:2 to store for rank: 122
INFO (rank 57): Added key: store_based_barrier_key:2 to store for rank: 57
INFO (rank 61): Added key: store_based_barrier_key:2 to store for rank: 61
INFO (rank 62): Added key: store_based_barrier_key:2 to store for rank: 62
INFO (rank 56): Added key: store_based_barrier_key:2 to store for rank: 56
INFO (rank 58): Added key: store_based_barrier_key:2 to store for rank: 58
INFO (rank 60): Added key: store_based_barrier_key:2 to store for rank: 60
INFO (rank 63): Added key: store_based_barrier_key:2 to store for rank: 63
INFO (rank 59): Added key: store_based_barrier_key:2 to store for rank: 59
INFO (rank 40): Added key: store_based_barrier_key:2 to store for rank: 40
INFO (rank 47): Added key: store_based_barrier_key:2 to store for rank: 47
INFO (rank 41): Added key: store_based_barrier_key:2 to store for rank: 41
INFO (rank 42): Added key: store_based_barrier_key:2 to store for rank: 42
INFO (rank 43): Added key: store_based_barrier_key:2 to store for rank: 43
INFO (rank 44): Added key: store_based_barrier_key:2 to store for rank: 44
INFO (rank 45): Added key: store_based_barrier_key:2 to store for rank: 45
INFO (rank 46): Added key: store_based_barrier_key:2 to store for rank: 46
INFO (rank 37): Added key: store_based_barrier_key:2 to store for rank: 37
INFO (rank 38): Added key: store_based_barrier_key:2 to store for rank: 38
INFO (rank 32): Added key: store_based_barrier_key:2 to store for rank: 32
INFO (rank 34): Added key: store_based_barrier_key:2 to store for rank: 34
INFO (rank 39): Added key: store_based_barrier_key:2 to store for rank: 39
INFO (rank 35): Added key: store_based_barrier_key:2 to store for rank: 35
INFO (rank 33): Added key: store_based_barrier_key:2 to store for rank: 33
INFO (rank 36): Added key: store_based_barrier_key:2 to store for rank: 36
INFO (rank 73): Added key: store_based_barrier_key:2 to store for rank: 73
INFO (rank 76): Added key: store_based_barrier_key:2 to store for rank: 76
INFO (rank 79): Added key: store_based_barrier_key:2 to store for rank: 79
INFO (rank 75): Added key: store_based_barrier_key:2 to store for rank: 75
INFO (rank 77): Added key: store_based_barrier_key:2 to store for rank: 77
INFO (rank 78): Added key: store_based_barrier_key:2 to store for rank: 78
INFO (rank 72): Added key: store_based_barrier_key:2 to store for rank: 72
INFO (rank 74): Added key: store_based_barrier_key:2 to store for rank: 74
INFO (rank 65): Added key: store_based_barrier_key:2 to store for rank: 65
INFO (rank 64): Added key: store_based_barrier_key:2 to store for rank: 64
INFO (rank 66): Added key: store_based_barrier_key:2 to store for rank: 66
INFO (rank 68): Added key: store_based_barrier_key:2 to store for rank: 68
INFO (rank 69): Added key: store_based_barrier_key:2 to store for rank: 69
INFO (rank 71): Added key: store_based_barrier_key:2 to store for rank: 71
INFO (rank 67): Added key: store_based_barrier_key:2 to store for rank: 67
INFO (rank 70): Added key: store_based_barrier_key:2 to store for rank: 70
INFO (rank 90): Added key: store_based_barrier_key:2 to store for rank: 90
INFO (rank 92): Added key: store_based_barrier_key:2 to store for rank: 92
INFO (rank 88): Added key: store_based_barrier_key:2 to store for rank: 88
INFO (rank 91): Added key: store_based_barrier_key:2 to store for rank: 91
INFO (rank 93): Added key: store_based_barrier_key:2 to store for rank: 93
INFO (rank 94): Added key: store_based_barrier_key:2 to store for rank: 94
INFO (rank 95): Added key: store_based_barrier_key:2 to store for rank: 95
INFO (rank 89): Added key: store_based_barrier_key:2 to store for rank: 89
INFO (rank 110): Added key: store_based_barrier_key:2 to store for rank: 110
INFO (rank 106): Added key: store_based_barrier_key:2 to store for rank: 106
INFO (rank 107): Added key: store_based_barrier_key:2 to store for rank: 107
INFO (rank 108): Added key: store_based_barrier_key:2 to store for rank: 108
INFO (rank 109): Added key: store_based_barrier_key:2 to store for rank: 109
INFO (rank 111): Added key: store_based_barrier_key:2 to store for rank: 111
INFO (rank 105): Added key: store_based_barrier_key:2 to store for rank: 105
INFO (rank 124): Rank 124: Completed store-based barrier for key:store_based_barrier_key:2 with 128 nodes.
INFO (rank 104): Added key: store_based_barrier_key:2 to store for rank: 104
INFO (rank 125): Rank 125: Completed store-based barrier for key:store_based_barrier_key:2 with 128 nodes.
INFO (rank 99): Rank 99: Completed store-based barrier for key:store_based_barrier_key:2 with 128 nodes.
INFO (rank 126): Rank 126: Completed store-based barrier for key:store_based_barrier_key:2 with 128 nodes.
INFO (rank 104): Rank 104: Completed store-based barrier for key:store_based_barrier_key:2 with 128 nodes.
INFO (rank 122): Rank 122: Completed store-based barrier for key:store_based_barrier_key:2 with 128 nodes.
INFO (rank 123): Rank 123: Completed store-based barrier for key:store_based_barrier_key:2 with 128 nodes.
INFO (rank 48): Rank 48: Completed store-based barrier for key:store_based_barrier_key:2 with 128 nodes.
INFO (rank 49): Rank 49: Completed store-based barrier for key:store_based_barrier_key:2 with 128 nodes.
INFO (rank 50): Rank 50: Completed store-based barrier for key:store_based_barrier_key:2 with 128 nodes.
INFO (rank 52): Rank 52: Completed store-based barrier for key:store_based_barrier_key:2 with 128 nodes.
INFO (rank 54): Rank 54: Completed store-based barrier for key:store_based_barrier_key:2 with 128 nodes.
INFO (rank 51): Rank 51: Completed store-based barrier for key:store_based_barrier_key:2 with 128 nodes.
INFO (rank 53): Rank 53: Completed store-based barrier for key:store_based_barrier_key:2 with 128 nodes.
INFO (rank 55): Rank 55: Completed store-based barrier for key:store_based_barrier_key:2 with 128 nodes.
INFO (rank 80): Rank 80: Completed store-based barrier for key:store_based_barrier_key:2 with 128 nodes.
INFO (rank 82): Rank 82: Completed store-based barrier for key:store_based_barrier_key:2 with 128 nodes.
INFO (rank 83): Rank 83: Completed store-based barrier for key:store_based_barrier_key:2 with 128 nodes.
INFO (rank 85): Rank 85: Completed store-based barrier for key:store_based_barrier_key:2 with 128 nodes.
INFO (rank 112): Rank 112: Completed store-based barrier for key:store_based_barrier_key:2 with 128 nodes.
INFO (rank 116): Rank 116: Completed store-based barrier for key:store_based_barrier_key:2 with 128 nodes.
INFO (rank 84): Rank 84: Completed store-based barrier for key:store_based_barrier_key:2 with 128 nodes.
INFO (rank 113): Rank 113: Completed store-based barrier for key:store_based_barrier_key:2 with 128 nodes.
INFO (rank 114): Rank 114: Completed store-based barrier for key:store_based_barrier_key:2 with 128 nodes.
INFO (rank 117): Rank 117: Completed store-based barrier for key:store_based_barrier_key:2 with 128 nodes.
INFO (rank 111): Rank 111: Completed store-based barrier for key:store_based_barrier_key:2 with 128 nodes.
INFO (rank 81): Rank 81: Completed store-based barrier for key:store_based_barrier_key:2 with 128 nodes.
INFO (rank 118): Rank 118: Completed store-based barrier for key:store_based_barrier_key:2 with 128 nodes.
INFO (rank 86): Rank 86: Completed store-based barrier for key:store_based_barrier_key:2 with 128 nodes.
INFO (rank 115): Rank 115: Completed store-based barrier for key:store_based_barrier_key:2 with 128 nodes.
INFO (rank 87): Rank 87: Completed store-based barrier for key:store_based_barrier_key:2 with 128 nodes.
INFO (rank 119): Rank 119: Completed store-based barrier for key:store_based_barrier_key:2 with 128 nodes.
INFO (rank 103): Rank 103: Completed store-based barrier for key:store_based_barrier_key:2 with 128 nodes.
INFO (rank 40): Rank 40: Completed store-based barrier for key:store_based_barrier_key:2 with 128 nodes.
INFO (rank 41): Rank 41: Completed store-based barrier for key:store_based_barrier_key:2 with 128 nodes.
INFO (rank 46): Rank 46: Completed store-based barrier for key:store_based_barrier_key:2 with 128 nodes.
INFO (rank 47): Rank 47: Completed store-based barrier for key:store_based_barrier_key:2 with 128 nodes.
INFO (rank 42): Rank 42: Completed store-based barrier for key:store_based_barrier_key:2 with 128 nodes.
INFO (rank 58): Rank 58: Completed store-based barrier for key:store_based_barrier_key:2 with 128 nodes.
INFO (rank 62): Rank 62: Completed store-based barrier for key:store_based_barrier_key:2 with 128 nodes.
INFO (rank 60): Rank 60: Completed store-based barrier for key:store_based_barrier_key:2 with 128 nodes.
INFO (rank 63): Rank 63: Completed store-based barrier for key:store_based_barrier_key:2 with 128 nodes.
INFO (rank 61): Rank 61: Completed store-based barrier for key:store_based_barrier_key:2 with 128 nodes.
INFO (rank 32): Rank 32: Completed store-based barrier for key:store_based_barrier_key:2 with 128 nodes.
INFO (rank 43): Rank 43: Completed store-based barrier for key:store_based_barrier_key:2 with 128 nodes.
INFO (rank 33): Rank 33: Completed store-based barrier for key:store_based_barrier_key:2 with 128 nodes.
INFO (rank 35): Rank 35: Completed store-based barrier for key:store_based_barrier_key:2 with 128 nodes.
INFO (rank 44): Rank 44: Completed store-based barrier for key:store_based_barrier_key:2 with 128 nodes.
INFO (rank 38): Rank 38: Completed store-based barrier for key:store_based_barrier_key:2 with 128 nodes.
INFO (rank 36): Rank 36: Completed store-based barrier for key:store_based_barrier_key:2 with 128 nodes.
INFO (rank 45): Rank 45: Completed store-based barrier for key:store_based_barrier_key:2 with 128 nodes.
INFO (rank 59): Rank 59: Completed store-based barrier for key:store_based_barrier_key:2 with 128 nodes.
INFO (rank 56): Rank 56: Completed store-based barrier for key:store_based_barrier_key:2 with 128 nodes.
INFO (rank 110): Rank 110: Completed store-based barrier for key:store_based_barrier_key:2 with 128 nodes.
INFO (rank 37): Rank 37: Completed store-based barrier for key:store_based_barrier_key:2 with 128 nodes.
INFO (rank 57): Rank 57: Completed store-based barrier for key:store_based_barrier_key:2 with 128 nodes.
INFO (rank 34): Rank 34: Completed store-based barrier for key:store_based_barrier_key:2 with 128 nodes.
INFO (rank 39): Rank 39: Completed store-based barrier for key:store_based_barrier_key:2 with 128 nodes.
INFO (rank 64): Rank 64: Completed store-based barrier for key:store_based_barrier_key:2 with 128 nodes.
INFO (rank 65): Rank 65: Completed store-based barrier for key:store_based_barrier_key:2 with 128 nodes.
INFO (rank 70): Rank 70: Completed store-based barrier for key:store_based_barrier_key:2 with 128 nodes.
INFO (rank 107): Rank 107: Completed store-based barrier for key:store_based_barrier_key:2 with 128 nodes.
INFO (rank 71): Rank 71: Completed store-based barrier for key:store_based_barrier_key:2 with 128 nodes.
INFO (rank 108): Rank 108: Completed store-based barrier for key:store_based_barrier_key:2 with 128 nodes.
INFO (rank 66): Rank 66: Completed store-based barrier for key:store_based_barrier_key:2 with 128 nodes.
INFO (rank 67): Rank 67: Completed store-based barrier for key:store_based_barrier_key:2 with 128 nodes.
INFO (rank 68): Rank 68: Completed store-based barrier for key:store_based_barrier_key:2 with 128 nodes.
INFO (rank 69): Rank 69: Completed store-based barrier for key:store_based_barrier_key:2 with 128 nodes.
INFO (rank 72): Rank 72: Completed store-based barrier for key:store_based_barrier_key:2 with 128 nodes.
INFO (rank 74): Rank 74: Completed store-based barrier for key:store_based_barrier_key:2 with 128 nodes.
INFO (rank 75): Rank 75: Completed store-based barrier for key:store_based_barrier_key:2 with 128 nodes.
INFO (rank 76): Rank 76: Completed store-based barrier for key:store_based_barrier_key:2 with 128 nodes.
INFO (rank 77): Rank 77: Completed store-based barrier for key:store_based_barrier_key:2 with 128 nodes.
INFO (rank 78): Rank 78: Completed store-based barrier for key:store_based_barrier_key:2 with 128 nodes.
INFO (rank 79): Rank 79: Completed store-based barrier for key:store_based_barrier_key:2 with 128 nodes.
INFO (rank 73): Rank 73: Completed store-based barrier for key:store_based_barrier_key:2 with 128 nodes.
INFO (rank 88): Rank 88: Completed store-based barrier for key:store_based_barrier_key:2 with 128 nodes.
INFO (rank 105): Rank 105: Completed store-based barrier for key:store_based_barrier_key:2 with 128 nodes.
INFO (rank 89): Rank 89: Completed store-based barrier for key:store_based_barrier_key:2 with 128 nodes.
INFO (rank 92): Rank 92: Completed store-based barrier for key:store_based_barrier_key:2 with 128 nodes.
INFO (rank 93): Rank 93: Completed store-based barrier for key:store_based_barrier_key:2 with 128 nodes.
INFO (rank 90): Rank 90: Completed store-based barrier for key:store_based_barrier_key:2 with 128 nodes.
INFO (rank 91): Rank 91: Completed store-based barrier for key:store_based_barrier_key:2 with 128 nodes.
INFO (rank 94): Rank 94: Completed store-based barrier for key:store_based_barrier_key:2 with 128 nodes.
INFO (rank 95): Rank 95: Completed store-based barrier for key:store_based_barrier_key:2 with 128 nodes.
INFO (rank 109): Rank 109: Completed store-based barrier for key:store_based_barrier_key:2 with 128 nodes.
INFO (rank 7): Rank 7: Completed store-based barrier for key:store_based_barrier_key:2 with 128 nodes.
INFO (rank 5): Rank 5: Completed store-based barrier for key:store_based_barrier_key:2 with 128 nodes.
INFO (rank 1): Rank 1: Completed store-based barrier for key:store_based_barrier_key:2 with 128 nodes.
INFO (rank 106): Rank 106: Completed store-based barrier for key:store_based_barrier_key:2 with 128 nodes.
INFO (rank 2): Rank 2: Completed store-based barrier for key:store_based_barrier_key:2 with 128 nodes.
INFO (rank 4): Rank 4: Completed store-based barrier for key:store_based_barrier_key:2 with 128 nodes.
INFO (rank 6): Rank 6: Completed store-based barrier for key:store_based_barrier_key:2 with 128 nodes.
INFO (rank 25): Rank 25: Completed store-based barrier for key:store_based_barrier_key:2 with 128 nodes.
INFO (rank 13): Rank 13: Completed store-based barrier for key:store_based_barrier_key:2 with 128 nodes.
INFO (rank 16): Rank 16: Completed store-based barrier for key:store_based_barrier_key:2 with 128 nodes.
INFO (rank 14): Rank 14: Completed store-based barrier for key:store_based_barrier_key:2 with 128 nodes.
INFO (rank 17): Rank 17: Completed store-based barrier for key:store_based_barrier_key:2 with 128 nodes.
INFO (rank 3): Rank 3: Completed store-based barrier for key:store_based_barrier_key:2 with 128 nodes.
INFO (rank 20): Rank 20: Completed store-based barrier for key:store_based_barrier_key:2 with 128 nodes.
INFO (rank 15): Rank 15: Completed store-based barrier for key:store_based_barrier_key:2 with 128 nodes.
INFO (rank 21): Rank 21: Completed store-based barrier for key:store_based_barrier_key:2 with 128 nodes.
INFO (rank 9): Rank 9: Completed store-based barrier for key:store_based_barrier_key:2 with 128 nodes.
INFO (rank 12): Rank 12: Completed store-based barrier for key:store_based_barrier_key:2 with 128 nodes.
INFO (rank 0): Rank 0: Completed store-based barrier for key:store_based_barrier_key:2 with 128 nodes.
INFO (rank 18): Rank 18: Completed store-based barrier for key:store_based_barrier_key:2 with 128 nodes.
INFO (rank 19): Rank 19: Completed store-based barrier for key:store_based_barrier_key:2 with 128 nodes.
INFO (rank 8): Rank 8: Completed store-based barrier for key:store_based_barrier_key:2 with 128 nodes.
INFO (rank 10): Rank 10: Completed store-based barrier for key:store_based_barrier_key:2 with 128 nodes.
INFO (rank 11): Rank 11: Completed store-based barrier for key:store_based_barrier_key:2 with 128 nodes.
INFO (rank 22): Rank 22: Completed store-based barrier for key:store_based_barrier_key:2 with 128 nodes.
INFO (rank 23): Rank 23: Completed store-based barrier for key:store_based_barrier_key:2 with 128 nodes.
INFO (rank 26): Rank 26: Completed store-based barrier for key:store_based_barrier_key:2 with 128 nodes.
INFO (rank 28): Rank 28: Completed store-based barrier for key:store_based_barrier_key:2 with 128 nodes.
INFO (rank 29): Rank 29: Completed store-based barrier for key:store_based_barrier_key:2 with 128 nodes.
INFO (rank 30): Rank 30: Completed store-based barrier for key:store_based_barrier_key:2 with 128 nodes.
INFO (rank 31): Rank 31: Completed store-based barrier for key:store_based_barrier_key:2 with 128 nodes.
INFO (rank 24): Rank 24: Completed store-based barrier for key:store_based_barrier_key:2 with 128 nodes.
INFO (rank 27): Rank 27: Completed store-based barrier for key:store_based_barrier_key:2 with 128 nodes.
INFO (rank 97): Rank 97: Completed store-based barrier for key:store_based_barrier_key:2 with 128 nodes.
INFO (rank 120): Rank 120: Completed store-based barrier for key:store_based_barrier_key:2 with 128 nodes.
INFO (rank 102): Rank 102: Completed store-based barrier for key:store_based_barrier_key:2 with 128 nodes.
INFO (rank 121): Rank 121: Completed store-based barrier for key:store_based_barrier_key:2 with 128 nodes.
INFO (rank 127): Rank 127: Completed store-based barrier for key:store_based_barrier_key:2 with 128 nodes.
INFO (rank 100): Rank 100: Completed store-based barrier for key:store_based_barrier_key:2 with 128 nodes.
INFO (rank 96): Rank 96: Completed store-based barrier for key:store_based_barrier_key:2 with 128 nodes.
INFO (rank 98): Rank 98: Completed store-based barrier for key:store_based_barrier_key:2 with 128 nodes.
INFO (rank 101): Rank 101: Completed store-based barrier for key:store_based_barrier_key:2 with 128 nodes.
[2024-07-25 01:06:21,690] [INFO] [logging.py:96:log_dist] [Rank 0] DeepSpeed Flops Profiler Enabled: False
[2024-07-25 01:06:21,691] [INFO] [logging.py:96:log_dist] [Rank 0] Using client Optimizer as basic optimizer
[2024-07-25 01:06:21,691] [INFO] [logging.py:96:log_dist] [Rank 0] Removing param_group that has no 'params' in the basic Optimizer
[2024-07-25 01:06:21,691] [INFO] [logging.py:96:log_dist] [Rank 0] DeepSpeed Basic Optimizer = AdamW
[2024-07-25 01:06:21,691] [INFO] [logging.py:96:log_dist] [Rank 0] DeepSpeed Final Optimizer = AdamW
[2024-07-25 01:06:21,692] [INFO] [logging.py:96:log_dist] [Rank 0] DeepSpeed using client LR scheduler
[2024-07-25 01:06:21,692] [INFO] [logging.py:96:log_dist] [Rank 0] DeepSpeed LR Scheduler = None
[2024-07-25 01:06:21,692] [INFO] [logging.py:96:log_dist] [Rank 0] step=0, skipped=0, lr=[1e-05], mom=[(0.9, 0.999)]
[2024-07-25 01:06:21,692] [INFO] [config.py:997:print] DeepSpeedEngine configuration:
[2024-07-25 01:06:21,692] [INFO] [config.py:1001:print]   activation_checkpointing_config  {
    "partition_activations": false, 
    "contiguous_memory_optimization": false, 
    "cpu_checkpointing": false, 
    "number_checkpoints": null, 
    "synchronize_checkpoint_boundary": false, 
    "profile": false
}
[2024-07-25 01:06:21,692] [INFO] [config.py:1001:print]   aio_config ................... {'block_size': 1048576, 'queue_depth': 8, 'thread_count': 1, 'single_submit': False, 'overlap_events': True}
[2024-07-25 01:06:21,692] [INFO] [config.py:1001:print]   amp_enabled .................. False
[2024-07-25 01:06:21,692] [INFO] [config.py:1001:print]   amp_params ................... False
[2024-07-25 01:06:21,692] [INFO] [config.py:1001:print]   autotuning_config ............ {
    "enabled": false, 
    "start_step": null, 
    "end_step": null, 
    "metric_path": null, 
    "arg_mappings": null, 
    "metric": "throughput", 
    "model_info": null, 
    "results_dir": "autotuning_results", 
    "exps_dir": "autotuning_exps", 
    "overwrite": true, 
    "fast": true, 
    "start_profile_step": 3, 
    "end_profile_step": 5, 
    "tuner_type": "gridsearch", 
    "tuner_early_stopping": 5, 
    "tuner_num_trials": 50, 
    "model_info_path": null, 
    "mp_size": 1, 
    "max_train_batch_size": null, 
    "min_train_batch_size": 1, 
    "max_train_micro_batch_size_per_gpu": 1.024000e+03, 
    "min_train_micro_batch_size_per_gpu": 1, 
    "num_tuning_micro_batch_sizes": 3
}
[2024-07-25 01:06:21,692] [INFO] [config.py:1001:print]   bfloat16_enabled ............. False
[2024-07-25 01:06:21,692] [INFO] [config.py:1001:print]   bfloat16_immediate_grad_update  False
[2024-07-25 01:06:21,692] [INFO] [config.py:1001:print]   checkpoint_parallel_write_pipeline  False
[2024-07-25 01:06:21,692] [INFO] [config.py:1001:print]   checkpoint_tag_validation_enabled  True
[2024-07-25 01:06:21,692] [INFO] [config.py:1001:print]   checkpoint_tag_validation_fail  False
[2024-07-25 01:06:21,692] [INFO] [config.py:1001:print]   comms_config ................. <deepspeed.comm.config.DeepSpeedCommsConfig object at 0x7ffccf3b33d0>
[2024-07-25 01:06:21,692] [INFO] [config.py:1001:print]   communication_data_type ...... None
[2024-07-25 01:06:21,692] [INFO] [config.py:1001:print]   compression_config ........... {'weight_quantization': {'shared_parameters': {'enabled': False, 'quantizer_kernel': False, 'schedule_offset': 0, 'quantize_groups': 1, 'quantize_verbose': False, 'quantization_type': 'symmetric', 'quantize_weight_in_forward': False, 'rounding': 'nearest', 'fp16_mixed_quantize': False, 'quantize_change_ratio': 0.001}, 'different_groups': {}}, 'activation_quantization': {'shared_parameters': {'enabled': False, 'quantization_type': 'symmetric', 'range_calibration': 'dynamic', 'schedule_offset': 1000}, 'different_groups': {}}, 'sparse_pruning': {'shared_parameters': {'enabled': False, 'method': 'l1', 'schedule_offset': 1000}, 'different_groups': {}}, 'row_pruning': {'shared_parameters': {'enabled': False, 'method': 'l1', 'schedule_offset': 1000}, 'different_groups': {}}, 'head_pruning': {'shared_parameters': {'enabled': False, 'method': 'topk', 'schedule_offset': 1000}, 'different_groups': {}}, 'channel_pruning': {'shared_parameters': {'enabled': False, 'method': 'l1', 'schedule_offset': 1000}, 'different_groups': {}}, 'layer_reduction': {'enabled': False}}
[2024-07-25 01:06:21,692] [INFO] [config.py:1001:print]   curriculum_enabled_legacy .... False
[2024-07-25 01:06:21,692] [INFO] [config.py:1001:print]   curriculum_params_legacy ..... False
[2024-07-25 01:06:21,692] [INFO] [config.py:1001:print]   data_efficiency_config ....... {'enabled': False, 'seed': 1234, 'data_sampling': {'enabled': False, 'num_epochs': 1000, 'num_workers': 0, 'curriculum_learning': {'enabled': False}}, 'data_routing': {'enabled': False, 'random_ltd': {'enabled': False, 'layer_token_lr_schedule': {'enabled': False}}}}
[2024-07-25 01:06:21,693] [INFO] [config.py:1001:print]   data_efficiency_enabled ...... False
[2024-07-25 01:06:21,693] [INFO] [config.py:1001:print]   dataloader_drop_last ......... False
[2024-07-25 01:06:21,693] [INFO] [config.py:1001:print]   disable_allgather ............ False
[2024-07-25 01:06:21,693] [INFO] [config.py:1001:print]   dump_state ................... False
[2024-07-25 01:06:21,693] [INFO] [config.py:1001:print]   dynamic_loss_scale_args ...... None
[2024-07-25 01:06:21,693] [INFO] [config.py:1001:print]   eigenvalue_enabled ........... False
[2024-07-25 01:06:21,693] [INFO] [config.py:1001:print]   eigenvalue_gas_boundary_resolution  1
[2024-07-25 01:06:21,693] [INFO] [config.py:1001:print]   eigenvalue_layer_name ........ bert.encoder.layer
[2024-07-25 01:06:21,693] [INFO] [config.py:1001:print]   eigenvalue_layer_num ......... 0
[2024-07-25 01:06:21,693] [INFO] [config.py:1001:print]   eigenvalue_max_iter .......... 100
[2024-07-25 01:06:21,693] [INFO] [config.py:1001:print]   eigenvalue_stability ......... 1e-06
[2024-07-25 01:06:21,693] [INFO] [config.py:1001:print]   eigenvalue_tol ............... 0.01
[2024-07-25 01:06:21,693] [INFO] [config.py:1001:print]   eigenvalue_verbose ........... False
[2024-07-25 01:06:21,693] [INFO] [config.py:1001:print]   elasticity_enabled ........... False
[2024-07-25 01:06:21,693] [INFO] [config.py:1001:print]   flops_profiler_config ........ {
    "enabled": false, 
    "recompute_fwd_factor": 0.0, 
    "profile_step": 1, 
    "module_depth": -1, 
    "top_modules": 1, 
    "detailed": true, 
    "output_file": null
}
[2024-07-25 01:06:21,693] [INFO] [config.py:1001:print]   fp16_auto_cast ............... None
[2024-07-25 01:06:21,693] [INFO] [config.py:1001:print]   fp16_enabled ................. False
[2024-07-25 01:06:21,693] [INFO] [config.py:1001:print]   fp16_master_weights_and_gradients  False
[2024-07-25 01:06:21,693] [INFO] [config.py:1001:print]   global_rank .................. 0
[2024-07-25 01:06:21,693] [INFO] [config.py:1001:print]   grad_accum_dtype ............. None
[2024-07-25 01:06:21,693] [INFO] [config.py:1001:print]   gradient_accumulation_steps .. 1
[2024-07-25 01:06:21,693] [INFO] [config.py:1001:print]   gradient_clipping ............ 0.0
[2024-07-25 01:06:21,693] [INFO] [config.py:1001:print]   gradient_predivide_factor .... 1.0
[2024-07-25 01:06:21,693] [INFO] [config.py:1001:print]   graph_harvesting ............. False
[2024-07-25 01:06:21,693] [INFO] [config.py:1001:print]   hybrid_engine ................ enabled=False max_out_tokens=512 inference_tp_size=1 release_inference_cache=False pin_parameters=True tp_gather_partition_size=8
[2024-07-25 01:06:21,693] [INFO] [config.py:1001:print]   initial_dynamic_scale ........ 65536
[2024-07-25 01:06:21,693] [INFO] [config.py:1001:print]   load_universal_checkpoint .... False
[2024-07-25 01:06:21,693] [INFO] [config.py:1001:print]   loss_scale ................... 0
[2024-07-25 01:06:21,693] [INFO] [config.py:1001:print]   memory_breakdown ............. False
[2024-07-25 01:06:21,694] [INFO] [config.py:1001:print]   mics_hierarchial_params_gather  False
[2024-07-25 01:06:21,694] [INFO] [config.py:1001:print]   mics_shard_size .............. -1
[2024-07-25 01:06:21,694] [INFO] [config.py:1001:print]   monitor_config ............... tensorboard=TensorBoardConfig(enabled=False, output_path='', job_name='DeepSpeedJobName') comet=CometConfig(enabled=False, samples_log_interval=100, project=None, workspace=None, api_key=None, experiment_name=None, experiment_key=None, online=None, mode=None) wandb=WandbConfig(enabled=False, group=None, team=None, project='deepspeed') csv_monitor=CSVConfig(enabled=False, output_path='', job_name='DeepSpeedJobName') enabled=False
[2024-07-25 01:06:21,694] [INFO] [config.py:1001:print]   nebula_config ................ {
    "enabled": false, 
    "persistent_storage_path": null, 
    "persistent_time_interval": 100, 
    "num_of_version_in_retention": 2, 
    "enable_nebula_load": true, 
    "load_path": null
}
[2024-07-25 01:06:21,694] [INFO] [config.py:1001:print]   optimizer_legacy_fusion ...... False
[2024-07-25 01:06:21,694] [INFO] [config.py:1001:print]   optimizer_name ............... None
[2024-07-25 01:06:21,694] [INFO] [config.py:1001:print]   optimizer_params ............. None
[2024-07-25 01:06:21,694] [INFO] [config.py:1001:print]   pipeline ..................... {'stages': 'auto', 'partition': 'best', 'seed_layers': False, 'activation_checkpoint_interval': 0, 'pipe_partitioned': True, 'grad_partitioned': True}
[2024-07-25 01:06:21,694] [INFO] [config.py:1001:print]   pld_enabled .................. False
[2024-07-25 01:06:21,694] [INFO] [config.py:1001:print]   pld_params ................... False
[2024-07-25 01:06:21,694] [INFO] [config.py:1001:print]   prescale_gradients ........... False
[2024-07-25 01:06:21,694] [INFO] [config.py:1001:print]   scheduler_name ............... None
[2024-07-25 01:06:21,694] [INFO] [config.py:1001:print]   scheduler_params ............. None
[2024-07-25 01:06:21,694] [INFO] [config.py:1001:print]   seq_parallel_communication_data_type  torch.float32
[2024-07-25 01:06:21,694] [INFO] [config.py:1001:print]   sparse_attention ............. None
[2024-07-25 01:06:21,694] [INFO] [config.py:1001:print]   sparse_gradients_enabled ..... False
[2024-07-25 01:06:21,694] [INFO] [config.py:1001:print]   steps_per_print .............. 1000000000.0
[2024-07-25 01:06:21,694] [INFO] [config.py:1001:print]   timers_config ................ enabled=True synchronized=True
[2024-07-25 01:06:21,694] [INFO] [config.py:1001:print]   train_batch_size ............. 4096
[2024-07-25 01:06:21,694] [INFO] [config.py:1001:print]   train_micro_batch_size_per_gpu  32
[2024-07-25 01:06:21,694] [INFO] [config.py:1001:print]   use_data_before_expert_parallel_  False
[2024-07-25 01:06:21,694] [INFO] [config.py:1001:print]   use_node_local_storage ....... False
[2024-07-25 01:06:21,694] [INFO] [config.py:1001:print]   wall_clock_breakdown ......... False
[2024-07-25 01:06:21,694] [INFO] [config.py:1001:print]   weight_quantization_config ... None
[2024-07-25 01:06:21,694] [INFO] [config.py:1001:print]   world_size ................... 128
[2024-07-25 01:06:21,694] [INFO] [config.py:1001:print]   zero_allow_untested_optimizer  False
[2024-07-25 01:06:21,694] [INFO] [config.py:1001:print]   zero_config .................. stage=0 contiguous_gradients=True reduce_scatter=True reduce_bucket_size=500,000,000 use_multi_rank_bucket_allreduce=True allgather_partitions=True allgather_bucket_size=500,000,000 overlap_comm=False load_from_fp32_weights=True elastic_checkpoint=False offload_param=None offload_optimizer=None sub_group_size=1,000,000,000 cpu_offload_param=None cpu_offload_use_pin_memory=None cpu_offload=None prefetch_bucket_size=50,000,000 param_persistence_threshold=100,000 model_persistence_threshold=sys.maxsize max_live_parameters=1,000,000,000 max_reuse_distance=1,000,000,000 gather_16bit_weights_on_model_save=False use_all_reduce_for_fetch_params=False stage3_gather_fp16_weights_on_model_save=False ignore_unused_parameters=True legacy_stage1=False round_robin_gradients=False zero_hpz_partition_size=1 zero_quantized_weights=False zero_quantized_nontrainable_weights=False zero_quantized_gradients=False mics_shard_size=-1 mics_hierarchical_params_gather=False memory_efficient_linear=True pipeline_loading_checkpoint=False override_module_apply=True
[2024-07-25 01:06:21,694] [INFO] [config.py:1001:print]   zero_enabled ................. False
[2024-07-25 01:06:21,694] [INFO] [config.py:1001:print]   zero_force_ds_cpu_optimizer .. True
[2024-07-25 01:06:21,694] [INFO] [config.py:1001:print]   zero_optimization_stage ...... 0
[2024-07-25 01:06:21,694] [INFO] [config.py:987:print_user_config]   json = {
    "train_micro_batch_size_per_gpu": 32, 
    "gradient_accumulation_steps": 1, 
    "steps_per_print": 1.000000e+09
}
Train:   0%|          | 0/1852 [00:00<?, ?it/s]Train:   0%|          | 1/1852 [00:05<2:54:15,  5.65s/it]Train:   0%|          | 2/1852 [00:05<1:16:56,  2.50s/it]Train:   0%|          | 3/1852 [00:06<44:05,  1.43s/it]  Train:   0%|          | 4/1852 [00:06<28:47,  1.07it/s]Train:   0%|          | 5/1852 [00:06<20:12,  1.52it/s]Train:   0%|          | 6/1852 [00:06<14:53,  2.07it/s]Train:   0%|          | 7/1852 [00:06<11:38,  2.64it/s]Train:   0%|          | 8/1852 [00:06<09:23,  3.28it/s]Train:   1%|          | 10/1852 [00:07<05:42,  5.38it/s]Train:   1%|          | 11/1852 [00:07<05:20,  5.75it/s]Train:   1%|          | 13/1852 [00:07<03:47,  8.08it/s]Train:   1%|          | 16/1852 [00:07<03:07,  9.77it/s]Train:   1%|          | 18/1852 [00:07<02:39, 11.47it/s]Train:   1%|          | 20/1852 [00:07<02:20, 13.00it/s]Train:   1%|          | 22/1852 [00:07<02:36, 11.70it/s]Train:   1%|▏         | 25/1852 [00:08<02:09, 14.07it/s]Train:   1%|▏         | 27/1852 [00:08<02:01, 15.06it/s]Train:   2%|▏         | 29/1852 [00:08<01:54, 15.94it/s]Train:   2%|▏         | 31/1852 [00:08<02:11, 13.81it/s]Train:   2%|▏         | 33/1852 [00:08<02:01, 14.92it/s]Train:   2%|▏         | 35/1852 [00:08<02:25, 12.52it/s]Train:   2%|▏         | 38/1852 [00:08<02:01, 14.96it/s]Train:   2%|▏         | 40/1852 [00:09<01:53, 16.00it/s]Train:   2%|▏         | 42/1852 [00:09<01:48, 16.70it/s]Train:   2%|▏         | 44/1852 [00:09<02:12, 13.66it/s]Train:   2%|▏         | 46/1852 [00:09<02:01, 14.91it/s]Train:   3%|▎         | 48/1852 [00:09<01:53, 15.84it/s]Train:   3%|▎         | 50/1852 [00:09<02:12, 13.62it/s]Train:   3%|▎         | 52/1852 [00:09<02:30, 11.96it/s]Train:   3%|▎         | 54/1852 [00:10<02:15, 13.24it/s]Train:   3%|▎         | 57/1852 [00:10<01:55, 15.60it/s]Train:   3%|▎         | 59/1852 [00:10<01:49, 16.34it/s]Train:   3%|▎         | 62/1852 [00:10<01:38, 18.12it/s]Train:   3%|▎         | 64/1852 [00:10<01:36, 18.48it/s]Train:   4%|▎         | 67/1852 [00:10<01:33, 19.05it/s]Train:   4%|▍         | 70/1852 [00:10<01:29, 19.87it/s]Train:   4%|▍         | 73/1852 [00:11<01:28, 20.08it/s]Train:   4%|▍         | 76/1852 [00:11<01:27, 20.24it/s]Train:   4%|▍         | 79/1852 [00:11<01:29, 19.75it/s]Train:   4%|▍         | 81/1852 [00:11<01:30, 19.53it/s]Train:   4%|▍         | 83/1852 [00:11<01:31, 19.28it/s]Train:   5%|▍         | 86/1852 [00:11<01:28, 19.98it/s]Train:   5%|▍         | 88/1852 [00:11<01:29, 19.69it/s]Train:   5%|▍         | 91/1852 [00:11<01:28, 19.81it/s]Train:   5%|▌         | 93/1852 [00:12<01:53, 15.46it/s]Train:   5%|▌         | 95/1852 [00:12<01:47, 16.33it/s]Train:   5%|▌         | 97/1852 [00:12<01:44, 16.87it/s]Train:   5%|▌         | 100/1852 [00:12<01:37, 18.04it/s]Train:   6%|▌         | 103/1852 [00:12<01:29, 19.46it/s]Train:   6%|▌         | 106/1852 [00:12<01:47, 16.30it/s]Train:   6%|▌         | 108/1852 [00:12<01:43, 16.80it/s]Train:   6%|▌         | 110/1852 [00:13<01:40, 17.25it/s]Train:   6%|▌         | 112/1852 [00:13<02:03, 14.14it/s]Train:   6%|▌         | 115/1852 [00:13<01:48, 16.03it/s]Train:   6%|▋         | 117/1852 [00:13<01:44, 16.65it/s]Train:   6%|▋         | 119/1852 [00:13<01:41, 17.15it/s]Train:   7%|▋         | 122/1852 [00:13<01:34, 18.27it/s]Train:   7%|▋         | 124/1852 [00:13<01:33, 18.57it/s]Train:   7%|▋         | 126/1852 [00:14<01:55, 14.96it/s]Train:   7%|▋         | 129/1852 [00:14<01:43, 16.65it/s]Train:   7%|▋         | 131/1852 [00:14<01:39, 17.34it/s]Train:   7%|▋         | 133/1852 [00:14<01:35, 17.95it/s]Train:   7%|▋         | 135/1852 [00:14<01:33, 18.41it/s]Train:   7%|▋         | 137/1852 [00:14<01:32, 18.52it/s]Train:   8%|▊         | 140/1852 [00:14<01:49, 15.62it/s]Train:   8%|▊         | 143/1852 [00:15<01:39, 17.13it/s]Train:   8%|▊         | 146/1852 [00:15<01:34, 18.05it/s]Train:   8%|▊         | 149/1852 [00:15<01:28, 19.21it/s]Train:   8%|▊         | 151/1852 [00:15<01:28, 19.29it/s]Train:   8%|▊         | 153/1852 [00:15<01:28, 19.13it/s]Train:   8%|▊         | 155/1852 [00:15<01:28, 19.07it/s]Train:   8%|▊         | 157/1852 [00:15<01:29, 18.96it/s]Train:   9%|▊         | 159/1852 [00:15<01:29, 18.89it/s]Train:   9%|▊         | 162/1852 [00:16<01:26, 19.46it/s]Train:   9%|▉         | 165/1852 [00:16<01:25, 19.80it/s]Train:   9%|▉         | 167/1852 [00:16<01:25, 19.82it/s]Train:   9%|▉         | 169/1852 [00:16<01:24, 19.82it/s]Train:   9%|▉         | 172/1852 [00:16<01:23, 20.10it/s]Train:   9%|▉         | 175/1852 [00:16<01:43, 16.28it/s]Train:  10%|▉         | 177/1852 [00:16<01:38, 16.95it/s]Train:  10%|▉         | 179/1852 [00:16<01:35, 17.59it/s]Train:  10%|▉         | 181/1852 [00:17<01:57, 14.28it/s]Train:  10%|▉         | 183/1852 [00:17<01:49, 15.25it/s]Train:  10%|█         | 186/1852 [00:17<01:38, 16.88it/s]Train:  10%|█         | 188/1852 [00:17<01:34, 17.54it/s]Train:  10%|█         | 190/1852 [00:17<01:32, 17.96it/s]Train:  10%|█         | 192/1852 [00:17<01:31, 18.17it/s]Train:  10%|█         | 194/1852 [00:17<01:29, 18.57it/s]Train:  11%|█         | 196/1852 [00:18<01:55, 14.38it/s]Train:  11%|█         | 198/1852 [00:18<01:46, 15.47it/s]Train:  11%|█         | 200/1852 [00:18<01:39, 16.57it/s]Train:  11%|█         | 202/1852 [00:18<01:36, 17.11it/s]Train:  11%|█         | 204/1852 [00:18<01:33, 17.54it/s]Train:  11%|█         | 206/1852 [00:18<01:55, 14.19it/s]Train:  11%|█         | 208/1852 [00:18<01:47, 15.30it/s]Train:  11%|█▏        | 210/1852 [00:18<01:41, 16.20it/s]Train:  11%|█▏        | 212/1852 [00:18<01:36, 17.06it/s]Train:  12%|█▏        | 214/1852 [00:19<01:32, 17.78it/s]Train:  12%|█▏        | 217/1852 [00:19<01:27, 18.63it/s]Train:  12%|█▏        | 220/1852 [00:19<01:25, 19.17it/s]Train:  12%|█▏        | 223/1852 [00:19<01:22, 19.67it/s]Train:  12%|█▏        | 225/1852 [00:19<01:40, 16.15it/s]Train:  12%|█▏        | 227/1852 [00:19<01:37, 16.73it/s]Train:  12%|█▏        | 229/1852 [00:19<01:34, 17.23it/s]Train:  13%|█▎        | 232/1852 [00:20<01:27, 18.54it/s]Train:  13%|█▎        | 234/1852 [00:20<01:25, 18.87it/s]Train:  13%|█▎        | 236/1852 [00:20<01:24, 19.02it/s]Train:  13%|█▎        | 239/1852 [00:20<01:23, 19.31it/s]Train:  13%|█▎        | 241/1852 [00:20<01:42, 15.69it/s]Train:  13%|█▎        | 243/1852 [00:20<01:57, 13.67it/s]Train:  13%|█▎        | 245/1852 [00:20<01:48, 14.76it/s]Train:  13%|█▎        | 247/1852 [00:21<01:42, 15.70it/s]Train:  13%|█▎        | 249/1852 [00:21<01:37, 16.48it/s]Train:  14%|█▎        | 252/1852 [00:21<01:29, 17.85it/s]Train:  14%|█▎        | 254/1852 [00:21<01:27, 18.28it/s]Train:  14%|█▍        | 256/1852 [00:21<01:26, 18.42it/s]Train:  14%|█▍        | 259/1852 [00:21<01:22, 19.39it/s]Train:  14%|█▍        | 262/1852 [00:21<01:20, 19.78it/s]Train:  14%|█▍        | 265/1852 [00:21<01:19, 20.03it/s]Train:  14%|█▍        | 268/1852 [00:22<01:19, 19.80it/s]Train:  15%|█▍        | 270/1852 [00:22<01:19, 19.79it/s]Train:  15%|█▍        | 272/1852 [00:22<01:20, 19.53it/s]Train:  15%|█▍        | 274/1852 [00:22<01:21, 19.35it/s]Train:  15%|█▍        | 276/1852 [00:22<01:22, 19.21it/s]Train:  15%|█▌        | 278/1852 [00:22<01:22, 19.09it/s]Train:  15%|█▌        | 280/1852 [00:22<01:43, 15.14it/s]Train:  15%|█▌        | 283/1852 [00:22<01:34, 16.60it/s]Train:  15%|█▌        | 285/1852 [00:23<01:31, 17.14it/s]Train:  16%|█▌        | 288/1852 [00:23<01:25, 18.24it/s]Train:  16%|█▌        | 290/1852 [00:23<01:25, 18.37it/s]Train:  16%|█▌        | 292/1852 [00:23<01:23, 18.67it/s]Train:  16%|█▌        | 294/1852 [00:23<01:23, 18.69it/s]Train:  16%|█▌        | 296/1852 [00:23<01:23, 18.70it/s]Train:  16%|█▌        | 298/1852 [00:23<01:21, 18.98it/s]Train:  16%|█▌        | 300/1852 [00:23<01:22, 18.89it/s]Train:  16%|█▋        | 302/1852 [00:23<01:22, 18.86it/s]Train:  16%|█▋        | 304/1852 [00:24<01:39, 15.55it/s]Train:  17%|█▋        | 306/1852 [00:24<01:57, 13.18it/s]Train:  17%|█▋        | 308/1852 [00:24<01:46, 14.53it/s]Train:  17%|█▋        | 311/1852 [00:24<01:34, 16.30it/s]Train:  17%|█▋        | 314/1852 [00:24<01:24, 18.14it/s]Train:  17%|█▋        | 316/1852 [00:24<01:23, 18.34it/s]Train:  17%|█▋        | 318/1852 [00:24<01:21, 18.72it/s]Train:  17%|█▋        | 320/1852 [00:25<01:43, 14.84it/s]Train:  17%|█▋        | 323/1852 [00:25<01:30, 16.84it/s]Train:  18%|█▊        | 325/1852 [00:25<01:28, 17.29it/s]Train:  18%|█▊        | 327/1852 [00:25<01:44, 14.57it/s]Train:  18%|█▊        | 329/1852 [00:25<01:38, 15.52it/s]Train:  18%|█▊        | 331/1852 [00:25<01:33, 16.33it/s]Train:  18%|█▊        | 334/1852 [00:25<01:23, 18.27it/s]Train:  18%|█▊        | 337/1852 [00:26<01:36, 15.68it/s]Train:  18%|█▊        | 340/1852 [00:26<01:28, 17.02it/s]Train:  18%|█▊        | 342/1852 [00:26<01:26, 17.41it/s]Train:  19%|█▊        | 344/1852 [00:26<01:24, 17.77it/s]Train:  19%|█▊        | 347/1852 [00:26<01:20, 18.58it/s]Train:  19%|█▉        | 349/1852 [00:26<01:37, 15.42it/s]Train:  19%|█▉        | 351/1852 [00:26<01:32, 16.17it/s]Train:  19%|█▉        | 353/1852 [00:27<01:49, 13.63it/s]Train:  19%|█▉        | 355/1852 [00:27<01:40, 14.86it/s]Train:  19%|█▉        | 357/1852 [00:27<01:33, 15.96it/s]Train:  19%|█▉        | 359/1852 [00:27<01:28, 16.86it/s]Train:  19%|█▉        | 361/1852 [00:27<01:24, 17.61it/s]Train:  20%|█▉        | 364/1852 [00:27<01:18, 18.97it/s]Train:  20%|█▉        | 367/1852 [00:27<01:14, 19.91it/s]Train:  20%|█▉        | 370/1852 [00:28<01:13, 20.06it/s]Train:  20%|██        | 373/1852 [00:28<01:11, 20.72it/s]Train:  20%|██        | 376/1852 [00:28<01:12, 20.25it/s]Train:  20%|██        | 379/1852 [00:28<01:13, 19.96it/s]Train:  21%|██        | 382/1852 [00:28<01:28, 16.60it/s]Train:  21%|██        | 385/1852 [00:28<01:22, 17.70it/s]Train:  21%|██        | 387/1852 [00:29<01:35, 15.31it/s]Train:  21%|██        | 390/1852 [00:29<01:42, 14.22it/s]Train:  21%|██        | 392/1852 [00:29<01:36, 15.08it/s]Train:  21%|██▏       | 394/1852 [00:29<01:31, 15.87it/s]Train:  21%|██▏       | 396/1852 [00:29<01:45, 13.84it/s]Train:  22%|██▏       | 399/1852 [00:29<01:32, 15.69it/s]Train:  22%|██▏       | 401/1852 [00:29<01:27, 16.54it/s]Train:  22%|██▏       | 403/1852 [00:30<01:24, 17.06it/s]Train:  22%|██▏       | 406/1852 [00:30<01:15, 19.21it/s]Train:  22%|██▏       | 408/1852 [00:30<01:15, 19.12it/s]Train:  22%|██▏       | 410/1852 [00:30<01:15, 19.05it/s]Train:  22%|██▏       | 413/1852 [00:30<01:32, 15.60it/s]Train:  22%|██▏       | 416/1852 [00:30<01:24, 17.06it/s]Train:  23%|██▎       | 419/1852 [00:30<01:17, 18.39it/s]Train:  23%|██▎       | 421/1852 [00:31<01:17, 18.49it/s]Train:  23%|██▎       | 423/1852 [00:31<01:15, 18.82it/s]Train:  23%|██▎       | 425/1852 [00:31<01:15, 18.82it/s]Train:  23%|██▎       | 427/1852 [00:31<01:14, 19.09it/s]Train:  23%|██▎       | 430/1852 [00:31<01:11, 19.84it/s]Train:  23%|██▎       | 432/1852 [00:31<01:31, 15.52it/s]Train:  23%|██▎       | 435/1852 [00:31<01:21, 17.40it/s]Train:  24%|██▎       | 437/1852 [00:31<01:18, 17.93it/s]Train:  24%|██▎       | 439/1852 [00:32<01:17, 18.14it/s]Train:  24%|██▍       | 441/1852 [00:32<01:35, 14.81it/s]Train:  24%|██▍       | 444/1852 [00:32<01:25, 16.55it/s]Train:  24%|██▍       | 447/1852 [00:32<01:18, 17.81it/s]Train:  24%|██▍       | 449/1852 [00:32<01:17, 18.04it/s]Train:  24%|██▍       | 451/1852 [00:32<01:16, 18.25it/s]Train:  24%|██▍       | 453/1852 [00:32<01:16, 18.37it/s]Train:  25%|██▍       | 455/1852 [00:32<01:15, 18.49it/s]Train:  25%|██▍       | 457/1852 [00:33<01:13, 18.87it/s]Train:  25%|██▍       | 459/1852 [00:33<01:13, 19.05it/s]Train:  25%|██▍       | 461/1852 [00:33<01:12, 19.26it/s]Train:  25%|██▌       | 464/1852 [00:33<01:08, 20.19it/s]Train:  25%|██▌       | 467/1852 [00:33<01:10, 19.77it/s]Train:  25%|██▌       | 469/1852 [00:33<01:24, 16.39it/s]Train:  25%|██▌       | 471/1852 [00:33<01:41, 13.59it/s]Train:  26%|██▌       | 474/1852 [00:34<01:29, 15.32it/s]Train:  26%|██▌       | 477/1852 [00:34<01:21, 16.97it/s]Train:  26%|██▌       | 480/1852 [00:34<01:15, 18.09it/s]Train:  26%|██▌       | 482/1852 [00:34<01:14, 18.42it/s]Train:  26%|██▌       | 484/1852 [00:34<01:33, 14.63it/s]Train:  26%|██▌       | 486/1852 [00:34<01:28, 15.43it/s]Train:  26%|██▋       | 489/1852 [00:34<01:19, 17.16it/s]Train:  27%|██▋       | 491/1852 [00:35<01:17, 17.56it/s]Train:  27%|██▋       | 493/1852 [00:35<01:36, 14.09it/s]Train:  27%|██▋       | 496/1852 [00:35<01:24, 16.02it/s]Train:  27%|██▋       | 498/1852 [00:35<01:21, 16.63it/s]Train:  27%|██▋       | 500/1852 [00:35<01:18, 17.32it/s]Train:  27%|██▋       | 503/1852 [00:35<01:10, 19.00it/s]Train:  27%|██▋       | 505/1852 [00:35<01:11, 18.94it/s]Train:  27%|██▋       | 507/1852 [00:36<01:29, 15.01it/s]Train:  27%|██▋       | 509/1852 [00:36<01:23, 16.07it/s]Train:  28%|██▊       | 511/1852 [00:36<01:19, 16.97it/s]Train:  28%|██▊       | 514/1852 [00:36<01:13, 18.25it/s]Train:  28%|██▊       | 516/1852 [00:36<01:12, 18.39it/s]Train:  28%|██▊       | 518/1852 [00:36<01:12, 18.50it/s]Train:  28%|██▊       | 520/1852 [00:36<01:11, 18.59it/s]Train:  28%|██▊       | 522/1852 [00:36<01:10, 18.93it/s]Train:  28%|██▊       | 524/1852 [00:37<01:28, 14.99it/s]Train:  28%|██▊       | 527/1852 [00:37<01:19, 16.70it/s]Train:  29%|██▊       | 529/1852 [00:37<01:15, 17.43it/s]Train:  29%|██▊       | 531/1852 [00:37<01:14, 17.78it/s]Train:  29%|██▉       | 533/1852 [00:37<01:13, 18.02it/s]Train:  29%|██▉       | 536/1852 [00:37<01:09, 18.88it/s]Train:  29%|██▉       | 538/1852 [00:37<01:27, 15.08it/s]Train:  29%|██▉       | 541/1852 [00:38<01:18, 16.71it/s]Train:  29%|██▉       | 543/1852 [00:38<01:16, 17.22it/s]Train:  29%|██▉       | 545/1852 [00:38<01:13, 17.79it/s]Train:  30%|██▉       | 547/1852 [00:38<01:11, 18.17it/s]Train:  30%|██▉       | 550/1852 [00:38<01:04, 20.14it/s]Train:  30%|██▉       | 553/1852 [00:38<01:03, 20.56it/s]Train:  30%|███       | 556/1852 [00:38<01:01, 21.23it/s]Train:  30%|███       | 559/1852 [00:38<01:03, 20.45it/s]Train:  30%|███       | 562/1852 [00:39<01:15, 17.14it/s]Train:  30%|███       | 564/1852 [00:39<01:27, 14.72it/s]Train:  31%|███       | 566/1852 [00:39<01:23, 15.37it/s]Train:  31%|███       | 568/1852 [00:39<01:19, 16.11it/s]Train:  31%|███       | 570/1852 [00:39<01:16, 16.74it/s]Train:  31%|███       | 572/1852 [00:39<01:31, 13.99it/s]Train:  31%|███       | 575/1852 [00:39<01:20, 15.91it/s]Train:  31%|███       | 577/1852 [00:40<01:16, 16.74it/s]Train:  31%|███▏      | 579/1852 [00:40<01:13, 17.23it/s]Train:  31%|███▏      | 581/1852 [00:40<01:11, 17.85it/s]Train:  32%|███▏      | 584/1852 [00:40<01:07, 18.77it/s]Train:  32%|███▏      | 587/1852 [00:40<01:05, 19.42it/s]Train:  32%|███▏      | 589/1852 [00:40<01:05, 19.29it/s]Train:  32%|███▏      | 591/1852 [00:40<01:05, 19.16it/s]Train:  32%|███▏      | 593/1852 [00:40<01:05, 19.14it/s]Train:  32%|███▏      | 595/1852 [00:41<01:05, 19.26it/s]Train:  32%|███▏      | 598/1852 [00:41<01:01, 20.46it/s]Train:  32%|███▏      | 601/1852 [00:41<01:00, 20.54it/s]Train:  33%|███▎      | 604/1852 [00:41<01:01, 20.13it/s]Train:  33%|███▎      | 607/1852 [00:41<01:03, 19.71it/s]Train:  33%|███▎      | 609/1852 [00:41<01:02, 19.77it/s]Train:  33%|███▎      | 612/1852 [00:41<00:58, 21.16it/s]Train:  33%|███▎      | 615/1852 [00:41<00:58, 20.98it/s]Train:  33%|███▎      | 618/1852 [00:42<00:59, 20.90it/s]Train:  34%|███▎      | 621/1852 [00:42<01:01, 20.15it/s]Train:  34%|███▎      | 624/1852 [00:42<00:59, 20.52it/s]Train:  34%|███▍      | 627/1852 [00:42<01:00, 20.20it/s]Train:  34%|███▍      | 630/1852 [00:42<01:01, 19.91it/s]Train:  34%|███▍      | 632/1852 [00:42<01:02, 19.65it/s]Train:  34%|███▍      | 635/1852 [00:42<01:01, 19.73it/s]Train:  34%|███▍      | 638/1852 [00:43<01:00, 20.01it/s]Train:  35%|███▍      | 641/1852 [00:43<00:58, 20.86it/s]Train:  35%|███▍      | 644/1852 [00:43<00:57, 21.02it/s]Train:  35%|███▍      | 647/1852 [00:43<00:57, 21.04it/s]Train:  35%|███▌      | 650/1852 [00:43<01:10, 17.08it/s]Train:  35%|███▌      | 652/1852 [00:43<01:08, 17.43it/s]Train:  35%|███▌      | 655/1852 [00:44<01:03, 18.83it/s]Train:  35%|███▌      | 657/1852 [00:44<01:03, 18.79it/s]Train:  36%|███▌      | 660/1852 [00:44<01:01, 19.27it/s]Train:  36%|███▌      | 663/1852 [00:44<00:57, 20.74it/s]Train:  36%|███▌      | 666/1852 [00:44<00:56, 21.14it/s]Train:  36%|███▌      | 669/1852 [00:44<01:09, 17.12it/s]Train:  36%|███▋      | 672/1852 [00:45<01:17, 15.17it/s]Train:  36%|███▋      | 674/1852 [00:45<01:14, 15.91it/s]Train:  37%|███▋      | 676/1852 [00:45<01:10, 16.68it/s]Train:  37%|███▋      | 679/1852 [00:45<01:06, 17.72it/s]Train:  37%|███▋      | 682/1852 [00:45<01:02, 18.64it/s]Train:  37%|███▋      | 684/1852 [00:45<01:02, 18.69it/s]Train:  37%|███▋      | 686/1852 [00:45<01:02, 18.77it/s]Train:  37%|███▋      | 688/1852 [00:45<01:02, 18.76it/s]Train:  37%|███▋      | 690/1852 [00:45<01:01, 18.77it/s]Train:  37%|███▋      | 692/1852 [00:46<01:17, 14.94it/s]Train:  37%|███▋      | 694/1852 [00:46<01:12, 16.01it/s]Train:  38%|███▊      | 696/1852 [00:46<01:09, 16.72it/s]Train:  38%|███▊      | 698/1852 [00:46<01:06, 17.23it/s]Train:  38%|███▊      | 700/1852 [00:46<01:05, 17.64it/s]Train:  38%|███▊      | 703/1852 [00:46<01:18, 14.55it/s]Train:  38%|███▊      | 705/1852 [00:46<01:14, 15.42it/s]Train:  38%|███▊      | 707/1852 [00:47<01:10, 16.19it/s]Train:  38%|███▊      | 710/1852 [00:47<01:05, 17.55it/s]Train:  38%|███▊      | 713/1852 [00:47<00:59, 19.23it/s]Train:  39%|███▊      | 715/1852 [00:47<01:14, 15.28it/s]Train:  39%|███▊      | 717/1852 [00:47<01:10, 16.02it/s]Train:  39%|███▉      | 719/1852 [00:47<01:20, 14.08it/s]Train:  39%|███▉      | 721/1852 [00:47<01:14, 15.12it/s]Train:  39%|███▉      | 724/1852 [00:48<01:06, 16.99it/s]Train:  39%|███▉      | 726/1852 [00:48<01:22, 13.72it/s]Train:  39%|███▉      | 728/1852 [00:48<01:17, 14.48it/s]Train:  39%|███▉      | 730/1852 [00:49<02:34,  7.25it/s]Train:  40%|███▉      | 732/1852 [00:49<02:10,  8.56it/s]Train:  40%|███▉      | 734/1852 [00:49<01:55,  9.67it/s]Train:  40%|███▉      | 736/1852 [00:49<01:43, 10.76it/s]Train:  40%|███▉      | 738/1852 [00:49<01:31, 12.23it/s]Train:  40%|███▉      | 740/1852 [00:49<01:24, 13.19it/s]Train:  40%|████      | 742/1852 [00:49<01:18, 14.13it/s]Train:  40%|████      | 744/1852 [00:49<01:13, 15.11it/s]Train:  40%|████      | 747/1852 [00:50<01:05, 16.78it/s]Train:  40%|████      | 749/1852 [00:50<01:03, 17.40it/s]Train:  41%|████      | 751/1852 [00:50<01:18, 13.97it/s]Train:  41%|████      | 754/1852 [00:50<01:09, 15.82it/s]Train:  41%|████      | 757/1852 [00:50<01:20, 13.61it/s]Train:  41%|████      | 759/1852 [00:50<01:15, 14.48it/s]Train:  41%|████      | 762/1852 [00:51<01:19, 13.70it/s]Train:  41%|████▏     | 765/1852 [00:51<01:09, 15.73it/s]Train:  41%|████▏     | 767/1852 [00:51<01:05, 16.58it/s]Train:  42%|████▏     | 770/1852 [00:51<01:00, 17.76it/s]Train:  42%|████▏     | 773/1852 [00:51<00:57, 18.77it/s]Train:  42%|████▏     | 776/1852 [00:51<00:54, 19.71it/s]Train:  42%|████▏     | 779/1852 [00:51<00:55, 19.42it/s]Train:  42%|████▏     | 781/1852 [00:52<01:07, 15.98it/s]Train:  42%|████▏     | 783/1852 [00:52<01:04, 16.57it/s]Train:  42%|████▏     | 786/1852 [00:52<00:57, 18.39it/s]Train:  43%|████▎     | 788/1852 [00:52<00:57, 18.48it/s]Train:  43%|████▎     | 790/1852 [00:52<00:57, 18.45it/s]Train:  43%|████▎     | 792/1852 [00:52<00:56, 18.82it/s]Train:  43%|████▎     | 795/1852 [00:52<00:53, 19.61it/s]Train:  43%|████▎     | 797/1852 [00:52<00:53, 19.64it/s]Train:  43%|████▎     | 799/1852 [00:53<00:54, 19.42it/s]Train:  43%|████▎     | 801/1852 [00:53<00:54, 19.24it/s]Train:  43%|████▎     | 804/1852 [00:53<00:51, 20.30it/s]Train:  44%|████▎     | 807/1852 [00:53<00:52, 20.03it/s]Train:  44%|████▎     | 810/1852 [00:53<00:51, 20.19it/s]Train:  44%|████▍     | 813/1852 [00:53<00:51, 20.09it/s]Train:  44%|████▍     | 816/1852 [00:54<01:03, 16.30it/s]Train:  44%|████▍     | 819/1852 [00:54<00:59, 17.41it/s]Train:  44%|████▍     | 821/1852 [00:54<00:58, 17.72it/s]Train:  44%|████▍     | 823/1852 [00:54<00:57, 18.02it/s]Train:  45%|████▍     | 825/1852 [00:54<00:55, 18.45it/s]Train:  45%|████▍     | 827/1852 [00:54<00:54, 18.76it/s]Train:  45%|████▍     | 830/1852 [00:54<00:52, 19.38it/s]Train:  45%|████▍     | 832/1852 [00:54<00:52, 19.47it/s]Train:  45%|████▌     | 834/1852 [00:54<00:52, 19.29it/s]Train:  45%|████▌     | 837/1852 [00:55<00:51, 19.55it/s]Train:  45%|████▌     | 839/1852 [00:55<00:52, 19.40it/s]Train:  45%|████▌     | 841/1852 [00:55<00:52, 19.42it/s]Train:  46%|████▌     | 844/1852 [00:55<01:02, 16.26it/s]Train:  46%|████▌     | 846/1852 [00:55<00:59, 16.81it/s]Train:  46%|████▌     | 849/1852 [00:55<00:55, 18.21it/s]Train:  46%|████▌     | 851/1852 [00:55<00:53, 18.57it/s]Train:  46%|████▌     | 853/1852 [00:56<01:06, 15.05it/s]Train:  46%|████▌     | 855/1852 [00:56<01:03, 15.81it/s]Train:  46%|████▋     | 857/1852 [00:56<01:13, 13.58it/s]Train:  46%|████▋     | 859/1852 [00:56<01:07, 14.72it/s]Train:  46%|████▋     | 861/1852 [00:56<01:02, 15.92it/s]Train:  47%|████▋     | 864/1852 [00:56<00:56, 17.59it/s]Train:  47%|████▋     | 866/1852 [00:56<00:55, 17.92it/s]Train:  47%|████▋     | 869/1852 [00:57<00:51, 19.20it/s]Train:  47%|████▋     | 871/1852 [00:57<00:51, 19.09it/s]Train:  47%|████▋     | 874/1852 [00:57<00:49, 19.82it/s]Train:  47%|████▋     | 876/1852 [00:57<00:49, 19.76it/s]Train:  47%|████▋     | 878/1852 [00:57<00:49, 19.50it/s]Train:  48%|████▊     | 880/1852 [00:57<01:04, 14.95it/s]Train:  48%|████▊     | 883/1852 [00:57<00:58, 16.44it/s]Train:  48%|████▊     | 885/1852 [00:57<00:56, 17.05it/s]Train:  48%|████▊     | 887/1852 [00:58<00:55, 17.51it/s]Train:  48%|████▊     | 890/1852 [00:58<00:51, 18.73it/s]Train:  48%|████▊     | 892/1852 [00:58<00:50, 18.99it/s]Train:  48%|████▊     | 894/1852 [00:58<00:49, 19.17it/s]Train:  48%|████▊     | 897/1852 [00:58<00:47, 20.13it/s]Train:  49%|████▊     | 900/1852 [00:58<00:48, 19.66it/s]Train:  49%|████▊     | 902/1852 [00:58<00:48, 19.72it/s]Train:  49%|████▉     | 904/1852 [00:58<00:48, 19.44it/s]Train:  49%|████▉     | 906/1852 [00:58<00:48, 19.50it/s]Train:  49%|████▉     | 908/1852 [00:59<01:01, 15.29it/s]Train:  49%|████▉     | 911/1852 [00:59<00:56, 16.77it/s]Train:  49%|████▉     | 913/1852 [00:59<00:54, 17.31it/s]Train:  49%|████▉     | 915/1852 [00:59<00:53, 17.68it/s]Train:  50%|████▉     | 917/1852 [00:59<00:51, 17.98it/s]Train:  50%|████▉     | 919/1852 [00:59<00:50, 18.44it/s]Train:  50%|████▉     | 921/1852 [00:59<00:50, 18.56it/s]Train:  50%|████▉     | 924/1852 [01:00<00:47, 19.59it/s]Train:  50%|█████     | 926/1852 [01:00<00:47, 19.55it/s]Train:  50%|█████     | 928/1852 [01:00<00:47, 19.46it/s]Train:  50%|█████     | 931/1852 [01:00<00:45, 20.26it/s]Train:  50%|█████     | 934/1852 [01:00<00:45, 20.40it/s]Train:  51%|█████     | 937/1852 [01:00<00:44, 20.67it/s]Train:  51%|█████     | 940/1852 [01:00<00:43, 20.91it/s]Train:  51%|█████     | 943/1852 [01:00<00:44, 20.50it/s]Train:  51%|█████     | 946/1852 [01:01<00:45, 20.10it/s]Train:  51%|█████     | 949/1852 [01:01<00:44, 20.22it/s]Train:  51%|█████▏    | 952/1852 [01:01<00:45, 19.85it/s]Train:  52%|█████▏    | 955/1852 [01:01<00:44, 20.24it/s]Train:  52%|█████▏    | 958/1852 [01:01<00:53, 16.83it/s]Train:  52%|█████▏    | 961/1852 [01:01<00:50, 17.70it/s]Train:  52%|█████▏    | 963/1852 [01:02<00:49, 18.09it/s]Train:  52%|█████▏    | 965/1852 [01:02<00:48, 18.41it/s]Train:  52%|█████▏    | 967/1852 [01:02<00:47, 18.70it/s]Train:  52%|█████▏    | 969/1852 [01:02<00:47, 18.74it/s]Train:  52%|█████▏    | 971/1852 [01:02<00:46, 18.78it/s]Train:  53%|█████▎    | 973/1852 [01:02<00:46, 18.78it/s]Train:  53%|█████▎    | 975/1852 [01:02<00:46, 18.81it/s]Train:  53%|█████▎    | 978/1852 [01:02<00:44, 19.49it/s]Train:  53%|█████▎    | 980/1852 [01:02<00:44, 19.56it/s]Train:  53%|█████▎    | 982/1852 [01:03<00:44, 19.37it/s]Train:  53%|█████▎    | 984/1852 [01:03<00:57, 15.21it/s]Train:  53%|█████▎    | 987/1852 [01:03<00:51, 16.91it/s]Train:  53%|█████▎    | 989/1852 [01:03<00:49, 17.40it/s]Train:  54%|█████▎    | 992/1852 [01:03<00:46, 18.67it/s]Train:  54%|█████▎    | 995/1852 [01:03<00:44, 19.28it/s]Train:  54%|█████▍    | 997/1852 [01:03<00:44, 19.35it/s]Train:  54%|█████▍    | 999/1852 [01:03<00:43, 19.46it/s]Train:  54%|█████▍    | 1001/1852 [01:04<00:43, 19.52it/s]Train:  54%|█████▍    | 1004/1852 [01:04<00:43, 19.56it/s]Train:  54%|█████▍    | 1007/1852 [01:04<00:41, 20.19it/s]Train:  55%|█████▍    | 1010/1852 [01:04<00:41, 20.19it/s]Train:  55%|█████▍    | 1013/1852 [01:04<00:49, 16.83it/s]Train:  55%|█████▍    | 1016/1852 [01:04<00:46, 18.06it/s]Train:  55%|█████▍    | 1018/1852 [01:04<00:45, 18.39it/s]Train:  55%|█████▌    | 1021/1852 [01:05<00:43, 19.29it/s]Train:  55%|█████▌    | 1023/1852 [01:05<00:43, 19.20it/s]Train:  55%|█████▌    | 1025/1852 [01:05<00:43, 19.10it/s]Train:  55%|█████▌    | 1027/1852 [01:05<00:42, 19.29it/s]Train:  56%|█████▌    | 1029/1852 [01:05<00:42, 19.15it/s]Train:  56%|█████▌    | 1031/1852 [01:05<00:43, 19.06it/s]Train:  56%|█████▌    | 1033/1852 [01:05<00:42, 19.25it/s]Train:  56%|█████▌    | 1035/1852 [01:05<00:55, 14.79it/s]Train:  56%|█████▌    | 1038/1852 [01:06<00:48, 16.67it/s]Train:  56%|█████▌    | 1040/1852 [01:06<00:46, 17.38it/s]Train:  56%|█████▋    | 1043/1852 [01:06<00:44, 18.28it/s]Train:  56%|█████▋    | 1046/1852 [01:06<00:41, 19.45it/s]Train:  57%|█████▋    | 1048/1852 [01:06<00:53, 14.96it/s]Train:  57%|█████▋    | 1050/1852 [01:06<00:50, 15.87it/s]Train:  57%|█████▋    | 1052/1852 [01:06<00:48, 16.54it/s]Train:  57%|█████▋    | 1054/1852 [01:07<00:46, 17.33it/s]Train:  57%|█████▋    | 1056/1852 [01:07<00:44, 17.70it/s]Train:  57%|█████▋    | 1058/1852 [01:07<00:43, 18.26it/s]Train:  57%|█████▋    | 1060/1852 [01:07<00:43, 18.38it/s]Train:  57%|█████▋    | 1062/1852 [01:07<00:42, 18.51it/s]Train:  58%|█████▊    | 1065/1852 [01:07<00:39, 19.72it/s]Train:  58%|█████▊    | 1067/1852 [01:07<00:39, 19.75it/s]Train:  58%|█████▊    | 1069/1852 [01:07<00:39, 19.64it/s]Train:  58%|█████▊    | 1071/1852 [01:07<00:39, 19.68it/s]Train:  58%|█████▊    | 1074/1852 [01:08<00:38, 19.97it/s]Train:  58%|█████▊    | 1076/1852 [01:08<00:39, 19.84it/s]Train:  58%|█████▊    | 1078/1852 [01:08<00:39, 19.54it/s]Train:  58%|█████▊    | 1081/1852 [01:08<00:38, 19.91it/s]Train:  58%|█████▊    | 1083/1852 [01:08<00:50, 15.30it/s]Train:  59%|█████▊    | 1085/1852 [01:08<00:47, 16.01it/s]Train:  59%|█████▊    | 1087/1852 [01:08<00:45, 16.68it/s]Train:  59%|█████▉    | 1090/1852 [01:08<00:40, 18.80it/s]Train:  59%|█████▉    | 1093/1852 [01:09<00:39, 19.38it/s]Train:  59%|█████▉    | 1095/1852 [01:09<00:38, 19.46it/s]Train:  59%|█████▉    | 1098/1852 [01:09<00:37, 19.96it/s]Train:  59%|█████▉    | 1101/1852 [01:09<00:37, 20.16it/s]Train:  60%|█████▉    | 1104/1852 [01:09<00:37, 20.18it/s]Train:  60%|█████▉    | 1107/1852 [01:09<00:36, 20.37it/s]Train:  60%|█████▉    | 1110/1852 [01:09<00:35, 20.64it/s]Train:  60%|██████    | 1113/1852 [01:10<00:36, 20.06it/s]Train:  60%|██████    | 1116/1852 [01:10<00:37, 19.85it/s]Train:  60%|██████    | 1118/1852 [01:10<00:45, 16.18it/s]Train:  60%|██████    | 1120/1852 [01:10<00:43, 16.78it/s]Train:  61%|██████    | 1123/1852 [01:10<00:41, 17.72it/s]Train:  61%|██████    | 1125/1852 [01:10<00:40, 18.16it/s]Train:  61%|██████    | 1128/1852 [01:10<00:37, 19.08it/s]Train:  61%|██████    | 1130/1852 [01:11<00:47, 15.26it/s]Train:  61%|██████    | 1133/1852 [01:11<00:41, 17.27it/s]Train:  61%|██████▏   | 1135/1852 [01:11<00:40, 17.70it/s]Train:  61%|██████▏   | 1138/1852 [01:11<00:38, 18.50it/s]Train:  62%|██████▏   | 1141/1852 [01:11<00:36, 19.32it/s]Train:  62%|██████▏   | 1144/1852 [01:11<00:35, 19.92it/s]Train:  62%|██████▏   | 1147/1852 [01:11<00:35, 19.73it/s]Train:  62%|██████▏   | 1150/1852 [01:12<00:34, 20.16it/s]Train:  62%|██████▏   | 1153/1852 [01:12<00:33, 20.79it/s]Train:  62%|██████▏   | 1156/1852 [01:12<00:34, 20.32it/s]Train:  63%|██████▎   | 1159/1852 [01:12<00:34, 20.19it/s]Train:  63%|██████▎   | 1162/1852 [01:12<00:34, 19.74it/s]Train:  63%|██████▎   | 1164/1852 [01:12<00:35, 19.53it/s]Train:  63%|██████▎   | 1167/1852 [01:12<00:34, 20.00it/s]Train:  63%|██████▎   | 1170/1852 [01:13<00:33, 20.66it/s]Train:  63%|██████▎   | 1173/1852 [01:13<00:33, 20.02it/s]Train:  63%|██████▎   | 1176/1852 [01:13<00:40, 16.60it/s]Train:  64%|██████▎   | 1178/1852 [01:13<00:39, 17.08it/s]Train:  64%|██████▍   | 1181/1852 [01:13<00:36, 18.59it/s]Train:  64%|██████▍   | 1183/1852 [01:13<00:35, 18.67it/s]Train:  64%|██████▍   | 1185/1852 [01:14<00:43, 15.30it/s]Train:  64%|██████▍   | 1187/1852 [01:14<00:41, 16.09it/s]Train:  64%|██████▍   | 1189/1852 [01:14<00:39, 16.74it/s]Train:  64%|██████▍   | 1192/1852 [01:14<00:36, 18.04it/s]Train:  65%|██████▍   | 1195/1852 [01:14<00:32, 19.92it/s]Train:  65%|██████▍   | 1198/1852 [01:14<00:33, 19.54it/s]Train:  65%|██████▍   | 1200/1852 [01:14<00:33, 19.37it/s]Train:  65%|██████▍   | 1202/1852 [01:14<00:33, 19.41it/s]Train:  65%|██████▌   | 1204/1852 [01:15<00:33, 19.24it/s]Train:  65%|██████▌   | 1207/1852 [01:15<00:32, 19.61it/s]Train:  65%|██████▌   | 1209/1852 [01:15<00:33, 19.42it/s]Train:  65%|██████▌   | 1211/1852 [01:15<00:32, 19.50it/s]Train:  65%|██████▌   | 1213/1852 [01:15<00:33, 19.32it/s]Train:  66%|██████▌   | 1215/1852 [01:15<00:33, 19.15it/s]Train:  66%|██████▌   | 1218/1852 [01:15<00:31, 20.21it/s]Train:  66%|██████▌   | 1221/1852 [01:15<00:29, 21.04it/s]Train:  66%|██████▌   | 1224/1852 [01:15<00:30, 20.69it/s]Train:  66%|██████▋   | 1227/1852 [01:16<00:30, 20.34it/s]Train:  66%|██████▋   | 1230/1852 [01:16<00:31, 20.05it/s]Train:  67%|██████▋   | 1233/1852 [01:16<00:31, 19.82it/s]Train:  67%|██████▋   | 1236/1852 [01:16<00:30, 20.25it/s]Train:  67%|██████▋   | 1239/1852 [01:16<00:30, 19.81it/s]Train:  67%|██████▋   | 1241/1852 [01:16<00:30, 19.76it/s]Train:  67%|██████▋   | 1244/1852 [01:17<00:30, 19.93it/s]Train:  67%|██████▋   | 1246/1852 [01:17<00:39, 15.39it/s]Train:  67%|██████▋   | 1248/1852 [01:17<00:37, 16.18it/s]Train:  68%|██████▊   | 1251/1852 [01:17<00:34, 17.49it/s]Train:  68%|██████▊   | 1253/1852 [01:17<00:33, 17.98it/s]Train:  68%|██████▊   | 1256/1852 [01:17<00:31, 18.94it/s]Train:  68%|██████▊   | 1259/1852 [01:17<00:30, 19.45it/s]Train:  68%|██████▊   | 1262/1852 [01:18<00:28, 20.42it/s]Train:  68%|██████▊   | 1265/1852 [01:18<00:29, 20.05it/s]Train:  68%|██████▊   | 1268/1852 [01:18<00:29, 19.69it/s]Train:  69%|██████▊   | 1270/1852 [01:18<00:29, 19.47it/s]Train:  69%|██████▊   | 1273/1852 [01:18<00:29, 19.83it/s]Train:  69%|██████▉   | 1275/1852 [01:18<00:29, 19.62it/s]Train:  69%|██████▉   | 1278/1852 [01:18<00:28, 20.24it/s]Train:  69%|██████▉   | 1281/1852 [01:18<00:28, 19.77it/s]Train:  69%|██████▉   | 1284/1852 [01:19<00:34, 16.58it/s]Train:  69%|██████▉   | 1286/1852 [01:19<00:40, 13.84it/s]Train:  70%|██████▉   | 1288/1852 [01:19<00:46, 12.19it/s]Train:  70%|██████▉   | 1290/1852 [01:19<00:42, 13.23it/s]Train:  70%|██████▉   | 1292/1852 [01:19<00:39, 14.35it/s]Train:  70%|██████▉   | 1294/1852 [01:20<00:44, 12.41it/s]Train:  70%|███████   | 1297/1852 [01:20<00:38, 14.60it/s]Train:  70%|███████   | 1299/1852 [01:20<00:35, 15.49it/s]Train:  70%|███████   | 1302/1852 [01:20<00:31, 17.26it/s]Train:  70%|███████   | 1304/1852 [01:20<00:31, 17.64it/s]Train:  71%|███████   | 1306/1852 [01:20<00:30, 18.12it/s]Train:  71%|███████   | 1308/1852 [01:20<00:37, 14.53it/s]Train:  71%|███████   | 1310/1852 [01:21<00:44, 12.09it/s]Train:  71%|███████   | 1312/1852 [01:21<00:41, 13.15it/s]Train:  71%|███████   | 1314/1852 [01:21<00:37, 14.40it/s]Train:  71%|███████   | 1316/1852 [01:21<00:34, 15.40it/s]Train:  71%|███████   | 1319/1852 [01:21<00:31, 17.12it/s]Train:  71%|███████▏  | 1321/1852 [01:21<00:29, 17.72it/s]Train:  71%|███████▏  | 1324/1852 [01:21<00:27, 19.08it/s]Train:  72%|███████▏  | 1327/1852 [01:22<00:26, 19.80it/s]Train:  72%|███████▏  | 1330/1852 [01:22<00:26, 19.65it/s]Train:  72%|███████▏  | 1332/1852 [01:22<00:26, 19.54it/s]Train:  72%|███████▏  | 1335/1852 [01:22<00:25, 20.22it/s]Train:  72%|███████▏  | 1338/1852 [01:22<00:31, 16.34it/s]Train:  72%|███████▏  | 1340/1852 [01:22<00:30, 16.72it/s]Train:  72%|███████▏  | 1342/1852 [01:22<00:29, 17.30it/s]Train:  73%|███████▎  | 1344/1852 [01:23<00:34, 14.53it/s]Train:  73%|███████▎  | 1347/1852 [01:23<00:30, 16.77it/s]Train:  73%|███████▎  | 1350/1852 [01:23<00:28, 17.66it/s]Train:  73%|███████▎  | 1353/1852 [01:23<00:27, 18.46it/s]Train:  73%|███████▎  | 1355/1852 [01:23<00:26, 18.74it/s]Train:  73%|███████▎  | 1357/1852 [01:23<00:26, 18.87it/s]Train:  73%|███████▎  | 1360/1852 [01:23<00:24, 20.24it/s]Train:  74%|███████▎  | 1363/1852 [01:23<00:24, 20.34it/s]Train:  74%|███████▍  | 1366/1852 [01:24<00:23, 20.43it/s]Train:  74%|███████▍  | 1369/1852 [01:24<00:28, 16.68it/s]Train:  74%|███████▍  | 1371/1852 [01:24<00:33, 14.21it/s]Train:  74%|███████▍  | 1374/1852 [01:24<00:29, 15.97it/s]Train:  74%|███████▍  | 1376/1852 [01:24<00:28, 16.58it/s]Train:  74%|███████▍  | 1379/1852 [01:24<00:25, 18.32it/s]Train:  75%|███████▍  | 1381/1852 [01:25<00:25, 18.61it/s]Train:  75%|███████▍  | 1384/1852 [01:25<00:24, 19.25it/s]Train:  75%|███████▍  | 1386/1852 [01:25<00:24, 19.15it/s]Train:  75%|███████▍  | 1388/1852 [01:25<00:24, 19.04it/s]Train:  75%|███████▌  | 1390/1852 [01:25<00:24, 18.99it/s]Train:  75%|███████▌  | 1392/1852 [01:25<00:24, 19.15it/s]Train:  75%|███████▌  | 1394/1852 [01:25<00:24, 19.05it/s]Train:  75%|███████▌  | 1396/1852 [01:25<00:30, 15.15it/s]Train:  76%|███████▌  | 1399/1852 [01:26<00:26, 17.04it/s]Train:  76%|███████▌  | 1401/1852 [01:26<00:25, 17.64it/s]Train:  76%|███████▌  | 1404/1852 [01:26<00:24, 18.62it/s]Train:  76%|███████▌  | 1406/1852 [01:26<00:23, 18.71it/s]Train:  76%|███████▌  | 1408/1852 [01:26<00:23, 18.96it/s]Train:  76%|███████▌  | 1410/1852 [01:26<00:23, 18.91it/s]Train:  76%|███████▌  | 1412/1852 [01:26<00:23, 18.90it/s]Train:  76%|███████▋  | 1414/1852 [01:26<00:22, 19.10it/s]Train:  77%|███████▋  | 1417/1852 [01:26<00:22, 19.58it/s]Train:  77%|███████▋  | 1419/1852 [01:27<00:22, 19.58it/s]Train:  77%|███████▋  | 1421/1852 [01:27<00:22, 19.58it/s]Train:  77%|███████▋  | 1423/1852 [01:27<00:22, 19.36it/s]Train:  77%|███████▋  | 1426/1852 [01:27<00:21, 20.01it/s]Train:  77%|███████▋  | 1428/1852 [01:27<00:21, 19.76it/s]Train:  77%|███████▋  | 1430/1852 [01:27<00:21, 19.48it/s]Train:  77%|███████▋  | 1432/1852 [01:27<00:21, 19.54it/s]Train:  77%|███████▋  | 1435/1852 [01:27<00:25, 16.29it/s]Train:  78%|███████▊  | 1437/1852 [01:28<00:31, 13.15it/s]Train:  78%|███████▊  | 1439/1852 [01:28<00:28, 14.32it/s]Train:  78%|███████▊  | 1441/1852 [01:28<00:33, 12.10it/s]Train:  78%|███████▊  | 1444/1852 [01:28<00:28, 14.44it/s]Train:  78%|███████▊  | 1446/1852 [01:28<00:26, 15.53it/s]Train:  78%|███████▊  | 1448/1852 [01:28<00:24, 16.30it/s]Train:  78%|███████▊  | 1450/1852 [01:29<00:23, 17.12it/s]Train:  78%|███████▊  | 1452/1852 [01:29<00:27, 14.35it/s]Train:  79%|███████▊  | 1454/1852 [01:29<00:25, 15.41it/s]Train:  79%|███████▊  | 1456/1852 [01:29<00:24, 16.44it/s]Train:  79%|███████▊  | 1458/1852 [01:29<00:23, 17.09it/s]Train:  79%|███████▉  | 1460/1852 [01:29<00:22, 17.56it/s]Train:  79%|███████▉  | 1462/1852 [01:29<00:21, 17.94it/s]Train:  79%|███████▉  | 1464/1852 [01:29<00:21, 18.19it/s]Train:  79%|███████▉  | 1467/1852 [01:30<00:20, 18.71it/s]Train:  79%|███████▉  | 1470/1852 [01:30<00:19, 20.02it/s]Train:  80%|███████▉  | 1473/1852 [01:30<00:18, 20.01it/s]Train:  80%|███████▉  | 1476/1852 [01:30<00:23, 16.09it/s]Train:  80%|███████▉  | 1478/1852 [01:30<00:22, 16.64it/s]Train:  80%|███████▉  | 1481/1852 [01:30<00:20, 18.01it/s]Train:  80%|████████  | 1484/1852 [01:30<00:19, 19.13it/s]Train:  80%|████████  | 1486/1852 [01:31<00:22, 16.13it/s]Train:  80%|████████  | 1489/1852 [01:31<00:20, 17.70it/s]Train:  81%|████████  | 1491/1852 [01:31<00:20, 17.96it/s]Train:  81%|████████  | 1493/1852 [01:31<00:19, 18.18it/s]Train:  81%|████████  | 1495/1852 [01:31<00:19, 18.35it/s]Train:  81%|████████  | 1498/1852 [01:31<00:18, 19.35it/s]Train:  81%|████████  | 1501/1852 [01:31<00:17, 19.88it/s]Train:  81%|████████  | 1504/1852 [01:31<00:17, 20.12it/s]Train:  81%|████████▏ | 1507/1852 [01:32<00:16, 20.78it/s]Train:  82%|████████▏ | 1510/1852 [01:32<00:16, 20.95it/s]Train:  82%|████████▏ | 1513/1852 [01:32<00:15, 21.71it/s]Train:  82%|████████▏ | 1516/1852 [01:32<00:15, 21.56it/s]Train:  82%|████████▏ | 1519/1852 [01:32<00:16, 20.68it/s]Train:  82%|████████▏ | 1522/1852 [01:32<00:16, 20.07it/s]Train:  82%|████████▏ | 1525/1852 [01:33<00:16, 19.85it/s]Train:  82%|████████▏ | 1527/1852 [01:33<00:16, 19.58it/s]Train:  83%|████████▎ | 1529/1852 [01:33<00:16, 19.38it/s]Train:  83%|████████▎ | 1531/1852 [01:33<00:16, 19.20it/s]Train:  83%|████████▎ | 1533/1852 [01:33<00:16, 19.09it/s]Train:  83%|████████▎ | 1535/1852 [01:33<00:16, 19.01it/s]Train:  83%|████████▎ | 1538/1852 [01:33<00:16, 19.44it/s]Train:  83%|████████▎ | 1541/1852 [01:33<00:15, 20.14it/s]Train:  83%|████████▎ | 1544/1852 [01:33<00:15, 20.31it/s]Train:  84%|████████▎ | 1547/1852 [01:34<00:14, 20.42it/s]Train:  84%|████████▎ | 1550/1852 [01:34<00:15, 20.12it/s]Train:  84%|████████▍ | 1553/1852 [01:34<00:14, 20.05it/s]Train:  84%|████████▍ | 1556/1852 [01:34<00:14, 19.74it/s]Train:  84%|████████▍ | 1558/1852 [01:34<00:14, 19.78it/s]Train:  84%|████████▍ | 1560/1852 [01:34<00:14, 19.73it/s]Train:  84%|████████▍ | 1563/1852 [01:34<00:14, 20.06it/s]Train:  85%|████████▍ | 1566/1852 [01:35<00:14, 20.42it/s]Train:  85%|████████▍ | 1569/1852 [01:35<00:17, 15.99it/s]Train:  85%|████████▍ | 1572/1852 [01:35<00:16, 17.17it/s]Train:  85%|████████▍ | 1574/1852 [01:35<00:15, 17.68it/s]Train:  85%|████████▌ | 1576/1852 [01:35<00:15, 17.95it/s]Train:  85%|████████▌ | 1579/1852 [01:35<00:14, 18.79it/s]Train:  85%|████████▌ | 1582/1852 [01:35<00:13, 19.37it/s]Train:  86%|████████▌ | 1584/1852 [01:36<00:13, 19.45it/s]Train:  86%|████████▌ | 1586/1852 [01:36<00:13, 19.28it/s]Train:  86%|████████▌ | 1588/1852 [01:36<00:13, 19.14it/s]Train:  86%|████████▌ | 1590/1852 [01:36<00:18, 14.52it/s]Train:  86%|████████▌ | 1592/1852 [01:36<00:16, 15.47it/s]Train:  86%|████████▌ | 1594/1852 [01:36<00:15, 16.30it/s]Train:  86%|████████▌ | 1597/1852 [01:36<00:14, 17.52it/s]Train:  86%|████████▋ | 1599/1852 [01:37<00:14, 17.83it/s]Train:  87%|████████▋ | 1602/1852 [01:37<00:13, 18.63it/s]Train:  87%|████████▋ | 1605/1852 [01:37<00:12, 19.12it/s]Train:  87%|████████▋ | 1607/1852 [01:37<00:12, 19.05it/s]Train:  87%|████████▋ | 1609/1852 [01:37<00:12, 19.03it/s]Train:  87%|████████▋ | 1612/1852 [01:37<00:12, 19.59it/s]Train:  87%|████████▋ | 1614/1852 [01:37<00:12, 19.61it/s]Train:  87%|████████▋ | 1616/1852 [01:37<00:11, 19.70it/s]Train:  87%|████████▋ | 1618/1852 [01:37<00:12, 19.47it/s]Train:  88%|████████▊ | 1621/1852 [01:38<00:11, 19.87it/s]Train:  88%|████████▊ | 1623/1852 [01:38<00:11, 19.58it/s]Train:  88%|████████▊ | 1625/1852 [01:38<00:11, 19.63it/s]Train:  88%|████████▊ | 1628/1852 [01:38<00:11, 20.07it/s]Train:  88%|████████▊ | 1630/1852 [01:38<00:11, 19.74it/s]Train:  88%|████████▊ | 1633/1852 [01:38<00:10, 20.50it/s]Train:  88%|████████▊ | 1636/1852 [01:38<00:10, 20.58it/s]Train:  88%|████████▊ | 1639/1852 [01:38<00:10, 20.94it/s]Train:  89%|████████▊ | 1642/1852 [01:39<00:10, 20.17it/s]Train:  89%|████████▉ | 1645/1852 [01:39<00:10, 20.28it/s]Train:  89%|████████▉ | 1648/1852 [01:39<00:10, 20.08it/s]Train:  89%|████████▉ | 1651/1852 [01:39<00:10, 19.61it/s]Train:  89%|████████▉ | 1653/1852 [01:39<00:10, 19.39it/s]Train:  89%|████████▉ | 1655/1852 [01:39<00:10, 19.47it/s]Train:  89%|████████▉ | 1657/1852 [01:40<00:12, 15.50it/s]Train:  90%|████████▉ | 1659/1852 [01:40<00:11, 16.36it/s]Train:  90%|████████▉ | 1661/1852 [01:40<00:11, 17.08it/s]Train:  90%|████████▉ | 1663/1852 [01:40<00:10, 17.76it/s]Train:  90%|████████▉ | 1665/1852 [01:40<00:10, 18.10it/s]Train:  90%|█████████ | 1667/1852 [01:40<00:10, 18.26it/s]Train:  90%|█████████ | 1669/1852 [01:40<00:09, 18.63it/s]Train:  90%|█████████ | 1671/1852 [01:40<00:09, 18.87it/s]Train:  90%|█████████ | 1673/1852 [01:40<00:09, 19.06it/s]Train:  90%|█████████ | 1676/1852 [01:40<00:08, 19.69it/s]Train:  91%|█████████ | 1678/1852 [01:41<00:11, 15.57it/s]Train:  91%|█████████ | 1680/1852 [01:41<00:10, 16.28it/s]Train:  91%|█████████ | 1682/1852 [01:41<00:12, 13.57it/s]Train:  91%|█████████ | 1684/1852 [01:41<00:11, 14.85it/s]Train:  91%|█████████ | 1687/1852 [01:41<00:09, 16.65it/s]Train:  91%|█████████ | 1689/1852 [01:41<00:09, 17.19it/s]Train:  91%|█████████▏| 1691/1852 [01:41<00:09, 17.77it/s]Train:  91%|█████████▏| 1693/1852 [01:42<00:08, 18.23it/s]Train:  92%|█████████▏| 1695/1852 [01:42<00:08, 18.39it/s]Train:  92%|█████████▏| 1697/1852 [01:42<00:08, 18.63it/s]Train:  92%|█████████▏| 1699/1852 [01:42<00:08, 18.96it/s]Train:  92%|█████████▏| 1701/1852 [01:42<00:07, 19.14it/s]Train:  92%|█████████▏| 1703/1852 [01:42<00:07, 19.06it/s]Train:  92%|█████████▏| 1706/1852 [01:42<00:07, 19.38it/s]Train:  92%|█████████▏| 1708/1852 [01:42<00:07, 19.47it/s]Train:  92%|█████████▏| 1710/1852 [01:42<00:07, 19.29it/s]Train:  92%|█████████▏| 1713/1852 [01:43<00:07, 19.66it/s]Train:  93%|█████████▎| 1715/1852 [01:43<00:07, 19.43it/s]Train:  93%|█████████▎| 1717/1852 [01:43<00:07, 19.24it/s]Train:  93%|█████████▎| 1720/1852 [01:43<00:06, 19.62it/s]Train:  93%|█████████▎| 1722/1852 [01:43<00:06, 19.61it/s]Train:  93%|█████████▎| 1724/1852 [01:43<00:06, 19.61it/s]Train:  93%|█████████▎| 1726/1852 [01:43<00:06, 19.43it/s]Train:  93%|█████████▎| 1729/1852 [01:43<00:06, 20.11it/s]Train:  94%|█████████▎| 1732/1852 [01:44<00:05, 20.39it/s]Train:  94%|█████████▎| 1735/1852 [01:44<00:05, 19.93it/s]Train:  94%|█████████▍| 1737/1852 [01:44<00:05, 19.68it/s]Train:  94%|█████████▍| 1740/1852 [01:44<00:05, 20.23it/s]Train:  94%|█████████▍| 1743/1852 [01:44<00:05, 19.91it/s]Train:  94%|█████████▍| 1746/1852 [01:44<00:05, 20.59it/s]Train:  94%|█████████▍| 1749/1852 [01:44<00:05, 20.04it/s]Train:  95%|█████████▍| 1752/1852 [01:45<00:04, 21.01it/s]Train:  95%|█████████▍| 1755/1852 [01:45<00:04, 21.09it/s]Train:  95%|█████████▍| 1758/1852 [01:45<00:04, 20.72it/s]Train:  95%|█████████▌| 1761/1852 [01:45<00:04, 20.29it/s]Train:  95%|█████████▌| 1764/1852 [01:45<00:04, 20.00it/s]Train:  95%|█████████▌| 1767/1852 [01:45<00:04, 20.52it/s]Train:  96%|█████████▌| 1770/1852 [01:45<00:03, 20.51it/s]Train:  96%|█████████▌| 1773/1852 [01:46<00:03, 21.60it/s]Train:  96%|█████████▌| 1776/1852 [01:46<00:03, 21.28it/s]Train:  96%|█████████▌| 1779/1852 [01:46<00:03, 20.49it/s]Train:  96%|█████████▌| 1782/1852 [01:46<00:04, 16.36it/s]Train:  96%|█████████▋| 1784/1852 [01:46<00:04, 16.83it/s]Train:  96%|█████████▋| 1787/1852 [01:46<00:03, 17.70it/s]Train:  97%|█████████▋| 1790/1852 [01:47<00:03, 18.52it/s]Train:  97%|█████████▋| 1793/1852 [01:47<00:03, 19.04it/s]Train:  97%|█████████▋| 1795/1852 [01:47<00:02, 19.22it/s]Train:  97%|█████████▋| 1798/1852 [01:47<00:02, 19.47it/s]Train:  97%|█████████▋| 1800/1852 [01:47<00:03, 16.03it/s]Train:  97%|█████████▋| 1802/1852 [01:47<00:03, 16.59it/s]Train:  97%|█████████▋| 1805/1852 [01:47<00:02, 18.43it/s]Train:  98%|█████████▊| 1807/1852 [01:47<00:02, 18.79it/s]Train:  98%|█████████▊| 1809/1852 [01:48<00:02, 18.88it/s]Train:  98%|█████████▊| 1811/1852 [01:48<00:02, 18.87it/s]Train:  98%|█████████▊| 1814/1852 [01:48<00:01, 19.56it/s]Train:  98%|█████████▊| 1817/1852 [01:48<00:01, 19.77it/s]Train:  98%|█████████▊| 1819/1852 [01:48<00:01, 19.52it/s]Train:  98%|█████████▊| 1821/1852 [01:48<00:01, 19.34it/s]Train:  98%|█████████▊| 1824/1852 [01:48<00:01, 19.52it/s]Train:  99%|█████████▊| 1826/1852 [01:48<00:01, 19.36it/s]Train:  99%|█████████▊| 1828/1852 [01:49<00:01, 19.00it/s]Train:  99%|█████████▉| 1831/1852 [01:49<00:01, 20.32it/s]Train:  99%|█████████▉| 1834/1852 [01:49<00:00, 20.39it/s]Train:  99%|█████████▉| 1837/1852 [01:49<00:00, 20.07it/s]Train:  99%|█████████▉| 1840/1852 [01:49<00:00, 20.02it/s]Train:  99%|█████████▉| 1842/1852 [01:49<00:00, 19.77it/s]Train: 100%|█████████▉| 1844/1852 [01:49<00:00, 19.72it/s]Train: 100%|█████████▉| 1846/1852 [01:49<00:00, 19.45it/s]Train: 100%|█████████▉| 1848/1852 [01:50<00:00, 19.28it/s]Train: 100%|█████████▉| 1850/1852 [01:50<00:00, 19.17it/s]Train: 100%|██████████| 1852/1852 [01:50<00:00, 14.75it/s]Train: 100%|██████████| 1852/1852 [01:50<00:00, 16.78it/s]
Train:   0%|          | 0/1852 [00:00<?, ?it/s]Train:   0%|          | 1/1852 [00:00<11:15,  2.74it/s]Train:   0%|          | 4/1852 [00:00<03:18,  9.33it/s]Train:   0%|          | 7/1852 [00:00<02:14, 13.67it/s]Train:   0%|          | 9/1852 [00:00<02:02, 15.08it/s]Train:   1%|          | 11/1852 [00:00<01:52, 16.32it/s]Train:   1%|          | 13/1852 [00:00<01:47, 17.04it/s]Train:   1%|          | 16/1852 [00:01<01:39, 18.41it/s]Train:   1%|          | 19/1852 [00:01<01:35, 19.25it/s]Train:   1%|          | 21/1852 [00:01<01:34, 19.38it/s]Train:   1%|          | 23/1852 [00:01<01:34, 19.46it/s]Train:   1%|▏         | 26/1852 [00:01<01:32, 19.77it/s]Train:   2%|▏         | 29/1852 [00:01<01:27, 20.89it/s]Train:   2%|▏         | 32/1852 [00:01<01:28, 20.64it/s]Train:   2%|▏         | 35/1852 [00:02<01:30, 20.10it/s]Train:   2%|▏         | 38/1852 [00:02<01:32, 19.67it/s]Train:   2%|▏         | 41/1852 [00:02<01:29, 20.15it/s]Train:   2%|▏         | 44/1852 [00:02<01:27, 20.73it/s]Train:   3%|▎         | 47/1852 [00:02<01:28, 20.37it/s]Train:   3%|▎         | 50/1852 [00:02<01:29, 20.09it/s]Train:   3%|▎         | 53/1852 [00:03<01:50, 16.27it/s]Train:   3%|▎         | 56/1852 [00:03<01:44, 17.26it/s]Train:   3%|▎         | 59/1852 [00:03<01:38, 18.15it/s]Train:   3%|▎         | 61/1852 [00:03<01:37, 18.30it/s]Train:   3%|▎         | 63/1852 [00:03<01:35, 18.65it/s]Train:   4%|▎         | 65/1852 [00:03<01:37, 18.34it/s]Train:   4%|▎         | 67/1852 [00:03<01:36, 18.47it/s]Train:   4%|▍         | 70/1852 [00:03<01:33, 19.06it/s]Train:   4%|▍         | 73/1852 [00:04<01:30, 19.64it/s]Train:   4%|▍         | 75/1852 [00:04<01:31, 19.46it/s]Train:   4%|▍         | 77/1852 [00:04<01:31, 19.32it/s]Train:   4%|▍         | 79/1852 [00:04<01:32, 19.09it/s]Train:   4%|▍         | 82/1852 [00:04<01:31, 19.30it/s]Train:   5%|▍         | 85/1852 [00:04<01:29, 19.74it/s]Train:   5%|▍         | 87/1852 [00:04<01:30, 19.57it/s]Train:   5%|▍         | 90/1852 [00:04<01:26, 20.43it/s]Train:   5%|▌         | 93/1852 [00:05<01:23, 20.95it/s]Train:   5%|▌         | 96/1852 [00:05<01:23, 21.11it/s]Train:   5%|▌         | 99/1852 [00:05<01:22, 21.32it/s]Train:   6%|▌         | 102/1852 [00:05<01:25, 20.51it/s]Train:   6%|▌         | 105/1852 [00:05<01:25, 20.47it/s]Train:   6%|▌         | 108/1852 [00:05<01:26, 20.20it/s]Train:   6%|▌         | 111/1852 [00:05<01:26, 20.14it/s]Train:   6%|▌         | 114/1852 [00:06<01:24, 20.57it/s]Train:   6%|▋         | 117/1852 [00:06<01:26, 20.00it/s]Train:   6%|▋         | 120/1852 [00:06<01:26, 20.03it/s]Train:   7%|▋         | 123/1852 [00:06<01:23, 20.69it/s]Train:   7%|▋         | 126/1852 [00:06<01:25, 20.25it/s]Train:   7%|▋         | 129/1852 [00:06<01:25, 20.15it/s]Train:   7%|▋         | 132/1852 [00:06<01:25, 20.14it/s]Train:   7%|▋         | 135/1852 [00:07<01:26, 19.90it/s]Train:   7%|▋         | 137/1852 [00:07<01:26, 19.81it/s]Train:   8%|▊         | 140/1852 [00:07<01:23, 20.41it/s]Train:   8%|▊         | 143/1852 [00:07<01:23, 20.47it/s]Train:   8%|▊         | 146/1852 [00:07<01:22, 20.80it/s]Train:   8%|▊         | 149/1852 [00:07<01:21, 20.77it/s]Train:   8%|▊         | 152/1852 [00:07<01:21, 20.91it/s]Train:   8%|▊         | 155/1852 [00:08<01:19, 21.25it/s]Train:   9%|▊         | 158/1852 [00:08<01:20, 21.08it/s]Train:   9%|▊         | 161/1852 [00:08<01:20, 21.09it/s]Train:   9%|▉         | 164/1852 [00:08<01:17, 21.67it/s]Train:   9%|▉         | 167/1852 [00:08<01:20, 20.83it/s]Train:   9%|▉         | 170/1852 [00:08<01:22, 20.36it/s]Train:   9%|▉         | 173/1852 [00:09<01:44, 16.00it/s]Train:   9%|▉         | 175/1852 [00:09<01:40, 16.68it/s]Train:  10%|▉         | 178/1852 [00:09<01:34, 17.77it/s]Train:  10%|▉         | 180/1852 [00:09<01:32, 17.99it/s]Train:  10%|▉         | 182/1852 [00:09<01:31, 18.21it/s]Train:  10%|▉         | 184/1852 [00:09<01:30, 18.36it/s]Train:  10%|█         | 187/1852 [00:09<01:25, 19.39it/s]Train:  10%|█         | 190/1852 [00:09<01:24, 19.68it/s]Train:  10%|█         | 193/1852 [00:10<01:22, 20.01it/s]Train:  11%|█         | 196/1852 [00:10<01:24, 19.67it/s]Train:  11%|█         | 198/1852 [00:10<01:24, 19.47it/s]Train:  11%|█         | 201/1852 [00:10<01:24, 19.65it/s]Train:  11%|█         | 204/1852 [00:10<01:17, 21.30it/s]Train:  11%|█         | 207/1852 [00:10<01:20, 20.41it/s]Train:  11%|█▏        | 210/1852 [00:10<01:21, 20.17it/s]Train:  12%|█▏        | 213/1852 [00:11<01:20, 20.33it/s]Train:  12%|█▏        | 216/1852 [00:11<01:22, 19.84it/s]Train:  12%|█▏        | 218/1852 [00:11<01:22, 19.81it/s]Train:  12%|█▏        | 221/1852 [00:11<01:18, 20.76it/s]Train:  12%|█▏        | 224/1852 [00:11<01:18, 20.67it/s]Train:  12%|█▏        | 227/1852 [00:11<01:19, 20.50it/s]Train:  12%|█▏        | 230/1852 [00:11<01:18, 20.63it/s]Train:  13%|█▎        | 233/1852 [00:12<01:18, 20.62it/s]Train:  13%|█▎        | 236/1852 [00:12<01:18, 20.59it/s]Train:  13%|█▎        | 239/1852 [00:12<01:20, 19.99it/s]Train:  13%|█▎        | 242/1852 [00:12<01:21, 19.67it/s]Train:  13%|█▎        | 244/1852 [00:12<01:22, 19.43it/s]Train:  13%|█▎        | 246/1852 [00:12<01:22, 19.47it/s]Train:  13%|█▎        | 248/1852 [00:12<01:23, 19.30it/s]Train:  14%|█▎        | 251/1852 [00:12<01:21, 19.74it/s]Train:  14%|█▎        | 253/1852 [00:13<01:20, 19.76it/s]Train:  14%|█▍        | 255/1852 [00:13<01:22, 19.46it/s]Train:  14%|█▍        | 258/1852 [00:13<01:21, 19.61it/s]Train:  14%|█▍        | 260/1852 [00:13<01:20, 19.68it/s]Train:  14%|█▍        | 262/1852 [00:13<01:21, 19.50it/s]Train:  14%|█▍        | 265/1852 [00:13<01:19, 20.08it/s]Train:  14%|█▍        | 267/1852 [00:13<01:20, 19.79it/s]Train:  15%|█▍        | 269/1852 [00:13<01:20, 19.75it/s]Train:  15%|█▍        | 271/1852 [00:13<01:20, 19.70it/s]Train:  15%|█▍        | 274/1852 [00:14<01:15, 20.82it/s]Train:  15%|█▍        | 277/1852 [00:14<01:16, 20.72it/s]Train:  15%|█▌        | 280/1852 [00:14<01:18, 20.10it/s]Train:  15%|█▌        | 283/1852 [00:14<01:18, 19.87it/s]Train:  15%|█▌        | 285/1852 [00:14<01:19, 19.61it/s]Train:  15%|█▌        | 287/1852 [00:14<01:19, 19.68it/s]Train:  16%|█▌        | 290/1852 [00:14<01:18, 19.90it/s]Train:  16%|█▌        | 292/1852 [00:15<01:19, 19.60it/s]Train:  16%|█▌        | 294/1852 [00:15<01:19, 19.70it/s]Train:  16%|█▌        | 296/1852 [00:15<01:18, 19.72it/s]Train:  16%|█▌        | 299/1852 [00:15<01:17, 20.12it/s]Train:  16%|█▋        | 302/1852 [00:15<01:16, 20.34it/s]Train:  16%|█▋        | 305/1852 [00:15<01:15, 20.46it/s]Train:  17%|█▋        | 308/1852 [00:15<01:13, 21.10it/s]Train:  17%|█▋        | 311/1852 [00:15<01:15, 20.33it/s]Train:  17%|█▋        | 314/1852 [00:16<01:17, 19.85it/s]Train:  17%|█▋        | 316/1852 [00:16<01:17, 19.79it/s]Train:  17%|█▋        | 318/1852 [00:16<01:17, 19.81it/s]Train:  17%|█▋        | 320/1852 [00:16<01:17, 19.77it/s]Train:  17%|█▋        | 322/1852 [00:16<01:18, 19.49it/s]Train:  18%|█▊        | 325/1852 [00:16<01:17, 19.79it/s]Train:  18%|█▊        | 328/1852 [00:16<01:16, 20.05it/s]Train:  18%|█▊        | 330/1852 [00:16<01:17, 19.69it/s]Train:  18%|█▊        | 333/1852 [00:17<01:16, 19.87it/s]Train:  18%|█▊        | 335/1852 [00:17<01:16, 19.82it/s]Train:  18%|█▊        | 338/1852 [00:17<01:15, 20.11it/s]Train:  18%|█▊        | 341/1852 [00:17<01:16, 19.65it/s]Train:  19%|█▊        | 343/1852 [00:17<01:17, 19.47it/s]Train:  19%|█▊        | 346/1852 [00:17<01:12, 20.72it/s]Train:  19%|█▉        | 349/1852 [00:17<01:12, 20.81it/s]Train:  19%|█▉        | 352/1852 [00:17<01:11, 21.04it/s]Train:  19%|█▉        | 355/1852 [00:18<01:11, 20.90it/s]Train:  19%|█▉        | 358/1852 [00:18<01:13, 20.37it/s]Train:  19%|█▉        | 361/1852 [00:18<01:15, 19.88it/s]Train:  20%|█▉        | 363/1852 [00:18<01:15, 19.64it/s]Train:  20%|█▉        | 366/1852 [00:18<01:28, 16.75it/s]Train:  20%|█▉        | 368/1852 [00:18<01:26, 17.13it/s]Train:  20%|█▉        | 370/1852 [00:19<01:24, 17.52it/s]Train:  20%|██        | 372/1852 [00:19<01:23, 17.83it/s]Train:  20%|██        | 374/1852 [00:19<01:20, 18.36it/s]Train:  20%|██        | 377/1852 [00:19<01:17, 19.04it/s]Train:  20%|██        | 379/1852 [00:19<01:16, 19.18it/s]Train:  21%|██        | 381/1852 [00:19<01:17, 19.09it/s]Train:  21%|██        | 384/1852 [00:19<01:14, 19.70it/s]Train:  21%|██        | 387/1852 [00:19<01:10, 20.67it/s]Train:  21%|██        | 390/1852 [00:19<01:10, 20.60it/s]Train:  21%|██        | 393/1852 [00:20<01:09, 20.98it/s]Train:  21%|██▏       | 396/1852 [00:20<01:11, 20.23it/s]Train:  22%|██▏       | 399/1852 [00:20<01:12, 20.09it/s]Train:  22%|██▏       | 402/1852 [00:20<01:13, 19.86it/s]Train:  22%|██▏       | 404/1852 [00:20<01:13, 19.60it/s]Train:  22%|██▏       | 407/1852 [00:20<01:12, 19.92it/s]Train:  22%|██▏       | 409/1852 [00:20<01:13, 19.63it/s]Train:  22%|██▏       | 412/1852 [00:21<01:10, 20.39it/s]Train:  22%|██▏       | 415/1852 [00:21<01:11, 20.00it/s]Train:  23%|██▎       | 418/1852 [00:21<01:09, 20.67it/s]Train:  23%|██▎       | 421/1852 [00:21<01:11, 20.08it/s]Train:  23%|██▎       | 424/1852 [00:21<01:12, 19.69it/s]Train:  23%|██▎       | 426/1852 [00:21<01:13, 19.45it/s]Train:  23%|██▎       | 429/1852 [00:21<01:10, 20.26it/s]Train:  23%|██▎       | 432/1852 [00:22<01:10, 20.25it/s]Train:  23%|██▎       | 435/1852 [00:22<01:09, 20.40it/s]Train:  24%|██▎       | 438/1852 [00:22<01:09, 20.49it/s]Train:  24%|██▍       | 441/1852 [00:22<01:08, 20.71it/s]Train:  24%|██▍       | 444/1852 [00:22<01:08, 20.52it/s]Train:  24%|██▍       | 447/1852 [00:22<01:10, 19.96it/s]Train:  24%|██▍       | 450/1852 [00:22<01:10, 19.77it/s]Train:  24%|██▍       | 452/1852 [00:23<01:11, 19.60it/s]Train:  25%|██▍       | 455/1852 [00:23<01:09, 20.07it/s]Train:  25%|██▍       | 458/1852 [00:23<01:09, 20.08it/s]Train:  25%|██▍       | 461/1852 [00:23<01:10, 19.66it/s]Train:  25%|██▌       | 464/1852 [00:23<01:09, 19.94it/s]Train:  25%|██▌       | 467/1852 [00:23<01:09, 20.04it/s]Train:  25%|██▌       | 470/1852 [00:23<01:08, 20.27it/s]Train:  26%|██▌       | 473/1852 [00:24<01:08, 20.02it/s]Train:  26%|██▌       | 476/1852 [00:24<01:08, 20.08it/s]Train:  26%|██▌       | 479/1852 [00:24<01:05, 20.85it/s]Train:  26%|██▌       | 482/1852 [00:24<01:04, 21.24it/s]Train:  26%|██▌       | 485/1852 [00:24<01:15, 18.05it/s]Train:  26%|██▋       | 487/1852 [00:24<01:14, 18.22it/s]Train:  26%|██▋       | 490/1852 [00:25<01:12, 18.67it/s]Train:  27%|██▋       | 493/1852 [00:25<01:10, 19.21it/s]Train:  27%|██▋       | 496/1852 [00:25<01:10, 19.36it/s]Train:  27%|██▋       | 498/1852 [00:25<01:10, 19.24it/s]Train:  27%|██▋       | 501/1852 [00:25<01:09, 19.44it/s]Train:  27%|██▋       | 503/1852 [00:25<01:12, 18.63it/s]Train:  27%|██▋       | 505/1852 [00:25<01:12, 18.68it/s]Train:  27%|██▋       | 507/1852 [00:25<01:11, 18.76it/s]Train:  27%|██▋       | 509/1852 [00:26<01:10, 19.00it/s]Train:  28%|██▊       | 511/1852 [00:26<01:10, 19.03it/s]Train:  28%|██▊       | 513/1852 [00:26<01:09, 19.29it/s]Train:  28%|██▊       | 516/1852 [00:26<01:06, 19.96it/s]Train:  28%|██▊       | 518/1852 [00:26<01:07, 19.68it/s]Train:  28%|██▊       | 520/1852 [00:26<01:07, 19.77it/s]Train:  28%|██▊       | 522/1852 [00:26<01:07, 19.73it/s]Train:  28%|██▊       | 525/1852 [00:26<01:05, 20.11it/s]Train:  29%|██▊       | 528/1852 [00:26<01:05, 20.30it/s]Train:  29%|██▊       | 531/1852 [00:27<01:06, 19.77it/s]Train:  29%|██▉       | 534/1852 [00:27<01:05, 20.18it/s]Train:  29%|██▉       | 537/1852 [00:27<01:05, 19.93it/s]Train:  29%|██▉       | 540/1852 [00:27<01:04, 20.29it/s]Train:  29%|██▉       | 543/1852 [00:27<01:03, 20.57it/s]Train:  29%|██▉       | 546/1852 [00:27<01:02, 21.00it/s]Train:  30%|██▉       | 549/1852 [00:27<01:03, 20.68it/s]Train:  30%|██▉       | 552/1852 [00:28<01:02, 20.66it/s]Train:  30%|██▉       | 555/1852 [00:28<01:01, 21.03it/s]Train:  30%|███       | 558/1852 [00:28<01:16, 16.97it/s]Train:  30%|███       | 560/1852 [00:28<01:13, 17.47it/s]Train:  30%|███       | 562/1852 [00:28<01:12, 17.77it/s]Train:  30%|███       | 564/1852 [00:28<01:10, 18.20it/s]Train:  31%|███       | 566/1852 [00:28<01:10, 18.35it/s]Train:  31%|███       | 568/1852 [00:29<01:08, 18.65it/s]Train:  31%|███       | 570/1852 [00:29<01:08, 18.71it/s]Train:  31%|███       | 573/1852 [00:29<01:03, 20.10it/s]Train:  31%|███       | 576/1852 [00:29<01:02, 20.44it/s]Train:  31%|███▏      | 579/1852 [00:29<01:00, 20.98it/s]Train:  31%|███▏      | 582/1852 [00:29<01:00, 21.08it/s]Train:  32%|███▏      | 585/1852 [00:29<01:01, 20.59it/s]Train:  32%|███▏      | 588/1852 [00:30<01:02, 20.21it/s]Train:  32%|███▏      | 591/1852 [00:30<01:01, 20.55it/s]Train:  32%|███▏      | 594/1852 [00:30<01:00, 20.76it/s]Train:  32%|███▏      | 597/1852 [00:30<01:00, 20.61it/s]Train:  32%|███▏      | 600/1852 [00:30<01:02, 19.96it/s]Train:  33%|███▎      | 603/1852 [00:30<01:02, 19.99it/s]Train:  33%|███▎      | 606/1852 [00:30<01:02, 19.81it/s]Train:  33%|███▎      | 609/1852 [00:31<01:00, 20.62it/s]Train:  33%|███▎      | 612/1852 [00:31<01:01, 20.20it/s]Train:  33%|███▎      | 615/1852 [00:31<01:01, 20.24it/s]Train:  33%|███▎      | 618/1852 [00:31<00:59, 20.60it/s]Train:  34%|███▎      | 621/1852 [00:31<01:00, 20.24it/s]Train:  34%|███▎      | 624/1852 [00:31<01:01, 19.96it/s]Train:  34%|███▍      | 627/1852 [00:31<00:59, 20.75it/s]Train:  34%|███▍      | 630/1852 [00:32<00:58, 20.80it/s]Train:  34%|███▍      | 633/1852 [00:32<00:58, 20.74it/s]Train:  34%|███▍      | 636/1852 [00:32<00:58, 20.62it/s]Train:  35%|███▍      | 639/1852 [00:32<00:57, 21.22it/s]Train:  35%|███▍      | 642/1852 [00:32<00:59, 20.45it/s]Train:  35%|███▍      | 645/1852 [00:32<01:00, 19.94it/s]Train:  35%|███▍      | 648/1852 [00:32<00:58, 20.57it/s]Train:  35%|███▌      | 651/1852 [00:33<01:00, 20.01it/s]Train:  35%|███▌      | 654/1852 [00:33<01:00, 19.68it/s]Train:  35%|███▌      | 656/1852 [00:33<01:00, 19.65it/s]Train:  36%|███▌      | 658/1852 [00:33<01:01, 19.45it/s]Train:  36%|███▌      | 660/1852 [00:33<01:01, 19.28it/s]Train:  36%|███▌      | 663/1852 [00:33<00:58, 20.37it/s]Train:  36%|███▌      | 666/1852 [00:33<00:59, 19.80it/s]Train:  36%|███▌      | 669/1852 [00:34<00:58, 20.14it/s]Train:  36%|███▋      | 672/1852 [00:34<00:59, 19.76it/s]Train:  36%|███▋      | 675/1852 [00:34<00:58, 20.10it/s]Train:  37%|███▋      | 678/1852 [00:34<00:59, 19.88it/s]Train:  37%|███▋      | 680/1852 [00:34<00:59, 19.68it/s]Train:  37%|███▋      | 682/1852 [00:34<00:59, 19.65it/s]Train:  37%|███▋      | 685/1852 [00:34<00:57, 20.20it/s]Train:  37%|███▋      | 688/1852 [00:34<00:57, 20.21it/s]Train:  37%|███▋      | 691/1852 [00:35<00:58, 19.75it/s]Train:  37%|███▋      | 694/1852 [00:35<00:55, 20.76it/s]Train:  38%|███▊      | 697/1852 [00:35<00:56, 20.31it/s]Train:  38%|███▊      | 700/1852 [00:35<00:57, 20.03it/s]Train:  38%|███▊      | 703/1852 [00:35<00:57, 19.81it/s]Train:  38%|███▊      | 706/1852 [00:35<00:56, 20.29it/s]Train:  38%|███▊      | 709/1852 [00:35<00:54, 20.91it/s]Train:  38%|███▊      | 712/1852 [00:36<00:56, 20.26it/s]Train:  39%|███▊      | 715/1852 [00:36<00:57, 19.83it/s]Train:  39%|███▊      | 717/1852 [00:36<00:57, 19.78it/s]Train:  39%|███▉      | 720/1852 [00:36<00:56, 19.97it/s]Train:  39%|███▉      | 722/1852 [00:36<00:56, 19.97it/s]Train:  39%|███▉      | 724/1852 [00:36<00:56, 19.97it/s]Train:  39%|███▉      | 726/1852 [00:36<00:57, 19.70it/s]Train:  39%|███▉      | 729/1852 [00:37<00:55, 20.06it/s]Train:  40%|███▉      | 732/1852 [00:37<00:54, 20.45it/s]Train:  40%|███▉      | 735/1852 [00:37<00:53, 20.99it/s]Train:  40%|███▉      | 738/1852 [00:37<00:54, 20.41it/s]Train:  40%|████      | 741/1852 [00:37<00:54, 20.34it/s]Train:  40%|████      | 744/1852 [00:37<00:55, 19.86it/s]Train:  40%|████      | 747/1852 [00:37<00:53, 20.55it/s]Train:  40%|████      | 750/1852 [00:38<00:52, 20.84it/s]Train:  41%|████      | 753/1852 [00:38<00:53, 20.44it/s]Train:  41%|████      | 756/1852 [00:38<00:54, 19.95it/s]Train:  41%|████      | 759/1852 [00:38<00:55, 19.82it/s]Train:  41%|████      | 761/1852 [00:38<00:54, 19.85it/s]Train:  41%|████      | 763/1852 [00:38<00:55, 19.61it/s]Train:  41%|████▏     | 765/1852 [00:38<00:55, 19.62it/s]Train:  41%|████▏     | 767/1852 [00:38<00:55, 19.62it/s]Train:  42%|████▏     | 769/1852 [00:39<00:55, 19.47it/s]Train:  42%|████▏     | 772/1852 [00:39<00:54, 19.94it/s]Train:  42%|████▏     | 774/1852 [00:39<00:54, 19.76it/s]Train:  42%|████▏     | 776/1852 [00:39<00:54, 19.80it/s]Train:  42%|████▏     | 779/1852 [00:39<00:53, 20.07it/s]Train:  42%|████▏     | 781/1852 [00:39<00:54, 19.71it/s]Train:  42%|████▏     | 784/1852 [00:39<00:52, 20.20it/s]Train:  42%|████▏     | 787/1852 [00:39<00:50, 21.14it/s]Train:  43%|████▎     | 790/1852 [00:40<00:50, 21.20it/s]Train:  43%|████▎     | 793/1852 [00:40<00:50, 21.01it/s]Train:  43%|████▎     | 796/1852 [00:40<00:51, 20.46it/s]Train:  43%|████▎     | 799/1852 [00:40<00:51, 20.30it/s]Train:  43%|████▎     | 802/1852 [00:40<00:52, 20.07it/s]Train:  43%|████▎     | 805/1852 [00:40<00:51, 20.31it/s]Train:  44%|████▎     | 808/1852 [00:40<00:51, 20.30it/s]Train:  44%|████▍     | 811/1852 [00:41<00:51, 20.08it/s]Train:  44%|████▍     | 814/1852 [00:41<00:52, 19.90it/s]Train:  44%|████▍     | 816/1852 [00:41<00:52, 19.66it/s]Train:  44%|████▍     | 819/1852 [00:41<00:51, 20.04it/s]Train:  44%|████▍     | 821/1852 [00:41<00:52, 19.73it/s]Train:  44%|████▍     | 823/1852 [00:41<01:04, 16.06it/s]Train:  45%|████▍     | 825/1852 [00:41<01:01, 16.81it/s]Train:  45%|████▍     | 828/1852 [00:42<00:55, 18.30it/s]Train:  45%|████▍     | 830/1852 [00:42<00:55, 18.36it/s]Train:  45%|████▍     | 833/1852 [00:42<00:53, 19.20it/s]Train:  45%|████▌     | 836/1852 [00:42<00:50, 20.27it/s]Train:  45%|████▌     | 839/1852 [00:42<00:49, 20.59it/s]Train:  45%|████▌     | 842/1852 [00:42<00:48, 20.64it/s]Train:  46%|████▌     | 845/1852 [00:42<00:49, 20.38it/s]Train:  46%|████▌     | 848/1852 [00:42<00:49, 20.37it/s]Train:  46%|████▌     | 851/1852 [00:43<00:50, 19.93it/s]Train:  46%|████▌     | 853/1852 [00:43<00:50, 19.63it/s]Train:  46%|████▌     | 855/1852 [00:43<00:50, 19.59it/s]Train:  46%|████▋     | 858/1852 [00:43<00:49, 20.25it/s]Train:  46%|████▋     | 861/1852 [00:43<00:47, 20.71it/s]Train:  47%|████▋     | 864/1852 [00:43<00:49, 20.01it/s]Train:  47%|████▋     | 867/1852 [00:43<00:49, 19.96it/s]Train:  47%|████▋     | 870/1852 [00:44<00:47, 20.47it/s]Train:  47%|████▋     | 873/1852 [00:44<00:48, 20.19it/s]Train:  47%|████▋     | 876/1852 [00:44<00:49, 19.81it/s]Train:  47%|████▋     | 878/1852 [00:44<00:49, 19.69it/s]Train:  48%|████▊     | 881/1852 [00:44<00:48, 19.84it/s]Train:  48%|████▊     | 883/1852 [00:44<00:49, 19.57it/s]Train:  48%|████▊     | 885/1852 [00:44<00:50, 19.32it/s]Train:  48%|████▊     | 887/1852 [00:44<00:50, 19.17it/s]Train:  48%|████▊     | 889/1852 [00:45<00:50, 19.05it/s]Train:  48%|████▊     | 891/1852 [00:45<00:50, 18.99it/s]Train:  48%|████▊     | 893/1852 [00:45<00:50, 18.86it/s]Train:  48%|████▊     | 896/1852 [00:45<00:49, 19.27it/s]Train:  49%|████▊     | 899/1852 [00:45<00:48, 19.47it/s]Train:  49%|████▊     | 901/1852 [00:45<00:49, 19.24it/s]Train:  49%|████▉     | 904/1852 [00:45<00:47, 19.94it/s]Train:  49%|████▉     | 906/1852 [00:45<00:47, 19.87it/s]Train:  49%|████▉     | 908/1852 [00:46<00:47, 19.81it/s]Train:  49%|████▉     | 910/1852 [00:46<00:48, 19.55it/s]Train:  49%|████▉     | 913/1852 [00:46<00:46, 20.02it/s]Train:  49%|████▉     | 915/1852 [00:46<00:47, 19.91it/s]Train:  50%|████▉     | 917/1852 [00:46<00:47, 19.61it/s]Train:  50%|████▉     | 919/1852 [00:46<00:47, 19.45it/s]Train:  50%|████▉     | 922/1852 [00:46<00:45, 20.41it/s]Train:  50%|████▉     | 925/1852 [00:46<00:46, 19.87it/s]Train:  50%|█████     | 927/1852 [00:46<00:46, 19.85it/s]Train:  50%|█████     | 929/1852 [00:47<00:47, 19.54it/s]Train:  50%|█████     | 931/1852 [00:47<00:47, 19.55it/s]Train:  50%|█████     | 933/1852 [00:47<00:47, 19.31it/s]Train:  50%|█████     | 935/1852 [00:47<00:47, 19.48it/s]Train:  51%|█████     | 937/1852 [00:47<00:47, 19.27it/s]Train:  51%|█████     | 939/1852 [00:47<00:47, 19.34it/s]Train:  51%|█████     | 941/1852 [00:47<00:46, 19.51it/s]Train:  51%|█████     | 943/1852 [00:47<00:46, 19.57it/s]Train:  51%|█████     | 946/1852 [00:47<00:45, 20.05it/s]Train:  51%|█████     | 948/1852 [00:48<00:45, 19.92it/s]Train:  51%|█████▏    | 950/1852 [00:48<00:45, 19.64it/s]Train:  51%|█████▏    | 952/1852 [00:48<00:46, 19.34it/s]Train:  52%|█████▏    | 954/1852 [00:48<00:46, 19.18it/s]Train:  52%|█████▏    | 956/1852 [00:48<00:46, 19.27it/s]Train:  52%|█████▏    | 958/1852 [00:48<00:46, 19.13it/s]Train:  52%|█████▏    | 960/1852 [00:48<00:46, 19.28it/s]Train:  52%|█████▏    | 963/1852 [00:48<00:45, 19.55it/s]Train:  52%|█████▏    | 965/1852 [00:48<00:45, 19.38it/s]Train:  52%|█████▏    | 968/1852 [00:49<00:43, 20.09it/s]Train:  52%|█████▏    | 971/1852 [00:49<00:42, 20.73it/s]Train:  53%|█████▎    | 974/1852 [00:49<00:43, 20.13it/s]Train:  53%|█████▎    | 977/1852 [00:49<00:43, 20.30it/s]Train:  53%|█████▎    | 980/1852 [00:49<00:44, 19.52it/s]Train:  53%|█████▎    | 983/1852 [00:49<00:43, 20.02it/s]Train:  53%|█████▎    | 986/1852 [00:49<00:43, 19.81it/s]Train:  53%|█████▎    | 988/1852 [00:50<00:44, 19.60it/s]Train:  53%|█████▎    | 990/1852 [00:50<00:43, 19.61it/s]Train:  54%|█████▎    | 992/1852 [00:50<00:43, 19.57it/s]Train:  54%|█████▎    | 995/1852 [00:50<00:43, 19.80it/s]Train:  54%|█████▍    | 997/1852 [00:50<00:43, 19.72it/s]Train:  54%|█████▍    | 1000/1852 [00:50<00:42, 20.01it/s]Train:  54%|█████▍    | 1002/1852 [00:50<00:43, 19.72it/s]Train:  54%|█████▍    | 1004/1852 [00:50<00:43, 19.69it/s]Train:  54%|█████▍    | 1007/1852 [00:51<00:40, 21.00it/s]Train:  55%|█████▍    | 1010/1852 [00:51<00:40, 20.75it/s]Train:  55%|█████▍    | 1013/1852 [00:51<00:40, 20.75it/s]Train:  55%|█████▍    | 1016/1852 [00:51<00:41, 20.37it/s]Train:  55%|█████▌    | 1019/1852 [00:51<00:39, 20.92it/s]Train:  55%|█████▌    | 1022/1852 [00:51<00:38, 21.30it/s]Train:  55%|█████▌    | 1025/1852 [00:51<00:39, 21.20it/s]Train:  56%|█████▌    | 1028/1852 [00:52<00:39, 20.67it/s]Train:  56%|█████▌    | 1031/1852 [00:52<00:40, 20.45it/s]Train:  56%|█████▌    | 1034/1852 [00:52<00:39, 20.50it/s]Train:  56%|█████▌    | 1037/1852 [00:52<00:40, 20.15it/s]Train:  56%|█████▌    | 1040/1852 [00:52<00:40, 20.01it/s]Train:  56%|█████▋    | 1043/1852 [00:52<00:40, 20.21it/s]Train:  56%|█████▋    | 1046/1852 [00:52<00:40, 19.95it/s]Train:  57%|█████▋    | 1048/1852 [00:53<00:40, 19.87it/s]Train:  57%|█████▋    | 1050/1852 [00:53<00:40, 19.59it/s]Train:  57%|█████▋    | 1052/1852 [00:53<00:40, 19.64it/s]Train:  57%|█████▋    | 1055/1852 [00:53<00:39, 19.96it/s]Train:  57%|█████▋    | 1058/1852 [00:53<00:39, 20.14it/s]Train:  57%|█████▋    | 1061/1852 [00:53<00:40, 19.70it/s]Train:  57%|█████▋    | 1063/1852 [00:53<00:40, 19.71it/s]Train:  58%|█████▊    | 1066/1852 [00:53<00:39, 19.76it/s]Train:  58%|█████▊    | 1069/1852 [00:54<00:39, 19.75it/s]Train:  58%|█████▊    | 1072/1852 [00:54<00:36, 21.12it/s]Train:  58%|█████▊    | 1075/1852 [00:54<00:35, 21.72it/s]Train:  58%|█████▊    | 1078/1852 [00:54<00:34, 22.52it/s]Train:  58%|█████▊    | 1081/1852 [00:54<00:35, 21.46it/s]Train:  59%|█████▊    | 1084/1852 [00:54<00:36, 20.78it/s]Train:  59%|█████▊    | 1087/1852 [00:54<00:36, 20.73it/s]Train:  59%|█████▉    | 1090/1852 [00:55<00:36, 20.69it/s]Train:  59%|█████▉    | 1093/1852 [00:55<00:35, 21.14it/s]Train:  59%|█████▉    | 1096/1852 [00:55<00:37, 20.38it/s]Train:  59%|█████▉    | 1099/1852 [00:55<00:37, 19.89it/s]Train:  60%|█████▉    | 1102/1852 [00:55<00:38, 19.56it/s]Train:  60%|█████▉    | 1104/1852 [00:55<00:38, 19.40it/s]Train:  60%|█████▉    | 1106/1852 [00:55<00:38, 19.22it/s]Train:  60%|█████▉    | 1109/1852 [00:56<00:37, 19.56it/s]Train:  60%|██████    | 1112/1852 [00:56<00:37, 19.83it/s]Train:  60%|██████    | 1114/1852 [00:56<00:37, 19.85it/s]Train:  60%|██████    | 1116/1852 [00:56<00:37, 19.79it/s]Train:  60%|██████    | 1118/1852 [00:56<00:37, 19.51it/s]Train:  61%|██████    | 1121/1852 [00:56<00:36, 20.20it/s]Train:  61%|██████    | 1124/1852 [00:56<00:36, 19.71it/s]Train:  61%|██████    | 1126/1852 [00:57<00:45, 16.01it/s]Train:  61%|██████    | 1128/1852 [00:57<00:43, 16.59it/s]Train:  61%|██████    | 1130/1852 [00:57<00:41, 17.31it/s]Train:  61%|██████    | 1132/1852 [00:57<00:40, 17.69it/s]Train:  61%|██████    | 1134/1852 [00:57<00:39, 18.00it/s]Train:  61%|██████▏   | 1137/1852 [00:57<00:37, 18.87it/s]Train:  62%|██████▏   | 1139/1852 [00:57<00:37, 18.85it/s]Train:  62%|██████▏   | 1142/1852 [00:57<00:35, 19.75it/s]Train:  62%|██████▏   | 1145/1852 [00:57<00:35, 20.06it/s]Train:  62%|██████▏   | 1148/1852 [00:58<00:34, 20.19it/s]Train:  62%|██████▏   | 1151/1852 [00:58<00:33, 20.82it/s]Train:  62%|██████▏   | 1154/1852 [00:58<00:34, 20.34it/s]Train:  62%|██████▏   | 1157/1852 [00:58<00:34, 20.39it/s]Train:  63%|██████▎   | 1160/1852 [00:58<00:34, 19.90it/s]Train:  63%|██████▎   | 1163/1852 [00:58<00:34, 20.18it/s]Train:  63%|██████▎   | 1166/1852 [00:58<00:32, 21.09it/s]Train:  63%|██████▎   | 1169/1852 [00:59<00:32, 20.85it/s]Train:  63%|██████▎   | 1172/1852 [00:59<00:32, 21.14it/s]Train:  63%|██████▎   | 1175/1852 [00:59<00:31, 21.58it/s]Train:  64%|██████▎   | 1178/1852 [00:59<00:31, 21.67it/s]Train:  64%|██████▍   | 1181/1852 [00:59<00:31, 21.12it/s]Train:  64%|██████▍   | 1184/1852 [00:59<00:32, 20.73it/s]Train:  64%|██████▍   | 1187/1852 [00:59<00:32, 20.57it/s]Train:  64%|██████▍   | 1190/1852 [01:00<00:33, 20.04it/s]Train:  64%|██████▍   | 1193/1852 [01:00<00:32, 20.00it/s]Train:  65%|██████▍   | 1196/1852 [01:00<00:32, 20.35it/s]Train:  65%|██████▍   | 1199/1852 [01:00<00:31, 20.65it/s]Train:  65%|██████▍   | 1202/1852 [01:00<00:32, 20.27it/s]Train:  65%|██████▌   | 1205/1852 [01:00<00:31, 20.38it/s]Train:  65%|██████▌   | 1208/1852 [01:01<00:31, 20.38it/s]Train:  65%|██████▌   | 1211/1852 [01:01<00:32, 19.89it/s]Train:  66%|██████▌   | 1214/1852 [01:01<00:30, 20.67it/s]Train:  66%|██████▌   | 1217/1852 [01:01<00:30, 21.06it/s]Train:  66%|██████▌   | 1220/1852 [01:01<00:29, 21.41it/s]Train:  66%|██████▌   | 1223/1852 [01:01<00:30, 20.58it/s]Train:  66%|██████▌   | 1226/1852 [01:01<00:30, 20.26it/s]Train:  66%|██████▋   | 1229/1852 [01:02<00:31, 19.99it/s]Train:  67%|██████▋   | 1232/1852 [01:02<00:31, 19.75it/s]Train:  67%|██████▋   | 1234/1852 [01:02<00:31, 19.57it/s]Train:  67%|██████▋   | 1237/1852 [01:02<00:30, 20.19it/s]Train:  67%|██████▋   | 1240/1852 [01:02<00:29, 20.55it/s]Train:  67%|██████▋   | 1243/1852 [01:02<00:30, 20.15it/s]Train:  67%|██████▋   | 1246/1852 [01:02<00:29, 20.37it/s]Train:  67%|██████▋   | 1249/1852 [01:03<00:29, 20.35it/s]Train:  68%|██████▊   | 1252/1852 [01:03<00:29, 20.12it/s]Train:  68%|██████▊   | 1255/1852 [01:03<00:29, 20.22it/s]Train:  68%|██████▊   | 1258/1852 [01:03<00:30, 19.80it/s]Train:  68%|██████▊   | 1260/1852 [01:03<00:29, 19.75it/s]Train:  68%|██████▊   | 1263/1852 [01:03<00:29, 20.21it/s]Train:  68%|██████▊   | 1266/1852 [01:03<00:29, 20.10it/s]Train:  69%|██████▊   | 1269/1852 [01:04<00:28, 20.62it/s]Train:  69%|██████▊   | 1272/1852 [01:04<00:28, 20.02it/s]Train:  69%|██████▉   | 1275/1852 [01:04<00:29, 19.65it/s]Train:  69%|██████▉   | 1277/1852 [01:04<00:29, 19.49it/s]Train:  69%|██████▉   | 1279/1852 [01:04<00:29, 19.44it/s]Train:  69%|██████▉   | 1281/1852 [01:04<00:29, 19.28it/s]Train:  69%|██████▉   | 1283/1852 [01:04<00:29, 19.47it/s]Train:  69%|██████▉   | 1285/1852 [01:04<00:28, 19.61it/s]Train:  69%|██████▉   | 1287/1852 [01:04<00:29, 19.45it/s]Train:  70%|██████▉   | 1289/1852 [01:05<00:29, 19.28it/s]Train:  70%|██████▉   | 1291/1852 [01:05<00:29, 19.15it/s]Train:  70%|██████▉   | 1293/1852 [01:05<00:29, 19.04it/s]Train:  70%|██████▉   | 1295/1852 [01:05<00:28, 19.21it/s]Train:  70%|███████   | 1298/1852 [01:05<00:28, 19.35it/s]Train:  70%|███████   | 1300/1852 [01:05<00:28, 19.19it/s]Train:  70%|███████   | 1303/1852 [01:05<00:27, 19.67it/s]Train:  70%|███████   | 1305/1852 [01:05<00:27, 19.73it/s]Train:  71%|███████   | 1308/1852 [01:06<00:27, 20.10it/s]Train:  71%|███████   | 1311/1852 [01:06<00:27, 19.65it/s]Train:  71%|███████   | 1314/1852 [01:06<00:26, 20.00it/s]Train:  71%|███████   | 1317/1852 [01:06<00:25, 20.90it/s]Train:  71%|███████▏  | 1320/1852 [01:06<00:26, 20.16it/s]Train:  71%|███████▏  | 1323/1852 [01:06<00:26, 19.68it/s]Train:  72%|███████▏  | 1325/1852 [01:06<00:27, 19.48it/s]Train:  72%|███████▏  | 1327/1852 [01:07<00:26, 19.51it/s]Train:  72%|███████▏  | 1329/1852 [01:07<00:27, 19.30it/s]Train:  72%|███████▏  | 1332/1852 [01:07<00:26, 19.74it/s]Train:  72%|███████▏  | 1334/1852 [01:07<00:26, 19.48it/s]Train:  72%|███████▏  | 1337/1852 [01:07<00:25, 20.52it/s]Train:  72%|███████▏  | 1340/1852 [01:07<00:25, 20.34it/s]Train:  73%|███████▎  | 1343/1852 [01:07<00:24, 20.68it/s]Train:  73%|███████▎  | 1346/1852 [01:07<00:24, 20.84it/s]Train:  73%|███████▎  | 1349/1852 [01:08<00:24, 20.26it/s]Train:  73%|███████▎  | 1352/1852 [01:08<00:25, 19.86it/s]Train:  73%|███████▎  | 1354/1852 [01:08<00:25, 19.80it/s]Train:  73%|███████▎  | 1356/1852 [01:08<00:25, 19.74it/s]Train:  73%|███████▎  | 1359/1852 [01:08<00:24, 19.87it/s]Train:  74%|███████▎  | 1362/1852 [01:08<00:24, 19.98it/s]Train:  74%|███████▎  | 1364/1852 [01:08<00:24, 19.69it/s]Train:  74%|███████▍  | 1366/1852 [01:08<00:24, 19.67it/s]Train:  74%|███████▍  | 1369/1852 [01:09<00:24, 19.99it/s]Train:  74%|███████▍  | 1371/1852 [01:09<00:24, 19.68it/s]Train:  74%|███████▍  | 1373/1852 [01:09<00:24, 19.63it/s]Train:  74%|███████▍  | 1375/1852 [01:09<00:24, 19.37it/s]Train:  74%|███████▍  | 1377/1852 [01:09<00:24, 19.17it/s]Train:  75%|███████▍  | 1380/1852 [01:09<00:23, 19.70it/s]Train:  75%|███████▍  | 1383/1852 [01:09<00:22, 20.51it/s]Train:  75%|███████▍  | 1386/1852 [01:09<00:22, 20.29it/s]Train:  75%|███████▌  | 1389/1852 [01:10<00:23, 20.04it/s]Train:  75%|███████▌  | 1392/1852 [01:10<00:23, 19.66it/s]Train:  75%|███████▌  | 1394/1852 [01:10<00:23, 19.19it/s]Train:  75%|███████▌  | 1396/1852 [01:10<00:23, 19.07it/s]Train:  75%|███████▌  | 1398/1852 [01:10<00:23, 18.99it/s]Train:  76%|███████▌  | 1400/1852 [01:10<00:23, 19.14it/s]Train:  76%|███████▌  | 1402/1852 [01:10<00:23, 19.27it/s]Train:  76%|███████▌  | 1405/1852 [01:10<00:22, 19.84it/s]Train:  76%|███████▌  | 1407/1852 [01:11<00:22, 19.77it/s]Train:  76%|███████▌  | 1410/1852 [01:11<00:22, 20.08it/s]Train:  76%|███████▌  | 1412/1852 [01:11<00:22, 19.77it/s]Train:  76%|███████▋  | 1415/1852 [01:11<00:21, 19.94it/s]Train:  77%|███████▋  | 1417/1852 [01:11<00:22, 19.76it/s]Train:  77%|███████▋  | 1420/1852 [01:11<00:20, 20.63it/s]Train:  77%|███████▋  | 1423/1852 [01:11<00:20, 20.50it/s]Train:  77%|███████▋  | 1426/1852 [01:11<00:21, 19.80it/s]Train:  77%|███████▋  | 1429/1852 [01:12<00:21, 19.99it/s]Train:  77%|███████▋  | 1432/1852 [01:12<00:21, 19.43it/s]Train:  77%|███████▋  | 1434/1852 [01:12<00:21, 19.36it/s]Train:  78%|███████▊  | 1436/1852 [01:12<00:21, 19.23it/s]Train:  78%|███████▊  | 1438/1852 [01:12<00:21, 18.95it/s]Train:  78%|███████▊  | 1441/1852 [01:12<00:21, 18.98it/s]Train:  78%|███████▊  | 1444/1852 [01:12<00:21, 19.17it/s]Train:  78%|███████▊  | 1446/1852 [01:13<00:21, 18.96it/s]Train:  78%|███████▊  | 1448/1852 [01:13<00:21, 19.20it/s]Train:  78%|███████▊  | 1450/1852 [01:13<00:21, 18.93it/s]Train:  78%|███████▊  | 1452/1852 [01:13<00:21, 18.51it/s]Train:  79%|███████▊  | 1454/1852 [01:13<00:21, 18.42it/s]Train:  79%|███████▊  | 1456/1852 [01:13<00:21, 18.07it/s]Train:  79%|███████▊  | 1458/1852 [01:13<00:21, 18.32it/s]Train:  79%|███████▉  | 1460/1852 [01:13<00:21, 18.23it/s]Train:  79%|███████▉  | 1462/1852 [01:13<00:21, 18.15it/s]Train:  79%|███████▉  | 1464/1852 [01:14<00:21, 18.10it/s]Train:  79%|███████▉  | 1466/1852 [01:14<00:21, 18.31it/s]Train:  79%|███████▉  | 1468/1852 [01:14<00:20, 18.78it/s]Train:  79%|███████▉  | 1470/1852 [01:14<00:20, 18.55it/s]Train:  80%|███████▉  | 1473/1852 [01:14<00:19, 19.38it/s]Train:  80%|███████▉  | 1475/1852 [01:14<00:19, 19.24it/s]Train:  80%|███████▉  | 1477/1852 [01:14<00:19, 19.08it/s]Train:  80%|███████▉  | 1479/1852 [01:14<00:19, 18.78it/s]Train:  80%|████████  | 1482/1852 [01:14<00:19, 19.38it/s]Train:  80%|████████  | 1484/1852 [01:15<00:19, 19.24it/s]Train:  80%|████████  | 1486/1852 [01:15<00:19, 18.90it/s]Train:  80%|████████  | 1488/1852 [01:15<00:19, 19.11it/s]Train:  80%|████████  | 1490/1852 [01:15<00:19, 19.04it/s]Train:  81%|████████  | 1493/1852 [01:15<00:18, 19.64it/s]Train:  81%|████████  | 1495/1852 [01:15<00:18, 19.67it/s]Train:  81%|████████  | 1497/1852 [01:15<00:18, 19.70it/s]Train:  81%|████████  | 1499/1852 [01:15<00:18, 19.54it/s]Train:  81%|████████  | 1502/1852 [01:15<00:17, 19.86it/s]Train:  81%|████████  | 1504/1852 [01:16<00:17, 19.68it/s]Train:  81%|████████▏ | 1506/1852 [01:16<00:17, 19.22it/s]Train:  81%|████████▏ | 1508/1852 [01:16<00:18, 18.93it/s]Train:  82%|████████▏ | 1511/1852 [01:16<00:17, 19.65it/s]Train:  82%|████████▏ | 1513/1852 [01:16<00:17, 19.38it/s]Train:  82%|████████▏ | 1516/1852 [01:16<00:17, 19.70it/s]Train:  82%|████████▏ | 1519/1852 [01:16<00:16, 20.65it/s]Train:  82%|████████▏ | 1522/1852 [01:16<00:16, 20.16it/s]Train:  82%|████████▏ | 1525/1852 [01:17<00:16, 19.76it/s]Train:  82%|████████▏ | 1527/1852 [01:17<00:16, 19.54it/s]Train:  83%|████████▎ | 1529/1852 [01:17<00:16, 19.47it/s]Train:  83%|████████▎ | 1531/1852 [01:17<00:16, 19.30it/s]Train:  83%|████████▎ | 1534/1852 [01:17<00:16, 19.74it/s]Train:  83%|████████▎ | 1536/1852 [01:17<00:16, 19.47it/s]Train:  83%|████████▎ | 1538/1852 [01:17<00:16, 19.52it/s]Train:  83%|████████▎ | 1540/1852 [01:17<00:16, 19.43it/s]Train:  83%|████████▎ | 1542/1852 [01:18<00:15, 19.58it/s]Train:  83%|████████▎ | 1544/1852 [01:18<00:15, 19.55it/s]Train:  84%|████████▎ | 1547/1852 [01:18<00:14, 20.35it/s]Train:  84%|████████▎ | 1550/1852 [01:18<00:15, 19.77it/s]Train:  84%|████████▍ | 1552/1852 [01:18<00:15, 19.15it/s]Train:  84%|████████▍ | 1554/1852 [01:18<00:15, 19.10it/s]Train:  84%|████████▍ | 1557/1852 [01:18<00:14, 20.26it/s]Train:  84%|████████▍ | 1560/1852 [01:18<00:14, 19.77it/s]Train:  84%|████████▍ | 1562/1852 [01:19<00:14, 19.81it/s]Train:  84%|████████▍ | 1564/1852 [01:19<00:14, 19.77it/s]Train:  85%|████████▍ | 1566/1852 [01:19<00:14, 19.55it/s]Train:  85%|████████▍ | 1569/1852 [01:19<00:13, 20.47it/s]Train:  85%|████████▍ | 1572/1852 [01:19<00:13, 20.09it/s]Train:  85%|████████▌ | 1575/1852 [01:19<00:13, 20.70it/s]Train:  85%|████████▌ | 1578/1852 [01:19<00:13, 20.06it/s]Train:  85%|████████▌ | 1581/1852 [01:19<00:13, 19.90it/s]Train:  85%|████████▌ | 1583/1852 [01:20<00:13, 19.66it/s]Train:  86%|████████▌ | 1585/1852 [01:20<00:13, 19.66it/s]Train:  86%|████████▌ | 1587/1852 [01:20<00:13, 19.44it/s]Train:  86%|████████▌ | 1590/1852 [01:20<00:13, 19.88it/s]Train:  86%|████████▌ | 1592/1852 [01:20<00:13, 19.62it/s]Train:  86%|████████▌ | 1594/1852 [01:20<00:13, 19.37it/s]Train:  86%|████████▌ | 1597/1852 [01:20<00:12, 20.47it/s]Train:  86%|████████▋ | 1600/1852 [01:20<00:12, 19.89it/s]Train:  87%|████████▋ | 1603/1852 [01:21<00:11, 20.78it/s]Train:  87%|████████▋ | 1606/1852 [01:21<00:12, 20.39it/s]Train:  87%|████████▋ | 1609/1852 [01:21<00:12, 19.84it/s]Train:  87%|████████▋ | 1611/1852 [01:21<00:12, 19.56it/s]Train:  87%|████████▋ | 1613/1852 [01:21<00:12, 19.49it/s]Train:  87%|████████▋ | 1615/1852 [01:21<00:12, 19.33it/s]Train:  87%|████████▋ | 1618/1852 [01:21<00:11, 20.63it/s]Train:  88%|████████▊ | 1621/1852 [01:21<00:11, 20.16it/s]Train:  88%|████████▊ | 1624/1852 [01:22<00:11, 19.93it/s]Train:  88%|████████▊ | 1626/1852 [01:22<00:11, 19.86it/s]Train:  88%|████████▊ | 1629/1852 [01:22<00:11, 20.05it/s]Train:  88%|████████▊ | 1632/1852 [01:22<00:10, 20.66it/s]Train:  88%|████████▊ | 1635/1852 [01:22<00:10, 20.67it/s]Train:  88%|████████▊ | 1638/1852 [01:22<00:10, 20.15it/s]Train:  89%|████████▊ | 1641/1852 [01:22<00:10, 20.63it/s]Train:  89%|████████▉ | 1644/1852 [01:23<00:10, 20.26it/s]Train:  89%|████████▉ | 1647/1852 [01:23<00:09, 20.81it/s]Train:  89%|████████▉ | 1650/1852 [01:23<00:09, 20.80it/s]Train:  89%|████████▉ | 1653/1852 [01:23<00:09, 20.40it/s]Train:  89%|████████▉ | 1656/1852 [01:23<00:09, 20.55it/s]Train:  90%|████████▉ | 1659/1852 [01:23<00:09, 20.46it/s]Train:  90%|████████▉ | 1662/1852 [01:23<00:09, 20.15it/s]Train:  90%|████████▉ | 1665/1852 [01:24<00:09, 19.73it/s]Train:  90%|█████████ | 1667/1852 [01:24<00:09, 19.51it/s]Train:  90%|█████████ | 1670/1852 [01:24<00:09, 19.72it/s]Train:  90%|█████████ | 1672/1852 [01:24<00:09, 19.70it/s]Train:  90%|█████████ | 1674/1852 [01:24<00:09, 19.48it/s]Train:  90%|█████████ | 1676/1852 [01:24<00:09, 19.29it/s]Train:  91%|█████████ | 1678/1852 [01:24<00:08, 19.37it/s]Train:  91%|█████████ | 1680/1852 [01:24<00:08, 19.21it/s]Train:  91%|█████████ | 1682/1852 [01:25<00:08, 19.16it/s]Train:  91%|█████████ | 1684/1852 [01:25<00:08, 19.05it/s]Train:  91%|█████████ | 1687/1852 [01:25<00:08, 19.50it/s]Train:  91%|█████████ | 1689/1852 [01:25<00:08, 19.30it/s]Train:  91%|█████████▏| 1691/1852 [01:25<00:08, 18.90it/s]Train:  91%|█████████▏| 1693/1852 [01:25<00:08, 18.90it/s]Train:  92%|█████████▏| 1695/1852 [01:25<00:08, 18.86it/s]Train:  92%|█████████▏| 1698/1852 [01:25<00:07, 19.72it/s]Train:  92%|█████████▏| 1701/1852 [01:26<00:07, 20.27it/s]Train:  92%|█████████▏| 1704/1852 [01:26<00:06, 21.26it/s]Train:  92%|█████████▏| 1707/1852 [01:26<00:06, 21.76it/s]Train:  92%|█████████▏| 1710/1852 [01:26<00:06, 21.97it/s]Train:  92%|█████████▏| 1713/1852 [01:26<00:06, 22.01it/s]Train:  93%|█████████▎| 1716/1852 [01:26<00:06, 21.06it/s]Train:  93%|█████████▎| 1719/1852 [01:26<00:06, 21.02it/s]Train:  93%|█████████▎| 1722/1852 [01:26<00:06, 20.33it/s]Train:  93%|█████████▎| 1725/1852 [01:27<00:06, 20.02it/s]Train:  93%|█████████▎| 1728/1852 [01:27<00:06, 19.60it/s]Train:  93%|█████████▎| 1730/1852 [01:27<00:06, 19.39it/s]Train:  94%|█████████▎| 1733/1852 [01:27<00:05, 20.05it/s]Train:  94%|█████████▎| 1736/1852 [01:27<00:05, 20.25it/s]Train:  94%|█████████▍| 1739/1852 [01:27<00:05, 20.55it/s]Train:  94%|█████████▍| 1742/1852 [01:27<00:05, 20.17it/s]Train:  94%|█████████▍| 1745/1852 [01:28<00:05, 20.13it/s]Train:  94%|█████████▍| 1748/1852 [01:28<00:05, 19.72it/s]Train:  94%|█████████▍| 1750/1852 [01:28<00:05, 19.53it/s]Train:  95%|█████████▍| 1752/1852 [01:28<00:05, 19.35it/s]Train:  95%|█████████▍| 1755/1852 [01:28<00:04, 20.34it/s]Train:  95%|█████████▍| 1758/1852 [01:28<00:04, 20.03it/s]Train:  95%|█████████▌| 1761/1852 [01:28<00:04, 19.68it/s]Train:  95%|█████████▌| 1764/1852 [01:29<00:04, 20.62it/s]Train:  95%|█████████▌| 1767/1852 [01:29<00:04, 20.27it/s]Train:  96%|█████████▌| 1770/1852 [01:29<00:03, 20.61it/s]Train:  96%|█████████▌| 1773/1852 [01:29<00:03, 20.61it/s]Train:  96%|█████████▌| 1776/1852 [01:29<00:03, 21.24it/s]Train:  96%|█████████▌| 1779/1852 [01:29<00:03, 20.92it/s]Train:  96%|█████████▌| 1782/1852 [01:29<00:03, 20.57it/s]Train:  96%|█████████▋| 1785/1852 [01:30<00:03, 21.04it/s]Train:  97%|█████████▋| 1788/1852 [01:30<00:03, 20.52it/s]Train:  97%|█████████▋| 1791/1852 [01:30<00:03, 19.94it/s]Train:  97%|█████████▋| 1794/1852 [01:30<00:02, 19.73it/s]Train:  97%|█████████▋| 1797/1852 [01:30<00:02, 20.36it/s]Train:  97%|█████████▋| 1800/1852 [01:30<00:02, 20.06it/s]Train:  97%|█████████▋| 1803/1852 [01:31<00:02, 20.09it/s]Train:  98%|█████████▊| 1806/1852 [01:31<00:02, 20.06it/s]Train:  98%|█████████▊| 1809/1852 [01:31<00:02, 20.25it/s]Train:  98%|█████████▊| 1812/1852 [01:31<00:01, 20.64it/s]Train:  98%|█████████▊| 1815/1852 [01:31<00:01, 20.80it/s]Train:  98%|█████████▊| 1818/1852 [01:31<00:01, 20.97it/s]Train:  98%|█████████▊| 1821/1852 [01:31<00:01, 20.58it/s]Train:  98%|█████████▊| 1824/1852 [01:32<00:01, 20.57it/s]Train:  99%|█████████▊| 1827/1852 [01:32<00:01, 20.22it/s]Train:  99%|█████████▉| 1830/1852 [01:32<00:01, 20.09it/s]Train:  99%|█████████▉| 1833/1852 [01:32<00:00, 19.67it/s]Train:  99%|█████████▉| 1835/1852 [01:32<00:00, 19.51it/s]Train:  99%|█████████▉| 1838/1852 [01:32<00:00, 20.04it/s]Train:  99%|█████████▉| 1841/1852 [01:32<00:00, 20.12it/s]Train: 100%|█████████▉| 1844/1852 [01:33<00:00, 20.49it/s]Train: 100%|█████████▉| 1847/1852 [01:33<00:00, 19.97it/s]Train: 100%|█████████▉| 1850/1852 [01:33<00:00, 20.98it/s]Train: 100%|██████████| 1852/1852 [01:33<00:00, 19.80it/s]
Train:   0%|          | 0/1852 [00:00<?, ?it/s]Train:   0%|          | 1/1852 [00:00<11:10,  2.76it/s]Train:   0%|          | 3/1852 [00:00<04:04,  7.58it/s]Train:   0%|          | 6/1852 [00:00<02:27, 12.52it/s]Train:   0%|          | 8/1852 [00:00<02:09, 14.28it/s]Train:   1%|          | 10/1852 [00:00<01:58, 15.55it/s]Train:   1%|          | 12/1852 [00:00<01:52, 16.34it/s]Train:   1%|          | 15/1852 [00:01<01:42, 17.86it/s]Train:   1%|          | 17/1852 [00:01<01:41, 18.10it/s]Train:   1%|          | 20/1852 [00:01<01:35, 19.24it/s]Train:   1%|          | 22/1852 [00:01<01:35, 19.14it/s]Train:   1%|▏         | 25/1852 [00:01<01:33, 19.48it/s]Train:   2%|▏         | 28/1852 [00:01<01:32, 19.74it/s]Train:   2%|▏         | 30/1852 [00:01<01:33, 19.57it/s]Train:   2%|▏         | 33/1852 [00:01<01:29, 20.43it/s]Train:   2%|▏         | 36/1852 [00:02<01:27, 20.72it/s]Train:   2%|▏         | 39/1852 [00:02<01:25, 21.13it/s]Train:   2%|▏         | 42/1852 [00:02<01:23, 21.63it/s]Train:   2%|▏         | 45/1852 [00:02<01:26, 20.88it/s]Train:   3%|▎         | 48/1852 [00:02<01:29, 20.23it/s]Train:   3%|▎         | 51/1852 [00:02<01:29, 20.20it/s]Train:   3%|▎         | 54/1852 [00:02<01:31, 19.73it/s]Train:   3%|▎         | 56/1852 [00:03<01:31, 19.61it/s]Train:   3%|▎         | 58/1852 [00:03<01:31, 19.62it/s]Train:   3%|▎         | 60/1852 [00:03<01:32, 19.38it/s]Train:   3%|▎         | 62/1852 [00:03<01:32, 19.43it/s]Train:   4%|▎         | 65/1852 [00:03<01:31, 19.59it/s]Train:   4%|▎         | 67/1852 [00:03<01:32, 19.37it/s]Train:   4%|▍         | 70/1852 [00:03<01:29, 19.87it/s]Train:   4%|▍         | 72/1852 [00:03<01:30, 19.63it/s]Train:   4%|▍         | 74/1852 [00:04<01:31, 19.42it/s]Train:   4%|▍         | 76/1852 [00:04<01:32, 19.26it/s]Train:   4%|▍         | 79/1852 [00:04<01:27, 20.29it/s]Train:   4%|▍         | 82/1852 [00:04<01:30, 19.58it/s]Train:   5%|▍         | 85/1852 [00:04<01:26, 20.41it/s]Train:   5%|▍         | 88/1852 [00:04<01:27, 20.09it/s]Train:   5%|▍         | 91/1852 [00:04<01:24, 20.95it/s]Train:   5%|▌         | 94/1852 [00:05<01:26, 20.42it/s]Train:   5%|▌         | 97/1852 [00:05<01:25, 20.48it/s]Train:   5%|▌         | 100/1852 [00:05<01:25, 20.53it/s]Train:   6%|▌         | 103/1852 [00:05<01:26, 20.21it/s]Train:   6%|▌         | 106/1852 [00:05<01:28, 19.77it/s]Train:   6%|▌         | 108/1852 [00:05<01:28, 19.79it/s]Train:   6%|▌         | 110/1852 [00:05<01:28, 19.74it/s]Train:   6%|▌         | 112/1852 [00:05<01:28, 19.71it/s]Train:   6%|▌         | 114/1852 [00:06<01:29, 19.48it/s]Train:   6%|▋         | 116/1852 [00:06<01:29, 19.37it/s]Train:   6%|▋         | 118/1852 [00:06<01:29, 19.45it/s]Train:   6%|▋         | 120/1852 [00:06<01:29, 19.25it/s]Train:   7%|▋         | 122/1852 [00:06<01:29, 19.36it/s]Train:   7%|▋         | 124/1852 [00:06<01:29, 19.41it/s]Train:   7%|▋         | 126/1852 [00:06<01:28, 19.47it/s]Train:   7%|▋         | 129/1852 [00:06<01:27, 19.74it/s]Train:   7%|▋         | 131/1852 [00:06<01:26, 19.81it/s]Train:   7%|▋         | 133/1852 [00:06<01:26, 19.77it/s]Train:   7%|▋         | 135/1852 [00:07<01:26, 19.75it/s]Train:   7%|▋         | 138/1852 [00:07<01:25, 19.96it/s]Train:   8%|▊         | 140/1852 [00:07<01:26, 19.89it/s]Train:   8%|▊         | 143/1852 [00:07<01:24, 20.29it/s]Train:   8%|▊         | 146/1852 [00:07<01:26, 19.81it/s]Train:   8%|▊         | 148/1852 [00:07<01:27, 19.53it/s]Train:   8%|▊         | 151/1852 [00:07<01:26, 19.75it/s]Train:   8%|▊         | 153/1852 [00:07<01:26, 19.64it/s]Train:   8%|▊         | 155/1852 [00:08<01:27, 19.40it/s]Train:   9%|▊         | 158/1852 [00:08<01:24, 20.08it/s]Train:   9%|▊         | 161/1852 [00:08<01:23, 20.30it/s]Train:   9%|▉         | 164/1852 [00:08<01:25, 19.73it/s]Train:   9%|▉         | 167/1852 [00:08<01:24, 19.84it/s]Train:   9%|▉         | 169/1852 [00:08<01:25, 19.61it/s]Train:   9%|▉         | 172/1852 [00:08<01:25, 19.76it/s]Train:   9%|▉         | 175/1852 [00:09<01:24, 19.79it/s]Train:  10%|▉         | 178/1852 [00:09<01:22, 20.27it/s]Train:  10%|▉         | 181/1852 [00:09<01:22, 20.33it/s]Train:  10%|▉         | 184/1852 [00:09<01:21, 20.50it/s]Train:  10%|█         | 187/1852 [00:09<01:22, 20.13it/s]Train:  10%|█         | 190/1852 [00:09<01:24, 19.75it/s]Train:  10%|█         | 192/1852 [00:09<01:24, 19.54it/s]Train:  10%|█         | 194/1852 [00:10<01:26, 19.26it/s]Train:  11%|█         | 196/1852 [00:10<01:26, 19.24it/s]Train:  11%|█         | 198/1852 [00:10<01:25, 19.31it/s]Train:  11%|█         | 200/1852 [00:10<01:25, 19.24it/s]Train:  11%|█         | 203/1852 [00:10<01:23, 19.75it/s]Train:  11%|█         | 205/1852 [00:10<01:24, 19.51it/s]Train:  11%|█         | 207/1852 [00:10<01:25, 19.22it/s]Train:  11%|█▏        | 209/1852 [00:10<01:24, 19.34it/s]Train:  11%|█▏        | 211/1852 [00:10<01:24, 19.50it/s]Train:  12%|█▏        | 214/1852 [00:11<01:23, 19.71it/s]Train:  12%|█▏        | 217/1852 [00:11<01:22, 19.73it/s]Train:  12%|█▏        | 219/1852 [00:11<01:23, 19.52it/s]Train:  12%|█▏        | 221/1852 [00:11<01:24, 19.25it/s]Train:  12%|█▏        | 223/1852 [00:11<01:24, 19.36it/s]Train:  12%|█▏        | 226/1852 [00:11<01:23, 19.49it/s]Train:  12%|█▏        | 228/1852 [00:11<01:24, 19.26it/s]Train:  12%|█▏        | 231/1852 [00:11<01:20, 20.26it/s]Train:  13%|█▎        | 234/1852 [00:12<01:18, 20.66it/s]Train:  13%|█▎        | 237/1852 [00:12<01:20, 19.95it/s]Train:  13%|█▎        | 239/1852 [00:12<01:21, 19.75it/s]Train:  13%|█▎        | 241/1852 [00:12<01:22, 19.59it/s]Train:  13%|█▎        | 244/1852 [00:12<01:20, 19.91it/s]Train:  13%|█▎        | 247/1852 [00:12<01:17, 20.61it/s]Train:  13%|█▎        | 250/1852 [00:12<01:19, 20.24it/s]Train:  14%|█▎        | 253/1852 [00:13<01:19, 20.18it/s]Train:  14%|█▍        | 256/1852 [00:13<01:18, 20.23it/s]Train:  14%|█▍        | 259/1852 [00:13<01:18, 20.34it/s]Train:  14%|█▍        | 262/1852 [00:13<01:19, 19.89it/s]Train:  14%|█▍        | 265/1852 [00:13<01:19, 19.87it/s]Train:  14%|█▍        | 267/1852 [00:13<01:20, 19.68it/s]Train:  15%|█▍        | 269/1852 [00:13<01:21, 19.48it/s]Train:  15%|█▍        | 271/1852 [00:13<01:20, 19.53it/s]Train:  15%|█▍        | 273/1852 [00:14<01:21, 19.30it/s]Train:  15%|█▍        | 276/1852 [00:14<01:17, 20.35it/s]Train:  15%|█▌        | 279/1852 [00:14<01:19, 19.82it/s]Train:  15%|█▌        | 281/1852 [00:14<01:19, 19.66it/s]Train:  15%|█▌        | 283/1852 [00:14<01:20, 19.44it/s]Train:  15%|█▌        | 285/1852 [00:14<01:21, 19.28it/s]Train:  15%|█▌        | 287/1852 [00:14<01:20, 19.43it/s]Train:  16%|█▌        | 289/1852 [00:14<01:21, 19.24it/s]Train:  16%|█▌        | 291/1852 [00:14<01:20, 19.43it/s]Train:  16%|█▌        | 294/1852 [00:15<01:15, 20.71it/s]Train:  16%|█▌        | 297/1852 [00:15<01:15, 20.59it/s]Train:  16%|█▌        | 300/1852 [00:15<01:15, 20.59it/s]Train:  16%|█▋        | 303/1852 [00:15<01:13, 21.05it/s]Train:  17%|█▋        | 306/1852 [00:15<01:13, 20.92it/s]Train:  17%|█▋        | 309/1852 [00:15<01:13, 21.05it/s]Train:  17%|█▋        | 312/1852 [00:15<01:13, 20.86it/s]Train:  17%|█▋        | 315/1852 [00:16<01:13, 21.01it/s]Train:  17%|█▋        | 318/1852 [00:16<01:13, 20.91it/s]Train:  17%|█▋        | 321/1852 [00:16<01:12, 21.12it/s]Train:  17%|█▋        | 324/1852 [00:16<01:14, 20.54it/s]Train:  18%|█▊        | 327/1852 [00:16<01:15, 20.15it/s]Train:  18%|█▊        | 330/1852 [00:16<01:17, 19.72it/s]Train:  18%|█▊        | 332/1852 [00:16<01:17, 19.52it/s]Train:  18%|█▊        | 334/1852 [00:17<01:17, 19.52it/s]Train:  18%|█▊        | 337/1852 [00:17<01:16, 19.93it/s]Train:  18%|█▊        | 340/1852 [00:17<01:15, 20.02it/s]Train:  19%|█▊        | 343/1852 [00:17<01:15, 19.99it/s]Train:  19%|█▊        | 346/1852 [00:17<01:14, 20.34it/s]Train:  19%|█▉        | 349/1852 [00:17<01:32, 16.22it/s]Train:  19%|█▉        | 351/1852 [00:18<01:30, 16.53it/s]Train:  19%|█▉        | 353/1852 [00:18<01:27, 17.04it/s]Train:  19%|█▉        | 356/1852 [00:18<01:20, 18.64it/s]Train:  19%|█▉        | 359/1852 [00:18<01:17, 19.19it/s]Train:  20%|█▉        | 362/1852 [00:18<01:16, 19.48it/s]Train:  20%|█▉        | 364/1852 [00:18<01:16, 19.53it/s]Train:  20%|█▉        | 367/1852 [00:18<01:15, 19.73it/s]Train:  20%|█▉        | 369/1852 [00:18<01:15, 19.73it/s]Train:  20%|██        | 371/1852 [00:19<01:15, 19.51it/s]Train:  20%|██        | 373/1852 [00:19<01:15, 19.55it/s]Train:  20%|██        | 376/1852 [00:19<01:13, 20.16it/s]Train:  20%|██        | 379/1852 [00:19<01:13, 20.12it/s]Train:  21%|██        | 382/1852 [00:19<01:14, 19.85it/s]Train:  21%|██        | 384/1852 [00:19<01:14, 19.61it/s]Train:  21%|██        | 386/1852 [00:19<01:15, 19.37it/s]Train:  21%|██        | 389/1852 [00:19<01:12, 20.22it/s]Train:  21%|██        | 392/1852 [00:20<01:13, 19.79it/s]Train:  21%|██▏       | 394/1852 [00:20<01:14, 19.55it/s]Train:  21%|██▏       | 396/1852 [00:20<01:14, 19.63it/s]Train:  21%|██▏       | 398/1852 [00:20<01:14, 19.61it/s]Train:  22%|██▏       | 400/1852 [00:20<01:13, 19.66it/s]Train:  22%|██▏       | 403/1852 [00:20<01:13, 19.77it/s]Train:  22%|██▏       | 406/1852 [00:20<01:12, 20.08it/s]Train:  22%|██▏       | 409/1852 [00:20<01:13, 19.66it/s]Train:  22%|██▏       | 412/1852 [00:21<01:10, 20.46it/s]Train:  22%|██▏       | 415/1852 [00:21<01:11, 20.09it/s]Train:  23%|██▎       | 418/1852 [00:21<01:09, 20.62it/s]Train:  23%|██▎       | 421/1852 [00:21<01:09, 20.54it/s]Train:  23%|██▎       | 424/1852 [00:21<01:10, 20.19it/s]Train:  23%|██▎       | 427/1852 [00:21<01:10, 20.27it/s]Train:  23%|██▎       | 430/1852 [00:21<01:10, 20.05it/s]Train:  23%|██▎       | 433/1852 [00:22<01:09, 20.38it/s]Train:  24%|██▎       | 436/1852 [00:22<01:10, 19.98it/s]Train:  24%|██▎       | 439/1852 [00:22<01:10, 20.07it/s]Train:  24%|██▍       | 442/1852 [00:22<01:08, 20.68it/s]Train:  24%|██▍       | 445/1852 [00:22<01:10, 20.06it/s]Train:  24%|██▍       | 448/1852 [00:22<01:09, 20.24it/s]Train:  24%|██▍       | 451/1852 [00:23<01:10, 19.84it/s]Train:  24%|██▍       | 453/1852 [00:23<01:11, 19.59it/s]Train:  25%|██▍       | 456/1852 [00:23<01:10, 19.79it/s]Train:  25%|██▍       | 459/1852 [00:23<01:10, 19.84it/s]Train:  25%|██▍       | 461/1852 [00:23<01:11, 19.59it/s]Train:  25%|██▌       | 464/1852 [00:23<01:09, 20.02it/s]Train:  25%|██▌       | 466/1852 [00:23<01:09, 19.90it/s]Train:  25%|██▌       | 469/1852 [00:23<01:08, 20.19it/s]Train:  25%|██▌       | 472/1852 [00:24<01:09, 19.78it/s]Train:  26%|██▌       | 475/1852 [00:24<01:06, 20.69it/s]Train:  26%|██▌       | 478/1852 [00:24<01:08, 20.07it/s]Train:  26%|██▌       | 481/1852 [00:24<01:07, 20.28it/s]Train:  26%|██▌       | 484/1852 [00:24<01:08, 19.99it/s]Train:  26%|██▋       | 487/1852 [00:24<01:07, 20.23it/s]Train:  26%|██▋       | 490/1852 [00:24<01:08, 19.81it/s]Train:  27%|██▋       | 493/1852 [00:25<01:07, 20.04it/s]Train:  27%|██▋       | 496/1852 [00:25<01:08, 19.81it/s]Train:  27%|██▋       | 499/1852 [00:25<01:05, 20.63it/s]Train:  27%|██▋       | 502/1852 [00:25<01:05, 20.57it/s]Train:  27%|██▋       | 505/1852 [00:25<01:06, 20.41it/s]Train:  27%|██▋       | 508/1852 [00:25<01:07, 19.88it/s]Train:  28%|██▊       | 510/1852 [00:25<01:08, 19.61it/s]Train:  28%|██▊       | 512/1852 [00:26<01:08, 19.50it/s]Train:  28%|██▊       | 514/1852 [00:26<01:09, 19.31it/s]Train:  28%|██▊       | 517/1852 [00:26<01:06, 20.17it/s]Train:  28%|██▊       | 520/1852 [00:26<01:06, 19.95it/s]Train:  28%|██▊       | 522/1852 [00:26<01:07, 19.63it/s]Train:  28%|██▊       | 524/1852 [00:26<01:07, 19.64it/s]Train:  28%|██▊       | 527/1852 [00:26<01:07, 19.75it/s]Train:  29%|██▊       | 530/1852 [00:26<01:04, 20.50it/s]Train:  29%|██▉       | 533/1852 [00:27<01:05, 20.10it/s]Train:  29%|██▉       | 536/1852 [00:27<01:06, 19.69it/s]Train:  29%|██▉       | 538/1852 [00:27<01:07, 19.57it/s]Train:  29%|██▉       | 540/1852 [00:27<01:07, 19.37it/s]Train:  29%|██▉       | 543/1852 [00:27<01:07, 19.44it/s]Train:  29%|██▉       | 546/1852 [00:27<01:06, 19.62it/s]Train:  30%|██▉       | 548/1852 [00:27<01:06, 19.66it/s]Train:  30%|██▉       | 550/1852 [00:27<01:06, 19.65it/s]Train:  30%|██▉       | 552/1852 [00:28<01:06, 19.62it/s]Train:  30%|██▉       | 555/1852 [00:28<01:04, 20.19it/s]Train:  30%|███       | 558/1852 [00:28<01:02, 20.61it/s]Train:  30%|███       | 561/1852 [00:28<01:03, 20.18it/s]Train:  30%|███       | 564/1852 [00:28<01:05, 19.77it/s]Train:  31%|███       | 566/1852 [00:28<01:05, 19.54it/s]Train:  31%|███       | 569/1852 [00:28<01:04, 19.90it/s]Train:  31%|███       | 572/1852 [00:29<01:03, 20.20it/s]Train:  31%|███       | 575/1852 [00:29<01:02, 20.36it/s]Train:  31%|███       | 578/1852 [00:29<01:02, 20.31it/s]Train:  31%|███▏      | 581/1852 [00:29<01:02, 20.42it/s]Train:  32%|███▏      | 584/1852 [00:29<01:03, 19.93it/s]Train:  32%|███▏      | 587/1852 [00:29<01:02, 20.19it/s]Train:  32%|███▏      | 590/1852 [00:29<01:02, 20.32it/s]Train:  32%|███▏      | 593/1852 [00:30<01:01, 20.40it/s]Train:  32%|███▏      | 596/1852 [00:30<01:02, 20.12it/s]Train:  32%|███▏      | 599/1852 [00:30<01:01, 20.46it/s]Train:  33%|███▎      | 602/1852 [00:30<01:02, 20.16it/s]Train:  33%|███▎      | 605/1852 [00:30<01:02, 20.07it/s]Train:  33%|███▎      | 608/1852 [00:30<01:00, 20.56it/s]Train:  33%|███▎      | 611/1852 [00:31<01:00, 20.52it/s]Train:  33%|███▎      | 614/1852 [00:31<01:00, 20.46it/s]Train:  33%|███▎      | 617/1852 [00:31<00:59, 20.64it/s]Train:  33%|███▎      | 620/1852 [00:31<01:00, 20.25it/s]Train:  34%|███▎      | 623/1852 [00:31<01:01, 19.86it/s]Train:  34%|███▍      | 626/1852 [00:31<01:02, 19.77it/s]Train:  34%|███▍      | 629/1852 [00:31<01:01, 20.01it/s]Train:  34%|███▍      | 632/1852 [00:32<01:02, 19.64it/s]Train:  34%|███▍      | 635/1852 [00:32<01:01, 19.72it/s]Train:  34%|███▍      | 637/1852 [00:32<01:02, 19.54it/s]Train:  35%|███▍      | 639/1852 [00:32<01:02, 19.42it/s]Train:  35%|███▍      | 641/1852 [00:32<01:02, 19.27it/s]Train:  35%|███▍      | 644/1852 [00:32<01:02, 19.39it/s]Train:  35%|███▍      | 646/1852 [00:32<01:02, 19.40it/s]Train:  35%|███▌      | 649/1852 [00:32<00:59, 20.22it/s]Train:  35%|███▌      | 652/1852 [00:33<00:57, 20.98it/s]Train:  35%|███▌      | 655/1852 [00:33<00:58, 20.46it/s]Train:  36%|███▌      | 658/1852 [00:33<00:59, 20.16it/s]Train:  36%|███▌      | 661/1852 [00:33<00:59, 19.88it/s]Train:  36%|███▌      | 663/1852 [00:33<01:00, 19.63it/s]Train:  36%|███▌      | 665/1852 [00:33<01:00, 19.69it/s]Train:  36%|███▌      | 668/1852 [00:33<00:59, 19.99it/s]Train:  36%|███▌      | 671/1852 [00:34<00:58, 20.26it/s]Train:  36%|███▋      | 674/1852 [00:34<00:58, 20.22it/s]Train:  37%|███▋      | 677/1852 [00:34<00:58, 19.96it/s]Train:  37%|███▋      | 679/1852 [00:34<00:59, 19.74it/s]Train:  37%|███▋      | 682/1852 [00:34<00:54, 21.33it/s]Train:  37%|███▋      | 685/1852 [00:34<00:56, 20.66it/s]Train:  37%|███▋      | 688/1852 [00:34<00:56, 20.49it/s]Train:  37%|███▋      | 691/1852 [00:35<00:58, 19.94it/s]Train:  37%|███▋      | 694/1852 [00:35<00:56, 20.34it/s]Train:  38%|███▊      | 697/1852 [00:35<00:56, 20.49it/s]Train:  38%|███▊      | 700/1852 [00:35<00:56, 20.22it/s]Train:  38%|███▊      | 703/1852 [00:35<00:55, 20.55it/s]Train:  38%|███▊      | 706/1852 [00:35<00:57, 20.02it/s]Train:  38%|███▊      | 709/1852 [00:35<00:58, 19.62it/s]Train:  38%|███▊      | 711/1852 [00:36<00:58, 19.42it/s]Train:  39%|███▊      | 714/1852 [00:36<00:57, 19.78it/s]Train:  39%|███▊      | 716/1852 [00:36<00:57, 19.81it/s]Train:  39%|███▉      | 718/1852 [00:36<00:57, 19.82it/s]Train:  39%|███▉      | 720/1852 [00:36<00:57, 19.55it/s]Train:  39%|███▉      | 722/1852 [00:36<00:57, 19.57it/s]Train:  39%|███▉      | 725/1852 [00:36<00:55, 20.22it/s]Train:  39%|███▉      | 728/1852 [00:36<00:56, 19.89it/s]Train:  39%|███▉      | 730/1852 [00:36<00:56, 19.80it/s]Train:  40%|███▉      | 732/1852 [00:37<00:56, 19.83it/s]Train:  40%|███▉      | 734/1852 [00:37<00:57, 19.55it/s]Train:  40%|███▉      | 736/1852 [00:37<00:56, 19.60it/s]Train:  40%|███▉      | 739/1852 [00:37<00:53, 20.64it/s]Train:  40%|████      | 742/1852 [00:37<00:52, 21.12it/s]Train:  40%|████      | 745/1852 [00:37<00:52, 20.96it/s]Train:  40%|████      | 748/1852 [00:37<00:52, 21.05it/s]Train:  41%|████      | 751/1852 [00:37<00:52, 20.92it/s]Train:  41%|████      | 754/1852 [00:38<00:54, 20.23it/s]Train:  41%|████      | 757/1852 [00:38<00:53, 20.41it/s]Train:  41%|████      | 760/1852 [00:38<00:52, 20.79it/s]Train:  41%|████      | 763/1852 [00:38<00:53, 20.17it/s]Train:  41%|████▏     | 766/1852 [00:38<00:55, 19.64it/s]Train:  42%|████▏     | 769/1852 [00:38<00:53, 20.11it/s]Train:  42%|████▏     | 772/1852 [00:39<00:51, 20.86it/s]Train:  42%|████▏     | 775/1852 [00:39<00:52, 20.43it/s]Train:  42%|████▏     | 778/1852 [00:39<00:53, 20.00it/s]Train:  42%|████▏     | 781/1852 [00:39<00:51, 20.69it/s]Train:  42%|████▏     | 784/1852 [00:39<00:52, 20.36it/s]Train:  42%|████▏     | 787/1852 [00:39<00:52, 20.25it/s]Train:  43%|████▎     | 790/1852 [00:39<00:52, 20.37it/s]Train:  43%|████▎     | 793/1852 [00:40<00:52, 20.34it/s]Train:  43%|████▎     | 796/1852 [00:40<00:50, 20.92it/s]Train:  43%|████▎     | 799/1852 [00:40<00:50, 20.84it/s]Train:  43%|████▎     | 802/1852 [00:40<00:51, 20.41it/s]Train:  43%|████▎     | 805/1852 [00:40<00:52, 19.97it/s]Train:  44%|████▎     | 808/1852 [00:40<00:51, 20.36it/s]Train:  44%|████▍     | 811/1852 [00:40<00:51, 20.06it/s]Train:  44%|████▍     | 814/1852 [00:41<00:52, 19.74it/s]Train:  44%|████▍     | 816/1852 [00:41<00:52, 19.71it/s]Train:  44%|████▍     | 818/1852 [00:41<00:53, 19.50it/s]Train:  44%|████▍     | 821/1852 [00:41<00:51, 19.92it/s]Train:  44%|████▍     | 823/1852 [00:41<00:51, 19.86it/s]Train:  45%|████▍     | 825/1852 [00:41<00:51, 19.78it/s]Train:  45%|████▍     | 827/1852 [00:41<00:51, 19.72it/s]Train:  45%|████▍     | 829/1852 [00:41<00:52, 19.46it/s]Train:  45%|████▍     | 832/1852 [00:42<00:51, 19.90it/s]Train:  45%|████▌     | 835/1852 [00:42<00:51, 19.82it/s]Train:  45%|████▌     | 838/1852 [00:42<00:50, 20.13it/s]Train:  45%|████▌     | 841/1852 [00:42<00:50, 20.19it/s]Train:  46%|████▌     | 844/1852 [00:42<00:49, 20.20it/s]Train:  46%|████▌     | 847/1852 [00:42<00:49, 20.31it/s]Train:  46%|████▌     | 850/1852 [00:42<00:49, 20.07it/s]Train:  46%|████▌     | 853/1852 [00:43<00:50, 19.82it/s]Train:  46%|████▌     | 856/1852 [00:43<00:49, 19.92it/s]Train:  46%|████▋     | 858/1852 [00:43<00:50, 19.86it/s]Train:  46%|████▋     | 860/1852 [00:43<00:50, 19.77it/s]Train:  47%|████▋     | 863/1852 [00:43<00:47, 20.66it/s]Train:  47%|████▋     | 866/1852 [00:43<00:48, 20.41it/s]Train:  47%|████▋     | 869/1852 [00:43<00:48, 20.38it/s]Train:  47%|████▋     | 872/1852 [00:43<00:49, 19.85it/s]Train:  47%|████▋     | 874/1852 [00:44<00:49, 19.77it/s]Train:  47%|████▋     | 876/1852 [00:44<00:50, 19.51it/s]Train:  47%|████▋     | 878/1852 [00:44<00:50, 19.31it/s]Train:  48%|████▊     | 881/1852 [00:44<00:49, 19.60it/s]Train:  48%|████▊     | 884/1852 [00:44<00:49, 19.62it/s]Train:  48%|████▊     | 887/1852 [00:44<00:48, 20.04it/s]Train:  48%|████▊     | 889/1852 [00:44<00:48, 20.03it/s]Train:  48%|████▊     | 892/1852 [00:45<00:47, 20.29it/s]Train:  48%|████▊     | 895/1852 [00:45<00:47, 20.30it/s]Train:  48%|████▊     | 898/1852 [00:45<00:46, 20.42it/s]Train:  49%|████▊     | 901/1852 [00:45<00:47, 19.89it/s]Train:  49%|████▉     | 903/1852 [00:45<00:48, 19.61it/s]Train:  49%|████▉     | 906/1852 [00:45<00:48, 19.71it/s]Train:  49%|████▉     | 909/1852 [00:45<00:47, 20.04it/s]Train:  49%|████▉     | 912/1852 [00:45<00:46, 20.26it/s]Train:  49%|████▉     | 915/1852 [00:46<00:45, 20.44it/s]Train:  50%|████▉     | 918/1852 [00:46<00:44, 20.88it/s]Train:  50%|████▉     | 921/1852 [00:46<00:45, 20.42it/s]Train:  50%|████▉     | 924/1852 [00:46<00:44, 20.69it/s]Train:  50%|█████     | 927/1852 [00:46<00:45, 20.35it/s]Train:  50%|█████     | 930/1852 [00:46<00:44, 20.68it/s]Train:  50%|█████     | 933/1852 [00:47<00:44, 20.79it/s]Train:  51%|█████     | 936/1852 [00:47<00:45, 20.31it/s]Train:  51%|█████     | 939/1852 [00:47<00:46, 19.82it/s]Train:  51%|█████     | 941/1852 [00:47<00:45, 19.81it/s]Train:  51%|█████     | 943/1852 [00:47<00:45, 19.84it/s]Train:  51%|█████     | 945/1852 [00:47<00:46, 19.59it/s]Train:  51%|█████     | 947/1852 [00:47<00:46, 19.38it/s]Train:  51%|█████     | 949/1852 [00:47<00:46, 19.49it/s]Train:  51%|█████▏    | 951/1852 [00:47<00:46, 19.32it/s]Train:  51%|█████▏    | 953/1852 [00:48<00:46, 19.47it/s]Train:  52%|█████▏    | 956/1852 [00:48<00:44, 19.98it/s]Train:  52%|█████▏    | 958/1852 [00:48<00:45, 19.64it/s]Train:  52%|█████▏    | 960/1852 [00:48<00:45, 19.60it/s]Train:  52%|█████▏    | 963/1852 [00:48<00:43, 20.21it/s]Train:  52%|█████▏    | 966/1852 [00:48<00:44, 19.79it/s]Train:  52%|█████▏    | 969/1852 [00:48<00:43, 20.26it/s]Train:  52%|█████▏    | 972/1852 [00:48<00:41, 21.08it/s]Train:  53%|█████▎    | 975/1852 [00:49<00:42, 20.54it/s]Train:  53%|█████▎    | 978/1852 [00:49<00:43, 19.99it/s]Train:  53%|█████▎    | 981/1852 [00:49<00:42, 20.49it/s]Train:  53%|█████▎    | 984/1852 [00:49<00:42, 20.20it/s]Train:  53%|█████▎    | 987/1852 [00:49<00:43, 19.73it/s]Train:  53%|█████▎    | 989/1852 [00:49<00:44, 19.48it/s]Train:  54%|█████▎    | 991/1852 [00:49<00:44, 19.53it/s]Train:  54%|█████▎    | 993/1852 [00:50<00:44, 19.36it/s]Train:  54%|█████▎    | 995/1852 [00:50<00:44, 19.14it/s]Train:  54%|█████▍    | 997/1852 [00:50<00:44, 19.06it/s]Train:  54%|█████▍    | 999/1852 [00:50<00:44, 18.97it/s]Train:  54%|█████▍    | 1001/1852 [00:50<00:45, 18.90it/s]Train:  54%|█████▍    | 1003/1852 [00:50<00:44, 18.93it/s]Train:  54%|█████▍    | 1005/1852 [00:50<00:44, 19.18it/s]Train:  54%|█████▍    | 1008/1852 [00:50<00:41, 20.15it/s]Train:  55%|█████▍    | 1011/1852 [00:50<00:42, 19.67it/s]Train:  55%|█████▍    | 1013/1852 [00:51<00:43, 19.48it/s]Train:  55%|█████▍    | 1015/1852 [00:51<00:43, 19.31it/s]Train:  55%|█████▍    | 1017/1852 [00:51<00:43, 19.21it/s]Train:  55%|█████▌    | 1020/1852 [00:51<00:39, 20.99it/s]Train:  55%|█████▌    | 1023/1852 [00:51<00:39, 20.92it/s]Train:  55%|█████▌    | 1026/1852 [00:51<00:39, 20.66it/s]Train:  56%|█████▌    | 1029/1852 [00:51<00:39, 20.85it/s]Train:  56%|█████▌    | 1032/1852 [00:51<00:38, 21.52it/s]Train:  56%|█████▌    | 1035/1852 [00:52<00:39, 20.60it/s]Train:  56%|█████▌    | 1038/1852 [00:52<00:40, 20.02it/s]Train:  56%|█████▌    | 1041/1852 [00:52<00:41, 19.62it/s]Train:  56%|█████▋    | 1044/1852 [00:52<00:40, 19.99it/s]Train:  57%|█████▋    | 1047/1852 [00:52<00:39, 20.16it/s]Train:  57%|█████▋    | 1050/1852 [00:52<00:39, 20.32it/s]Train:  57%|█████▋    | 1053/1852 [00:53<00:39, 20.38it/s]Train:  57%|█████▋    | 1056/1852 [00:53<00:39, 20.03it/s]Train:  57%|█████▋    | 1059/1852 [00:53<00:40, 19.68it/s]Train:  57%|█████▋    | 1061/1852 [00:53<00:40, 19.67it/s]Train:  57%|█████▋    | 1063/1852 [00:53<00:40, 19.47it/s]Train:  58%|█████▊    | 1065/1852 [00:53<00:40, 19.31it/s]Train:  58%|█████▊    | 1068/1852 [00:53<00:39, 19.95it/s]Train:  58%|█████▊    | 1070/1852 [00:53<00:39, 19.64it/s]Train:  58%|█████▊    | 1073/1852 [00:54<00:38, 19.98it/s]Train:  58%|█████▊    | 1076/1852 [00:54<00:38, 20.19it/s]Train:  58%|█████▊    | 1079/1852 [00:54<00:38, 19.94it/s]Train:  58%|█████▊    | 1081/1852 [00:54<00:39, 19.68it/s]Train:  58%|█████▊    | 1083/1852 [00:54<00:39, 19.66it/s]Train:  59%|█████▊    | 1085/1852 [00:54<00:39, 19.44it/s]Train:  59%|█████▊    | 1088/1852 [00:54<00:38, 20.04it/s]Train:  59%|█████▉    | 1091/1852 [00:54<00:37, 20.10it/s]Train:  59%|█████▉    | 1094/1852 [00:55<00:37, 20.20it/s]Train:  59%|█████▉    | 1097/1852 [00:55<00:37, 20.14it/s]Train:  59%|█████▉    | 1100/1852 [00:55<00:36, 20.71it/s]Train:  60%|█████▉    | 1103/1852 [00:55<00:37, 20.11it/s]Train:  60%|█████▉    | 1106/1852 [00:55<00:36, 20.47it/s]Train:  60%|█████▉    | 1109/1852 [00:55<00:37, 19.95it/s]Train:  60%|██████    | 1112/1852 [00:56<00:36, 20.03it/s]Train:  60%|██████    | 1115/1852 [00:56<00:36, 20.28it/s]Train:  60%|██████    | 1118/1852 [00:56<00:36, 20.01it/s]Train:  61%|██████    | 1121/1852 [00:56<00:36, 20.21it/s]Train:  61%|██████    | 1124/1852 [00:56<00:35, 20.32it/s]Train:  61%|██████    | 1127/1852 [00:56<00:36, 19.85it/s]Train:  61%|██████    | 1130/1852 [00:56<00:36, 19.90it/s]Train:  61%|██████    | 1132/1852 [00:57<00:36, 19.65it/s]Train:  61%|██████▏   | 1135/1852 [00:57<00:35, 19.96it/s]Train:  61%|██████▏   | 1138/1852 [00:57<00:34, 20.43it/s]Train:  62%|██████▏   | 1141/1852 [00:57<00:35, 20.29it/s]Train:  62%|██████▏   | 1144/1852 [00:57<00:34, 20.48it/s]Train:  62%|██████▏   | 1147/1852 [00:57<00:34, 20.16it/s]Train:  62%|██████▏   | 1150/1852 [00:57<00:34, 20.17it/s]Train:  62%|██████▏   | 1153/1852 [00:58<00:33, 21.01it/s]Train:  62%|██████▏   | 1156/1852 [00:58<00:33, 21.06it/s]Train:  63%|██████▎   | 1159/1852 [00:58<00:34, 20.36it/s]Train:  63%|██████▎   | 1162/1852 [00:58<00:33, 20.30it/s]Train:  63%|██████▎   | 1165/1852 [00:58<00:33, 20.64it/s]Train:  63%|██████▎   | 1168/1852 [00:58<00:33, 20.66it/s]Train:  63%|██████▎   | 1171/1852 [00:58<00:33, 20.09it/s]Train:  63%|██████▎   | 1174/1852 [00:59<00:32, 20.90it/s]Train:  64%|██████▎   | 1177/1852 [00:59<00:31, 21.16it/s]Train:  64%|██████▎   | 1180/1852 [00:59<00:32, 20.58it/s]Train:  64%|██████▍   | 1183/1852 [00:59<00:33, 20.11it/s]Train:  64%|██████▍   | 1186/1852 [00:59<00:32, 20.42it/s]Train:  64%|██████▍   | 1189/1852 [00:59<00:33, 19.94it/s]Train:  64%|██████▍   | 1192/1852 [00:59<00:33, 19.62it/s]Train:  64%|██████▍   | 1194/1852 [01:00<00:33, 19.69it/s]Train:  65%|██████▍   | 1196/1852 [01:00<00:33, 19.48it/s]Train:  65%|██████▍   | 1199/1852 [01:00<00:32, 19.89it/s]Train:  65%|██████▍   | 1202/1852 [01:00<00:32, 20.02it/s]Train:  65%|██████▌   | 1204/1852 [01:00<00:32, 19.71it/s]Train:  65%|██████▌   | 1206/1852 [01:00<00:33, 19.48it/s]Train:  65%|██████▌   | 1208/1852 [01:00<00:33, 19.30it/s]Train:  65%|██████▌   | 1210/1852 [01:00<00:33, 19.17it/s]Train:  65%|██████▌   | 1212/1852 [01:00<00:33, 19.23it/s]Train:  66%|██████▌   | 1214/1852 [01:01<00:33, 19.14it/s]Train:  66%|██████▌   | 1216/1852 [01:01<00:33, 19.26it/s]Train:  66%|██████▌   | 1219/1852 [01:01<00:32, 19.63it/s]Train:  66%|██████▌   | 1221/1852 [01:01<00:32, 19.45it/s]Train:  66%|██████▌   | 1223/1852 [01:01<00:32, 19.27it/s]Train:  66%|██████▌   | 1225/1852 [01:01<00:32, 19.13it/s]Train:  66%|██████▋   | 1228/1852 [01:01<00:30, 20.31it/s]Train:  66%|██████▋   | 1231/1852 [01:01<00:30, 20.04it/s]Train:  67%|██████▋   | 1234/1852 [01:02<00:30, 20.39it/s]Train:  67%|██████▋   | 1237/1852 [01:02<00:30, 20.11it/s]Train:  67%|██████▋   | 1240/1852 [01:02<00:30, 20.03it/s]Train:  67%|██████▋   | 1243/1852 [01:02<00:30, 20.20it/s]Train:  67%|██████▋   | 1246/1852 [01:02<00:30, 19.98it/s]Train:  67%|██████▋   | 1248/1852 [01:02<00:30, 19.69it/s]Train:  67%|██████▋   | 1250/1852 [01:02<00:30, 19.48it/s]Train:  68%|██████▊   | 1252/1852 [01:02<00:30, 19.54it/s]Train:  68%|██████▊   | 1254/1852 [01:03<00:30, 19.34it/s]Train:  68%|██████▊   | 1256/1852 [01:03<00:30, 19.42it/s]Train:  68%|██████▊   | 1258/1852 [01:03<00:30, 19.26it/s]Train:  68%|██████▊   | 1261/1852 [01:03<00:28, 20.46it/s]Train:  68%|██████▊   | 1264/1852 [01:03<00:29, 20.06it/s]Train:  68%|██████▊   | 1267/1852 [01:03<00:29, 19.64it/s]Train:  69%|██████▊   | 1270/1852 [01:03<00:29, 19.80it/s]Train:  69%|██████▊   | 1272/1852 [01:04<00:29, 19.59it/s]Train:  69%|██████▉   | 1274/1852 [01:04<00:29, 19.40it/s]Train:  69%|██████▉   | 1277/1852 [01:04<00:28, 19.83it/s]Train:  69%|██████▉   | 1280/1852 [01:04<00:27, 20.45it/s]Train:  69%|██████▉   | 1283/1852 [01:04<00:27, 20.63it/s]Train:  69%|██████▉   | 1286/1852 [01:04<00:28, 20.05it/s]Train:  70%|██████▉   | 1289/1852 [01:04<00:28, 19.93it/s]Train:  70%|██████▉   | 1291/1852 [01:04<00:28, 19.84it/s]Train:  70%|██████▉   | 1293/1852 [01:05<00:28, 19.78it/s]Train:  70%|██████▉   | 1296/1852 [01:05<00:27, 20.53it/s]Train:  70%|███████   | 1299/1852 [01:05<00:27, 20.43it/s]Train:  70%|███████   | 1302/1852 [01:05<00:26, 20.53it/s]Train:  70%|███████   | 1305/1852 [01:05<00:27, 20.23it/s]Train:  71%|███████   | 1308/1852 [01:05<00:26, 20.34it/s]Train:  71%|███████   | 1311/1852 [01:05<00:25, 21.06it/s]Train:  71%|███████   | 1314/1852 [01:06<00:26, 20.54it/s]Train:  71%|███████   | 1317/1852 [01:06<00:26, 20.57it/s]Train:  71%|███████▏  | 1320/1852 [01:06<00:26, 20.04it/s]Train:  71%|███████▏  | 1323/1852 [01:06<00:25, 20.41it/s]Train:  72%|███████▏  | 1326/1852 [01:06<00:25, 20.32it/s]Train:  72%|███████▏  | 1329/1852 [01:06<00:25, 20.86it/s]Train:  72%|███████▏  | 1332/1852 [01:06<00:24, 20.85it/s]Train:  72%|███████▏  | 1335/1852 [01:07<00:25, 20.52it/s]Train:  72%|███████▏  | 1338/1852 [01:07<00:25, 20.48it/s]Train:  72%|███████▏  | 1341/1852 [01:07<00:25, 19.94it/s]Train:  73%|███████▎  | 1343/1852 [01:07<00:25, 19.71it/s]Train:  73%|███████▎  | 1345/1852 [01:07<00:25, 19.66it/s]Train:  73%|███████▎  | 1347/1852 [01:07<00:25, 19.45it/s]Train:  73%|███████▎  | 1349/1852 [01:07<00:25, 19.52it/s]Train:  73%|███████▎  | 1351/1852 [01:07<00:25, 19.31it/s]Train:  73%|███████▎  | 1354/1852 [01:08<00:24, 20.51it/s]Train:  73%|███████▎  | 1357/1852 [01:08<00:24, 20.39it/s]Train:  73%|███████▎  | 1360/1852 [01:08<00:23, 20.95it/s]Train:  74%|███████▎  | 1363/1852 [01:08<00:23, 20.43it/s]Train:  74%|███████▍  | 1366/1852 [01:08<00:24, 19.91it/s]Train:  74%|███████▍  | 1368/1852 [01:08<00:24, 19.91it/s]Train:  74%|███████▍  | 1370/1852 [01:08<00:24, 19.79it/s]Train:  74%|███████▍  | 1372/1852 [01:08<00:24, 19.52it/s]Train:  74%|███████▍  | 1374/1852 [01:09<00:24, 19.55it/s]Train:  74%|███████▍  | 1376/1852 [01:09<00:24, 19.32it/s]Train:  74%|███████▍  | 1378/1852 [01:09<00:24, 19.20it/s]Train:  75%|███████▍  | 1380/1852 [01:09<00:24, 19.30it/s]Train:  75%|███████▍  | 1383/1852 [01:09<00:24, 19.51it/s]Train:  75%|███████▍  | 1386/1852 [01:09<00:22, 20.38it/s]Train:  75%|███████▌  | 1389/1852 [01:09<00:22, 20.44it/s]Train:  75%|███████▌  | 1392/1852 [01:09<00:22, 20.69it/s]Train:  75%|███████▌  | 1395/1852 [01:10<00:21, 20.77it/s]Train:  75%|███████▌  | 1398/1852 [01:10<00:21, 21.47it/s]Train:  76%|███████▌  | 1401/1852 [01:10<00:21, 21.02it/s]Train:  76%|███████▌  | 1404/1852 [01:10<00:21, 20.46it/s]Train:  76%|███████▌  | 1407/1852 [01:10<00:21, 20.80it/s]Train:  76%|███████▌  | 1410/1852 [01:10<00:21, 20.83it/s]Train:  76%|███████▋  | 1413/1852 [01:10<00:21, 20.67it/s]Train:  76%|███████▋  | 1416/1852 [01:11<00:21, 20.74it/s]Train:  77%|███████▋  | 1419/1852 [01:11<00:21, 20.30it/s]Train:  77%|███████▋  | 1422/1852 [01:11<00:21, 19.87it/s]Train:  77%|███████▋  | 1425/1852 [01:11<00:21, 19.95it/s]Train:  77%|███████▋  | 1427/1852 [01:11<00:21, 19.88it/s]Train:  77%|███████▋  | 1429/1852 [01:11<00:21, 19.61it/s]Train:  77%|███████▋  | 1431/1852 [01:11<00:21, 19.41it/s]Train:  77%|███████▋  | 1433/1852 [01:11<00:21, 19.14it/s]Train:  77%|███████▋  | 1435/1852 [01:12<00:21, 19.31it/s]Train:  78%|███████▊  | 1438/1852 [01:12<00:20, 20.43it/s]Train:  78%|███████▊  | 1441/1852 [01:12<00:19, 20.94it/s]Train:  78%|███████▊  | 1444/1852 [01:12<00:20, 20.40it/s]Train:  78%|███████▊  | 1447/1852 [01:12<00:19, 20.33it/s]Train:  78%|███████▊  | 1450/1852 [01:12<00:19, 20.47it/s]Train:  78%|███████▊  | 1453/1852 [01:12<00:19, 20.23it/s]Train:  79%|███████▊  | 1456/1852 [01:13<00:19, 20.56it/s]Train:  79%|███████▉  | 1459/1852 [01:13<00:18, 21.39it/s]Train:  79%|███████▉  | 1462/1852 [01:13<00:18, 20.79it/s]Train:  79%|███████▉  | 1465/1852 [01:13<00:17, 21.54it/s]Train:  79%|███████▉  | 1468/1852 [01:13<00:18, 20.89it/s]Train:  79%|███████▉  | 1471/1852 [01:13<00:18, 20.43it/s]Train:  80%|███████▉  | 1474/1852 [01:13<00:18, 20.50it/s]Train:  80%|███████▉  | 1477/1852 [01:14<00:18, 20.76it/s]Train:  80%|███████▉  | 1480/1852 [01:14<00:17, 20.74it/s]Train:  80%|████████  | 1483/1852 [01:14<00:18, 20.49it/s]Train:  80%|████████  | 1486/1852 [01:14<00:18, 20.21it/s]Train:  80%|████████  | 1489/1852 [01:14<00:18, 20.14it/s]Train:  81%|████████  | 1492/1852 [01:14<00:17, 20.17it/s]Train:  81%|████████  | 1495/1852 [01:14<00:17, 20.50it/s]Train:  81%|████████  | 1498/1852 [01:15<00:17, 20.22it/s]Train:  81%|████████  | 1501/1852 [01:15<00:17, 19.79it/s]Train:  81%|████████  | 1504/1852 [01:15<00:16, 20.87it/s]Train:  81%|████████▏ | 1507/1852 [01:15<00:16, 20.51it/s]Train:  82%|████████▏ | 1510/1852 [01:15<00:17, 19.96it/s]Train:  82%|████████▏ | 1513/1852 [01:15<00:17, 19.61it/s]Train:  82%|████████▏ | 1515/1852 [01:16<00:17, 19.40it/s]Train:  82%|████████▏ | 1518/1852 [01:16<00:16, 19.80it/s]Train:  82%|████████▏ | 1520/1852 [01:16<00:16, 19.54it/s]Train:  82%|████████▏ | 1523/1852 [01:16<00:16, 20.34it/s]Train:  82%|████████▏ | 1526/1852 [01:16<00:16, 20.05it/s]Train:  83%|████████▎ | 1529/1852 [01:16<00:16, 20.07it/s]Train:  83%|████████▎ | 1532/1852 [01:16<00:15, 20.50it/s]Train:  83%|████████▎ | 1535/1852 [01:16<00:15, 20.94it/s]Train:  83%|████████▎ | 1538/1852 [01:17<00:19, 16.27it/s]Train:  83%|████████▎ | 1541/1852 [01:17<00:18, 17.20it/s]Train:  83%|████████▎ | 1544/1852 [01:17<00:17, 18.03it/s]Train:  83%|████████▎ | 1546/1852 [01:17<00:16, 18.37it/s]Train:  84%|████████▎ | 1548/1852 [01:17<00:16, 18.48it/s]Train:  84%|████████▎ | 1550/1852 [01:17<00:16, 18.68it/s]Train:  84%|████████▍ | 1552/1852 [01:17<00:16, 18.70it/s]Train:  84%|████████▍ | 1554/1852 [01:18<00:15, 19.02it/s]Train:  84%|████████▍ | 1557/1852 [01:18<00:15, 19.64it/s]Train:  84%|████████▍ | 1560/1852 [01:18<00:14, 19.96it/s]Train:  84%|████████▍ | 1562/1852 [01:18<00:14, 19.70it/s]Train:  84%|████████▍ | 1564/1852 [01:18<00:14, 19.44it/s]Train:  85%|████████▍ | 1567/1852 [01:18<00:14, 19.71it/s]Train:  85%|████████▍ | 1570/1852 [01:18<00:13, 20.30it/s]Train:  85%|████████▍ | 1573/1852 [01:19<00:13, 20.48it/s]Train:  85%|████████▌ | 1576/1852 [01:19<00:13, 20.54it/s]Train:  85%|████████▌ | 1579/1852 [01:19<00:13, 20.41it/s]Train:  85%|████████▌ | 1582/1852 [01:19<00:13, 20.69it/s]Train:  86%|████████▌ | 1585/1852 [01:19<00:12, 21.10it/s]Train:  86%|████████▌ | 1588/1852 [01:19<00:12, 20.36it/s]Train:  86%|████████▌ | 1591/1852 [01:19<00:12, 20.52it/s]Train:  86%|████████▌ | 1594/1852 [01:20<00:12, 20.59it/s]Train:  86%|████████▌ | 1597/1852 [01:20<00:12, 20.38it/s]Train:  86%|████████▋ | 1600/1852 [01:20<00:12, 20.07it/s]Train:  87%|████████▋ | 1603/1852 [01:20<00:12, 19.93it/s]Train:  87%|████████▋ | 1605/1852 [01:20<00:12, 19.41it/s]Train:  87%|████████▋ | 1608/1852 [01:20<00:12, 20.19it/s]Train:  87%|████████▋ | 1611/1852 [01:20<00:11, 20.14it/s]Train:  87%|████████▋ | 1614/1852 [01:21<00:11, 20.22it/s]Train:  87%|████████▋ | 1617/1852 [01:21<00:11, 20.96it/s]Train:  87%|████████▋ | 1620/1852 [01:21<00:11, 20.31it/s]Train:  88%|████████▊ | 1623/1852 [01:21<00:11, 20.58it/s]Train:  88%|████████▊ | 1626/1852 [01:21<00:11, 20.01it/s]Train:  88%|████████▊ | 1629/1852 [01:21<00:10, 20.48it/s]Train:  88%|████████▊ | 1632/1852 [01:21<00:10, 20.17it/s]Train:  88%|████████▊ | 1635/1852 [01:22<00:11, 19.73it/s]Train:  88%|████████▊ | 1637/1852 [01:22<00:10, 19.71it/s]Train:  88%|████████▊ | 1639/1852 [01:22<00:10, 19.45it/s]Train:  89%|████████▊ | 1642/1852 [01:22<00:10, 20.73it/s]Train:  89%|████████▉ | 1645/1852 [01:22<00:10, 20.69it/s]Train:  89%|████████▉ | 1648/1852 [01:22<00:09, 20.96it/s]Train:  89%|████████▉ | 1651/1852 [01:22<00:09, 20.48it/s]Train:  89%|████████▉ | 1654/1852 [01:22<00:09, 19.96it/s]Train:  89%|████████▉ | 1657/1852 [01:23<00:09, 19.92it/s]Train:  90%|████████▉ | 1659/1852 [01:23<00:09, 19.67it/s]Train:  90%|████████▉ | 1661/1852 [01:23<00:09, 19.45it/s]Train:  90%|████████▉ | 1664/1852 [01:23<00:09, 19.79it/s]Train:  90%|████████▉ | 1666/1852 [01:23<00:09, 19.59it/s]Train:  90%|█████████ | 1669/1852 [01:23<00:09, 19.89it/s]Train:  90%|█████████ | 1672/1852 [01:23<00:08, 20.11it/s]Train:  90%|█████████ | 1675/1852 [01:24<00:08, 20.05it/s]Train:  91%|█████████ | 1677/1852 [01:24<00:08, 19.95it/s]Train:  91%|█████████ | 1680/1852 [01:24<00:08, 20.18it/s]Train:  91%|█████████ | 1683/1852 [01:24<00:08, 19.90it/s]Train:  91%|█████████ | 1685/1852 [01:24<00:08, 19.67it/s]Train:  91%|█████████ | 1688/1852 [01:24<00:08, 20.02it/s]Train:  91%|█████████▏| 1690/1852 [01:24<00:08, 19.74it/s]Train:  91%|█████████▏| 1692/1852 [01:24<00:08, 19.54it/s]Train:  91%|█████████▏| 1694/1852 [01:25<00:08, 19.33it/s]Train:  92%|█████████▏| 1697/1852 [01:25<00:07, 19.97it/s]Train:  92%|█████████▏| 1700/1852 [01:25<00:07, 20.28it/s]Train:  92%|█████████▏| 1703/1852 [01:25<00:07, 20.04it/s]Train:  92%|█████████▏| 1706/1852 [01:25<00:07, 19.99it/s]Train:  92%|█████████▏| 1708/1852 [01:25<00:07, 19.75it/s]Train:  92%|█████████▏| 1710/1852 [01:25<00:07, 19.60it/s]Train:  92%|█████████▏| 1713/1852 [01:25<00:06, 21.40it/s]Train:  93%|█████████▎| 1716/1852 [01:26<00:06, 21.15it/s]Train:  93%|█████████▎| 1719/1852 [01:26<00:06, 20.39it/s]Train:  93%|█████████▎| 1722/1852 [01:26<00:06, 20.40it/s]Train:  93%|█████████▎| 1725/1852 [01:26<00:06, 20.05it/s]Train:  93%|█████████▎| 1728/1852 [01:26<00:06, 19.82it/s]Train:  93%|█████████▎| 1731/1852 [01:26<00:05, 20.62it/s]Train:  94%|█████████▎| 1734/1852 [01:26<00:05, 20.26it/s]Train:  94%|█████████▍| 1737/1852 [01:27<00:05, 20.00it/s]Train:  94%|█████████▍| 1740/1852 [01:27<00:05, 20.20it/s]Train:  94%|█████████▍| 1743/1852 [01:27<00:05, 19.91it/s]Train:  94%|█████████▍| 1745/1852 [01:27<00:05, 19.87it/s]Train:  94%|█████████▍| 1748/1852 [01:27<00:05, 20.36it/s]Train:  95%|█████████▍| 1751/1852 [01:27<00:04, 20.48it/s]Train:  95%|█████████▍| 1754/1852 [01:27<00:04, 19.99it/s]Train:  95%|█████████▍| 1757/1852 [01:28<00:04, 19.66it/s]Train:  95%|█████████▍| 1759/1852 [01:28<00:04, 19.48it/s]Train:  95%|█████████▌| 1761/1852 [01:28<00:04, 19.56it/s]Train:  95%|█████████▌| 1763/1852 [01:28<00:04, 19.38it/s]Train:  95%|█████████▌| 1765/1852 [01:28<00:04, 19.45it/s]Train:  95%|█████████▌| 1767/1852 [01:28<00:04, 19.26it/s]Train:  96%|█████████▌| 1770/1852 [01:28<00:03, 20.65it/s]Train:  96%|█████████▌| 1773/1852 [01:28<00:03, 20.72it/s]Train:  96%|█████████▌| 1776/1852 [01:29<00:03, 20.09it/s]Train:  96%|█████████▌| 1779/1852 [01:29<00:03, 19.69it/s]Train:  96%|█████████▌| 1781/1852 [01:29<00:03, 19.45it/s]Train:  96%|█████████▋| 1784/1852 [01:29<00:03, 20.00it/s]Train:  96%|█████████▋| 1787/1852 [01:29<00:03, 20.50it/s]Train:  97%|█████████▋| 1790/1852 [01:29<00:03, 20.33it/s]Train:  97%|█████████▋| 1793/1852 [01:29<00:02, 21.05it/s]Train:  97%|█████████▋| 1796/1852 [01:30<00:02, 20.33it/s]Train:  97%|█████████▋| 1799/1852 [01:30<00:02, 21.04it/s]Train:  97%|█████████▋| 1802/1852 [01:30<00:02, 20.98it/s]Train:  97%|█████████▋| 1805/1852 [01:30<00:02, 20.29it/s]Train:  98%|█████████▊| 1808/1852 [01:30<00:02, 20.41it/s]Train:  98%|█████████▊| 1811/1852 [01:30<00:02, 20.28it/s]Train:  98%|█████████▊| 1814/1852 [01:30<00:01, 19.99it/s]Train:  98%|█████████▊| 1817/1852 [01:31<00:01, 19.66it/s]Train:  98%|█████████▊| 1819/1852 [01:31<00:01, 19.67it/s]Train:  98%|█████████▊| 1822/1852 [01:31<00:01, 19.85it/s]Train:  98%|█████████▊| 1824/1852 [01:31<00:01, 19.61it/s]Train:  99%|█████████▊| 1826/1852 [01:31<00:01, 19.60it/s]Train:  99%|█████████▊| 1828/1852 [01:31<00:01, 19.57it/s]Train:  99%|█████████▉| 1831/1852 [01:31<00:01, 19.97it/s]Train:  99%|█████████▉| 1834/1852 [01:31<00:00, 20.66it/s]Train:  99%|█████████▉| 1837/1852 [01:32<00:00, 20.19it/s]Train:  99%|█████████▉| 1840/1852 [01:32<00:00, 20.63it/s]Train: 100%|█████████▉| 1843/1852 [01:32<00:00, 20.56it/s]Train: 100%|█████████▉| 1846/1852 [01:32<00:00, 20.36it/s]Train: 100%|█████████▉| 1849/1852 [01:32<00:00, 21.74it/s]Train: 100%|██████████| 1852/1852 [01:32<00:00, 20.70it/s]Train: 100%|██████████| 1852/1852 [01:32<00:00, 19.95it/s]
0: Process 0 - Local timer:  train_validate_test  :  296.79
0: Process 0 - Local timer:  load_data  :  116.79
0: Process 0 - Local timer:  create_model  :  0.02
0: Minimum timers: 
0: train_validate_test  :  296.72
0: load_data  :  116.79
0: create_model  :  0.02
0: Maximum timers: 
0: train_validate_test  :  296.8
0: load_data  :  116.79
0: create_model  :  0.02
0: Average timers: 
0: train_validate_test  :  296.78
0: load_data  :  116.79
0: create_model  :  0.02
0: Number of calls to timers: 
0: {'load_data': 1, 'create_model': 1, 'train_validate_test': 1}
+ sleep 5
+ echo Done.
Done.
