MINICOM=-c on
MIOPEN_DISABLE_CACHE=1
MPICH_ENV_DISPLAY=0
MPICH_OFI_NIC_POLICY=NUMA
MPICH_VERSION_DISPLAY=0
MPICH_DIR=/opt/cray/pe/mpich/8.1.28/ofi/crayclang/17.0
HYDRA_LAUNCHER_EXTRA_ARGS=--external-launcher
HYDRAGNN_VALTEST=0
HYDRAGNN_AGGR_BACKEND=mpi
HYDRAGNN_NUM_WORKERS=0
HYDRA_BOOTSTRAP=slurm
HYDRAGNN_USE_VARIABLE_GRAPH_SIZE=1
NCCL_P2P_LEVEL=NVL
NCCL_PROTO=Simple
NCCL_P2P_DISABLE=1
Running "module reset". Resetting modules to system default. The following $MODULEPATH directories have been removed: None
-------------------------------------------------------------------------------
There are messages associated with the following module(s):
-------------------------------------------------------------------------------

DefApps:
   The software stack on Frontier had updates on July 9th & 16th, 2024.
   Retired modules: https://docs.olcf.ornl.gov/software/software-news.html#frontier-user-environment-changes-july-9-2024
   New defaults: https://docs.olcf.ornl.gov/software/software-news.html#frontier-system-software-update-july-16-2024

-------------------------------------------------------------------------------


Lmod is automatically replacing "cce/17.0.0" with "gcc-native/12.3".


Lmod is automatically replacing "PrgEnv-cray/8.5.0" with "PrgEnv-gnu/8.5.0".


Due to MODULEPATH changes, the following have been reloaded:
  1) cray-libsci/23.12.5     2) cray-mpich/8.1.28     3) darshan-runtime/3.4.0-mpi


Lmod is automatically replacing "gcc-native/12.3" with "amd-mixed/5.4.3".

Lmod has detected the following error: The following module(s) are unknown:
"amd-mixed/5.4.3" "darshan-runtime"

Please check the spelling or version number. Also try "module spider ..."
It is also possible your cache file is out-of-date; it may help to try:
  $ module --ignore_cache load "amd-mixed/5.4.3" "darshan-runtime"

Also make sure that all modulefiles written in TCL start with the string
#%Module



Lmod has detected the following error: The following module(s) are unknown:
"cray-mpich/8.1.26"

Please check the spelling or version number. Also try "module spider ..."
It is also possible your cache file is out-of-date; it may help to try:
  $ module --ignore_cache load "cray-mpich/8.1.26"

Also make sure that all modulefiles written in TCL start with the string
#%Module



+ export HYDRAGNN_TRACE_LEVEL=2
+ HYDRAGNN_TRACE_LEVEL=2
+ for MS in SMALL
+ for NN in 16
+ srun -N16 -n128 -c7 --gpus-per-task=1 --gpu-bind=closest python -u ./examples/multidataset/train.py --multi_model_list=OC2020 --multi --num_epoch=1 --everyone --ddstore --log=exp-strongfull-SMALL-2126091-NN16 --inputfile=SMALL_MTL.json
[2024-07-24 00:10:11,545] [INFO] [real_accelerator.py:203:get_accelerator] Setting ds_accelerator to cuda (auto detect)
[2024-07-24 00:10:11,545] [INFO] [real_accelerator.py:203:get_accelerator] Setting ds_accelerator to cuda (auto detect)
[2024-07-24 00:10:11,545] [INFO] [real_accelerator.py:203:get_accelerator] Setting ds_accelerator to cuda (auto detect)
[2024-07-24 00:10:11,545] [INFO] [real_accelerator.py:203:get_accelerator] Setting ds_accelerator to cuda (auto detect)
[2024-07-24 00:10:11,545] [INFO] [real_accelerator.py:203:get_accelerator] Setting ds_accelerator to cuda (auto detect)
[2024-07-24 00:10:11,545] [INFO] [real_accelerator.py:203:get_accelerator] Setting ds_accelerator to cuda (auto detect)
[2024-07-24 00:10:11,545] [INFO] [real_accelerator.py:203:get_accelerator] Setting ds_accelerator to cuda (auto detect)
[2024-07-24 00:10:11,545] [INFO] [real_accelerator.py:203:get_accelerator] Setting ds_accelerator to cuda (auto detect)
[2024-07-24 00:10:11,561] [INFO] [real_accelerator.py:203:get_accelerator] Setting ds_accelerator to cuda (auto detect)
[2024-07-24 00:10:11,561] [INFO] [real_accelerator.py:203:get_accelerator] Setting ds_accelerator to cuda (auto detect)
[2024-07-24 00:10:11,561] [INFO] [real_accelerator.py:203:get_accelerator] Setting ds_accelerator to cuda (auto detect)
[2024-07-24 00:10:11,561] [INFO] [real_accelerator.py:203:get_accelerator] Setting ds_accelerator to cuda (auto detect)
[2024-07-24 00:10:11,561] [INFO] [real_accelerator.py:203:get_accelerator] Setting ds_accelerator to cuda (auto detect)
[2024-07-24 00:10:11,561] [INFO] [real_accelerator.py:203:get_accelerator] Setting ds_accelerator to cuda (auto detect)
[2024-07-24 00:10:11,561] [INFO] [real_accelerator.py:203:get_accelerator] Setting ds_accelerator to cuda (auto detect)
[2024-07-24 00:10:11,561] [INFO] [real_accelerator.py:203:get_accelerator] Setting ds_accelerator to cuda (auto detect)
[2024-07-24 00:10:11,790] [INFO] [real_accelerator.py:203:get_accelerator] Setting ds_accelerator to cuda (auto detect)
[2024-07-24 00:10:11,790] [INFO] [real_accelerator.py:203:get_accelerator] Setting ds_accelerator to cuda (auto detect)
[2024-07-24 00:10:11,792] [INFO] [real_accelerator.py:203:get_accelerator] Setting ds_accelerator to cuda (auto detect)
[2024-07-24 00:10:11,793] [INFO] [real_accelerator.py:203:get_accelerator] Setting ds_accelerator to cuda (auto detect)
[2024-07-24 00:10:11,794] [INFO] [real_accelerator.py:203:get_accelerator] Setting ds_accelerator to cuda (auto detect)
[2024-07-24 00:10:11,797] [INFO] [real_accelerator.py:203:get_accelerator] Setting ds_accelerator to cuda (auto detect)
[2024-07-24 00:10:11,804] [INFO] [real_accelerator.py:203:get_accelerator] Setting ds_accelerator to cuda (auto detect)
[2024-07-24 00:10:11,806] [INFO] [real_accelerator.py:203:get_accelerator] Setting ds_accelerator to cuda (auto detect)
[2024-07-24 00:10:11,831] [INFO] [real_accelerator.py:203:get_accelerator] Setting ds_accelerator to cuda (auto detect)
[2024-07-24 00:10:11,831] [INFO] [real_accelerator.py:203:get_accelerator] Setting ds_accelerator to cuda (auto detect)
[2024-07-24 00:10:11,835] [INFO] [real_accelerator.py:203:get_accelerator] Setting ds_accelerator to cuda (auto detect)
[2024-07-24 00:10:11,839] [INFO] [real_accelerator.py:203:get_accelerator] Setting ds_accelerator to cuda (auto detect)
[2024-07-24 00:10:11,844] [INFO] [real_accelerator.py:203:get_accelerator] Setting ds_accelerator to cuda (auto detect)
[2024-07-24 00:10:11,845] [INFO] [real_accelerator.py:203:get_accelerator] Setting ds_accelerator to cuda (auto detect)
[2024-07-24 00:10:11,845] [INFO] [real_accelerator.py:203:get_accelerator] Setting ds_accelerator to cuda (auto detect)
[2024-07-24 00:10:11,859] [INFO] [real_accelerator.py:203:get_accelerator] Setting ds_accelerator to cuda (auto detect)
[2024-07-24 00:10:11,871] [INFO] [real_accelerator.py:203:get_accelerator] Setting ds_accelerator to cuda (auto detect)
[2024-07-24 00:10:11,871] [INFO] [real_accelerator.py:203:get_accelerator] Setting ds_accelerator to cuda (auto detect)
[2024-07-24 00:10:11,871] [INFO] [real_accelerator.py:203:get_accelerator] Setting ds_accelerator to cuda (auto detect)
[2024-07-24 00:10:11,871] [INFO] [real_accelerator.py:203:get_accelerator] Setting ds_accelerator to cuda (auto detect)
[2024-07-24 00:10:11,871] [INFO] [real_accelerator.py:203:get_accelerator] Setting ds_accelerator to cuda (auto detect)
[2024-07-24 00:10:11,871] [INFO] [real_accelerator.py:203:get_accelerator] Setting ds_accelerator to cuda (auto detect)
[2024-07-24 00:10:11,871] [INFO] [real_accelerator.py:203:get_accelerator] Setting ds_accelerator to cuda (auto detect)
[2024-07-24 00:10:11,883] [INFO] [real_accelerator.py:203:get_accelerator] Setting ds_accelerator to cuda (auto detect)
[2024-07-24 00:10:12,034] [INFO] [real_accelerator.py:203:get_accelerator] Setting ds_accelerator to cuda (auto detect)
[2024-07-24 00:10:12,034] [INFO] [real_accelerator.py:203:get_accelerator] Setting ds_accelerator to cuda (auto detect)
[2024-07-24 00:10:12,042] [INFO] [real_accelerator.py:203:get_accelerator] Setting ds_accelerator to cuda (auto detect)
[2024-07-24 00:10:12,045] [INFO] [real_accelerator.py:203:get_accelerator] Setting ds_accelerator to cuda (auto detect)
[2024-07-24 00:10:12,047] [INFO] [real_accelerator.py:203:get_accelerator] Setting ds_accelerator to cuda (auto detect)
[2024-07-24 00:10:12,048] [INFO] [real_accelerator.py:203:get_accelerator] Setting ds_accelerator to cuda (auto detect)
[2024-07-24 00:10:12,051] [INFO] [real_accelerator.py:203:get_accelerator] Setting ds_accelerator to cuda (auto detect)
[2024-07-24 00:10:12,052] [INFO] [real_accelerator.py:203:get_accelerator] Setting ds_accelerator to cuda (auto detect)
[2024-07-24 00:10:12,137] [INFO] [real_accelerator.py:203:get_accelerator] Setting ds_accelerator to cuda (auto detect)
[2024-07-24 00:10:12,141] [INFO] [real_accelerator.py:203:get_accelerator] Setting ds_accelerator to cuda (auto detect)
[2024-07-24 00:10:12,144] [INFO] [real_accelerator.py:203:get_accelerator] Setting ds_accelerator to cuda (auto detect)
[2024-07-24 00:10:12,146] [INFO] [real_accelerator.py:203:get_accelerator] Setting ds_accelerator to cuda (auto detect)
[2024-07-24 00:10:12,147] [INFO] [real_accelerator.py:203:get_accelerator] Setting ds_accelerator to cuda (auto detect)
[2024-07-24 00:10:12,147] [INFO] [real_accelerator.py:203:get_accelerator] Setting ds_accelerator to cuda (auto detect)
[2024-07-24 00:10:12,150] [INFO] [real_accelerator.py:203:get_accelerator] Setting ds_accelerator to cuda (auto detect)
[2024-07-24 00:10:12,150] [INFO] [real_accelerator.py:203:get_accelerator] Setting ds_accelerator to cuda (auto detect)
[2024-07-24 00:10:12,377] [INFO] [real_accelerator.py:203:get_accelerator] Setting ds_accelerator to cuda (auto detect)
[2024-07-24 00:10:12,382] [INFO] [real_accelerator.py:203:get_accelerator] Setting ds_accelerator to cuda (auto detect)
[2024-07-24 00:10:12,386] [INFO] [real_accelerator.py:203:get_accelerator] Setting ds_accelerator to cuda (auto detect)
[2024-07-24 00:10:12,389] [INFO] [real_accelerator.py:203:get_accelerator] Setting ds_accelerator to cuda (auto detect)
[2024-07-24 00:10:12,390] [INFO] [real_accelerator.py:203:get_accelerator] Setting ds_accelerator to cuda (auto detect)
[2024-07-24 00:10:12,393] [INFO] [real_accelerator.py:203:get_accelerator] Setting ds_accelerator to cuda (auto detect)
[2024-07-24 00:10:12,412] [INFO] [real_accelerator.py:203:get_accelerator] Setting ds_accelerator to cuda (auto detect)
[2024-07-24 00:10:12,412] [INFO] [real_accelerator.py:203:get_accelerator] Setting ds_accelerator to cuda (auto detect)
[2024-07-24 00:10:12,412] [INFO] [real_accelerator.py:203:get_accelerator] Setting ds_accelerator to cuda (auto detect)
[2024-07-24 00:10:12,412] [INFO] [real_accelerator.py:203:get_accelerator] Setting ds_accelerator to cuda (auto detect)
[2024-07-24 00:10:12,412] [INFO] [real_accelerator.py:203:get_accelerator] Setting ds_accelerator to cuda (auto detect)
[2024-07-24 00:10:12,412] [INFO] [real_accelerator.py:203:get_accelerator] Setting ds_accelerator to cuda (auto detect)
[2024-07-24 00:10:12,412] [INFO] [real_accelerator.py:203:get_accelerator] Setting ds_accelerator to cuda (auto detect)
[2024-07-24 00:10:12,418] [INFO] [real_accelerator.py:203:get_accelerator] Setting ds_accelerator to cuda (auto detect)
[2024-07-24 00:10:12,420] [INFO] [real_accelerator.py:203:get_accelerator] Setting ds_accelerator to cuda (auto detect)
[2024-07-24 00:10:12,420] [INFO] [real_accelerator.py:203:get_accelerator] Setting ds_accelerator to cuda (auto detect)
[2024-07-24 00:10:12,732] [INFO] [real_accelerator.py:203:get_accelerator] Setting ds_accelerator to cuda (auto detect)
[2024-07-24 00:10:12,732] [INFO] [real_accelerator.py:203:get_accelerator] Setting ds_accelerator to cuda (auto detect)
[2024-07-24 00:10:12,739] [INFO] [real_accelerator.py:203:get_accelerator] Setting ds_accelerator to cuda (auto detect)
[2024-07-24 00:10:12,740] [INFO] [real_accelerator.py:203:get_accelerator] Setting ds_accelerator to cuda (auto detect)
[2024-07-24 00:10:12,743] [INFO] [real_accelerator.py:203:get_accelerator] Setting ds_accelerator to cuda (auto detect)
[2024-07-24 00:10:12,743] [INFO] [real_accelerator.py:203:get_accelerator] Setting ds_accelerator to cuda (auto detect)
[2024-07-24 00:10:12,745] [INFO] [real_accelerator.py:203:get_accelerator] Setting ds_accelerator to cuda (auto detect)
[2024-07-24 00:10:12,746] [INFO] [real_accelerator.py:203:get_accelerator] Setting ds_accelerator to cuda (auto detect)
[2024-07-24 00:10:12,826] [INFO] [real_accelerator.py:203:get_accelerator] Setting ds_accelerator to cuda (auto detect)
[2024-07-24 00:10:12,826] [INFO] [real_accelerator.py:203:get_accelerator] Setting ds_accelerator to cuda (auto detect)
[2024-07-24 00:10:12,826] [INFO] [real_accelerator.py:203:get_accelerator] Setting ds_accelerator to cuda (auto detect)
[2024-07-24 00:10:12,826] [INFO] [real_accelerator.py:203:get_accelerator] Setting ds_accelerator to cuda (auto detect)
[2024-07-24 00:10:12,826] [INFO] [real_accelerator.py:203:get_accelerator] Setting ds_accelerator to cuda (auto detect)
[2024-07-24 00:10:12,828] [INFO] [real_accelerator.py:203:get_accelerator] Setting ds_accelerator to cuda (auto detect)
[2024-07-24 00:10:12,837] [INFO] [real_accelerator.py:203:get_accelerator] Setting ds_accelerator to cuda (auto detect)
[2024-07-24 00:10:12,838] [INFO] [real_accelerator.py:203:get_accelerator] Setting ds_accelerator to cuda (auto detect)
[2024-07-24 00:10:12,995] [INFO] [real_accelerator.py:203:get_accelerator] Setting ds_accelerator to cuda (auto detect)
[2024-07-24 00:10:12,995] [INFO] [real_accelerator.py:203:get_accelerator] Setting ds_accelerator to cuda (auto detect)
[2024-07-24 00:10:13,005] [INFO] [real_accelerator.py:203:get_accelerator] Setting ds_accelerator to cuda (auto detect)
[2024-07-24 00:10:13,008] [INFO] [real_accelerator.py:203:get_accelerator] Setting ds_accelerator to cuda (auto detect)
[2024-07-24 00:10:13,020] [INFO] [real_accelerator.py:203:get_accelerator] Setting ds_accelerator to cuda (auto detect)
[2024-07-24 00:10:13,023] [INFO] [real_accelerator.py:203:get_accelerator] Setting ds_accelerator to cuda (auto detect)
[2024-07-24 00:10:13,036] [INFO] [real_accelerator.py:203:get_accelerator] Setting ds_accelerator to cuda (auto detect)
[2024-07-24 00:10:13,039] [INFO] [real_accelerator.py:203:get_accelerator] Setting ds_accelerator to cuda (auto detect)
[2024-07-24 00:10:13,092] [INFO] [real_accelerator.py:203:get_accelerator] Setting ds_accelerator to cuda (auto detect)
[2024-07-24 00:10:13,092] [INFO] [real_accelerator.py:203:get_accelerator] Setting ds_accelerator to cuda (auto detect)
[2024-07-24 00:10:13,094] [INFO] [real_accelerator.py:203:get_accelerator] Setting ds_accelerator to cuda (auto detect)
[2024-07-24 00:10:13,096] [INFO] [real_accelerator.py:203:get_accelerator] Setting ds_accelerator to cuda (auto detect)
[2024-07-24 00:10:13,096] [INFO] [real_accelerator.py:203:get_accelerator] Setting ds_accelerator to cuda (auto detect)
[2024-07-24 00:10:13,098] [INFO] [real_accelerator.py:203:get_accelerator] Setting ds_accelerator to cuda (auto detect)
[2024-07-24 00:10:13,099] [INFO] [real_accelerator.py:203:get_accelerator] Setting ds_accelerator to cuda (auto detect)
[2024-07-24 00:10:13,102] [INFO] [real_accelerator.py:203:get_accelerator] Setting ds_accelerator to cuda (auto detect)
[2024-07-24 00:10:13,114] [INFO] [real_accelerator.py:203:get_accelerator] Setting ds_accelerator to cuda (auto detect)
[2024-07-24 00:10:13,114] [INFO] [real_accelerator.py:203:get_accelerator] Setting ds_accelerator to cuda (auto detect)
[2024-07-24 00:10:13,114] [INFO] [real_accelerator.py:203:get_accelerator] Setting ds_accelerator to cuda (auto detect)
[2024-07-24 00:10:13,114] [INFO] [real_accelerator.py:203:get_accelerator] Setting ds_accelerator to cuda (auto detect)
[2024-07-24 00:10:13,114] [INFO] [real_accelerator.py:203:get_accelerator] Setting ds_accelerator to cuda (auto detect)
[2024-07-24 00:10:13,114] [INFO] [real_accelerator.py:203:get_accelerator] Setting ds_accelerator to cuda (auto detect)
[2024-07-24 00:10:13,114] [INFO] [real_accelerator.py:203:get_accelerator] Setting ds_accelerator to cuda (auto detect)
[2024-07-24 00:10:13,114] [INFO] [real_accelerator.py:203:get_accelerator] Setting ds_accelerator to cuda (auto detect)
[2024-07-24 00:10:13,125] [INFO] [real_accelerator.py:203:get_accelerator] Setting ds_accelerator to cuda (auto detect)
[2024-07-24 00:10:13,125] [INFO] [real_accelerator.py:203:get_accelerator] Setting ds_accelerator to cuda (auto detect)
[2024-07-24 00:10:13,125] [INFO] [real_accelerator.py:203:get_accelerator] Setting ds_accelerator to cuda (auto detect)
[2024-07-24 00:10:13,125] [INFO] [real_accelerator.py:203:get_accelerator] Setting ds_accelerator to cuda (auto detect)
[2024-07-24 00:10:13,125] [INFO] [real_accelerator.py:203:get_accelerator] Setting ds_accelerator to cuda (auto detect)
[2024-07-24 00:10:13,125] [INFO] [real_accelerator.py:203:get_accelerator] Setting ds_accelerator to cuda (auto detect)
[2024-07-24 00:10:13,125] [INFO] [real_accelerator.py:203:get_accelerator] Setting ds_accelerator to cuda (auto detect)
[2024-07-24 00:10:13,125] [INFO] [real_accelerator.py:203:get_accelerator] Setting ds_accelerator to cuda (auto detect)
[2024-07-24 00:10:13,352] [INFO] [real_accelerator.py:203:get_accelerator] Setting ds_accelerator to cuda (auto detect)
[2024-07-24 00:10:13,364] [INFO] [real_accelerator.py:203:get_accelerator] Setting ds_accelerator to cuda (auto detect)
[2024-07-24 00:10:13,366] [INFO] [real_accelerator.py:203:get_accelerator] Setting ds_accelerator to cuda (auto detect)
[2024-07-24 00:10:13,376] [INFO] [real_accelerator.py:203:get_accelerator] Setting ds_accelerator to cuda (auto detect)
[2024-07-24 00:10:13,383] [INFO] [real_accelerator.py:203:get_accelerator] Setting ds_accelerator to cuda (auto detect)
[2024-07-24 00:10:13,391] [INFO] [real_accelerator.py:203:get_accelerator] Setting ds_accelerator to cuda (auto detect)
[2024-07-24 00:10:13,391] [INFO] [real_accelerator.py:203:get_accelerator] Setting ds_accelerator to cuda (auto detect)
[2024-07-24 00:10:13,416] [INFO] [real_accelerator.py:203:get_accelerator] Setting ds_accelerator to cuda (auto detect)
[93m [WARNING] [0m async_io requires the dev libaio .so object and headers but these were not found.
[93m [WARNING] [0m async_io requires the dev libaio .so object and headers but these were not found.
[93m [WARNING] [0m async_io requires the dev libaio .so object and headers but these were not found.
[93m [WARNING] [0m async_io requires the dev libaio .so object and headers but these were not found.
[93m [WARNING] [0m async_io requires the dev libaio .so object and headers but these were not found.
[93m [WARNING] [0m async_io requires the dev libaio .so object and headers but these were not found.
[93m [WARNING] [0m async_io requires the dev libaio .so object and headers but these were not found.
[93m [WARNING] [0m async_io requires the dev libaio .so object and headers but these were not found.
[93m [WARNING] [0m async_io requires the dev libaio .so object and headers but these were not found.
[93m [WARNING] [0m async_io requires the dev libaio .so object and headers but these were not found.
[93m [WARNING] [0m async_io requires the dev libaio .so object and headers but these were not found.
[93m [WARNING] [0m async_io requires the dev libaio .so object and headers but these were not found.
[93m [WARNING] [0m async_io requires the dev libaio .so object and headers but these were not found.
[93m [WARNING] [0m async_io requires the dev libaio .so object and headers but these were not found.
[93m [WARNING] [0m async_io requires the dev libaio .so object and headers but these were not found.
[93m [WARNING] [0m async_io requires the dev libaio .so object and headers but these were not found.
[93m [WARNING] [0m If libaio is already installed (perhaps from source), try setting the CFLAGS and LDFLAGS environment variables to where it can be found.
[93m [WARNING] [0m Please specify the CUTLASS repo directory as environment variable $CUTLASS_PATH
[93m [WARNING] [0m If libaio is already installed (perhaps from source), try setting the CFLAGS and LDFLAGS environment variables to where it can be found.
[93m [WARNING] [0m Please specify the CUTLASS repo directory as environment variable $CUTLASS_PATH
[93m [WARNING] [0m If libaio is already installed (perhaps from source), try setting the CFLAGS and LDFLAGS environment variables to where it can be found.
[93m [WARNING] [0m Please specify the CUTLASS repo directory as environment variable $CUTLASS_PATH
[93m [WARNING] [0m If libaio is already installed (perhaps from source), try setting the CFLAGS and LDFLAGS environment variables to where it can be found.
[93m [WARNING] [0m Please specify the CUTLASS repo directory as environment variable $CUTLASS_PATH
[93m [WARNING] [0m If libaio is already installed (perhaps from source), try setting the CFLAGS and LDFLAGS environment variables to where it can be found.
[93m [WARNING] [0m Please specify the CUTLASS repo directory as environment variable $CUTLASS_PATH
[93m [WARNING] [0m If libaio is already installed (perhaps from source), try setting the CFLAGS and LDFLAGS environment variables to where it can be found.
[93m [WARNING] [0m Please specify the CUTLASS repo directory as environment variable $CUTLASS_PATH
[93m [WARNING] [0m If libaio is already installed (perhaps from source), try setting the CFLAGS and LDFLAGS environment variables to where it can be found.
[93m [WARNING] [0m Please specify the CUTLASS repo directory as environment variable $CUTLASS_PATH
[93m [WARNING] [0m If libaio is already installed (perhaps from source), try setting the CFLAGS and LDFLAGS environment variables to where it can be found.
[93m [WARNING] [0m Please specify the CUTLASS repo directory as environment variable $CUTLASS_PATH
[93m [WARNING] [0m If libaio is already installed (perhaps from source), try setting the CFLAGS and LDFLAGS environment variables to where it can be found.
[93m [WARNING] [0m Please specify the CUTLASS repo directory as environment variable $CUTLASS_PATH
[93m [WARNING] [0m If libaio is already installed (perhaps from source), try setting the CFLAGS and LDFLAGS environment variables to where it can be found.
[93m [WARNING] [0m Please specify the CUTLASS repo directory as environment variable $CUTLASS_PATH
[93m [WARNING] [0m If libaio is already installed (perhaps from source), try setting the CFLAGS and LDFLAGS environment variables to where it can be found.
[93m [WARNING] [0m Please specify the CUTLASS repo directory as environment variable $CUTLASS_PATH
[93m [WARNING] [0m If libaio is already installed (perhaps from source), try setting the CFLAGS and LDFLAGS environment variables to where it can be found.
[93m [WARNING] [0m Please specify the CUTLASS repo directory as environment variable $CUTLASS_PATH
[93m [WARNING] [0m If libaio is already installed (perhaps from source), try setting the CFLAGS and LDFLAGS environment variables to where it can be found.
[93m [WARNING] [0m Please specify the CUTLASS repo directory as environment variable $CUTLASS_PATH
[93m [WARNING] [0m If libaio is already installed (perhaps from source), try setting the CFLAGS and LDFLAGS environment variables to where it can be found.
[93m [WARNING] [0m Please specify the CUTLASS repo directory as environment variable $CUTLASS_PATH
[93m [WARNING] [0m If libaio is already installed (perhaps from source), try setting the CFLAGS and LDFLAGS environment variables to where it can be found.
[93m [WARNING] [0m Please specify the CUTLASS repo directory as environment variable $CUTLASS_PATH
[93m [WARNING] [0m If libaio is already installed (perhaps from source), try setting the CFLAGS and LDFLAGS environment variables to where it can be found.
[93m [WARNING] [0m Please specify the CUTLASS repo directory as environment variable $CUTLASS_PATH
[93m [WARNING] [0m async_io requires the dev libaio .so object and headers but these were not found.
[93m [WARNING] [0m async_io requires the dev libaio .so object and headers but these were not found.
[93m [WARNING] [0m async_io requires the dev libaio .so object and headers but these were not found.
[93m [WARNING] [0m async_io requires the dev libaio .so object and headers but these were not found.
[93m [WARNING] [0m async_io requires the dev libaio .so object and headers but these were not found.
[93m [WARNING] [0m async_io requires the dev libaio .so object and headers but these were not found.
[93m [WARNING] [0m async_io requires the dev libaio .so object and headers but these were not found.
[93m [WARNING] [0m async_io requires the dev libaio .so object and headers but these were not found.
[93m [WARNING] [0m async_io requires the dev libaio .so object and headers but these were not found.
[93m [WARNING] [0m async_io requires the dev libaio .so object and headers but these were not found.
[93m [WARNING] [0m async_io requires the dev libaio .so object and headers but these were not found.
[93m [WARNING] [0m async_io requires the dev libaio .so object and headers but these were not found.
[93m [WARNING] [0m async_io requires the dev libaio .so object and headers but these were not found.
[93m [WARNING] [0m async_io requires the dev libaio .so object and headers but these were not found.
[93m [WARNING] [0m If libaio is already installed (perhaps from source), try setting the CFLAGS and LDFLAGS environment variables to where it can be found.
[93m [WARNING] [0m Please specify the CUTLASS repo directory as environment variable $CUTLASS_PATH
[93m [WARNING] [0m If libaio is already installed (perhaps from source), try setting the CFLAGS and LDFLAGS environment variables to where it can be found.
[93m [WARNING] [0m Please specify the CUTLASS repo directory as environment variable $CUTLASS_PATH
[93m [WARNING] [0m If libaio is already installed (perhaps from source), try setting the CFLAGS and LDFLAGS environment variables to where it can be found.
[93m [WARNING] [0m Please specify the CUTLASS repo directory as environment variable $CUTLASS_PATH
[93m [WARNING] [0m If libaio is already installed (perhaps from source), try setting the CFLAGS and LDFLAGS environment variables to where it can be found.
[93m [WARNING] [0m Please specify the CUTLASS repo directory as environment variable $CUTLASS_PATH
[93m [WARNING] [0m If libaio is already installed (perhaps from source), try setting the CFLAGS and LDFLAGS environment variables to where it can be found.
[93m [WARNING] [0m Please specify the CUTLASS repo directory as environment variable $CUTLASS_PATH
[93m [WARNING] [0m async_io requires the dev libaio .so object and headers but these were not found.
[93m [WARNING] [0m async_io requires the dev libaio .so object and headers but these were not found.
[93m [WARNING] [0m If libaio is already installed (perhaps from source), try setting the CFLAGS and LDFLAGS environment variables to where it can be found.
[93m [WARNING] [0m Please specify the CUTLASS repo directory as environment variable $CUTLASS_PATH
[93m [WARNING] [0m If libaio is already installed (perhaps from source), try setting the CFLAGS and LDFLAGS environment variables to where it can be found.
[93m [WARNING] [0m Please specify the CUTLASS repo directory as environment variable $CUTLASS_PATH
[93m [WARNING] [0m If libaio is already installed (perhaps from source), try setting the CFLAGS and LDFLAGS environment variables to where it can be found.
[93m [WARNING] [0m Please specify the CUTLASS repo directory as environment variable $CUTLASS_PATH
[93m [WARNING] [0m If libaio is already installed (perhaps from source), try setting the CFLAGS and LDFLAGS environment variables to where it can be found.
[93m [WARNING] [0m Please specify the CUTLASS repo directory as environment variable $CUTLASS_PATH
[93m [WARNING] [0m If libaio is already installed (perhaps from source), try setting the CFLAGS and LDFLAGS environment variables to where it can be found.
[93m [WARNING] [0m If libaio is already installed (perhaps from source), try setting the CFLAGS and LDFLAGS environment variables to where it can be found.
[93m [WARNING] [0m Please specify the CUTLASS repo directory as environment variable $CUTLASS_PATH
[93m [WARNING] [0m Please specify the CUTLASS repo directory as environment variable $CUTLASS_PATH
[93m [WARNING] [0m If libaio is already installed (perhaps from source), try setting the CFLAGS and LDFLAGS environment variables to where it can be found.
[93m [WARNING] [0m Please specify the CUTLASS repo directory as environment variable $CUTLASS_PATH
[93m [WARNING] [0m If libaio is already installed (perhaps from source), try setting the CFLAGS and LDFLAGS environment variables to where it can be found.
[93m [WARNING] [0m Please specify the CUTLASS repo directory as environment variable $CUTLASS_PATH
[93m [WARNING] [0m If libaio is already installed (perhaps from source), try setting the CFLAGS and LDFLAGS environment variables to where it can be found.
[93m [WARNING] [0m Please specify the CUTLASS repo directory as environment variable $CUTLASS_PATH
[93m [WARNING] [0m If libaio is already installed (perhaps from source), try setting the CFLAGS and LDFLAGS environment variables to where it can be found.
[93m [WARNING] [0m Please specify the CUTLASS repo directory as environment variable $CUTLASS_PATH
[93m [WARNING] [0m If libaio is already installed (perhaps from source), try setting the CFLAGS and LDFLAGS environment variables to where it can be found.
[93m [WARNING] [0m Please specify the CUTLASS repo directory as environment variable $CUTLASS_PATH
[93m [WARNING] [0m async_io requires the dev libaio .so object and headers but these were not found.
[93m [WARNING] [0m async_io requires the dev libaio .so object and headers but these were not found.
[93m [WARNING] [0m async_io requires the dev libaio .so object and headers but these were not found.
[93m [WARNING] [0m async_io requires the dev libaio .so object and headers but these were not found.
[93m [WARNING] [0m async_io requires the dev libaio .so object and headers but these were not found.
[93m [WARNING] [0m async_io requires the dev libaio .so object and headers but these were not found.
[93m [WARNING] [0m async_io requires the dev libaio .so object and headers but these were not found.
[93m [WARNING] [0m async_io requires the dev libaio .so object and headers but these were not found.
[93m [WARNING] [0m async_io requires the dev libaio .so object and headers but these were not found.
[93m [WARNING] [0m async_io requires the dev libaio .so object and headers but these were not found.
[93m [WARNING] [0m async_io requires the dev libaio .so object and headers but these were not found.
[93m [WARNING] [0m async_io requires the dev libaio .so object and headers but these were not found.
[93m [WARNING] [0m async_io requires the dev libaio .so object and headers but these were not found.
[93m [WARNING] [0m async_io requires the dev libaio .so object and headers but these were not found.
[93m [WARNING] [0m async_io requires the dev libaio .so object and headers but these were not found.
[93m [WARNING] [0m async_io requires the dev libaio .so object and headers but these were not found.
[93m [WARNING] [0m If libaio is already installed (perhaps from source), try setting the CFLAGS and LDFLAGS environment variables to where it can be found.
[93m [WARNING] [0m Please specify the CUTLASS repo directory as environment variable $CUTLASS_PATH
[93m [WARNING] [0m If libaio is already installed (perhaps from source), try setting the CFLAGS and LDFLAGS environment variables to where it can be found.
[93m [WARNING] [0m If libaio is already installed (perhaps from source), try setting the CFLAGS and LDFLAGS environment variables to where it can be found.
[93m [WARNING] [0m If libaio is already installed (perhaps from source), try setting the CFLAGS and LDFLAGS environment variables to where it can be found.
[93m [WARNING] [0m If libaio is already installed (perhaps from source), try setting the CFLAGS and LDFLAGS environment variables to where it can be found.
[93m [WARNING] [0m Please specify the CUTLASS repo directory as environment variable $CUTLASS_PATH
[93m [WARNING] [0m If libaio is already installed (perhaps from source), try setting the CFLAGS and LDFLAGS environment variables to where it can be found.
[93m [WARNING] [0m Please specify the CUTLASS repo directory as environment variable $CUTLASS_PATH
[93m [WARNING] [0m Please specify the CUTLASS repo directory as environment variable $CUTLASS_PATH
[93m [WARNING] [0m If libaio is already installed (perhaps from source), try setting the CFLAGS and LDFLAGS environment variables to where it can be found.
[93m [WARNING] [0m Please specify the CUTLASS repo directory as environment variable $CUTLASS_PATH
[93m [WARNING] [0m Please specify the CUTLASS repo directory as environment variable $CUTLASS_PATH
[93m [WARNING] [0m Please specify the CUTLASS repo directory as environment variable $CUTLASS_PATH
[93m [WARNING] [0m If libaio is already installed (perhaps from source), try setting the CFLAGS and LDFLAGS environment variables to where it can be found.
[93m [WARNING] [0m Please specify the CUTLASS repo directory as environment variable $CUTLASS_PATH
[93m [WARNING] [0m sparse_attn is not compatible with ROCM
[93m [WARNING] [0m sparse_attn is not compatible with ROCM
[93m [WARNING] [0m sparse_attn is not compatible with ROCM
[93m [WARNING] [0m async_io requires the dev libaio .so object and headers but these were not found.
[93m [WARNING] [0m async_io requires the dev libaio .so object and headers but these were not found.
[93m [WARNING] [0m async_io requires the dev libaio .so object and headers but these were not found.
[93m [WARNING] [0m async_io requires the dev libaio .so object and headers but these were not found.
[93m [WARNING] [0m async_io requires the dev libaio .so object and headers but these were not found.
[93m [WARNING] [0m async_io requires the dev libaio .so object and headers but these were not found.
[93m [WARNING] [0m If libaio is already installed (perhaps from source), try setting the CFLAGS and LDFLAGS environment variables to where it can be found.
[93m [WARNING] [0m Please specify the CUTLASS repo directory as environment variable $CUTLASS_PATH
[93m [WARNING] [0m If libaio is already installed (perhaps from source), try setting the CFLAGS and LDFLAGS environment variables to where it can be found.
[93m [WARNING] [0m Please specify the CUTLASS repo directory as environment variable $CUTLASS_PATH
[93m [WARNING] [0m If libaio is already installed (perhaps from source), try setting the CFLAGS and LDFLAGS environment variables to where it can be found.
[93m [WARNING] [0m Please specify the CUTLASS repo directory as environment variable $CUTLASS_PATH
[93m [WARNING] [0m If libaio is already installed (perhaps from source), try setting the CFLAGS and LDFLAGS environment variables to where it can be found.
[93m [WARNING] [0m Please specify the CUTLASS repo directory as environment variable $CUTLASS_PATH
[93m [WARNING] [0m async_io requires the dev libaio .so object and headers but these were not found.
[93m [WARNING] [0m async_io requires the dev libaio .so object and headers but these were not found.
[93m [WARNING] [0m If libaio is already installed (perhaps from source), try setting the CFLAGS and LDFLAGS environment variables to where it can be found.
[93m [WARNING] [0m Please specify the CUTLASS repo directory as environment variable $CUTLASS_PATH
[93m [WARNING] [0m If libaio is already installed (perhaps from source), try setting the CFLAGS and LDFLAGS environment variables to where it can be found.
[93m [WARNING] [0m Please specify the CUTLASS repo directory as environment variable $CUTLASS_PATH
[93m [WARNING] [0m If libaio is already installed (perhaps from source), try setting the CFLAGS and LDFLAGS environment variables to where it can be found.
[93m [WARNING] [0m Please specify the CUTLASS repo directory as environment variable $CUTLASS_PATH
[93m [WARNING] [0m If libaio is already installed (perhaps from source), try setting the CFLAGS and LDFLAGS environment variables to where it can be found.
[93m [WARNING] [0m Please specify the CUTLASS repo directory as environment variable $CUTLASS_PATH
[93m [WARNING] [0m sparse_attn is not compatible with ROCM
[93m [WARNING] [0m async_io requires the dev libaio .so object and headers but these were not found.
[93m [WARNING] [0m async_io requires the dev libaio .so object and headers but these were not found.
[93m [WARNING] [0m async_io requires the dev libaio .so object and headers but these were not found.
[93m [WARNING] [0m async_io requires the dev libaio .so object and headers but these were not found.
[93m [WARNING] [0m sparse_attn is not compatible with ROCM
[93m [WARNING] [0m async_io requires the dev libaio .so object and headers but these were not found.
[93m [WARNING] [0m async_io requires the dev libaio .so object and headers but these were not found.
[93m [WARNING] [0m async_io requires the dev libaio .so object and headers but these were not found.
[93m [WARNING] [0m async_io requires the dev libaio .so object and headers but these were not found.
[93m [WARNING] [0m sparse_attn is not compatible with ROCM
[93m [WARNING] [0m sparse_attn is not compatible with ROCM
[93m [WARNING] [0m sparse_attn is not compatible with ROCM
[93m [WARNING] [0m If libaio is already installed (perhaps from source), try setting the CFLAGS and LDFLAGS environment variables to where it can be found.
[93m [WARNING] [0m Please specify the CUTLASS repo directory as environment variable $CUTLASS_PATH
[93m [WARNING] [0m sparse_attn is not compatible with ROCM
[93m [WARNING] [0m sparse_attn is not compatible with ROCM
[93m [WARNING] [0m If libaio is already installed (perhaps from source), try setting the CFLAGS and LDFLAGS environment variables to where it can be found.
[93m [WARNING] [0m Please specify the CUTLASS repo directory as environment variable $CUTLASS_PATH
[93m [WARNING] [0m If libaio is already installed (perhaps from source), try setting the CFLAGS and LDFLAGS environment variables to where it can be found.
[93m [WARNING] [0m Please specify the CUTLASS repo directory as environment variable $CUTLASS_PATH
[93m [WARNING] [0m If libaio is already installed (perhaps from source), try setting the CFLAGS and LDFLAGS environment variables to where it can be found.
[93m [WARNING] [0m Please specify the CUTLASS repo directory as environment variable $CUTLASS_PATH
[93m [WARNING] [0m If libaio is already installed (perhaps from source), try setting the CFLAGS and LDFLAGS environment variables to where it can be found.
[93m [WARNING] [0m Please specify the CUTLASS repo directory as environment variable $CUTLASS_PATH
[93m [WARNING] [0m If libaio is already installed (perhaps from source), try setting the CFLAGS and LDFLAGS environment variables to where it can be found.
[93m [WARNING] [0m Please specify the CUTLASS repo directory as environment variable $CUTLASS_PATH
[93m [WARNING] [0m If libaio is already installed (perhaps from source), try setting the CFLAGS and LDFLAGS environment variables to where it can be found.
[93m [WARNING] [0m Please specify the CUTLASS repo directory as environment variable $CUTLASS_PATH
[93m [WARNING] [0m If libaio is already installed (perhaps from source), try setting the CFLAGS and LDFLAGS environment variables to where it can be found.
[93m [WARNING] [0m Please specify the CUTLASS repo directory as environment variable $CUTLASS_PATH
[93m [WARNING] [0m sparse_attn is not compatible with ROCM
[93m [WARNING] [0m sparse_attn is not compatible with ROCM
[93m [WARNING] [0m sparse_attn is not compatible with ROCM
[93m [WARNING] [0m sparse_attn is not compatible with ROCM
[93m [WARNING] [0m sparse_attn is not compatible with ROCM
[93m [WARNING] [0m sparse_attn is not compatible with ROCM
[93m [WARNING] [0m sparse_attn is not compatible with ROCM
[93m [WARNING] [0m sparse_attn is not compatible with ROCM
[93m [WARNING] [0m sparse_attn is not compatible with ROCM
[93m [WARNING] [0m sparse_attn is not compatible with ROCM
[93m [WARNING] [0m sparse_attn is not compatible with ROCM
[93m [WARNING] [0m sparse_attn is not compatible with ROCM
[93m [WARNING] [0m sparse_attn is not compatible with ROCM
[93m [WARNING] [0m sparse_attn is not compatible with ROCM
[93m [WARNING] [0m If libaio is already installed (perhaps from source), try setting the CFLAGS and LDFLAGS environment variables to where it can be found.
[93m [WARNING] [0m Please specify the CUTLASS repo directory as environment variable $CUTLASS_PATH
[93m [WARNING] [0m If libaio is already installed (perhaps from source), try setting the CFLAGS and LDFLAGS environment variables to where it can be found.
[93m [WARNING] [0m Please specify the CUTLASS repo directory as environment variable $CUTLASS_PATH
[93m [WARNING] [0m If libaio is already installed (perhaps from source), try setting the CFLAGS and LDFLAGS environment variables to where it can be found.
[93m [WARNING] [0m Please specify the CUTLASS repo directory as environment variable $CUTLASS_PATH
[93m [WARNING] [0m If libaio is already installed (perhaps from source), try setting the CFLAGS and LDFLAGS environment variables to where it can be found.
[93m [WARNING] [0m Please specify the CUTLASS repo directory as environment variable $CUTLASS_PATH
[93m [WARNING] [0m If libaio is already installed (perhaps from source), try setting the CFLAGS and LDFLAGS environment variables to where it can be found.
[93m [WARNING] [0m Please specify the CUTLASS repo directory as environment variable $CUTLASS_PATH
[93m [WARNING] [0m If libaio is already installed (perhaps from source), try setting the CFLAGS and LDFLAGS environment variables to where it can be found.
[93m [WARNING] [0m Please specify the CUTLASS repo directory as environment variable $CUTLASS_PATH
[93m [WARNING] [0m If libaio is already installed (perhaps from source), try setting the CFLAGS and LDFLAGS environment variables to where it can be found.
[93m [WARNING] [0m Please specify the CUTLASS repo directory as environment variable $CUTLASS_PATH
[93m [WARNING] [0m If libaio is already installed (perhaps from source), try setting the CFLAGS and LDFLAGS environment variables to where it can be found.
[93m [WARNING] [0m Please specify the CUTLASS repo directory as environment variable $CUTLASS_PATH
[93m [WARNING] [0m async_io requires the dev libaio .so object and headers but these were not found.
[93m [WARNING] [0m async_io requires the dev libaio .so object and headers but these were not found.
[93m [WARNING] [0m async_io requires the dev libaio .so object and headers but these were not found.
[93m [WARNING] [0m async_io requires the dev libaio .so object and headers but these were not found.
[93m [WARNING] [0m async_io requires the dev libaio .so object and headers but these were not found.
[93m [WARNING] [0m async_io requires the dev libaio .so object and headers but these were not found.
[93m [WARNING] [0m async_io requires the dev libaio .so object and headers but these were not found.
[93m [WARNING] [0m async_io requires the dev libaio .so object and headers but these were not found.
[93m [WARNING] [0m sparse_attn is not compatible with ROCM
[93m [WARNING] [0m sparse_attn is not compatible with ROCM
[93m [WARNING] [0m sparse_attn is not compatible with ROCM
[93m [WARNING] [0m sparse_attn is not compatible with ROCM
[93m [WARNING] [0m If libaio is already installed (perhaps from source), try setting the CFLAGS and LDFLAGS environment variables to where it can be found.
[93m [WARNING] [0m Please specify the CUTLASS repo directory as environment variable $CUTLASS_PATH
[93m [WARNING] [0m If libaio is already installed (perhaps from source), try setting the CFLAGS and LDFLAGS environment variables to where it can be found.
[93m [WARNING] [0m If libaio is already installed (perhaps from source), try setting the CFLAGS and LDFLAGS environment variables to where it can be found.
[93m [WARNING] [0m Please specify the CUTLASS repo directory as environment variable $CUTLASS_PATH
[93m [WARNING] [0m Please specify the CUTLASS repo directory as environment variable $CUTLASS_PATH
[93m [WARNING] [0m If libaio is already installed (perhaps from source), try setting the CFLAGS and LDFLAGS environment variables to where it can be found.
[93m [WARNING] [0m Please specify the CUTLASS repo directory as environment variable $CUTLASS_PATH
[93m [WARNING] [0m If libaio is already installed (perhaps from source), try setting the CFLAGS and LDFLAGS environment variables to where it can be found.
[93m [WARNING] [0m Please specify the CUTLASS repo directory as environment variable $CUTLASS_PATH
[93m [WARNING] [0m If libaio is already installed (perhaps from source), try setting the CFLAGS and LDFLAGS environment variables to where it can be found.
[93m [WARNING] [0m Please specify the CUTLASS repo directory as environment variable $CUTLASS_PATH
[93m [WARNING] [0m If libaio is already installed (perhaps from source), try setting the CFLAGS and LDFLAGS environment variables to where it can be found.
[93m [WARNING] [0m Please specify the CUTLASS repo directory as environment variable $CUTLASS_PATH
[93m [WARNING] [0m sparse_attn is not compatible with ROCM
[93m [WARNING] [0m If libaio is already installed (perhaps from source), try setting the CFLAGS and LDFLAGS environment variables to where it can be found.
[93m [WARNING] [0m Please specify the CUTLASS repo directory as environment variable $CUTLASS_PATH
[93m [WARNING] [0m sparse_attn is not compatible with ROCM
[93m [WARNING] [0m sparse_attn is not compatible with ROCM
[93m [WARNING] [0m async_io requires the dev libaio .so object and headers but these were not found.
[93m [WARNING] [0m async_io requires the dev libaio .so object and headers but these were not found.
[93m [WARNING] [0m sparse_attn is not compatible with ROCM
[93m [WARNING] [0m async_io requires the dev libaio .so object and headers but these were not found.
[93m [WARNING] [0m async_io requires the dev libaio .so object and headers but these were not found.
[93m [WARNING] [0m async_io requires the dev libaio .so object and headers but these were not found.
[93m [WARNING] [0m async_io requires the dev libaio .so object and headers but these were not found.
[93m [WARNING] [0m async_io requires the dev libaio .so object and headers but these were not found.
[93m [WARNING] [0m async_io requires the dev libaio .so object and headers but these were not found.
[93m [WARNING] [0m async_io requires the dev libaio .so object and headers but these were not found.
[93m [WARNING] [0m async_io requires the dev libaio .so object and headers but these were not found.
[93m [WARNING] [0m async_io requires the dev libaio .so object and headers but these were not found.
[93m [WARNING] [0m async_io requires the dev libaio .so object and headers but these were not found.
[93m [WARNING] [0m async_io requires the dev libaio .so object and headers but these were not found.
[93m [WARNING] [0m async_io requires the dev libaio .so object and headers but these were not found.
[93m [WARNING] [0m async_io requires the dev libaio .so object and headers but these were not found.
[93m [WARNING] [0m async_io requires the dev libaio .so object and headers but these were not found.
[93m [WARNING] [0m async_io requires the dev libaio .so object and headers but these were not found.
[93m [WARNING] [0m If libaio is already installed (perhaps from source), try setting the CFLAGS and LDFLAGS environment variables to where it can be found.
[93m [WARNING] [0m Please specify the CUTLASS repo directory as environment variable $CUTLASS_PATH
[93m [WARNING] [0m If libaio is already installed (perhaps from source), try setting the CFLAGS and LDFLAGS environment variables to where it can be found.
[93m [WARNING] [0m Please specify the CUTLASS repo directory as environment variable $CUTLASS_PATH
[93m [WARNING] [0m async_io requires the dev libaio .so object and headers but these were not found.
[93m [WARNING] [0m async_io requires the dev libaio .so object and headers but these were not found.
[93m [WARNING] [0m async_io requires the dev libaio .so object and headers but these were not found.
[93m [WARNING] [0m async_io requires the dev libaio .so object and headers but these were not found.
[93m [WARNING] [0m async_io requires the dev libaio .so object and headers but these were not found.
[93m [WARNING] [0m async_io requires the dev libaio .so object and headers but these were not found.
[93m [WARNING] [0m async_io requires the dev libaio .so object and headers but these were not found.
[93m [WARNING] [0m async_io requires the dev libaio .so object and headers but these were not found.
[93m [WARNING] [0m async_io requires the dev libaio .so object and headers but these were not found.
[93m [WARNING] [0m async_io requires the dev libaio .so object and headers but these were not found.
[93m [WARNING] [0m async_io requires the dev libaio .so object and headers but these were not found.
[93m [WARNING] [0m async_io requires the dev libaio .so object and headers but these were not found.
[93m [WARNING] [0m async_io requires the dev libaio .so object and headers but these were not found.
[93m [WARNING] [0m async_io requires the dev libaio .so object and headers but these were not found.
[93m [WARNING] [0m async_io requires the dev libaio .so object and headers but these were not found.
[93m [WARNING] [0m async_io requires the dev libaio .so object and headers but these were not found.
[93m [WARNING] [0m async_io requires the dev libaio .so object and headers but these were not found.
[93m [WARNING] [0m If libaio is already installed (perhaps from source), try setting the CFLAGS and LDFLAGS environment variables to where it can be found.
[93m [WARNING] [0m async_io requires the dev libaio .so object and headers but these were not found.
[93m [WARNING] [0m Please specify the CUTLASS repo directory as environment variable $CUTLASS_PATH
[93m [WARNING] [0m If libaio is already installed (perhaps from source), try setting the CFLAGS and LDFLAGS environment variables to where it can be found.
[93m [WARNING] [0m If libaio is already installed (perhaps from source), try setting the CFLAGS and LDFLAGS environment variables to where it can be found.
[93m [WARNING] [0m Please specify the CUTLASS repo directory as environment variable $CUTLASS_PATH
[93m [WARNING] [0m Please specify the CUTLASS repo directory as environment variable $CUTLASS_PATH
[93m [WARNING] [0m If libaio is already installed (perhaps from source), try setting the CFLAGS and LDFLAGS environment variables to where it can be found.
[93m [WARNING] [0m Please specify the CUTLASS repo directory as environment variable $CUTLASS_PATH
[93m [WARNING] [0m If libaio is already installed (perhaps from source), try setting the CFLAGS and LDFLAGS environment variables to where it can be found.
[93m [WARNING] [0m Please specify the CUTLASS repo directory as environment variable $CUTLASS_PATH
[93m [WARNING] [0m async_io requires the dev libaio .so object and headers but these were not found.
[93m [WARNING] [0m If libaio is already installed (perhaps from source), try setting the CFLAGS and LDFLAGS environment variables to where it can be found.
[93m [WARNING] [0m Please specify the CUTLASS repo directory as environment variable $CUTLASS_PATH
[93m [WARNING] [0m If libaio is already installed (perhaps from source), try setting the CFLAGS and LDFLAGS environment variables to where it can be found.
[93m [WARNING] [0m Please specify the CUTLASS repo directory as environment variable $CUTLASS_PATH
[93m [WARNING] [0m If libaio is already installed (perhaps from source), try setting the CFLAGS and LDFLAGS environment variables to where it can be found.
[93m [WARNING] [0m Please specify the CUTLASS repo directory as environment variable $CUTLASS_PATH
[93m [WARNING] [0m If libaio is already installed (perhaps from source), try setting the CFLAGS and LDFLAGS environment variables to where it can be found.
[93m [WARNING] [0m Please specify the CUTLASS repo directory as environment variable $CUTLASS_PATH
[93m [WARNING] [0m If libaio is already installed (perhaps from source), try setting the CFLAGS and LDFLAGS environment variables to where it can be found.
[93m [WARNING] [0m Please specify the CUTLASS repo directory as environment variable $CUTLASS_PATH
[93m [WARNING] [0m If libaio is already installed (perhaps from source), try setting the CFLAGS and LDFLAGS environment variables to where it can be found.
[93m [WARNING] [0m Please specify the CUTLASS repo directory as environment variable $CUTLASS_PATH
[93m [WARNING] [0m If libaio is already installed (perhaps from source), try setting the CFLAGS and LDFLAGS environment variables to where it can be found.
[93m [WARNING] [0m If libaio is already installed (perhaps from source), try setting the CFLAGS and LDFLAGS environment variables to where it can be found.
[93m [WARNING] [0m Please specify the CUTLASS repo directory as environment variable $CUTLASS_PATH
[93m [WARNING] [0m Please specify the CUTLASS repo directory as environment variable $CUTLASS_PATH
[93m [WARNING] [0m async_io requires the dev libaio .so object and headers but these were not found.
[93m [WARNING] [0m If libaio is already installed (perhaps from source), try setting the CFLAGS and LDFLAGS environment variables to where it can be found.
[93m [WARNING] [0m Please specify the CUTLASS repo directory as environment variable $CUTLASS_PATH
[93m [WARNING] [0m async_io requires the dev libaio .so object and headers but these were not found.
[93m [WARNING] [0m async_io requires the dev libaio .so object and headers but these were not found.
[93m [WARNING] [0m async_io requires the dev libaio .so object and headers but these were not found.
[93m [WARNING] [0m async_io requires the dev libaio .so object and headers but these were not found.
[93m [WARNING] [0m async_io requires the dev libaio .so object and headers but these were not found.
[93m [WARNING] [0m async_io requires the dev libaio .so object and headers but these were not found.
[93m [WARNING] [0m async_io requires the dev libaio .so object and headers but these were not found.
[93m [WARNING] [0m async_io requires the dev libaio .so object and headers but these were not found.
[93m [WARNING] [0m async_io requires the dev libaio .so object and headers but these were not found.
[93m [WARNING] [0m If libaio is already installed (perhaps from source), try setting the CFLAGS and LDFLAGS environment variables to where it can be found.
[93m [WARNING] [0m Please specify the CUTLASS repo directory as environment variable $CUTLASS_PATH
[93m [WARNING] [0m async_io requires the dev libaio .so object and headers but these were not found.
[93m [WARNING] [0m async_io requires the dev libaio .so object and headers but these were not found.
[93m [WARNING] [0m async_io requires the dev libaio .so object and headers but these were not found.
[93m [WARNING] [0m async_io requires the dev libaio .so object and headers but these were not found.
[93m [WARNING] [0m async_io requires the dev libaio .so object and headers but these were not found.
[93m [WARNING] [0m async_io requires the dev libaio .so object and headers but these were not found.
[93m [WARNING] [0m async_io requires the dev libaio .so object and headers but these were not found.
[93m [WARNING] [0m async_io requires the dev libaio .so object and headers but these were not found.
[93m [WARNING] [0m async_io requires the dev libaio .so object and headers but these were not found.
[93m [WARNING] [0m If libaio is already installed (perhaps from source), try setting the CFLAGS and LDFLAGS environment variables to where it can be found.
[93m [WARNING] [0m Please specify the CUTLASS repo directory as environment variable $CUTLASS_PATH
[93m [WARNING] [0m async_io requires the dev libaio .so object and headers but these were not found.
[93m [WARNING] [0m If libaio is already installed (perhaps from source), try setting the CFLAGS and LDFLAGS environment variables to where it can be found.
[93m [WARNING] [0m Please specify the CUTLASS repo directory as environment variable $CUTLASS_PATH
[93m [WARNING] [0m If libaio is already installed (perhaps from source), try setting the CFLAGS and LDFLAGS environment variables to where it can be found.
[93m [WARNING] [0m Please specify the CUTLASS repo directory as environment variable $CUTLASS_PATH
[93m [WARNING] [0m If libaio is already installed (perhaps from source), try setting the CFLAGS and LDFLAGS environment variables to where it can be found.
[93m [WARNING] [0m Please specify the CUTLASS repo directory as environment variable $CUTLASS_PATH
[93m [WARNING] [0m If libaio is already installed (perhaps from source), try setting the CFLAGS and LDFLAGS environment variables to where it can be found.
[93m [WARNING] [0m Please specify the CUTLASS repo directory as environment variable $CUTLASS_PATH
[93m [WARNING] [0m If libaio is already installed (perhaps from source), try setting the CFLAGS and LDFLAGS environment variables to where it can be found.
[93m [WARNING] [0m Please specify the CUTLASS repo directory as environment variable $CUTLASS_PATH
[93m [WARNING] [0m If libaio is already installed (perhaps from source), try setting the CFLAGS and LDFLAGS environment variables to where it can be found.
[93m [WARNING] [0m Please specify the CUTLASS repo directory as environment variable $CUTLASS_PATH
[93m [WARNING] [0m If libaio is already installed (perhaps from source), try setting the CFLAGS and LDFLAGS environment variables to where it can be found.
[93m [WARNING] [0m Please specify the CUTLASS repo directory as environment variable $CUTLASS_PATH
[93m [WARNING] [0m If libaio is already installed (perhaps from source), try setting the CFLAGS and LDFLAGS environment variables to where it can be found.
[93m [WARNING] [0m Please specify the CUTLASS repo directory as environment variable $CUTLASS_PATH
[93m [WARNING] [0m If libaio is already installed (perhaps from source), try setting the CFLAGS and LDFLAGS environment variables to where it can be found.
[93m [WARNING] [0m Please specify the CUTLASS repo directory as environment variable $CUTLASS_PATH
[93m [WARNING] [0m If libaio is already installed (perhaps from source), try setting the CFLAGS and LDFLAGS environment variables to where it can be found.
[93m [WARNING] [0m Please specify the CUTLASS repo directory as environment variable $CUTLASS_PATH
[93m [WARNING] [0m If libaio is already installed (perhaps from source), try setting the CFLAGS and LDFLAGS environment variables to where it can be found.
[93m [WARNING] [0m Please specify the CUTLASS repo directory as environment variable $CUTLASS_PATH
[93m [WARNING] [0m If libaio is already installed (perhaps from source), try setting the CFLAGS and LDFLAGS environment variables to where it can be found.
[93m [WARNING] [0m Please specify the CUTLASS repo directory as environment variable $CUTLASS_PATH
[93m [WARNING] [0m If libaio is already installed (perhaps from source), try setting the CFLAGS and LDFLAGS environment variables to where it can be found.
[93m [WARNING] [0m Please specify the CUTLASS repo directory as environment variable $CUTLASS_PATH
[93m [WARNING] [0m If libaio is already installed (perhaps from source), try setting the CFLAGS and LDFLAGS environment variables to where it can be found.
[93m [WARNING] [0m Please specify the CUTLASS repo directory as environment variable $CUTLASS_PATH
[93m [WARNING] [0m If libaio is already installed (perhaps from source), try setting the CFLAGS and LDFLAGS environment variables to where it can be found.
[93m [WARNING] [0m Please specify the CUTLASS repo directory as environment variable $CUTLASS_PATH
[93m [WARNING] [0m If libaio is already installed (perhaps from source), try setting the CFLAGS and LDFLAGS environment variables to where it can be found.
[93m [WARNING] [0m Please specify the CUTLASS repo directory as environment variable $CUTLASS_PATH
[93m [WARNING] [0m If libaio is already installed (perhaps from source), try setting the CFLAGS and LDFLAGS environment variables to where it can be found.
[93m [WARNING] [0m Please specify the CUTLASS repo directory as environment variable $CUTLASS_PATH
[93m [WARNING] [0m If libaio is already installed (perhaps from source), try setting the CFLAGS and LDFLAGS environment variables to where it can be found.
[93m [WARNING] [0m Please specify the CUTLASS repo directory as environment variable $CUTLASS_PATH
[93m [WARNING] [0m If libaio is already installed (perhaps from source), try setting the CFLAGS and LDFLAGS environment variables to where it can be found.
[93m [WARNING] [0m Please specify the CUTLASS repo directory as environment variable $CUTLASS_PATH
[93m [WARNING] [0m If libaio is already installed (perhaps from source), try setting the CFLAGS and LDFLAGS environment variables to where it can be found.
[93m [WARNING] [0m Please specify the CUTLASS repo directory as environment variable $CUTLASS_PATH
[93m [WARNING] [0m If libaio is already installed (perhaps from source), try setting the CFLAGS and LDFLAGS environment variables to where it can be found.
[93m [WARNING] [0m Please specify the CUTLASS repo directory as environment variable $CUTLASS_PATH
[93m [WARNING] [0m If libaio is already installed (perhaps from source), try setting the CFLAGS and LDFLAGS environment variables to where it can be found.
[93m [WARNING] [0m Please specify the CUTLASS repo directory as environment variable $CUTLASS_PATH
[93m [WARNING] [0m If libaio is already installed (perhaps from source), try setting the CFLAGS and LDFLAGS environment variables to where it can be found.
[93m [WARNING] [0m Please specify the CUTLASS repo directory as environment variable $CUTLASS_PATH
[93m [WARNING] [0m If libaio is already installed (perhaps from source), try setting the CFLAGS and LDFLAGS environment variables to where it can be found.
[93m [WARNING] [0m Please specify the CUTLASS repo directory as environment variable $CUTLASS_PATH
[93m [WARNING] [0m If libaio is already installed (perhaps from source), try setting the CFLAGS and LDFLAGS environment variables to where it can be found.
[93m [WARNING] [0m Please specify the CUTLASS repo directory as environment variable $CUTLASS_PATH
[93m [WARNING] [0m If libaio is already installed (perhaps from source), try setting the CFLAGS and LDFLAGS environment variables to where it can be found.
[93m [WARNING] [0m Please specify the CUTLASS repo directory as environment variable $CUTLASS_PATH
[93m [WARNING] [0m If libaio is already installed (perhaps from source), try setting the CFLAGS and LDFLAGS environment variables to where it can be found.
[93m [WARNING] [0m Please specify the CUTLASS repo directory as environment variable $CUTLASS_PATH
[93m [WARNING] [0m If libaio is already installed (perhaps from source), try setting the CFLAGS and LDFLAGS environment variables to where it can be found.
[93m [WARNING] [0m Please specify the CUTLASS repo directory as environment variable $CUTLASS_PATH
[93m [WARNING] [0m If libaio is already installed (perhaps from source), try setting the CFLAGS and LDFLAGS environment variables to where it can be found.
[93m [WARNING] [0m Please specify the CUTLASS repo directory as environment variable $CUTLASS_PATH
[93m [WARNING] [0m If libaio is already installed (perhaps from source), try setting the CFLAGS and LDFLAGS environment variables to where it can be found.
[93m [WARNING] [0m Please specify the CUTLASS repo directory as environment variable $CUTLASS_PATH
[93m [WARNING] [0m If libaio is already installed (perhaps from source), try setting the CFLAGS and LDFLAGS environment variables to where it can be found.
[93m [WARNING] [0m Please specify the CUTLASS repo directory as environment variable $CUTLASS_PATH
[93m [WARNING] [0m If libaio is already installed (perhaps from source), try setting the CFLAGS and LDFLAGS environment variables to where it can be found.
[93m [WARNING] [0m Please specify the CUTLASS repo directory as environment variable $CUTLASS_PATH
[93m [WARNING] [0m If libaio is already installed (perhaps from source), try setting the CFLAGS and LDFLAGS environment variables to where it can be found.
[93m [WARNING] [0m Please specify the CUTLASS repo directory as environment variable $CUTLASS_PATH
[93m [WARNING] [0m If libaio is already installed (perhaps from source), try setting the CFLAGS and LDFLAGS environment variables to where it can be found.
[93m [WARNING] [0m Please specify the CUTLASS repo directory as environment variable $CUTLASS_PATH
[93m [WARNING] [0m If libaio is already installed (perhaps from source), try setting the CFLAGS and LDFLAGS environment variables to where it can be found.
[93m [WARNING] [0m Please specify the CUTLASS repo directory as environment variable $CUTLASS_PATH
[93m [WARNING] [0m If libaio is already installed (perhaps from source), try setting the CFLAGS and LDFLAGS environment variables to where it can be found.
[93m [WARNING] [0m Please specify the CUTLASS repo directory as environment variable $CUTLASS_PATH
[93m [WARNING] [0m sparse_attn is not compatible with ROCM
[93m [WARNING] [0m If libaio is already installed (perhaps from source), try setting the CFLAGS and LDFLAGS environment variables to where it can be found.
[93m [WARNING] [0m Please specify the CUTLASS repo directory as environment variable $CUTLASS_PATH
[93m [WARNING] [0m sparse_attn is not compatible with ROCM
[93m [WARNING] [0m If libaio is already installed (perhaps from source), try setting the CFLAGS and LDFLAGS environment variables to where it can be found.
[93m [WARNING] [0m Please specify the CUTLASS repo directory as environment variable $CUTLASS_PATH
[93m [WARNING] [0m sparse_attn is not compatible with ROCM
[93m [WARNING] [0m sparse_attn is not compatible with ROCM
[93m [WARNING] [0m sparse_attn is not compatible with ROCM
[93m [WARNING] [0m sparse_attn is not compatible with ROCM
[93m [WARNING] [0m sparse_attn is not compatible with ROCM
[93m [WARNING] [0m sparse_attn is not compatible with ROCM
[93m [WARNING] [0m sparse_attn is not compatible with ROCM
[93m [WARNING] [0m sparse_attn is not compatible with ROCM
[93m [WARNING] [0m sparse_attn is not compatible with ROCM
[93m [WARNING] [0m sparse_attn is not compatible with ROCM
[93m [WARNING] [0m sparse_attn is not compatible with ROCM
[93m [WARNING] [0m sparse_attn is not compatible with ROCM
[93m [WARNING] [0m sparse_attn is not compatible with ROCM
[93m [WARNING] [0m sparse_attn is not compatible with ROCM
[93m [WARNING] [0m sparse_attn is not compatible with ROCM
[93m [WARNING] [0m sparse_attn is not compatible with ROCM
[93m [WARNING] [0m sparse_attn is not compatible with ROCM
[93m [WARNING] [0m sparse_attn is not compatible with ROCM
[93m [WARNING] [0m sparse_attn is not compatible with ROCM
[93m [WARNING] [0m sparse_attn is not compatible with ROCM
[93m [WARNING] [0m sparse_attn is not compatible with ROCM
[93m [WARNING] [0m sparse_attn is not compatible with ROCM
[93m [WARNING] [0m sparse_attn is not compatible with ROCM
[93m [WARNING] [0m sparse_attn is not compatible with ROCM
[93m [WARNING] [0m sparse_attn is not compatible with ROCM
[93m [WARNING] [0m sparse_attn is not compatible with ROCM
[93m [WARNING] [0m sparse_attn is not compatible with ROCM
[93m [WARNING] [0m sparse_attn is not compatible with ROCM
[93m [WARNING] [0m sparse_attn is not compatible with ROCM
[93m [WARNING] [0m sparse_attn is not compatible with ROCM
[93m [WARNING] [0m sparse_attn is not compatible with ROCM
[93m [WARNING] [0m sparse_attn is not compatible with ROCM
[93m [WARNING] [0m sparse_attn is not compatible with ROCM
[93m [WARNING] [0m sparse_attn is not compatible with ROCM
[93m [WARNING] [0m sparse_attn is not compatible with ROCM
[93m [WARNING] [0m sparse_attn is not compatible with ROCM
[93m [WARNING] [0m sparse_attn is not compatible with ROCM
[93m [WARNING] [0m sparse_attn is not compatible with ROCM
[93m [WARNING] [0m sparse_attn is not compatible with ROCM
[93m [WARNING] [0m sparse_attn is not compatible with ROCM
[93m [WARNING] [0m sparse_attn is not compatible with ROCM
[93m [WARNING] [0m sparse_attn is not compatible with ROCM
[93m [WARNING] [0m sparse_attn is not compatible with ROCM
[93m [WARNING] [0m sparse_attn is not compatible with ROCM
[93m [WARNING] [0m sparse_attn is not compatible with ROCM
[93m [WARNING] [0m sparse_attn is not compatible with ROCM
[93m [WARNING] [0m sparse_attn is not compatible with ROCM
[93m [WARNING] [0m sparse_attn is not compatible with ROCM
[93m [WARNING] [0m sparse_attn is not compatible with ROCM
[93m [WARNING] [0m sparse_attn is not compatible with ROCM
[93m [WARNING] [0m sparse_attn is not compatible with ROCM
[93m [WARNING] [0m sparse_attn is not compatible with ROCM
[93m [WARNING] [0m sparse_attn is not compatible with ROCM
[93m [WARNING] [0m sparse_attn is not compatible with ROCM
[93m [WARNING] [0m sparse_attn is not compatible with ROCM
[93m [WARNING] [0m sparse_attn is not compatible with ROCM
[93m [WARNING] [0m sparse_attn is not compatible with ROCM
[93m [WARNING] [0m sparse_attn is not compatible with ROCM
[93m [WARNING] [0m sparse_attn is not compatible with ROCM
[93m [WARNING] [0m sparse_attn is not compatible with ROCM
[93m [WARNING] [0m sparse_attn is not compatible with ROCM
[93m [WARNING] [0m sparse_attn is not compatible with ROCM
[93m [WARNING] [0m sparse_attn is not compatible with ROCM
[93m [WARNING] [0m sparse_attn is not compatible with ROCM
[93m [WARNING] [0m sparse_attn is not compatible with ROCM
[93m [WARNING] [0m sparse_attn is not compatible with ROCM
[93m [WARNING] [0m sparse_attn is not compatible with ROCM
[93m [WARNING] [0m sparse_attn is not compatible with ROCM
[93m [WARNING] [0m sparse_attn is not compatible with ROCM
[93m [WARNING] [0m sparse_attn is not compatible with ROCM
[93m [WARNING] [0m sparse_attn is not compatible with ROCM
[93m [WARNING] [0m sparse_attn is not compatible with ROCM
[93m [WARNING] [0m sparse_attn is not compatible with ROCM
[93m [WARNING] [0m sparse_attn is not compatible with ROCM
[93m [WARNING] [0m sparse_attn is not compatible with ROCM
[93m [WARNING] [0m sparse_attn is not compatible with ROCM
[93m [WARNING] [0m sparse_attn is not compatible with ROCM
[93m [WARNING] [0m sparse_attn is not compatible with ROCM
[93m [WARNING] [0m sparse_attn is not compatible with ROCM
[93m [WARNING] [0m sparse_attn is not compatible with ROCM
[93m [WARNING] [0m sparse_attn is not compatible with ROCM
[93m [WARNING] [0m sparse_attn is not compatible with ROCM
[93m [WARNING] [0m sparse_attn is not compatible with ROCM
[93m [WARNING] [0m sparse_attn is not compatible with ROCM
[93m [WARNING] [0m sparse_attn is not compatible with ROCM
[93m [WARNING] [0m sparse_attn is not compatible with ROCM
[93m [WARNING] [0m sparse_attn is not compatible with ROCM
[93m [WARNING] [0m sparse_attn is not compatible with ROCM
[93m [WARNING] [0m sparse_attn is not compatible with ROCM
[93m [WARNING] [0m sparse_attn is not compatible with ROCM
[93m [WARNING] [0m sparse_attn is not compatible with ROCM
[93m [WARNING] [0m sparse_attn is not compatible with ROCM
[93m [WARNING] [0m sparse_attn is not compatible with ROCM
[93m [WARNING] [0m sparse_attn is not compatible with ROCM
[W socket.cpp:601] [c10d] The client socket cannot be initialized to connect to [frontier05233.frontier.olcf.ornl.gov]:8889 (errno: 97 - Address family not supported by protocol).
[W socket.cpp:601] [c10d] The client socket cannot be initialized to connect to [frontier05233.frontier.olcf.ornl.gov]:8889 (errno: 97 - Address family not supported by protocol).
[W socket.cpp:601] [c10d] The client socket cannot be initialized to connect to [frontier05233.frontier.olcf.ornl.gov]:8889 (errno: 97 - Address family not supported by protocol).
[W socket.cpp:601] [c10d] The client socket cannot be initialized to connect to [frontier05233.frontier.olcf.ornl.gov]:8889 (errno: 97 - Address family not supported by protocol).
[W socket.cpp:601] [c10d] The client socket cannot be initialized to connect to [frontier05233.frontier.olcf.ornl.gov]:8889 (errno: 97 - Address family not supported by protocol).
[W socket.cpp:601] [c10d] The client socket cannot be initialized to connect to [frontier05233.frontier.olcf.ornl.gov]:8889 (errno: 97 - Address family not supported by protocol).
[W socket.cpp:601] [c10d] The client socket cannot be initialized to connect to [frontier05233.frontier.olcf.ornl.gov]:8889 (errno: 97 - Address family not supported by protocol).
[W socket.cpp:601] [c10d] The client socket cannot be initialized to connect to [frontier05233.frontier.olcf.ornl.gov]:8889 (errno: 97 - Address family not supported by protocol).
[W socket.cpp:601] [c10d] The client socket cannot be initialized to connect to [frontier05233.frontier.olcf.ornl.gov]:8889 (errno: 97 - Address family not supported by protocol).
[W socket.cpp:601] [c10d] The client socket cannot be initialized to connect to [frontier05233.frontier.olcf.ornl.gov]:8889 (errno: 97 - Address family not supported by protocol).
[W socket.cpp:601] [c10d] The client socket cannot be initialized to connect to [frontier05233.frontier.olcf.ornl.gov]:8889 (errno: 97 - Address family not supported by protocol).
[W socket.cpp:601] [c10d] The client socket cannot be initialized to connect to [frontier05233.frontier.olcf.ornl.gov]:8889 (errno: 97 - Address family not supported by protocol).
[W socket.cpp:601] [c10d] The client socket cannot be initialized to connect to [frontier05233.frontier.olcf.ornl.gov]:8889 (errno: 97 - Address family not supported by protocol).
[W socket.cpp:601] [c10d] The client socket cannot be initialized to connect to [frontier05233.frontier.olcf.ornl.gov]:8889 (errno: 97 - Address family not supported by protocol).
[W socket.cpp:601] [c10d] The client socket cannot be initialized to connect to [frontier05233.frontier.olcf.ornl.gov]:8889 (errno: 97 - Address family not supported by protocol).
[W socket.cpp:601] [c10d] The client socket cannot be initialized to connect to [frontier05233.frontier.olcf.ornl.gov]:8889 (errno: 97 - Address family not supported by protocol).
[W socket.cpp:601] [c10d] The client socket cannot be initialized to connect to [frontier05233.frontier.olcf.ornl.gov]:8889 (errno: 97 - Address family not supported by protocol).
[W socket.cpp:601] [c10d] The client socket cannot be initialized to connect to [frontier05233.frontier.olcf.ornl.gov]:8889 (errno: 97 - Address family not supported by protocol).
[W socket.cpp:601] [c10d] The client socket cannot be initialized to connect to [frontier05233.frontier.olcf.ornl.gov]:8889 (errno: 97 - Address family not supported by protocol).
[W socket.cpp:601] [c10d] The client socket cannot be initialized to connect to [frontier05233.frontier.olcf.ornl.gov]:8889 (errno: 97 - Address family not supported by protocol).
[W socket.cpp:601] [c10d] The client socket cannot be initialized to connect to [frontier05233.frontier.olcf.ornl.gov]:8889 (errno: 97 - Address family not supported by protocol).
[W socket.cpp:601] [c10d] The client socket cannot be initialized to connect to [frontier05233.frontier.olcf.ornl.gov]:8889 (errno: 97 - Address family not supported by protocol).
[W socket.cpp:601] [c10d] The client socket cannot be initialized to connect to [frontier05233.frontier.olcf.ornl.gov]:8889 (errno: 97 - Address family not supported by protocol).
[W socket.cpp:601] [c10d] The client socket cannot be initialized to connect to [frontier05233.frontier.olcf.ornl.gov]:8889 (errno: 97 - Address family not supported by protocol).
[W socket.cpp:601] [c10d] The client socket cannot be initialized to connect to [frontier05233.frontier.olcf.ornl.gov]:8889 (errno: 97 - Address family not supported by protocol).
[W socket.cpp:601] [c10d] The client socket cannot be initialized to connect to [frontier05233.frontier.olcf.ornl.gov]:8889 (errno: 97 - Address family not supported by protocol).
[W socket.cpp:601] [c10d] The client socket cannot be initialized to connect to [frontier05233.frontier.olcf.ornl.gov]:8889 (errno: 97 - Address family not supported by protocol).
Distributed data parallel: nccl master at frontier05233:8889
[W socket.cpp:426] [c10d] The server socket cannot be initialized on [::]:8889 (errno: 97 - Address family not supported by protocol).
[W socket.cpp:601] [c10d] The client socket cannot be initialized to connect to [frontier05233.frontier.olcf.ornl.gov]:8889 (errno: 97 - Address family not supported by protocol).
[W socket.cpp:601] [c10d] The client socket cannot be initialized to connect to [frontier05233.frontier.olcf.ornl.gov]:8889 (errno: 97 - Address family not supported by protocol).
[W socket.cpp:601] [c10d] The client socket cannot be initialized to connect to [frontier05233.frontier.olcf.ornl.gov]:8889 (errno: 97 - Address family not supported by protocol).
[W socket.cpp:601] [c10d] The client socket cannot be initialized to connect to [frontier05233.frontier.olcf.ornl.gov]:8889 (errno: 97 - Address family not supported by protocol).
[W socket.cpp:601] [c10d] The client socket cannot be initialized to connect to [frontier05233.frontier.olcf.ornl.gov]:8889 (errno: 97 - Address family not supported by protocol).
[W socket.cpp:601] [c10d] The client socket cannot be initialized to connect to [frontier05233.frontier.olcf.ornl.gov]:8889 (errno: 97 - Address family not supported by protocol).
[W socket.cpp:601] [c10d] The client socket cannot be initialized to connect to [frontier05233.frontier.olcf.ornl.gov]:8889 (errno: 97 - Address family not supported by protocol).
[W socket.cpp:601] [c10d] The client socket cannot be initialized to connect to [frontier05233.frontier.olcf.ornl.gov]:8889 (errno: 97 - Address family not supported by protocol).
[W socket.cpp:601] [c10d] The client socket cannot be initialized to connect to [frontier05233.frontier.olcf.ornl.gov]:8889 (errno: 97 - Address family not supported by protocol).
[W socket.cpp:601] [c10d] The client socket cannot be initialized to connect to [frontier05233.frontier.olcf.ornl.gov]:8889 (errno: 97 - Address family not supported by protocol).
[W socket.cpp:601] [c10d] The client socket cannot be initialized to connect to [frontier05233.frontier.olcf.ornl.gov]:8889 (errno: 97 - Address family not supported by protocol).
[W socket.cpp:601] [c10d] The client socket cannot be initialized to connect to [frontier05233.frontier.olcf.ornl.gov]:8889 (errno: 97 - Address family not supported by protocol).
[W socket.cpp:601] [c10d] The client socket cannot be initialized to connect to [frontier05233.frontier.olcf.ornl.gov]:8889 (errno: 97 - Address family not supported by protocol).
[W socket.cpp:601] [c10d] The client socket cannot be initialized to connect to [frontier05233.frontier.olcf.ornl.gov]:8889 (errno: 97 - Address family not supported by protocol).
[W socket.cpp:601] [c10d] The client socket cannot be initialized to connect to [frontier05233.frontier.olcf.ornl.gov]:8889 (errno: 97 - Address family not supported by protocol).
[W socket.cpp:601] [c10d] The client socket cannot be initialized to connect to [frontier05233.frontier.olcf.ornl.gov]:8889 (errno: 97 - Address family not supported by protocol).
[W socket.cpp:601] [c10d] The client socket cannot be initialized to connect to [frontier05233.frontier.olcf.ornl.gov]:8889 (errno: 97 - Address family not supported by protocol).
[W socket.cpp:601] [c10d] The client socket cannot be initialized to connect to [frontier05233.frontier.olcf.ornl.gov]:8889 (errno: 97 - Address family not supported by protocol).
[W socket.cpp:601] [c10d] The client socket cannot be initialized to connect to [frontier05233.frontier.olcf.ornl.gov]:8889 (errno: 97 - Address family not supported by protocol).
[W socket.cpp:601] [c10d] The client socket cannot be initialized to connect to [frontier05233.frontier.olcf.ornl.gov]:8889 (errno: 97 - Address family not supported by protocol).
[W socket.cpp:601] [c10d] The client socket cannot be initialized to connect to [frontier05233.frontier.olcf.ornl.gov]:8889 (errno: 97 - Address family not supported by protocol).
[W socket.cpp:601] [c10d] The client socket cannot be initialized to connect to [frontier05233.frontier.olcf.ornl.gov]:8889 (errno: 97 - Address family not supported by protocol).
[W socket.cpp:601] [c10d] The client socket cannot be initialized to connect to [frontier05233.frontier.olcf.ornl.gov]:8889 (errno: 97 - Address family not supported by protocol).
[W socket.cpp:601] [c10d] The client socket cannot be initialized to connect to [frontier05233.frontier.olcf.ornl.gov]:8889 (errno: 97 - Address family not supported by protocol).
[W socket.cpp:601] [c10d] The client socket cannot be initialized to connect to [frontier05233.frontier.olcf.ornl.gov]:8889 (errno: 97 - Address family not supported by protocol).
[W socket.cpp:601] [c10d] The client socket cannot be initialized to connect to [frontier05233.frontier.olcf.ornl.gov]:8889 (errno: 97 - Address family not supported by protocol).
[W socket.cpp:601] [c10d] The client socket cannot be initialized to connect to [frontier05233.frontier.olcf.ornl.gov]:8889 (errno: 97 - Address family not supported by protocol).
[W socket.cpp:601] [c10d] The client socket cannot be initialized to connect to [frontier05233.frontier.olcf.ornl.gov]:8889 (errno: 97 - Address family not supported by protocol).
[W socket.cpp:601] [c10d] The client socket cannot be initialized to connect to [frontier05233.frontier.olcf.ornl.gov]:8889 (errno: 97 - Address family not supported by protocol).
[W socket.cpp:601] [c10d] The client socket cannot be initialized to connect to [frontier05233.frontier.olcf.ornl.gov]:8889 (errno: 97 - Address family not supported by protocol).
[W socket.cpp:601] [c10d] The client socket cannot be initialized to connect to [frontier05233.frontier.olcf.ornl.gov]:8889 (errno: 97 - Address family not supported by protocol).
[W socket.cpp:601] [c10d] The client socket cannot be initialized to connect to [frontier05233.frontier.olcf.ornl.gov]:8889 (errno: 97 - Address family not supported by protocol).
[W socket.cpp:601] [c10d] The client socket cannot be initialized to connect to [frontier05233.frontier.olcf.ornl.gov]:8889 (errno: 97 - Address family not supported by protocol).
[W socket.cpp:601] [c10d] The client socket cannot be initialized to connect to [frontier05233.frontier.olcf.ornl.gov]:8889 (errno: 97 - Address family not supported by protocol).
[W socket.cpp:601] [c10d] The client socket cannot be initialized to connect to [frontier05233.frontier.olcf.ornl.gov]:8889 (errno: 97 - Address family not supported by protocol).
[W socket.cpp:601] [c10d] The client socket cannot be initialized to connect to [frontier05233.frontier.olcf.ornl.gov]:8889 (errno: 97 - Address family not supported by protocol).
[W socket.cpp:601] [c10d] The client socket cannot be initialized to connect to [frontier05233.frontier.olcf.ornl.gov]:8889 (errno: 97 - Address family not supported by protocol).
[W socket.cpp:601] [c10d] The client socket cannot be initialized to connect to [frontier05233.frontier.olcf.ornl.gov]:8889 (errno: 97 - Address family not supported by protocol).
[W socket.cpp:601] [c10d] The client socket cannot be initialized to connect to [frontier05233.frontier.olcf.ornl.gov]:8889 (errno: 97 - Address family not supported by protocol).
[W socket.cpp:601] [c10d] The client socket cannot be initialized to connect to [frontier05233.frontier.olcf.ornl.gov]:8889 (errno: 97 - Address family not supported by protocol).
[W socket.cpp:601] [c10d] The client socket cannot be initialized to connect to [frontier05233.frontier.olcf.ornl.gov]:8889 (errno: 97 - Address family not supported by protocol).
[W socket.cpp:601] [c10d] The client socket cannot be initialized to connect to [frontier05233.frontier.olcf.ornl.gov]:8889 (errno: 97 - Address family not supported by protocol).
[W socket.cpp:601] [c10d] The client socket cannot be initialized to connect to [frontier05233.frontier.olcf.ornl.gov]:8889 (errno: 97 - Address family not supported by protocol).
[W socket.cpp:601] [c10d] The client socket cannot be initialized to connect to [frontier05233.frontier.olcf.ornl.gov]:8889 (errno: 97 - Address family not supported by protocol).
[W socket.cpp:601] [c10d] The client socket cannot be initialized to connect to [frontier05233.frontier.olcf.ornl.gov]:8889 (errno: 97 - Address family not supported by protocol).
[W socket.cpp:601] [c10d] The client socket cannot be initialized to connect to [frontier05233.frontier.olcf.ornl.gov]:8889 (errno: 97 - Address family not supported by protocol).
[W socket.cpp:601] [c10d] The client socket cannot be initialized to connect to [frontier05233.frontier.olcf.ornl.gov]:8889 (errno: 97 - Address family not supported by protocol).
[W socket.cpp:601] [c10d] The client socket cannot be initialized to connect to [frontier05233.frontier.olcf.ornl.gov]:8889 (errno: 97 - Address family not supported by protocol).
[W socket.cpp:601] [c10d] The client socket cannot be initialized to connect to [frontier05233.frontier.olcf.ornl.gov]:8889 (errno: 97 - Address family not supported by protocol).
[W socket.cpp:601] [c10d] The client socket cannot be initialized to connect to [frontier05233.frontier.olcf.ornl.gov]:8889 (errno: 97 - Address family not supported by protocol).
[W socket.cpp:601] [c10d] The client socket cannot be initialized to connect to [frontier05233.frontier.olcf.ornl.gov]:8889 (errno: 97 - Address family not supported by protocol).
[W socket.cpp:601] [c10d] The client socket cannot be initialized to connect to [frontier05233.frontier.olcf.ornl.gov]:8889 (errno: 97 - Address family not supported by protocol).
[W socket.cpp:601] [c10d] The client socket cannot be initialized to connect to [frontier05233.frontier.olcf.ornl.gov]:8889 (errno: 97 - Address family not supported by protocol).
[W socket.cpp:601] [c10d] The client socket cannot be initialized to connect to [frontier05233.frontier.olcf.ornl.gov]:8889 (errno: 97 - Address family not supported by protocol).
[W socket.cpp:601] [c10d] The client socket cannot be initialized to connect to [frontier05233.frontier.olcf.ornl.gov]:8889 (errno: 97 - Address family not supported by protocol).
[W socket.cpp:601] [c10d] The client socket cannot be initialized to connect to [frontier05233.frontier.olcf.ornl.gov]:8889 (errno: 97 - Address family not supported by protocol).
[W socket.cpp:601] [c10d] The client socket cannot be initialized to connect to [frontier05233.frontier.olcf.ornl.gov]:8889 (errno: 97 - Address family not supported by protocol).
[W socket.cpp:601] [c10d] The client socket cannot be initialized to connect to [frontier05233.frontier.olcf.ornl.gov]:8889 (errno: 97 - Address family not supported by protocol).
[W socket.cpp:601] [c10d] The client socket cannot be initialized to connect to [frontier05233.frontier.olcf.ornl.gov]:8889 (errno: 97 - Address family not supported by protocol).
[W socket.cpp:601] [c10d] The client socket cannot be initialized to connect to [frontier05233.frontier.olcf.ornl.gov]:8889 (errno: 97 - Address family not supported by protocol).
[W socket.cpp:601] [c10d] The client socket cannot be initialized to connect to [frontier05233.frontier.olcf.ornl.gov]:8889 (errno: 97 - Address family not supported by protocol).
[W socket.cpp:601] [c10d] The client socket cannot be initialized to connect to [frontier05233.frontier.olcf.ornl.gov]:8889 (errno: 97 - Address family not supported by protocol).
[W socket.cpp:601] [c10d] The client socket cannot be initialized to connect to [frontier05233.frontier.olcf.ornl.gov]:8889 (errno: 97 - Address family not supported by protocol).
[W socket.cpp:601] [c10d] The client socket cannot be initialized to connect to [frontier05233.frontier.olcf.ornl.gov]:8889 (errno: 97 - Address family not supported by protocol).
[W socket.cpp:601] [c10d] The client socket cannot be initialized to connect to [frontier05233.frontier.olcf.ornl.gov]:8889 (errno: 97 - Address family not supported by protocol).
[W socket.cpp:601] [c10d] The client socket cannot be initialized to connect to [frontier05233.frontier.olcf.ornl.gov]:8889 (errno: 97 - Address family not supported by protocol).
[W socket.cpp:601] [c10d] The client socket cannot be initialized to connect to [frontier05233.frontier.olcf.ornl.gov]:8889 (errno: 97 - Address family not supported by protocol).
[W socket.cpp:601] [c10d] The client socket cannot be initialized to connect to [frontier05233.frontier.olcf.ornl.gov]:8889 (errno: 97 - Address family not supported by protocol).
[W socket.cpp:601] [c10d] The client socket cannot be initialized to connect to [frontier05233.frontier.olcf.ornl.gov]:8889 (errno: 97 - Address family not supported by protocol).
[W socket.cpp:601] [c10d] The client socket cannot be initialized to connect to [frontier05233.frontier.olcf.ornl.gov]:8889 (errno: 97 - Address family not supported by protocol).
[W socket.cpp:601] [c10d] The client socket cannot be initialized to connect to [frontier05233.frontier.olcf.ornl.gov]:8889 (errno: 97 - Address family not supported by protocol).
[W socket.cpp:601] [c10d] The client socket cannot be initialized to connect to [frontier05233.frontier.olcf.ornl.gov]:8889 (errno: 97 - Address family not supported by protocol).
[W socket.cpp:601] [c10d] The client socket cannot be initialized to connect to [frontier05233.frontier.olcf.ornl.gov]:8889 (errno: 97 - Address family not supported by protocol).
[W socket.cpp:601] [c10d] The client socket cannot be initialized to connect to [frontier05233.frontier.olcf.ornl.gov]:8889 (errno: 97 - Address family not supported by protocol).
[W socket.cpp:601] [c10d] The client socket cannot be initialized to connect to [frontier05233.frontier.olcf.ornl.gov]:8889 (errno: 97 - Address family not supported by protocol).
[W socket.cpp:601] [c10d] The client socket cannot be initialized to connect to [frontier05233.frontier.olcf.ornl.gov]:8889 (errno: 97 - Address family not supported by protocol).
[W socket.cpp:601] [c10d] The client socket cannot be initialized to connect to [frontier05233.frontier.olcf.ornl.gov]:8889 (errno: 97 - Address family not supported by protocol).
[W socket.cpp:601] [c10d] The client socket cannot be initialized to connect to [frontier05233.frontier.olcf.ornl.gov]:8889 (errno: 97 - Address family not supported by protocol).
[W socket.cpp:601] [c10d] The client socket cannot be initialized to connect to [frontier05233.frontier.olcf.ornl.gov]:8889 (errno: 97 - Address family not supported by protocol).
[W socket.cpp:601] [c10d] The client socket cannot be initialized to connect to [frontier05233.frontier.olcf.ornl.gov]:8889 (errno: 97 - Address family not supported by protocol).
[W socket.cpp:601] [c10d] The client socket cannot be initialized to connect to [frontier05233.frontier.olcf.ornl.gov]:8889 (errno: 97 - Address family not supported by protocol).
[W socket.cpp:601] [c10d] The client socket cannot be initialized to connect to [frontier05233.frontier.olcf.ornl.gov]:8889 (errno: 97 - Address family not supported by protocol).
[W socket.cpp:601] [c10d] The client socket cannot be initialized to connect to [frontier05233.frontier.olcf.ornl.gov]:8889 (errno: 97 - Address family not supported by protocol).
[W socket.cpp:601] [c10d] The client socket cannot be initialized to connect to [frontier05233.frontier.olcf.ornl.gov]:8889 (errno: 97 - Address family not supported by protocol).
[W socket.cpp:601] [c10d] The client socket cannot be initialized to connect to [frontier05233.frontier.olcf.ornl.gov]:8889 (errno: 97 - Address family not supported by protocol).
[W socket.cpp:601] [c10d] The client socket cannot be initialized to connect to [frontier05233.frontier.olcf.ornl.gov]:8889 (errno: 97 - Address family not supported by protocol).
[W socket.cpp:601] [c10d] The client socket cannot be initialized to connect to [frontier05233.frontier.olcf.ornl.gov]:8889 (errno: 97 - Address family not supported by protocol).
[W socket.cpp:601] [c10d] The client socket cannot be initialized to connect to [frontier05233.frontier.olcf.ornl.gov]:8889 (errno: 97 - Address family not supported by protocol).
[W socket.cpp:601] [c10d] The client socket cannot be initialized to connect to [frontier05233.frontier.olcf.ornl.gov]:8889 (errno: 97 - Address family not supported by protocol).
[W socket.cpp:601] [c10d] The client socket cannot be initialized to connect to [frontier05233.frontier.olcf.ornl.gov]:8889 (errno: 97 - Address family not supported by protocol).
[W socket.cpp:601] [c10d] The client socket cannot be initialized to connect to [frontier05233.frontier.olcf.ornl.gov]:8889 (errno: 97 - Address family not supported by protocol).
[W socket.cpp:601] [c10d] The client socket cannot be initialized to connect to [frontier05233.frontier.olcf.ornl.gov]:8889 (errno: 97 - Address family not supported by protocol).
[W socket.cpp:601] [c10d] The client socket cannot be initialized to connect to [frontier05233.frontier.olcf.ornl.gov]:8889 (errno: 97 - Address family not supported by protocol).
[W socket.cpp:601] [c10d] The client socket cannot be initialized to connect to [frontier05233.frontier.olcf.ornl.gov]:8889 (errno: 97 - Address family not supported by protocol).
[W socket.cpp:601] [c10d] The client socket cannot be initialized to connect to [frontier05233.frontier.olcf.ornl.gov]:8889 (errno: 97 - Address family not supported by protocol).
[W socket.cpp:601] [c10d] The client socket cannot be initialized to connect to [frontier05233.frontier.olcf.ornl.gov]:8889 (errno: 97 - Address family not supported by protocol).
[W socket.cpp:601] [c10d] The client socket cannot be initialized to connect to [frontier05233.frontier.olcf.ornl.gov]:8889 (errno: 97 - Address family not supported by protocol).
[W socket.cpp:601] [c10d] The client socket cannot be initialized to connect to [frontier05233.frontier.olcf.ornl.gov]:8889 (errno: 97 - Address family not supported by protocol).
[W socket.cpp:601] [c10d] The client socket cannot be initialized to connect to [frontier05233.frontier.olcf.ornl.gov]:8889 (errno: 97 - Address family not supported by protocol).
[W socket.cpp:601] [c10d] The client socket cannot be initialized to connect to [frontier05233.frontier.olcf.ornl.gov]:8889 (errno: 97 - Address family not supported by protocol).
[W socket.cpp:601] [c10d] The client socket cannot be initialized to connect to [frontier05233.frontier.olcf.ornl.gov]:8889 (errno: 97 - Address family not supported by protocol).
[W socket.cpp:601] [c10d] The client socket cannot be initialized to connect to [frontier05233.frontier.olcf.ornl.gov]:8889 (errno: 97 - Address family not supported by protocol).
[W socket.cpp:601] [c10d] The client socket cannot be initialized to connect to [frontier05233.frontier.olcf.ornl.gov]:8889 (errno: 97 - Address family not supported by protocol).
[W socket.cpp:601] [c10d] The client socket cannot be initialized to connect to [frontier05233.frontier.olcf.ornl.gov]:8889 (errno: 97 - Address family not supported by protocol).
[W socket.cpp:601] [c10d] The client socket cannot be initialized to connect to [frontier05233.frontier.olcf.ornl.gov]:8889 (errno: 97 - Address family not supported by protocol).
[W socket.cpp:601] [c10d] The client socket cannot be initialized to connect to [frontier05233.frontier.olcf.ornl.gov]:8889 (errno: 97 - Address family not supported by protocol).
[W socket.cpp:601] [c10d] The client socket cannot be initialized to connect to [frontier05233.frontier.olcf.ornl.gov]:8889 (errno: 97 - Address family not supported by protocol).
[W socket.cpp:601] [c10d] The client socket cannot be initialized to connect to [frontier05233.frontier.olcf.ornl.gov]:8889 (errno: 97 - Address family not supported by protocol).
[W socket.cpp:601] [c10d] The client socket cannot be initialized to connect to [frontier05233.frontier.olcf.ornl.gov]:8889 (errno: 97 - Address family not supported by protocol).
[W socket.cpp:601] [c10d] The client socket cannot be initialized to connect to [frontier05233.frontier.olcf.ornl.gov]:8889 (errno: 97 - Address family not supported by protocol).
[W socket.cpp:601] [c10d] The client socket cannot be initialized to connect to [frontier05233.frontier.olcf.ornl.gov]:8889 (errno: 97 - Address family not supported by protocol).
[W socket.cpp:601] [c10d] The client socket cannot be initialized to connect to [frontier05233.frontier.olcf.ornl.gov]:8889 (errno: 97 - Address family not supported by protocol).
[W socket.cpp:601] [c10d] The client socket cannot be initialized to connect to [frontier05233.frontier.olcf.ornl.gov]:8889 (errno: 97 - Address family not supported by protocol).
[W socket.cpp:601] [c10d] The client socket cannot be initialized to connect to [frontier05233.frontier.olcf.ornl.gov]:8889 (errno: 97 - Address family not supported by protocol).
[W socket.cpp:601] [c10d] The client socket cannot be initialized to connect to [frontier05233.frontier.olcf.ornl.gov]:8889 (errno: 97 - Address family not supported by protocol).
[W socket.cpp:601] [c10d] The client socket cannot be initialized to connect to [frontier05233.frontier.olcf.ornl.gov]:8889 (errno: 97 - Address family not supported by protocol).
[W socket.cpp:601] [c10d] The client socket cannot be initialized to connect to [frontier05233.frontier.olcf.ornl.gov]:8889 (errno: 97 - Address family not supported by protocol).
[W socket.cpp:601] [c10d] The client socket cannot be initialized to connect to [frontier05233.frontier.olcf.ornl.gov]:8889 (errno: 97 - Address family not supported by protocol).
[W socket.cpp:601] [c10d] The client socket cannot be initialized to connect to [frontier05233.frontier.olcf.ornl.gov]:8889 (errno: 97 - Address family not supported by protocol).
[W socket.cpp:601] [c10d] The client socket cannot be initialized to connect to [frontier05233.frontier.olcf.ornl.gov]:8889 (errno: 97 - Address family not supported by protocol).
[W socket.cpp:601] [c10d] The client socket cannot be initialized to connect to [frontier05233.frontier.olcf.ornl.gov]:8889 (errno: 97 - Address family not supported by protocol).
[W socket.cpp:601] [c10d] The client socket cannot be initialized to connect to [frontier05233.frontier.olcf.ornl.gov]:8889 (errno: 97 - Address family not supported by protocol).
[W socket.cpp:601] [c10d] The client socket cannot be initialized to connect to [frontier05233.frontier.olcf.ornl.gov]:8889 (errno: 97 - Address family not supported by protocol).
[W socket.cpp:601] [c10d] The client socket cannot be initialized to connect to [frontier05233.frontier.olcf.ornl.gov]:8889 (errno: 97 - Address family not supported by protocol).
[W socket.cpp:601] [c10d] The client socket cannot be initialized to connect to [frontier05233.frontier.olcf.ornl.gov]:8889 (errno: 97 - Address family not supported by protocol).
[W socket.cpp:601] [c10d] The client socket cannot be initialized to connect to [frontier05233.frontier.olcf.ornl.gov]:8889 (errno: 97 - Address family not supported by protocol).
[W socket.cpp:601] [c10d] The client socket cannot be initialized to connect to [frontier05233.frontier.olcf.ornl.gov]:8889 (errno: 97 - Address family not supported by protocol).
[W socket.cpp:601] [c10d] The client socket cannot be initialized to connect to [frontier05233.frontier.olcf.ornl.gov]:8889 (errno: 97 - Address family not supported by protocol).
[W socket.cpp:601] [c10d] The client socket cannot be initialized to connect to [frontier05233.frontier.olcf.ornl.gov]:8889 (errno: 97 - Address family not supported by protocol).
[W socket.cpp:601] [c10d] The client socket cannot be initialized to connect to [frontier05233.frontier.olcf.ornl.gov]:8889 (errno: 97 - Address family not supported by protocol).
[W socket.cpp:601] [c10d] The client socket cannot be initialized to connect to [frontier05233.frontier.olcf.ornl.gov]:8889 (errno: 97 - Address family not supported by protocol).
[W socket.cpp:601] [c10d] The client socket cannot be initialized to connect to [frontier05233.frontier.olcf.ornl.gov]:8889 (errno: 97 - Address family not supported by protocol).
[W socket.cpp:601] [c10d] The client socket cannot be initialized to connect to [frontier05233.frontier.olcf.ornl.gov]:8889 (errno: 97 - Address family not supported by protocol).
[W socket.cpp:601] [c10d] The client socket cannot be initialized to connect to [frontier05233.frontier.olcf.ornl.gov]:8889 (errno: 97 - Address family not supported by protocol).
[W socket.cpp:601] [c10d] The client socket cannot be initialized to connect to [frontier05233.frontier.olcf.ornl.gov]:8889 (errno: 97 - Address family not supported by protocol).
[W socket.cpp:601] [c10d] The client socket cannot be initialized to connect to [frontier05233.frontier.olcf.ornl.gov]:8889 (errno: 97 - Address family not supported by protocol).
[W socket.cpp:601] [c10d] The client socket cannot be initialized to connect to [frontier05233.frontier.olcf.ornl.gov]:8889 (errno: 97 - Address family not supported by protocol).
[W socket.cpp:601] [c10d] The client socket cannot be initialized to connect to [frontier05233.frontier.olcf.ornl.gov]:8889 (errno: 97 - Address family not supported by protocol).
[W socket.cpp:601] [c10d] The client socket cannot be initialized to connect to [frontier05233.frontier.olcf.ornl.gov]:8889 (errno: 97 - Address family not supported by protocol).
[W socket.cpp:601] [c10d] The client socket cannot be initialized to connect to [frontier05233.frontier.olcf.ornl.gov]:8889 (errno: 97 - Address family not supported by protocol).
[W socket.cpp:601] [c10d] The client socket cannot be initialized to connect to [frontier05233.frontier.olcf.ornl.gov]:8889 (errno: 97 - Address family not supported by protocol).
[W socket.cpp:601] [c10d] The client socket cannot be initialized to connect to [frontier05233.frontier.olcf.ornl.gov]:8889 (errno: 97 - Address family not supported by protocol).
[W socket.cpp:601] [c10d] The client socket cannot be initialized to connect to [frontier05233.frontier.olcf.ornl.gov]:8889 (errno: 97 - Address family not supported by protocol).
[W socket.cpp:601] [c10d] The client socket cannot be initialized to connect to [frontier05233.frontier.olcf.ornl.gov]:8889 (errno: 97 - Address family not supported by protocol).
[W socket.cpp:601] [c10d] The client socket cannot be initialized to connect to [frontier05233.frontier.olcf.ornl.gov]:8889 (errno: 97 - Address family not supported by protocol).
[W socket.cpp:601] [c10d] The client socket cannot be initialized to connect to [frontier05233.frontier.olcf.ornl.gov]:8889 (errno: 97 - Address family not supported by protocol).
[W socket.cpp:601] [c10d] The client socket cannot be initialized to connect to [frontier05233.frontier.olcf.ornl.gov]:8889 (errno: 97 - Address family not supported by protocol).
[W socket.cpp:601] [c10d] The client socket cannot be initialized to connect to [frontier05233.frontier.olcf.ornl.gov]:8889 (errno: 97 - Address family not supported by protocol).
[W socket.cpp:601] [c10d] The client socket cannot be initialized to connect to [frontier05233.frontier.olcf.ornl.gov]:8889 (errno: 97 - Address family not supported by protocol).
[W socket.cpp:601] [c10d] The client socket cannot be initialized to connect to [frontier05233.frontier.olcf.ornl.gov]:8889 (errno: 97 - Address family not supported by protocol).
[W socket.cpp:601] [c10d] The client socket cannot be initialized to connect to [frontier05233.frontier.olcf.ornl.gov]:8889 (errno: 97 - Address family not supported by protocol).
[W socket.cpp:601] [c10d] The client socket cannot be initialized to connect to [frontier05233.frontier.olcf.ornl.gov]:8889 (errno: 97 - Address family not supported by protocol).
[W socket.cpp:601] [c10d] The client socket cannot be initialized to connect to [frontier05233.frontier.olcf.ornl.gov]:8889 (errno: 97 - Address family not supported by protocol).
[W socket.cpp:601] [c10d] The client socket cannot be initialized to connect to [frontier05233.frontier.olcf.ornl.gov]:8889 (errno: 97 - Address family not supported by protocol).
[W socket.cpp:601] [c10d] The client socket cannot be initialized to connect to [frontier05233.frontier.olcf.ornl.gov]:8889 (errno: 97 - Address family not supported by protocol).
[W socket.cpp:601] [c10d] The client socket cannot be initialized to connect to [frontier05233.frontier.olcf.ornl.gov]:8889 (errno: 97 - Address family not supported by protocol).
[W socket.cpp:601] [c10d] The client socket cannot be initialized to connect to [frontier05233.frontier.olcf.ornl.gov]:8889 (errno: 97 - Address family not supported by protocol).
[W socket.cpp:601] [c10d] The client socket cannot be initialized to connect to [frontier05233.frontier.olcf.ornl.gov]:8889 (errno: 97 - Address family not supported by protocol).
[W socket.cpp:601] [c10d] The client socket cannot be initialized to connect to [frontier05233.frontier.olcf.ornl.gov]:8889 (errno: 97 - Address family not supported by protocol).
[W socket.cpp:601] [c10d] The client socket cannot be initialized to connect to [frontier05233.frontier.olcf.ornl.gov]:8889 (errno: 97 - Address family not supported by protocol).
[W socket.cpp:601] [c10d] The client socket cannot be initialized to connect to [frontier05233.frontier.olcf.ornl.gov]:8889 (errno: 97 - Address family not supported by protocol).
[W socket.cpp:601] [c10d] The client socket cannot be initialized to connect to [frontier05233.frontier.olcf.ornl.gov]:8889 (errno: 97 - Address family not supported by protocol).
[W socket.cpp:601] [c10d] The client socket cannot be initialized to connect to [frontier05233.frontier.olcf.ornl.gov]:8889 (errno: 97 - Address family not supported by protocol).
[W socket.cpp:601] [c10d] The client socket cannot be initialized to connect to [frontier05233.frontier.olcf.ornl.gov]:8889 (errno: 97 - Address family not supported by protocol).
[W socket.cpp:601] [c10d] The client socket cannot be initialized to connect to [frontier05233.frontier.olcf.ornl.gov]:8889 (errno: 97 - Address family not supported by protocol).
[W socket.cpp:601] [c10d] The client socket cannot be initialized to connect to [frontier05233.frontier.olcf.ornl.gov]:8889 (errno: 97 - Address family not supported by protocol).
[W socket.cpp:601] [c10d] The client socket cannot be initialized to connect to [frontier05233.frontier.olcf.ornl.gov]:8889 (errno: 97 - Address family not supported by protocol).
[W socket.cpp:601] [c10d] The client socket cannot be initialized to connect to [frontier05233.frontier.olcf.ornl.gov]:8889 (errno: 97 - Address family not supported by protocol).
[W socket.cpp:601] [c10d] The client socket cannot be initialized to connect to [frontier05233.frontier.olcf.ornl.gov]:8889 (errno: 97 - Address family not supported by protocol).
[W socket.cpp:601] [c10d] The client socket cannot be initialized to connect to [frontier05233.frontier.olcf.ornl.gov]:8889 (errno: 97 - Address family not supported by protocol).
[W socket.cpp:601] [c10d] The client socket cannot be initialized to connect to [frontier05233.frontier.olcf.ornl.gov]:8889 (errno: 97 - Address family not supported by protocol).
[W socket.cpp:601] [c10d] The client socket cannot be initialized to connect to [frontier05233.frontier.olcf.ornl.gov]:8889 (errno: 97 - Address family not supported by protocol).
[W socket.cpp:601] [c10d] The client socket cannot be initialized to connect to [frontier05233.frontier.olcf.ornl.gov]:8889 (errno: 97 - Address family not supported by protocol).
[W socket.cpp:601] [c10d] The client socket cannot be initialized to connect to [frontier05233.frontier.olcf.ornl.gov]:8889 (errno: 97 - Address family not supported by protocol).
[W socket.cpp:601] [c10d] The client socket cannot be initialized to connect to [frontier05233.frontier.olcf.ornl.gov]:8889 (errno: 97 - Address family not supported by protocol).
[W socket.cpp:601] [c10d] The client socket cannot be initialized to connect to [frontier05233.frontier.olcf.ornl.gov]:8889 (errno: 97 - Address family not supported by protocol).
[W socket.cpp:601] [c10d] The client socket cannot be initialized to connect to [frontier05233.frontier.olcf.ornl.gov]:8889 (errno: 97 - Address family not supported by protocol).
[W socket.cpp:601] [c10d] The client socket cannot be initialized to connect to [frontier05233.frontier.olcf.ornl.gov]:8889 (errno: 97 - Address family not supported by protocol).
[W socket.cpp:601] [c10d] The client socket cannot be initialized to connect to [frontier05233.frontier.olcf.ornl.gov]:8889 (errno: 97 - Address family not supported by protocol).
[W socket.cpp:601] [c10d] The client socket cannot be initialized to connect to [frontier05233.frontier.olcf.ornl.gov]:8889 (errno: 97 - Address family not supported by protocol).
[W socket.cpp:601] [c10d] The client socket cannot be initialized to connect to [frontier05233.frontier.olcf.ornl.gov]:8889 (errno: 97 - Address family not supported by protocol).
[W socket.cpp:601] [c10d] The client socket cannot be initialized to connect to [frontier05233.frontier.olcf.ornl.gov]:8889 (errno: 97 - Address family not supported by protocol).
[W socket.cpp:601] [c10d] The client socket cannot be initialized to connect to [frontier05233.frontier.olcf.ornl.gov]:8889 (errno: 97 - Address family not supported by protocol).
[W socket.cpp:601] [c10d] The client socket cannot be initialized to connect to [frontier05233.frontier.olcf.ornl.gov]:8889 (errno: 97 - Address family not supported by protocol).
[W socket.cpp:601] [c10d] The client socket cannot be initialized to connect to [frontier05233.frontier.olcf.ornl.gov]:8889 (errno: 97 - Address family not supported by protocol).
[W socket.cpp:601] [c10d] The client socket cannot be initialized to connect to [frontier05233.frontier.olcf.ornl.gov]:8889 (errno: 97 - Address family not supported by protocol).
[W socket.cpp:601] [c10d] The client socket cannot be initialized to connect to [frontier05233.frontier.olcf.ornl.gov]:8889 (errno: 97 - Address family not supported by protocol).
[W socket.cpp:601] [c10d] The client socket cannot be initialized to connect to [frontier05233.frontier.olcf.ornl.gov]:8889 (errno: 97 - Address family not supported by protocol).
[W socket.cpp:601] [c10d] The client socket cannot be initialized to connect to [frontier05233.frontier.olcf.ornl.gov]:8889 (errno: 97 - Address family not supported by protocol).
[W socket.cpp:601] [c10d] The client socket cannot be initialized to connect to [frontier05233.frontier.olcf.ornl.gov]:8889 (errno: 97 - Address family not supported by protocol).
[W socket.cpp:601] [c10d] The client socket cannot be initialized to connect to [frontier05233.frontier.olcf.ornl.gov]:8889 (errno: 97 - Address family not supported by protocol).
[W socket.cpp:601] [c10d] The client socket cannot be initialized to connect to [frontier05233.frontier.olcf.ornl.gov]:8889 (errno: 97 - Address family not supported by protocol).
[W socket.cpp:601] [c10d] The client socket cannot be initialized to connect to [frontier05233.frontier.olcf.ornl.gov]:8889 (errno: 97 - Address family not supported by protocol).
[W socket.cpp:601] [c10d] The client socket cannot be initialized to connect to [frontier05233.frontier.olcf.ornl.gov]:8889 (errno: 97 - Address family not supported by protocol).
[W socket.cpp:601] [c10d] The client socket cannot be initialized to connect to [frontier05233.frontier.olcf.ornl.gov]:8889 (errno: 97 - Address family not supported by protocol).
[W socket.cpp:601] [c10d] The client socket cannot be initialized to connect to [frontier05233.frontier.olcf.ornl.gov]:8889 (errno: 97 - Address family not supported by protocol).
[W socket.cpp:601] [c10d] The client socket cannot be initialized to connect to [frontier05233.frontier.olcf.ornl.gov]:8889 (errno: 97 - Address family not supported by protocol).
[W socket.cpp:601] [c10d] The client socket cannot be initialized to connect to [frontier05233.frontier.olcf.ornl.gov]:8889 (errno: 97 - Address family not supported by protocol).
[W socket.cpp:601] [c10d] The client socket cannot be initialized to connect to [frontier05233.frontier.olcf.ornl.gov]:8889 (errno: 97 - Address family not supported by protocol).
[W socket.cpp:601] [c10d] The client socket cannot be initialized to connect to [frontier05233.frontier.olcf.ornl.gov]:8889 (errno: 97 - Address family not supported by protocol).
[W socket.cpp:601] [c10d] The client socket cannot be initialized to connect to [frontier05233.frontier.olcf.ornl.gov]:8889 (errno: 97 - Address family not supported by protocol).
[W socket.cpp:601] [c10d] The client socket cannot be initialized to connect to [frontier05233.frontier.olcf.ornl.gov]:8889 (errno: 97 - Address family not supported by protocol).
[W socket.cpp:601] [c10d] The client socket cannot be initialized to connect to [frontier05233.frontier.olcf.ornl.gov]:8889 (errno: 97 - Address family not supported by protocol).
[W socket.cpp:601] [c10d] The client socket cannot be initialized to connect to [frontier05233.frontier.olcf.ornl.gov]:8889 (errno: 97 - Address family not supported by protocol).
[W socket.cpp:601] [c10d] The client socket cannot be initialized to connect to [frontier05233.frontier.olcf.ornl.gov]:8889 (errno: 97 - Address family not supported by protocol).
[W socket.cpp:601] [c10d] The client socket cannot be initialized to connect to [frontier05233.frontier.olcf.ornl.gov]:8889 (errno: 97 - Address family not supported by protocol).
[W socket.cpp:601] [c10d] The client socket cannot be initialized to connect to [frontier05233.frontier.olcf.ornl.gov]:8889 (errno: 97 - Address family not supported by protocol).
[W socket.cpp:601] [c10d] The client socket cannot be initialized to connect to [frontier05233.frontier.olcf.ornl.gov]:8889 (errno: 97 - Address family not supported by protocol).
[W socket.cpp:601] [c10d] The client socket cannot be initialized to connect to [frontier05233.frontier.olcf.ornl.gov]:8889 (errno: 97 - Address family not supported by protocol).
[W socket.cpp:601] [c10d] The client socket cannot be initialized to connect to [frontier05233.frontier.olcf.ornl.gov]:8889 (errno: 97 - Address family not supported by protocol).
[W socket.cpp:601] [c10d] The client socket cannot be initialized to connect to [frontier05233.frontier.olcf.ornl.gov]:8889 (errno: 97 - Address family not supported by protocol).
[W socket.cpp:601] [c10d] The client socket cannot be initialized to connect to [frontier05233.frontier.olcf.ornl.gov]:8889 (errno: 97 - Address family not supported by protocol).
[W socket.cpp:601] [c10d] The client socket cannot be initialized to connect to [frontier05233.frontier.olcf.ornl.gov]:8889 (errno: 97 - Address family not supported by protocol).
[W socket.cpp:601] [c10d] The client socket cannot be initialized to connect to [frontier05233.frontier.olcf.ornl.gov]:8889 (errno: 97 - Address family not supported by protocol).
[W socket.cpp:601] [c10d] The client socket cannot be initialized to connect to [frontier05233.frontier.olcf.ornl.gov]:8889 (errno: 97 - Address family not supported by protocol).
[W socket.cpp:601] [c10d] The client socket cannot be initialized to connect to [frontier05233.frontier.olcf.ornl.gov]:8889 (errno: 97 - Address family not supported by protocol).
[W socket.cpp:601] [c10d] The client socket cannot be initialized to connect to [frontier05233.frontier.olcf.ornl.gov]:8889 (errno: 97 - Address family not supported by protocol).
[W socket.cpp:601] [c10d] The client socket cannot be initialized to connect to [frontier05233.frontier.olcf.ornl.gov]:8889 (errno: 97 - Address family not supported by protocol).
[W socket.cpp:601] [c10d] The client socket cannot be initialized to connect to [frontier05233.frontier.olcf.ornl.gov]:8889 (errno: 97 - Address family not supported by protocol).
[W socket.cpp:601] [c10d] The client socket cannot be initialized to connect to [frontier05233.frontier.olcf.ornl.gov]:8889 (errno: 97 - Address family not supported by protocol).
[W socket.cpp:601] [c10d] The client socket cannot be initialized to connect to [frontier05233.frontier.olcf.ornl.gov]:8889 (errno: 97 - Address family not supported by protocol).
[W socket.cpp:601] [c10d] The client socket cannot be initialized to connect to [frontier05233.frontier.olcf.ornl.gov]:8889 (errno: 97 - Address family not supported by protocol).
[W socket.cpp:601] [c10d] The client socket cannot be initialized to connect to [frontier05233.frontier.olcf.ornl.gov]:8889 (errno: 97 - Address family not supported by protocol).
[W socket.cpp:601] [c10d] The client socket cannot be initialized to connect to [frontier05233.frontier.olcf.ornl.gov]:8889 (errno: 97 - Address family not supported by protocol).
[W socket.cpp:601] [c10d] The client socket cannot be initialized to connect to [frontier05233.frontier.olcf.ornl.gov]:8889 (errno: 97 - Address family not supported by protocol).
[W socket.cpp:601] [c10d] The client socket cannot be initialized to connect to [frontier05233.frontier.olcf.ornl.gov]:8889 (errno: 97 - Address family not supported by protocol).
[W socket.cpp:601] [c10d] The client socket cannot be initialized to connect to [frontier05233.frontier.olcf.ornl.gov]:8889 (errno: 97 - Address family not supported by protocol).
[W socket.cpp:601] [c10d] The client socket cannot be initialized to connect to [frontier05233.frontier.olcf.ornl.gov]:8889 (errno: 97 - Address family not supported by protocol).
[W socket.cpp:601] [c10d] The client socket cannot be initialized to connect to [frontier05233.frontier.olcf.ornl.gov]:8889 (errno: 97 - Address family not supported by protocol).
0: Command: ./examples/multidataset/train.py --multi_model_list=OC2020 --multi --num_epoch=1 --everyone --ddstore --log=exp-strongfull-SMALL-2126091-NN16 --inputfile=SMALL_MTL.json

0: Adios reading: ./examples/multidataset/./dataset/OC2020.bp
0: Read attr time (sec):  0.09192824363708496
0: read and bcast: trainset/x/variable_count 30.695643663406372
0: read and bcast: trainset/x/variable_offset 36.75855612754822
0: read and bcast: trainset/x/variable_dim 36.75917291641235
0: read and bcast: trainset/edge_index/variable_count 62.455711364746094
0: read and bcast: trainset/edge_index/variable_offset 69.32259345054626
0: read and bcast: trainset/edge_index/variable_dim 69.62001895904541
0: read and bcast: trainset/edge_attr/variable_count 95.80543184280396
0: read and bcast: trainset/edge_attr/variable_offset 102.3444185256958
0: read and bcast: trainset/edge_attr/variable_dim 102.64643597602844
0: read and bcast: trainset/pos/variable_count 129.48617219924927
0: read and bcast: trainset/pos/variable_offset 139.23534107208252
0: read and bcast: trainset/pos/variable_dim 139.5316138267517
0: read and bcast: trainset/y/variable_count 147.113187789917
0: read and bcast: trainset/y/variable_offset 154.03841757774353
0: read and bcast: trainset/y/variable_dim 154.33154797554016
0: Overall time (sec):  154.42368245124817
0: DDStore adding time (sec):  0.0
0: Data loading time (sec):  154.5216257572174
0: Adios reading: ./examples/multidataset/./dataset/OC2020.bp
0: Read attr time (sec):  0.07568144798278809
0: read and bcast: valset/x/variable_count 27.098029375076294
0: read and bcast: valset/x/variable_offset 29.22217321395874
0: read and bcast: valset/x/variable_dim 29.248545169830322
0: read and bcast: valset/edge_index/variable_count 57.376816272735596
0: read and bcast: valset/edge_index/variable_offset 59.100034952163696
0: read and bcast: valset/edge_index/variable_dim 59.12563514709473
0: read and bcast: valset/edge_attr/variable_count 86.33089303970337
0: read and bcast: valset/edge_attr/variable_offset 87.55760335922241
0: read and bcast: valset/edge_attr/variable_dim 87.58215069770813
0: read and bcast: valset/pos/variable_count 111.9590859413147
0: read and bcast: valset/pos/variable_offset 113.18480348587036
0: read and bcast: valset/pos/variable_dim 113.21305966377258
0: read and bcast: valset/y/variable_count 114.62978196144104
0: read and bcast: valset/y/variable_offset 116.1832263469696
0: read and bcast: valset/y/variable_dim 116.18357396125793
0: Overall time (sec):  116.2594301700592
0: DDStore adding time (sec):  0.0
0: Data loading time (sec):  116.35057091712952
0: Adios reading: ./examples/multidataset/./dataset/OC2020.bp
0: Read attr time (sec):  0.07729029655456543
0: read and bcast: testset/x/variable_count 1.7224886417388916
0: read and bcast: testset/x/variable_offset 1.8104565143585205
0: read and bcast: testset/x/variable_dim 1.8106157779693604
0: read and bcast: testset/edge_index/variable_count 3.4532103538513184
0: read and bcast: testset/edge_index/variable_offset 3.595407485961914
0: read and bcast: testset/edge_index/variable_dim 3.595578908920288
0: read and bcast: testset/edge_attr/variable_count 5.225414037704468
0: read and bcast: testset/edge_attr/variable_offset 5.3123815059661865
0: read and bcast: testset/edge_attr/variable_dim 5.312552452087402
0: read and bcast: testset/pos/variable_count 6.719136714935303
0: read and bcast: testset/pos/variable_offset 6.777860879898071
0: read and bcast: testset/pos/variable_dim 6.778009653091431
0: read and bcast: testset/y/variable_count 6.86975359916687
0: read and bcast: testset/y/variable_offset 6.968552350997925
0: read and bcast: testset/y/variable_dim 6.968689680099487
0: Overall time (sec):  7.046137094497681
0: DDStore adding time (sec):  0.0
0: Data loading time (sec):  7.094864845275879
0: Adios preloading: ./examples/multidataset/./dataset/OC2020.bp
0: Adios reading time (sec):  65.94340872764587
0: Adios preloading: ./examples/multidataset/./dataset/OC2020.bp
0: Adios reading time (sec):  12.333307027816772
0: Adios preloading: ./examples/multidataset/./dataset/OC2020.bp
0: Adios reading time (sec):  1.0694465637207031
Loading:   0%|          | 0/941724 [00:00<?, ?it/s]Loading:   0%|          | 1/941724 [00:00<29:23:28,  8.90it/s]Loading:   0%|          | 371/941724 [00:00<07:34, 2072.45it/s]Loading:   0%|          | 733/941724 [00:00<05:41, 2757.82it/s]Loading:   0%|          | 1120/941724 [00:00<04:54, 3189.06it/s]Loading:   0%|          | 1484/941724 [00:00<04:40, 3349.54it/s]Loading:   0%|          | 1842/941724 [00:00<04:34, 3426.07it/s]Loading:   0%|          | 2188/941724 [00:00<06:39, 2352.04it/s]Loading:   0%|          | 2550/941724 [00:00<05:53, 2657.87it/s]Loading:   0%|          | 2911/941724 [00:01<05:23, 2900.08it/s]Loading:   0%|          | 3273/941724 [00:01<05:03, 3090.68it/s]Loading:   0%|          | 3631/941724 [00:01<04:50, 3223.83it/s]Loading:   0%|          | 3973/941724 [00:01<10:33, 1480.90it/s]Loading:   0%|          | 4291/941724 [00:01<08:57, 1742.98it/s]Loading:   0%|          | 4652/941724 [00:01<07:30, 2080.18it/s]Loading:   1%|          | 5015/941724 [00:02<06:30, 2397.70it/s]Loading:   1%|          | 5379/941724 [00:02<05:49, 2678.69it/s]Loading:   1%|          | 5743/941724 [00:02<05:21, 2911.59it/s]Loading:   1%|          | 6107/941724 [00:02<05:02, 3098.04it/s]Loading:   1%|          | 6472/941724 [00:02<04:48, 3245.65it/s]Loading:   1%|          | 6836/941724 [00:02<04:38, 3353.99it/s]Loading:   1%|          | 7204/941724 [00:02<04:31, 3443.98it/s]Loading:   1%|          | 7570/941724 [00:02<04:26, 3504.18it/s]Loading:   1%|          | 7935/941724 [00:02<04:23, 3546.21it/s]Loading:   1%|          | 8300/941724 [00:02<04:21, 3576.21it/s]Loading:   1%|          | 8665/941724 [00:03<04:19, 3597.07it/s]Loading:   1%|          | 9029/941724 [00:03<07:18, 2124.75it/s]Loading:   1%|          | 9348/941724 [00:03<06:38, 2337.34it/s]Loading:   1%|          | 9712/941724 [00:03<05:54, 2625.41it/s]Loading:   1%|          | 10061/941724 [00:03<05:29, 2831.77it/s]Loading:   1%|          | 10388/941724 [00:04<08:13, 1885.56it/s]Loading:   1%|          | 10727/941724 [00:04<07:08, 2170.56it/s]Loading:   1%|          | 11090/941724 [00:04<06:15, 2480.21it/s]Loading:   1%|          | 11457/941724 [00:04<05:37, 2756.52it/s]Loading:   1%|▏         | 11820/941724 [00:04<05:12, 2974.52it/s]Loading:   1%|▏         | 12174/941724 [00:04<04:57, 3122.84it/s]Loading:   1%|▏         | 12516/941724 [00:04<08:45, 1767.50it/s]Loading:   1%|▏         | 12829/941724 [00:05<07:42, 2008.06it/s]Loading:   1%|▏         | 13186/941724 [00:05<06:39, 2322.41it/s]Loading:   1%|▏         | 13551/941724 [00:05<05:54, 2618.52it/s]Loading:   1%|▏         | 13872/941724 [00:05<07:55, 1950.61it/s]Loading:   2%|▏         | 14235/941724 [00:05<06:46, 2279.84it/s]Loading:   2%|▏         | 14595/941724 [00:05<06:00, 2568.68it/s]Loading:   2%|▏         | 14960/941724 [00:05<05:27, 2825.59it/s]Loading:   2%|▏         | 15320/941724 [00:05<05:06, 3020.97it/s]Loading:   2%|▏         | 15678/941724 [00:06<04:52, 3169.37it/s]Loading:   2%|▏         | 16022/941724 [00:06<07:16, 2123.01it/s]Loading:   2%|▏         | 16330/941724 [00:06<06:39, 2318.57it/s]Loading:   2%|▏         | 16670/941724 [00:06<06:00, 2562.70it/s]Loading:   2%|▏         | 17033/941724 [00:06<05:27, 2822.22it/s]Loading:   2%|▏         | 17353/941724 [00:07<17:19, 889.57it/s] Loading:   2%|▏         | 17657/941724 [00:07<13:54, 1106.77it/s]Loading:   2%|▏         | 17989/941724 [00:07<11:06, 1385.98it/s]Loading:   2%|▏         | 18342/941724 [00:07<08:58, 1713.21it/s]Loading:   2%|▏         | 18701/941724 [00:07<07:30, 2048.90it/s]Loading:   2%|▏         | 19062/941724 [00:08<06:29, 2366.85it/s]Loading:   2%|▏         | 19425/941724 [00:08<05:47, 2650.42it/s]Loading:   2%|▏         | 19788/941724 [00:08<05:19, 2887.02it/s]Loading:   2%|▏         | 20150/941724 [00:08<04:59, 3075.41it/s]Loading:   2%|▏         | 20514/941724 [00:08<04:45, 3226.81it/s]Loading:   2%|▏         | 20876/941724 [00:08<04:36, 3333.87it/s]Loading:   2%|▏         | 21236/941724 [00:08<04:30, 3407.66it/s]Loading:   2%|▏         | 21597/941724 [00:08<04:25, 3465.68it/s]Loading:   2%|▏         | 21956/941724 [00:08<04:25, 3466.40it/s]Loading:   2%|▏         | 22317/941724 [00:08<04:22, 3507.60it/s]Loading:   2%|▏         | 22680/941724 [00:09<04:19, 3541.44it/s]Loading:   2%|▏         | 23042/941724 [00:09<04:17, 3564.28it/s]Loading:   2%|▏         | 23406/941724 [00:09<04:16, 3584.20it/s]Loading:   3%|▎         | 23769/941724 [00:09<04:15, 3596.27it/s]Loading:   3%|▎         | 24133/941724 [00:09<04:14, 3608.93it/s]Loading:   3%|▎         | 24495/941724 [00:09<04:14, 3600.55it/s]Loading:   3%|▎         | 24856/941724 [00:09<04:14, 3600.53it/s]Loading:   3%|▎         | 25217/941724 [00:10<06:56, 2202.75it/s]Loading:   3%|▎         | 25532/941724 [00:10<06:22, 2398.02it/s]Loading:   3%|▎         | 25888/941724 [00:10<05:43, 2663.07it/s]Loading:   3%|▎         | 26202/941724 [00:10<08:00, 1903.66it/s]Loading:   3%|▎         | 26530/941724 [00:10<07:01, 2169.63it/s]Loading:   3%|▎         | 26888/941724 [00:10<06:09, 2474.37it/s]Loading:   3%|▎         | 27252/941724 [00:10<05:32, 2748.57it/s]Loading:   3%|▎         | 27603/941724 [00:10<05:10, 2940.39it/s]Loading:   3%|▎         | 27966/941724 [00:10<04:52, 3121.89it/s]Loading:   3%|▎         | 28305/941724 [00:11<08:29, 1791.62it/s]Loading:   3%|▎         | 28569/941724 [00:11<10:43, 1419.70it/s]Loading:   3%|▎         | 28935/941724 [00:11<08:34, 1773.58it/s]Loading:   3%|▎         | 29201/941724 [00:12<10:05, 1507.14it/s]Loading:   3%|▎         | 29517/941724 [00:12<08:30, 1787.53it/s]Loading:   3%|▎         | 29874/941724 [00:12<07:06, 2135.74it/s]Loading:   3%|▎         | 30236/941724 [00:12<06:10, 2458.27it/s]Loading:   3%|▎         | 30599/941724 [00:12<05:33, 2735.05it/s]Loading:   3%|▎         | 30960/941724 [00:12<05:08, 2956.02it/s]Loading:   3%|▎         | 31293/941724 [00:12<07:36, 1995.27it/s]Loading:   3%|▎         | 31611/941724 [00:12<06:48, 2230.00it/s]Loading:   3%|▎         | 31970/941724 [00:13<05:59, 2530.32it/s]Loading:   3%|▎         | 32293/941724 [00:13<07:55, 1912.80it/s]Loading:   3%|▎         | 32597/941724 [00:13<07:06, 2132.99it/s]Loading:   3%|▎         | 32957/941724 [00:13<06:10, 2452.45it/s]Loading:   4%|▎         | 33319/941724 [00:13<05:32, 2728.93it/s]Loading:   4%|▎         | 33634/941724 [00:13<08:06, 1864.69it/s]Loading:   4%|▎         | 33939/941724 [00:14<07:13, 2092.00it/s]Loading:   4%|▎         | 34297/941724 [00:14<06:16, 2412.15it/s]Loading:   4%|▎         | 34658/941724 [00:14<05:36, 2693.39it/s]Loading:   4%|▎         | 35021/941724 [00:14<05:09, 2927.55it/s]Loading:   4%|▍         | 35350/941724 [00:14<07:21, 2053.62it/s]Loading:   4%|▍         | 35666/941724 [00:14<06:37, 2279.00it/s]Loading:   4%|▍         | 36004/941724 [00:14<05:58, 2527.08it/s]Loading:   4%|▍         | 36357/941724 [00:14<05:26, 2771.23it/s]Loading:   4%|▍         | 36719/941724 [00:15<05:02, 2989.63it/s]Loading:   4%|▍         | 37048/941724 [00:15<07:35, 1985.29it/s]Loading:   4%|▍         | 37356/941724 [00:15<06:50, 2202.59it/s]Loading:   4%|▍         | 37716/941724 [00:15<06:00, 2511.04it/s]Loading:   4%|▍         | 38078/941724 [00:15<05:25, 2775.83it/s]Loading:   4%|▍         | 38438/941724 [00:15<05:02, 2984.58it/s]Loading:   4%|▍         | 38770/941724 [00:15<07:06, 2116.14it/s]Loading:   4%|▍         | 39089/941724 [00:16<06:25, 2339.48it/s]Loading:   4%|▍         | 39455/941724 [00:16<05:41, 2641.43it/s]Loading:   4%|▍         | 39816/941724 [00:16<05:13, 2878.82it/s]Loading:   4%|▍         | 40177/941724 [00:16<04:53, 3067.43it/s]Loading:   4%|▍         | 40512/941724 [00:16<07:42, 1949.08it/s]Loading:   4%|▍         | 40843/941724 [00:16<06:47, 2211.38it/s]Loading:   4%|▍         | 41162/941724 [00:17<09:05, 1651.21it/s]Loading:   4%|▍         | 41464/941724 [00:17<07:56, 1889.06it/s]Loading:   4%|▍         | 41817/941724 [00:17<06:46, 2215.72it/s]Loading:   4%|▍         | 42182/941724 [00:17<05:55, 2532.86it/s]Loading:   5%|▍         | 42542/941724 [00:17<05:22, 2787.97it/s]Loading:   5%|▍         | 42907/941724 [00:17<04:58, 3008.14it/s]Loading:   5%|▍         | 43243/941724 [00:17<07:11, 2084.64it/s]Loading:   5%|▍         | 43565/941724 [00:18<06:27, 2316.49it/s]Loading:   5%|▍         | 43916/941724 [00:18<05:47, 2584.56it/s]Loading:   5%|▍         | 44278/941724 [00:18<05:16, 2835.35it/s]Loading:   5%|▍         | 44600/941724 [00:18<07:49, 1912.18it/s]Loading:   5%|▍         | 44902/941724 [00:18<07:01, 2126.20it/s]Loading:   5%|▍         | 45236/941724 [00:18<06:15, 2388.98it/s]Loading:   5%|▍         | 45602/941724 [00:18<05:33, 2687.88it/s]Loading:   5%|▍         | 45962/941724 [00:18<05:07, 2916.36it/s]Loading:   5%|▍         | 46327/941724 [00:19<04:47, 3109.42it/s]Loading:   5%|▍         | 46665/941724 [00:19<11:27, 1301.65it/s]Loading:   5%|▍         | 46981/941724 [00:19<09:34, 1557.89it/s]Loading:   5%|▌         | 47340/941724 [00:19<07:52, 1892.42it/s]Loading:   5%|▌         | 47702/941724 [00:19<06:42, 2221.48it/s]Loading:   5%|▌         | 48053/941724 [00:20<05:58, 2496.21it/s]Loading:   5%|▌         | 48411/941724 [00:20<05:24, 2749.52it/s]Loading:   5%|▌         | 48748/941724 [00:20<07:30, 1984.09it/s]Loading:   5%|▌         | 49081/941724 [00:20<06:37, 2247.46it/s]Loading:   5%|▌         | 49441/941724 [00:20<05:50, 2542.63it/s]Loading:   5%|▌         | 49805/941724 [00:20<05:18, 2803.04it/s]Loading:   5%|▌         | 50132/941724 [00:21<07:50, 1893.95it/s]Loading:   5%|▌         | 50453/941724 [00:21<06:55, 2144.18it/s]Loading:   5%|▌         | 50813/941724 [00:21<06:02, 2454.59it/s]Loading:   5%|▌         | 51172/941724 [00:21<05:27, 2718.79it/s]Loading:   5%|▌         | 51492/941724 [00:21<08:08, 1821.36it/s]Loading:   6%|▌         | 51822/941724 [00:21<07:04, 2097.10it/s]Loading:   6%|▌         | 52179/941724 [00:21<06:09, 2406.62it/s]Loading:   6%|▌         | 52486/941724 [00:22<07:59, 1856.05it/s]Loading:   6%|▌         | 52795/941724 [00:22<07:04, 2093.72it/s]Loading:   6%|▌         | 53155/941724 [00:22<06:07, 2419.27it/s]Loading:   6%|▌         | 53509/941724 [00:22<05:30, 2683.64it/s]Loading:   6%|▌         | 53872/941724 [00:22<05:04, 2920.51it/s]Loading:   6%|▌         | 54208/941724 [00:22<05:08, 2875.66it/s]Loading:   6%|▌         | 54520/941724 [00:22<07:24, 1997.57it/s]Loading:   6%|▌         | 54859/941724 [00:23<06:28, 2280.69it/s]Loading:   6%|▌         | 55220/941724 [00:23<05:43, 2578.99it/s]Loading:   6%|▌         | 55585/941724 [00:23<05:12, 2838.21it/s]Loading:   6%|▌         | 55907/941724 [00:23<07:22, 2001.34it/s]Loading:   6%|▌         | 56214/941724 [00:23<06:39, 2215.32it/s]Loading:   6%|▌         | 56574/941724 [00:23<05:50, 2523.23it/s]Loading:   6%|▌         | 56935/941724 [00:23<05:17, 2784.57it/s]Loading:   6%|▌         | 57253/941724 [00:24<07:13, 2038.54it/s]Loading:   6%|▌         | 57571/941724 [00:24<06:29, 2272.23it/s]Loading:   6%|▌         | 57927/941724 [00:24<05:44, 2562.74it/s]Loading:   6%|▌         | 58292/941724 [00:24<05:12, 2827.00it/s]Loading:   6%|▌         | 58649/941724 [00:24<04:52, 3018.70it/s]Loading:   6%|▋         | 58980/941724 [00:24<07:21, 1997.42it/s]Loading:   6%|▋         | 59299/941724 [00:24<06:34, 2234.87it/s]Loading:   6%|▋         | 59660/941724 [00:24<05:47, 2538.28it/s]Loading:   6%|▋         | 60023/941724 [00:25<05:14, 2799.68it/s]Loading:   6%|▋         | 60386/941724 [00:25<04:52, 3009.58it/s]Loading:   6%|▋         | 60720/941724 [00:25<07:03, 2078.90it/s]Loading:   6%|▋         | 61047/941724 [00:25<06:19, 2321.73it/s]Loading:   7%|▋         | 61404/941724 [00:25<05:38, 2601.99it/s]Loading:   7%|▋         | 61766/941724 [00:25<05:08, 2849.20it/s]Loading:   7%|▋         | 62090/941724 [00:26<07:16, 2015.44it/s]Loading:   7%|▋         | 62403/941724 [00:26<06:32, 2238.95it/s]Loading:   7%|▋         | 62764/941724 [00:26<05:45, 2544.20it/s]Loading:   7%|▋         | 63127/941724 [00:26<05:13, 2805.62it/s]Loading:   7%|▋         | 63447/941724 [00:26<07:19, 1997.12it/s]Loading:   7%|▋         | 63779/941724 [00:26<06:27, 2262.75it/s]Loading:   7%|▋         | 64133/941724 [00:26<05:44, 2547.01it/s]Loading:   7%|▋         | 64495/941724 [00:26<05:12, 2805.28it/s]Loading:   7%|▋         | 64816/941724 [00:27<07:30, 1946.74it/s]Loading:   7%|▋         | 65123/941724 [00:27<06:44, 2167.06it/s]Loading:   7%|▋         | 65482/941724 [00:27<05:53, 2479.42it/s]Loading:   7%|▋         | 65780/941724 [00:27<07:52, 1852.75it/s]Loading:   7%|▋         | 66080/941724 [00:27<07:01, 2076.87it/s]Loading:   7%|▋         | 66435/941724 [00:27<06:05, 2397.85it/s]Loading:   7%|▋         | 66798/941724 [00:27<05:25, 2690.61it/s]Loading:   7%|▋         | 67109/941724 [00:28<07:58, 1828.57it/s]Loading:   7%|▋         | 67422/941724 [00:28<07:00, 2077.29it/s]Loading:   7%|▋         | 67774/941724 [00:28<06:06, 2385.73it/s]Loading:   7%|▋         | 68128/941724 [00:28<05:29, 2655.18it/s]Loading:   7%|▋         | 68477/941724 [00:28<05:05, 2862.72it/s]Loading:   7%|▋         | 68799/941724 [00:29<08:13, 1767.27it/s]Loading:   7%|▋         | 69098/941724 [00:29<07:18, 1991.32it/s]Loading:   7%|▋         | 69457/941724 [00:29<06:15, 2322.59it/s]Loading:   7%|▋         | 69751/941724 [00:29<13:37, 1067.11it/s]Loading:   7%|▋         | 70053/941724 [00:30<11:05, 1308.97it/s]Loading:   7%|▋         | 70412/941724 [00:30<08:47, 1651.99it/s]Loading:   8%|▊         | 70770/941724 [00:30<07:17, 1992.78it/s]Loading:   8%|▊         | 71072/941724 [00:30<09:11, 1577.33it/s]Loading:   8%|▊         | 71400/941724 [00:30<07:45, 1868.12it/s]Loading:   8%|▊         | 71763/941724 [00:30<06:32, 2213.69it/s]Loading:   8%|▊         | 72060/941724 [00:30<08:15, 1754.34it/s]Loading:   8%|▊         | 72377/941724 [00:31<07:10, 2018.80it/s]Loading:   8%|▊         | 72739/941724 [00:31<06:08, 2356.05it/s]Loading:   8%|▊         | 73100/941724 [00:31<05:28, 2645.00it/s]Loading:   8%|▊         | 73414/941724 [00:31<07:53, 1833.36it/s]Loading:   8%|▊         | 73728/941724 [00:31<06:56, 2081.81it/s]Loading:   8%|▊         | 74089/941724 [00:31<06:00, 2408.29it/s]Loading:   8%|▊         | 74386/941724 [00:32<07:59, 1809.13it/s]Loading:   8%|▊         | 74717/941724 [00:32<06:53, 2096.78it/s]Loading:   8%|▊         | 75081/941724 [00:32<05:56, 2428.27it/s]Loading:   8%|▊         | 75445/941724 [00:32<05:19, 2712.21it/s]Loading:   8%|▊         | 75762/941724 [00:32<08:45, 1647.46it/s]Loading:   8%|▊         | 76062/941724 [00:32<07:40, 1881.11it/s]Loading:   8%|▊         | 76427/941724 [00:32<06:27, 2231.32it/s]Loading:   8%|▊         | 76790/941724 [00:33<05:40, 2538.90it/s]Loading:   8%|▊         | 77153/941724 [00:33<05:08, 2799.77it/s]Loading:   8%|▊         | 77482/941724 [00:33<07:15, 1984.40it/s]Loading:   8%|▊         | 77793/941724 [00:33<06:31, 2207.10it/s]Loading:   8%|▊         | 78155/941724 [00:33<05:42, 2517.83it/s]Loading:   8%|▊         | 78459/941724 [00:33<07:30, 1914.72it/s]Loading:   8%|▊         | 78782/941724 [00:33<06:36, 2174.89it/s]Loading:   8%|▊         | 79144/941724 [00:34<05:45, 2494.19it/s]Loading:   8%|▊         | 79491/941724 [00:34<07:55, 1814.65it/s]Loading:   8%|▊         | 79795/941724 [00:34<07:02, 2042.08it/s]Loading:   9%|▊         | 80132/941724 [00:34<06:11, 2319.78it/s]Loading:   9%|▊         | 80495/941724 [00:34<05:28, 2621.05it/s]Loading:   9%|▊         | 80844/941724 [00:34<05:13, 2746.86it/s]Loading:   9%|▊         | 81152/941724 [00:35<07:54, 1811.91it/s]Loading:   9%|▊         | 81460/941724 [00:35<06:59, 2051.57it/s]Loading:   9%|▊         | 81819/941724 [00:35<06:01, 2378.01it/s]Loading:   9%|▊         | 82174/941724 [00:35<08:35, 1667.37it/s]Loading:   9%|▉         | 82476/941724 [00:35<07:31, 1901.21it/s]Loading:   9%|▉         | 82824/941724 [00:35<06:28, 2213.03it/s]Loading:   9%|▉         | 83184/941724 [00:35<05:40, 2518.64it/s]Loading:   9%|▉         | 83490/941724 [00:36<08:30, 1680.62it/s]Loading:   9%|▉         | 83791/941724 [00:36<07:27, 1917.04it/s]Loading:   9%|▉         | 84151/941724 [00:36<06:19, 2258.51it/s]Loading:   9%|▉         | 84512/941724 [00:36<05:34, 2560.91it/s]Loading:   9%|▉         | 84877/941724 [00:36<05:03, 2824.05it/s]Loading:   9%|▉         | 85237/941724 [00:36<04:43, 3023.30it/s]Loading:   9%|▉         | 85574/941724 [00:37<06:45, 2108.75it/s]Loading:   9%|▉         | 85896/941724 [00:37<06:06, 2337.90it/s]Loading:   9%|▉         | 86259/941724 [00:37<05:25, 2631.29it/s]Loading:   9%|▉         | 86569/941724 [00:37<08:20, 1709.76it/s]Loading:   9%|▉         | 86886/941724 [00:37<07:13, 1970.93it/s]Loading:   9%|▉         | 87246/941724 [00:37<06:11, 2301.76it/s]Loading:   9%|▉         | 87540/941724 [00:38<07:55, 1796.63it/s]Loading:   9%|▉         | 87844/941724 [00:38<06:59, 2034.15it/s]Loading:   9%|▉         | 88201/941724 [00:38<06:01, 2363.41it/s]Loading:   9%|▉         | 88563/941724 [00:38<05:21, 2657.58it/s]Loading:   9%|▉         | 88874/941724 [00:38<07:41, 1848.61it/s]Loading:   9%|▉         | 89174/941724 [00:38<06:51, 2069.54it/s]Loading:  10%|▉         | 89513/941724 [00:38<06:02, 2353.54it/s]Loading:  10%|▉         | 89872/941724 [00:39<05:22, 2644.28it/s]Loading:  10%|▉         | 90180/941724 [00:39<07:29, 1895.86it/s]Loading:  10%|▉         | 90484/941724 [00:39<06:41, 2122.28it/s]Loading:  10%|▉         | 90837/941724 [00:39<05:49, 2431.89it/s]Loading:  10%|▉         | 91195/941724 [00:39<05:14, 2706.75it/s]Loading:  10%|▉         | 91507/941724 [00:39<07:27, 1901.84it/s]Loading:  10%|▉         | 91818/941724 [00:39<06:37, 2140.23it/s]Loading:  10%|▉         | 92163/941724 [00:40<05:50, 2427.19it/s]Loading:  10%|▉         | 92515/941724 [00:40<05:15, 2687.71it/s]Loading:  10%|▉         | 92825/941724 [00:40<07:11, 1968.64it/s]Loading:  10%|▉         | 93128/941724 [00:40<06:28, 2184.58it/s]Loading:  10%|▉         | 93461/941724 [00:40<05:47, 2442.49it/s]Loading:  10%|▉         | 93825/941724 [00:40<05:10, 2733.82it/s]Loading:  10%|█         | 94177/941724 [00:40<04:48, 2936.66it/s]Loading:  10%|█         | 94500/941724 [00:41<06:46, 2083.81it/s]Loading:  10%|█         | 94826/941724 [00:41<06:03, 2330.72it/s]Loading:  10%|█         | 95187/941724 [00:41<05:22, 2625.45it/s]Loading:  10%|█         | 95539/941724 [00:41<04:57, 2845.70it/s]Loading:  10%|█         | 95904/941724 [00:41<04:36, 3055.00it/s]Loading:  10%|█         | 96237/941724 [00:41<07:41, 1833.02it/s]Loading:  10%|█         | 96559/941724 [00:41<06:44, 2089.65it/s]Loading:  10%|█         | 96922/941724 [00:42<05:50, 2411.26it/s]Loading:  10%|█         | 97282/941724 [00:42<05:14, 2684.48it/s]Loading:  10%|█         | 97603/941724 [00:42<06:00, 2343.78it/s]Loading:  10%|█         | 97881/941724 [00:42<07:15, 1939.61it/s]Loading:  10%|█         | 98187/941724 [00:43<12:29, 1125.46it/s]Loading:  10%|█         | 98367/941724 [00:43<12:47, 1098.25it/s]Loading:  10%|█         | 98687/941724 [00:43<10:00, 1404.23it/s]Loading:  11%|█         | 99046/941724 [00:43<07:53, 1780.32it/s]Loading:  11%|█         | 99298/941724 [00:43<09:41, 1447.66it/s]Loading:  11%|█         | 99611/941724 [00:43<08:03, 1741.15it/s]Loading:  11%|█         | 99972/941724 [00:43<06:38, 2113.50it/s]Loading:  11%|█         | 100270/941724 [00:44<07:24, 1891.16it/s]Loading:  11%|█         | 100583/941724 [00:44<06:31, 2145.78it/s]Loading:  11%|█         | 100947/941724 [00:44<05:38, 2484.94it/s]Loading:  11%|█         | 101296/941724 [00:44<07:22, 1898.80it/s]Loading:  11%|█         | 101598/941724 [00:44<06:36, 2117.75it/s]Loading:  11%|█         | 101951/941724 [00:44<05:46, 2426.42it/s]Loading:  11%|█         | 102311/941724 [00:44<05:10, 2705.28it/s]Loading:  11%|█         | 102621/941724 [00:45<06:58, 2004.28it/s]Loading:  11%|█         | 102936/941724 [00:45<06:14, 2239.43it/s]Loading:  11%|█         | 103296/941724 [00:45<05:29, 2547.33it/s]Loading:  11%|█         | 103659/941724 [00:45<04:58, 2811.44it/s]Loading:  11%|█         | 103977/941724 [00:45<07:18, 1909.67it/s]Loading:  11%|█         | 104294/941724 [00:45<06:28, 2154.99it/s]Loading:  11%|█         | 104655/941724 [00:46<05:38, 2472.08it/s]Loading:  11%|█         | 105023/941724 [00:46<05:03, 2757.42it/s]Loading:  11%|█         | 105343/941724 [00:46<07:09, 1949.57it/s]Loading:  11%|█         | 105668/941724 [00:46<06:19, 2205.69it/s]Loading:  11%|█▏        | 106029/941724 [00:46<05:32, 2513.27it/s]Loading:  11%|█▏        | 106332/941724 [00:46<07:11, 1934.57it/s]Loading:  11%|█▏        | 106637/941724 [00:46<06:27, 2157.76it/s]Loading:  11%|█▏        | 106997/941724 [00:47<05:36, 2477.73it/s]Loading:  11%|█▏        | 107359/941724 [00:47<05:03, 2751.87it/s]Loading:  11%|█▏        | 107723/941724 [00:47<04:40, 2978.56it/s]Loading:  11%|█▏        | 108052/941724 [00:47<08:23, 1654.83it/s]Loading:  12%|█▏        | 108358/941724 [00:47<07:19, 1895.30it/s]Loading:  12%|█▏        | 108712/941724 [00:47<06:15, 2217.69it/s]Loading:  12%|█▏        | 109068/941724 [00:47<05:31, 2511.18it/s]Loading:  12%|█▏        | 109430/941724 [00:48<04:59, 2774.76it/s]Loading:  12%|█▏        | 109791/941724 [00:48<04:38, 2985.44it/s]Loading:  12%|█▏        | 110154/941724 [00:48<04:23, 3155.03it/s]Loading:  12%|█▏        | 110515/941724 [00:48<04:13, 3279.97it/s]Loading:  12%|█▏        | 110865/941724 [00:48<09:52, 1401.46it/s]Loading:  12%|█▏        | 111128/941724 [00:49<08:50, 1566.47it/s]Loading:  12%|█▏        | 111443/941724 [00:49<07:32, 1835.50it/s]Loading:  12%|█▏        | 111764/941724 [00:49<06:34, 2103.55it/s]Loading:  12%|█▏        | 112084/941724 [00:49<05:54, 2342.79it/s]Loading:  12%|█▏        | 112398/941724 [00:49<05:27, 2530.86it/s]Loading:  12%|█▏        | 112719/941724 [00:49<05:06, 2702.19it/s]Loading:  12%|█▏        | 113034/941724 [00:49<04:53, 2819.79it/s]Loading:  12%|█▏        | 113353/941724 [00:49<04:43, 2919.27it/s]Loading:  12%|█▏        | 113670/941724 [00:49<04:37, 2988.36it/s]Loading:  12%|█▏        | 113988/941724 [00:49<04:32, 3042.03it/s]Loading:  12%|█▏        | 114303/941724 [00:50<04:38, 2967.58it/s]Loading:  12%|█▏        | 114622/941724 [00:50<04:32, 3030.78it/s]Loading:  12%|█▏        | 114937/941724 [00:50<04:29, 3064.07it/s]Loading:  12%|█▏        | 115256/941724 [00:50<04:26, 3099.91it/s]Loading:  12%|█▏        | 115576/941724 [00:50<04:24, 3128.58it/s]Loading:  12%|█▏        | 115892/941724 [00:50<04:23, 3136.67it/s]Loading:  12%|█▏        | 116213/941724 [00:50<04:21, 3156.93it/s]Loading:  12%|█▏        | 116530/941724 [00:50<04:21, 3158.55it/s]Loading:  12%|█▏        | 116852/941724 [00:50<04:19, 3174.22it/s]Loading:  12%|█▏        | 117170/941724 [00:50<04:19, 3175.10it/s]Loading:  12%|█▏        | 117488/941724 [00:51<04:19, 3173.74it/s]Loading:  13%|█▎        | 117806/941724 [00:51<04:19, 3170.27it/s]Loading:  13%|█▎        | 118126/941724 [00:51<04:19, 3176.86it/s]Loading:  13%|█▎        | 118444/941724 [00:51<04:19, 3169.55it/s]Loading:  13%|█▎        | 118765/941724 [00:51<04:18, 3180.91it/s]Loading:  13%|█▎        | 119085/941724 [00:51<04:18, 3184.16it/s]Loading:  13%|█▎        | 119405/941724 [00:51<04:18, 3187.07it/s]Loading:  13%|█▎        | 119740/941724 [00:51<04:14, 3235.36it/s]Loading:  13%|█▎        | 120093/941724 [00:51<04:07, 3323.15it/s]Loading:  13%|█▎        | 120447/941724 [00:51<04:02, 3385.69it/s]Loading:  13%|█▎        | 120798/941724 [00:52<03:59, 3422.74it/s]Loading:  13%|█▎        | 121151/941724 [00:52<03:57, 3454.04it/s]Loading:  13%|█▎        | 121507/941724 [00:52<03:55, 3484.45it/s]Loading:  13%|█▎        | 121857/941724 [00:52<03:55, 3486.13it/s]Loading:  13%|█▎        | 122210/941724 [00:52<03:54, 3498.36it/s]Loading:  13%|█▎        | 122561/941724 [00:52<03:54, 3499.27it/s]Loading:  13%|█▎        | 122915/941724 [00:52<03:53, 3509.59it/s]Loading:  13%|█▎        | 123269/941724 [00:52<03:52, 3516.19it/s]Loading:  13%|█▎        | 123624/941724 [00:52<03:52, 3525.60it/s]Loading:  13%|█▎        | 123978/941724 [00:52<03:51, 3527.52it/s]Loading:  13%|█▎        | 124331/941724 [00:53<03:52, 3522.87it/s]Loading:  13%|█▎        | 124684/941724 [00:53<03:52, 3516.04it/s]Loading:  13%|█▎        | 125041/941724 [00:53<03:51, 3531.29it/s]Loading:  13%|█▎        | 125395/941724 [00:53<03:51, 3521.96it/s]Loading:  13%|█▎        | 125749/941724 [00:53<03:51, 3525.25it/s]Loading:  13%|█▎        | 126102/941724 [00:53<03:51, 3519.50it/s]Loading:  13%|█▎        | 126457/941724 [00:53<03:51, 3526.96it/s]Loading:  13%|█▎        | 126810/941724 [00:53<03:51, 3525.70it/s]Loading:  14%|█▎        | 127165/941724 [00:53<03:50, 3532.30it/s]Loading:  14%|█▎        | 127519/941724 [00:53<03:50, 3527.06it/s]Loading:  14%|█▎        | 127874/941724 [00:54<03:50, 3531.23it/s]Loading:  14%|█▎        | 128228/941724 [00:54<03:51, 3518.15it/s]Loading:  14%|█▎        | 128582/941724 [00:54<03:50, 3522.64it/s]Loading:  14%|█▎        | 128935/941724 [00:54<03:50, 3522.92it/s]Loading:  14%|█▎        | 129289/941724 [00:54<03:50, 3526.66it/s]Loading:  14%|█▍        | 129642/941724 [00:54<03:50, 3521.16it/s]Loading:  14%|█▍        | 129995/941724 [00:54<03:51, 3499.53it/s]Loading:  14%|█▍        | 130350/941724 [00:54<03:50, 3512.62it/s]Loading:  14%|█▍        | 130707/941724 [00:54<03:49, 3526.92it/s]Loading:  14%|█▍        | 131061/941724 [00:54<03:49, 3528.86it/s]Loading:  14%|█▍        | 131414/941724 [00:55<03:49, 3525.59it/s]Loading:  14%|█▍        | 131767/941724 [00:55<03:50, 3520.40it/s]Loading:  14%|█▍        | 132123/941724 [00:55<03:49, 3531.46it/s]Loading:  14%|█▍        | 132477/941724 [00:55<03:49, 3531.07it/s]Loading:  14%|█▍        | 132831/941724 [00:55<03:49, 3531.19it/s]Loading:  14%|█▍        | 133185/941724 [00:55<03:49, 3523.89it/s]Loading:  14%|█▍        | 133538/941724 [00:55<03:49, 3524.70it/s]Loading:  14%|█▍        | 133891/941724 [00:56<09:20, 1441.31it/s]Loading:  14%|█▍        | 134245/941724 [00:56<07:40, 1752.96it/s]Loading:  14%|█▍        | 134597/941724 [00:56<06:31, 2062.20it/s]Loading:  14%|█▍        | 134950/941724 [00:56<05:42, 2354.78it/s]Loading:  14%|█▍        | 135302/941724 [00:56<05:08, 2613.18it/s]Loading:  14%|█▍        | 135653/941724 [00:56<04:45, 2828.16it/s]Loading:  14%|█▍        | 136008/941724 [00:56<04:27, 3011.44it/s]Loading:  14%|█▍        | 136361/941724 [00:56<04:15, 3148.67it/s]Loading:  15%|█▍        | 136710/941724 [00:57<04:08, 3242.54it/s]Loading:  15%|█▍        | 137066/941724 [00:57<04:01, 3330.19it/s]Loading:  15%|█▍        | 137415/941724 [00:57<03:58, 3375.43it/s]Loading:  15%|█▍        | 137772/941724 [00:57<03:54, 3429.49it/s]Loading:  15%|█▍        | 138127/941724 [00:57<03:52, 3463.53it/s]Loading:  15%|█▍        | 138480/941724 [00:57<03:50, 3479.15it/s]Loading:  15%|█▍        | 138834/941724 [00:57<03:49, 3494.62it/s]Loading:  15%|█▍        | 139187/941724 [00:57<03:49, 3501.55it/s]Loading:  15%|█▍        | 139542/941724 [00:57<03:48, 3514.13it/s]Loading:  15%|█▍        | 139895/941724 [00:57<03:47, 3517.03it/s]Loading:  15%|█▍        | 140248/941724 [00:58<03:47, 3519.17it/s]Loading:  15%|█▍        | 140602/941724 [00:58<03:47, 3523.77it/s]Loading:  15%|█▍        | 140955/941724 [00:58<03:48, 3510.20it/s]Loading:  15%|█▌        | 141311/941724 [00:58<03:47, 3522.18it/s]Loading:  15%|█▌        | 141664/941724 [00:58<03:47, 3523.63it/s]Loading:  15%|█▌        | 142018/941724 [00:58<03:46, 3525.81it/s]Loading:  15%|█▌        | 142371/941724 [00:58<03:47, 3517.28it/s]Loading:  15%|█▌        | 142723/941724 [00:58<03:47, 3506.96it/s]Loading:  15%|█▌        | 143074/941724 [00:58<03:48, 3501.75it/s]Loading:  15%|█▌        | 143430/941724 [00:58<03:47, 3516.53it/s]Loading:  15%|█▌        | 143782/941724 [00:59<03:53, 3417.89it/s]Loading:  15%|█▌        | 144125/941724 [00:59<03:53, 3421.28it/s]Loading:  15%|█▌        | 144473/941724 [00:59<03:51, 3438.38it/s]Loading:  15%|█▌        | 144828/941724 [00:59<03:49, 3470.05it/s]Loading:  15%|█▌        | 145179/941724 [00:59<03:48, 3479.88it/s]Loading:  15%|█▌        | 145533/941724 [00:59<03:47, 3496.78it/s]Loading:  15%|█▌        | 145884/941724 [00:59<03:47, 3499.55it/s]Loading:  16%|█▌        | 146236/941724 [00:59<03:47, 3503.75it/s]Loading:  16%|█▌        | 146589/941724 [00:59<03:46, 3509.10it/s]Loading:  16%|█▌        | 146945/941724 [01:00<03:45, 3522.51it/s]Loading:  16%|█▌        | 147298/941724 [01:00<03:46, 3514.47it/s]Loading:  16%|█▌        | 147650/941724 [01:00<03:46, 3508.80it/s]Loading:  16%|█▌        | 148001/941724 [01:00<03:46, 3507.54it/s]Loading:  16%|█▌        | 148355/941724 [01:00<03:45, 3515.55it/s]Loading:  16%|█▌        | 148711/941724 [01:00<03:44, 3526.11it/s]Loading:  16%|█▌        | 149064/941724 [01:00<03:45, 3522.85it/s]Loading:  16%|█▌        | 149419/941724 [01:00<03:44, 3530.88it/s]Loading:  16%|█▌        | 149773/941724 [01:00<03:45, 3517.44it/s]Loading:  16%|█▌        | 150127/941724 [01:00<03:44, 3523.37it/s]Loading:  16%|█▌        | 150480/941724 [01:01<03:44, 3518.08it/s]Loading:  16%|█▌        | 150834/941724 [01:01<03:44, 3522.38it/s]Loading:  16%|█▌        | 151187/941724 [01:01<03:44, 3519.74it/s]Loading:  16%|█▌        | 151539/941724 [01:01<03:44, 3519.51it/s]Loading:  16%|█▌        | 151891/941724 [01:01<03:44, 3518.44it/s]Loading:  16%|█▌        | 152243/941724 [01:01<03:44, 3518.65it/s]Loading:  16%|█▌        | 152595/941724 [01:01<03:44, 3518.10it/s]Loading:  16%|█▌        | 152947/941724 [01:01<03:44, 3515.41it/s]Loading:  16%|█▋        | 153299/941724 [01:01<03:44, 3513.41it/s]Loading:  16%|█▋        | 153651/941724 [01:01<03:44, 3510.38it/s]Loading:  16%|█▋        | 154003/941724 [01:02<03:44, 3511.02it/s]Loading:  16%|█▋        | 154361/941724 [01:02<03:43, 3528.94it/s]Loading:  16%|█▋        | 154714/941724 [01:02<03:43, 3520.95it/s]Loading:  16%|█▋        | 155070/941724 [01:02<03:42, 3531.76it/s]Loading:  17%|█▋        | 155424/941724 [01:02<03:43, 3519.70it/s]Loading:  17%|█▋        | 155782/941724 [01:02<03:42, 3537.17it/s]Loading:  17%|█▋        | 156137/941724 [01:02<03:41, 3540.07it/s]Loading:  17%|█▋        | 156492/941724 [01:02<03:42, 3535.74it/s]Loading:  17%|█▋        | 156846/941724 [01:02<03:42, 3534.72it/s]Loading:  17%|█▋        | 157200/941724 [01:02<03:42, 3525.91it/s]Loading:  17%|█▋        | 157554/941724 [01:03<03:42, 3527.26it/s]Loading:  17%|█▋        | 157908/941724 [01:03<03:42, 3530.57it/s]Loading:  17%|█▋        | 158262/941724 [01:03<03:42, 3528.78it/s]Loading:  17%|█▋        | 158617/941724 [01:03<03:41, 3533.02it/s]Loading:  17%|█▋        | 158971/941724 [01:03<03:42, 3524.25it/s]Loading:  17%|█▋        | 159329/941724 [01:03<03:41, 3538.37it/s]Loading:  17%|█▋        | 159684/941724 [01:03<03:40, 3541.39it/s]Loading:  17%|█▋        | 160039/941724 [01:03<03:41, 3536.26it/s]Loading:  17%|█▋        | 160393/941724 [01:03<03:41, 3525.39it/s]Loading:  17%|█▋        | 160746/941724 [01:03<03:41, 3524.26it/s]Loading:  17%|█▋        | 161099/941724 [01:04<03:41, 3521.26it/s]Loading:  17%|█▋        | 161454/941724 [01:04<03:41, 3526.80it/s]Loading:  17%|█▋        | 161807/941724 [01:04<03:41, 3514.67it/s]Loading:  17%|█▋        | 162159/941724 [01:04<03:42, 3500.61it/s]Loading:  17%|█▋        | 162510/941724 [01:04<03:42, 3496.86it/s]Loading:  17%|█▋        | 162865/941724 [01:04<03:41, 3511.16it/s]Loading:  17%|█▋        | 163217/941724 [01:04<03:41, 3512.26it/s]Loading:  17%|█▋        | 163573/941724 [01:04<03:40, 3525.74it/s]Loading:  17%|█▋        | 163927/941724 [01:04<03:40, 3527.80it/s]Loading:  17%|█▋        | 164280/941724 [01:04<03:40, 3526.73it/s]Loading:  17%|█▋        | 164633/941724 [01:05<03:40, 3521.00it/s]Loading:  18%|█▊        | 164988/941724 [01:05<03:40, 3527.11it/s]Loading:  18%|█▊        | 165341/941724 [01:05<03:42, 3492.37it/s]Loading:  18%|█▊        | 165695/941724 [01:05<03:41, 3506.16it/s]Loading:  18%|█▊        | 166046/941724 [01:05<03:41, 3501.86it/s]Loading:  18%|█▊        | 166400/941724 [01:05<03:40, 3512.54it/s]Loading:  18%|█▊        | 166753/941724 [01:05<03:40, 3514.87it/s]Loading:  18%|█▊        | 167109/941724 [01:05<03:39, 3527.36it/s]Loading:  18%|█▊        | 167462/941724 [01:05<03:39, 3526.65it/s]Loading:  18%|█▊        | 167815/941724 [01:05<03:39, 3520.84it/s]Loading:  18%|█▊        | 168168/941724 [01:06<03:39, 3517.34it/s]Loading:  18%|█▊        | 168522/941724 [01:06<03:39, 3514.93it/s]Loading:  18%|█▊        | 168876/941724 [01:06<03:39, 3520.90it/s]Loading:  18%|█▊        | 169229/941724 [01:06<03:39, 3519.05it/s]Loading:  18%|█▊        | 169581/941724 [01:06<03:39, 3511.00it/s]Loading:  18%|█▊        | 169933/941724 [01:06<03:39, 3511.31it/s]Loading:  18%|█▊        | 170289/941724 [01:06<03:38, 3523.09it/s]Loading:  18%|█▊        | 170642/941724 [01:06<03:39, 3512.93it/s]Loading:  18%|█▊        | 170995/941724 [01:06<03:39, 3516.30it/s]Loading:  18%|█▊        | 171347/941724 [01:06<03:39, 3512.84it/s]Loading:  18%|█▊        | 171700/941724 [01:07<03:39, 3515.84it/s]Loading:  18%|█▊        | 172054/941724 [01:07<03:38, 3521.21it/s]Loading:  18%|█▊        | 172409/941724 [01:07<03:38, 3527.89it/s]Loading:  18%|█▊        | 172762/941724 [01:07<03:38, 3521.02it/s]Loading:  18%|█▊        | 173115/941724 [01:07<03:38, 3512.13it/s]Loading:  18%|█▊        | 173467/941724 [01:07<03:39, 3506.15it/s]Loading:  18%|█▊        | 173822/941724 [01:07<03:38, 3516.40it/s]Loading:  18%|█▊        | 174176/941724 [01:07<03:37, 3523.26it/s]Loading:  19%|█▊        | 174530/941724 [01:07<03:37, 3527.79it/s]Loading:  19%|█▊        | 174884/941724 [01:07<03:37, 3530.76it/s]Loading:  19%|█▊        | 175238/941724 [01:08<03:37, 3528.27it/s]Loading:  19%|█▊        | 175593/941724 [01:08<03:36, 3532.21it/s]Loading:  19%|█▊        | 175947/941724 [01:08<03:36, 3534.03it/s]Loading:  19%|█▊        | 176301/941724 [01:08<03:37, 3526.58it/s]Loading:  19%|█▉        | 176654/941724 [01:08<03:37, 3522.57it/s]Loading:  19%|█▉        | 177007/941724 [01:08<03:37, 3512.89it/s]Loading:  19%|█▉        | 177362/941724 [01:08<03:37, 3521.38it/s]Loading:  19%|█▉        | 177717/941724 [01:08<03:36, 3529.44it/s]Loading:  19%|█▉        | 178071/941724 [01:08<03:36, 3531.81it/s]Loading:  19%|█▉        | 178425/941724 [01:09<09:58, 1275.51it/s]Loading:  19%|█▉        | 178774/941724 [01:09<08:05, 1571.48it/s]Loading:  19%|█▉        | 179129/941724 [01:09<06:43, 1888.23it/s]Loading:  19%|█▉        | 179481/941724 [01:09<05:47, 2191.95it/s]Loading:  19%|█▉        | 179830/941724 [01:09<05:09, 2464.02it/s]Loading:  19%|█▉        | 180181/941724 [01:10<04:41, 2704.39it/s]Loading:  19%|█▉        | 180529/941724 [01:10<04:22, 2895.82it/s]Loading:  19%|█▉        | 180885/941724 [01:10<04:08, 3067.70it/s]Loading:  19%|█▉        | 181237/941724 [01:10<03:58, 3190.50it/s]Loading:  19%|█▉        | 181591/941724 [01:10<03:51, 3288.05it/s]Loading:  19%|█▉        | 181945/941724 [01:10<03:46, 3357.37it/s]Loading:  19%|█▉        | 182297/941724 [01:10<03:43, 3402.72it/s]Loading:  19%|█▉        | 182652/941724 [01:10<03:40, 3445.27it/s]Loading:  19%|█▉        | 183008/941724 [01:10<03:38, 3476.64it/s]Loading:  19%|█▉        | 183361/941724 [01:10<03:37, 3490.71it/s]Loading:  20%|█▉        | 183715/941724 [01:11<03:36, 3502.36it/s]Loading:  20%|█▉        | 184068/941724 [01:11<03:36, 3499.21it/s]Loading:  20%|█▉        | 184424/941724 [01:11<03:35, 3515.01it/s]Loading:  20%|█▉        | 184777/941724 [01:11<03:35, 3508.75it/s]Loading:  20%|█▉        | 185129/941724 [01:11<03:35, 3504.85it/s]Loading:  20%|█▉        | 185481/941724 [01:11<03:35, 3503.82it/s]Loading:  20%|█▉        | 185832/941724 [01:11<03:35, 3503.37it/s]Loading:  20%|█▉        | 186185/941724 [01:11<03:35, 3508.54it/s]Loading:  20%|█▉        | 186541/941724 [01:11<03:34, 3523.65it/s]Loading:  20%|█▉        | 186894/941724 [01:11<03:34, 3514.31it/s]Loading:  20%|█▉        | 187246/941724 [01:12<03:34, 3511.89it/s]Loading:  20%|█▉        | 187598/941724 [01:12<03:35, 3504.47it/s]Loading:  20%|█▉        | 187952/941724 [01:12<03:34, 3513.60it/s]Loading:  20%|█▉        | 188306/941724 [01:12<03:34, 3519.32it/s]Loading:  20%|██        | 188659/941724 [01:12<03:33, 3521.04it/s]Loading:  20%|██        | 189013/941724 [01:12<03:33, 3524.96it/s]Loading:  20%|██        | 189366/941724 [01:12<03:33, 3517.88it/s]Loading:  20%|██        | 189718/941724 [01:12<03:34, 3511.30it/s]Loading:  20%|██        | 190070/941724 [01:12<03:34, 3503.99it/s]Loading:  20%|██        | 190421/941724 [01:12<03:34, 3504.67it/s]Loading:  20%|██        | 190775/941724 [01:13<03:33, 3512.65it/s]Loading:  20%|██        | 191127/941724 [01:13<03:34, 3496.85it/s]Loading:  20%|██        | 191478/941724 [01:13<03:34, 3498.86it/s]Loading:  20%|██        | 191828/941724 [01:13<03:35, 3478.64it/s]Loading:  20%|██        | 192176/941724 [01:13<03:41, 3382.31it/s]Loading:  20%|██        | 192515/941724 [01:13<03:46, 3311.79it/s]Loading:  20%|██        | 192847/941724 [01:13<03:48, 3274.09it/s]Loading:  21%|██        | 193175/941724 [01:13<03:50, 3250.68it/s]Loading:  21%|██        | 193501/941724 [01:13<03:51, 3235.60it/s]Loading:  21%|██        | 193825/941724 [01:13<03:52, 3211.27it/s]Loading:  21%|██        | 194147/941724 [01:14<03:52, 3209.37it/s]Loading:  21%|██        | 194468/941724 [01:14<03:54, 3192.86it/s]Loading:  21%|██        | 194788/941724 [01:14<03:54, 3186.61it/s]Loading:  21%|██        | 195107/941724 [01:14<03:55, 3176.58it/s]Loading:  21%|██        | 195425/941724 [01:14<03:55, 3168.58it/s]Loading:  21%|██        | 195743/941724 [01:14<03:55, 3169.31it/s]Loading:  21%|██        | 196061/941724 [01:14<03:55, 3171.80it/s]Loading:  21%|██        | 196389/941724 [01:14<03:52, 3202.04it/s]Loading:  21%|██        | 196742/941724 [01:14<03:45, 3297.93it/s]Loading:  21%|██        | 197095/941724 [01:14<03:41, 3365.90it/s]Loading:  21%|██        | 197446/941724 [01:15<03:38, 3408.34it/s]Loading:  21%|██        | 197798/941724 [01:15<03:36, 3441.52it/s]Loading:  21%|██        | 198148/941724 [01:15<03:34, 3458.92it/s]Loading:  21%|██        | 198500/941724 [01:15<03:33, 3476.09it/s]Loading:  21%|██        | 198854/941724 [01:15<03:32, 3492.76it/s]Loading:  21%|██        | 199207/941724 [01:15<03:32, 3500.99it/s]Loading:  21%|██        | 199560/941724 [01:15<03:31, 3508.34it/s]Loading:  21%|██        | 199911/941724 [01:15<03:31, 3503.47it/s]Loading:  21%|██▏       | 200267/941724 [01:15<03:30, 3517.88it/s]Loading:  21%|██▏       | 200619/941724 [01:15<03:31, 3508.28it/s]Loading:  21%|██▏       | 200972/941724 [01:16<03:30, 3512.61it/s]Loading:  21%|██▏       | 201324/941724 [01:16<03:31, 3498.94it/s]Loading:  21%|██▏       | 201674/941724 [01:16<03:31, 3498.86it/s]Loading:  21%|██▏       | 202024/941724 [01:16<03:31, 3491.01it/s]Loading:  21%|██▏       | 202378/941724 [01:16<03:31, 3503.56it/s]Loading:  22%|██▏       | 202730/941724 [01:16<03:30, 3508.35it/s]Loading:  22%|██▏       | 203084/941724 [01:16<03:30, 3515.78it/s]Loading:  22%|██▏       | 203436/941724 [01:16<03:30, 3506.44it/s]Loading:  22%|██▏       | 203790/941724 [01:16<03:29, 3514.86it/s]Loading:  22%|██▏       | 204144/941724 [01:16<03:29, 3519.78it/s]Loading:  22%|██▏       | 204499/941724 [01:17<03:28, 3527.55it/s]Loading:  22%|██▏       | 204852/941724 [01:17<03:29, 3514.12it/s]Loading:  22%|██▏       | 205205/941724 [01:17<03:29, 3516.04it/s]Loading:  22%|██▏       | 205557/941724 [01:17<03:29, 3514.21it/s]Loading:  22%|██▏       | 205909/941724 [01:17<03:29, 3513.38it/s]Loading:  22%|██▏       | 206261/941724 [01:17<03:29, 3513.19it/s]Loading:  22%|██▏       | 206613/941724 [01:17<03:29, 3509.30it/s]Loading:  22%|██▏       | 206964/941724 [01:17<03:29, 3505.57it/s]Loading:  22%|██▏       | 207315/941724 [01:17<03:29, 3506.81it/s]Loading:  22%|██▏       | 207671/941724 [01:17<03:28, 3519.92it/s]Loading:  22%|██▏       | 208028/941724 [01:18<03:27, 3533.10it/s]Loading:  22%|██▏       | 208382/941724 [01:18<03:28, 3525.30it/s]Loading:  22%|██▏       | 208738/941724 [01:18<03:27, 3532.39it/s]Loading:  22%|██▏       | 209092/941724 [01:18<03:27, 3524.84it/s]Loading:  22%|██▏       | 209448/941724 [01:18<03:27, 3534.17it/s]Loading:  22%|██▏       | 209803/941724 [01:18<03:26, 3538.52it/s]Loading:  22%|██▏       | 210157/941724 [01:18<03:27, 3533.97it/s]Loading:  22%|██▏       | 210511/941724 [01:18<03:27, 3532.15it/s]Loading:  22%|██▏       | 210865/941724 [01:18<03:27, 3525.30it/s]Loading:  22%|██▏       | 211220/941724 [01:19<03:26, 3530.11it/s]Loading:  22%|██▏       | 211575/941724 [01:19<03:26, 3533.44it/s]Loading:  23%|██▎       | 211929/941724 [01:19<03:26, 3527.98it/s]Loading:  23%|██▎       | 212282/941724 [01:19<03:26, 3527.35it/s]Loading:  23%|██▎       | 212635/941724 [01:19<03:27, 3518.62it/s]Loading:  23%|██▎       | 212991/941724 [01:19<03:26, 3528.39it/s]Loading:  23%|██▎       | 213344/941724 [01:19<03:26, 3525.83it/s]Loading:  23%|██▎       | 213697/941724 [01:19<03:27, 3516.24it/s]Loading:  23%|██▎       | 214049/941724 [01:19<03:27, 3513.05it/s]Loading:  23%|██▎       | 214401/941724 [01:19<03:27, 3507.40it/s]Loading:  23%|██▎       | 214753/941724 [01:20<03:27, 3508.36it/s]Loading:  23%|██▎       | 215104/941724 [01:20<03:27, 3505.26it/s]Loading:  23%|██▎       | 215456/941724 [01:20<03:27, 3507.91it/s]Loading:  23%|██▎       | 215807/941724 [01:20<03:26, 3507.77it/s]Loading:  23%|██▎       | 216158/941724 [01:20<03:27, 3496.15it/s]Loading:  23%|██▎       | 216513/941724 [01:20<03:26, 3512.17it/s]Loading:  23%|██▎       | 216868/941724 [01:20<03:25, 3522.09it/s]Loading:  23%|██▎       | 217221/941724 [01:20<03:25, 3521.84it/s]Loading:  23%|██▎       | 217574/941724 [01:20<03:25, 3520.29it/s]Loading:  23%|██▎       | 217927/941724 [01:20<03:25, 3516.15it/s]Loading:  23%|██▎       | 218279/941724 [01:21<03:26, 3510.97it/s]Loading:  23%|██▎       | 218634/941724 [01:21<03:25, 3519.74it/s]Loading:  23%|██▎       | 218987/941724 [01:21<03:25, 3521.40it/s]Loading:  23%|██▎       | 219343/941724 [01:21<03:24, 3532.40it/s]Loading:  23%|██▎       | 219697/941724 [01:21<03:24, 3522.31it/s]Loading:  23%|██▎       | 220054/941724 [01:21<03:24, 3534.11it/s]Loading:  23%|██▎       | 220408/941724 [01:21<03:24, 3525.83it/s]Loading:  23%|██▎       | 220764/941724 [01:21<03:24, 3532.96it/s]Loading:  23%|██▎       | 221118/941724 [01:21<03:24, 3531.37it/s]Loading:  24%|██▎       | 221472/941724 [01:21<03:24, 3518.69it/s]Loading:  24%|██▎       | 221826/941724 [01:22<03:24, 3524.52it/s]Loading:  24%|██▎       | 222179/941724 [01:22<03:24, 3518.22it/s]Loading:  24%|██▎       | 222533/941724 [01:22<03:24, 3522.72it/s]Loading:  24%|██▎       | 222886/941724 [01:22<03:24, 3520.54it/s]Loading:  24%|██▎       | 223240/941724 [01:22<03:23, 3525.43it/s]Loading:  24%|██▎       | 223595/941724 [01:22<03:23, 3530.30it/s]Loading:  24%|██▍       | 223949/941724 [01:22<03:23, 3531.39it/s]Loading:  24%|██▍       | 224303/941724 [01:22<03:23, 3525.42it/s]Loading:  24%|██▍       | 224656/941724 [01:22<03:23, 3522.86it/s]Loading:  24%|██▍       | 225009/941724 [01:22<03:24, 3510.05it/s]Loading:  24%|██▍       | 225361/941724 [01:23<03:24, 3509.73it/s]Loading:  24%|██▍       | 225715/941724 [01:23<03:23, 3517.29it/s]Loading:  24%|██▍       | 226071/941724 [01:23<03:22, 3529.67it/s]Loading:  24%|██▍       | 226424/941724 [01:23<03:22, 3525.08it/s]Loading:  24%|██▍       | 226779/941724 [01:23<03:22, 3529.70it/s]Loading:  24%|██▍       | 227132/941724 [01:23<03:23, 3516.86it/s]Loading:  24%|██▍       | 227486/941724 [01:23<03:22, 3521.16it/s]Loading:  24%|██▍       | 227839/941724 [01:23<03:22, 3523.71it/s]Loading:  24%|██▍       | 228192/941724 [01:23<03:22, 3521.98it/s]Loading:  24%|██▍       | 228545/941724 [01:23<03:22, 3519.57it/s]Loading:  24%|██▍       | 228898/941724 [01:24<03:22, 3520.44it/s]Loading:  24%|██▍       | 229252/941724 [01:24<03:22, 3523.67it/s]Loading:  24%|██▍       | 229610/941724 [01:24<03:21, 3539.36it/s]Loading:  24%|██▍       | 229964/941724 [01:24<03:21, 3529.52it/s]Loading:  24%|██▍       | 230318/941724 [01:24<03:21, 3530.44it/s]Loading:  24%|██▍       | 230672/941724 [01:24<03:21, 3524.52it/s]Loading:  25%|██▍       | 231025/941724 [01:24<03:23, 3499.51it/s]Loading:  25%|██▍       | 231375/941724 [01:24<03:28, 3402.05it/s]Loading:  25%|██▍       | 231719/941724 [01:24<03:28, 3412.06it/s]Loading:  25%|██▍       | 232073/941724 [01:24<03:25, 3448.72it/s]Loading:  25%|██▍       | 232425/941724 [01:25<03:24, 3467.27it/s]Loading:  25%|██▍       | 232778/941724 [01:25<03:23, 3484.14it/s]Loading:  25%|██▍       | 233127/941724 [01:25<03:23, 3479.03it/s]Loading:  25%|██▍       | 233476/941724 [01:25<03:23, 3475.21it/s]Loading:  25%|██▍       | 233832/941724 [01:25<03:22, 3499.61it/s]Loading:  25%|██▍       | 234183/941724 [01:26<10:40, 1104.94it/s]Loading:  25%|██▍       | 234538/941724 [01:26<08:26, 1394.89it/s]Loading:  25%|██▍       | 234890/941724 [01:26<06:55, 1702.63it/s]Loading:  25%|██▍       | 235242/941724 [01:26<05:50, 2014.09it/s]Loading:  25%|██▌       | 235597/941724 [01:26<05:05, 2315.09it/s]Loading:  25%|██▌       | 235953/941724 [01:26<04:32, 2587.75it/s]Loading:  25%|██▌       | 236306/941724 [01:26<04:10, 2812.23it/s]Loading:  25%|██▌       | 236661/941724 [01:26<03:55, 2998.88it/s]Loading:  25%|██▌       | 237013/941724 [01:27<03:44, 3137.12it/s]Loading:  25%|██▌       | 237368/941724 [01:27<03:36, 3249.69it/s]Loading:  25%|██▌       | 237721/941724 [01:27<03:31, 3327.23it/s]Loading:  25%|██▌       | 238077/941724 [01:27<03:27, 3392.61it/s]Loading:  25%|██▌       | 238430/941724 [01:27<03:25, 3429.99it/s]Loading:  25%|██▌       | 238783/941724 [01:27<03:23, 3455.74it/s]Loading:  25%|██▌       | 239136/941724 [01:27<03:22, 3474.80it/s]Loading:  25%|██▌       | 239491/941724 [01:27<03:20, 3495.46it/s]Loading:  25%|██▌       | 239844/941724 [01:27<03:20, 3504.80it/s]Loading:  26%|██▌       | 240198/941724 [01:27<03:19, 3513.32it/s]Loading:  26%|██▌       | 240551/941724 [01:28<03:19, 3508.03it/s]Loading:  26%|██▌       | 240906/941724 [01:28<03:19, 3518.69it/s]Loading:  26%|██▌       | 241259/941724 [01:28<03:19, 3514.98it/s]Loading:  26%|██▌       | 241614/941724 [01:28<03:18, 3522.77it/s]Loading:  26%|██▌       | 241967/941724 [01:28<03:19, 3513.36it/s]Loading:  26%|██▌       | 242320/941724 [01:28<03:18, 3517.97it/s]Loading:  26%|██▌       | 242672/941724 [01:28<03:18, 3515.08it/s]Loading:  26%|██▌       | 243025/941724 [01:28<03:18, 3517.49it/s]Loading:  26%|██▌       | 243380/941724 [01:28<03:18, 3526.55it/s]Loading:  26%|██▌       | 243735/941724 [01:28<03:17, 3532.62it/s]Loading:  26%|██▌       | 244089/941724 [01:29<03:17, 3525.20it/s]Loading:  26%|██▌       | 244442/941724 [01:29<03:17, 3523.71it/s]Loading:  26%|██▌       | 244795/941724 [01:29<03:17, 3520.49it/s]Loading:  26%|██▌       | 245152/941724 [01:29<03:17, 3533.84it/s]Loading:  26%|██▌       | 245506/941724 [01:29<03:17, 3527.23it/s]Loading:  26%|██▌       | 245861/941724 [01:29<03:17, 3531.44it/s]Loading:  26%|██▌       | 246215/941724 [01:29<03:17, 3524.33it/s]Loading:  26%|██▌       | 246568/941724 [01:29<03:17, 3520.73it/s]Loading:  26%|██▌       | 246921/941724 [01:29<03:17, 3523.14it/s]Loading:  26%|██▋       | 247274/941724 [01:29<03:17, 3515.00it/s]Loading:  26%|██▋       | 247626/941724 [01:30<03:17, 3515.94it/s]Loading:  26%|██▋       | 247978/941724 [01:30<03:17, 3511.34it/s]Loading:  26%|██▋       | 248330/941724 [01:30<03:17, 3504.17it/s]Loading:  26%|██▋       | 248685/941724 [01:30<03:17, 3514.83it/s]Loading:  26%|██▋       | 249038/941724 [01:30<03:16, 3518.81it/s]Loading:  26%|██▋       | 249390/941724 [01:30<03:16, 3517.11it/s]Loading:  27%|██▋       | 249742/941724 [01:30<03:17, 3508.33it/s]Loading:  27%|██▋       | 250093/941724 [01:30<03:19, 3469.44it/s]Loading:  27%|██▋       | 250449/941724 [01:30<03:17, 3494.00it/s]Loading:  27%|██▋       | 250800/941724 [01:30<03:17, 3498.02it/s]Loading:  27%|██▋       | 251154/941724 [01:31<03:16, 3507.65it/s]Loading:  27%|██▋       | 251507/941724 [01:31<03:16, 3512.17it/s]Loading:  27%|██▋       | 251859/941724 [01:31<03:16, 3513.32it/s]Loading:  27%|██▋       | 252214/941724 [01:31<03:15, 3521.28it/s]Loading:  27%|██▋       | 252567/941724 [01:31<03:15, 3522.10it/s]Loading:  27%|██▋       | 252920/941724 [01:31<03:15, 3514.46it/s]Loading:  27%|██▋       | 253272/941724 [01:31<03:15, 3513.15it/s]Loading:  27%|██▋       | 253624/941724 [01:31<03:15, 3513.37it/s]Loading:  27%|██▋       | 253980/941724 [01:31<03:15, 3525.77it/s]Loading:  27%|██▋       | 254333/941724 [01:31<03:14, 3525.93it/s]Loading:  27%|██▋       | 254687/941724 [01:32<03:14, 3529.29it/s]Loading:  27%|██▋       | 255040/941724 [01:32<03:15, 3518.66it/s]Loading:  27%|██▋       | 255393/941724 [01:32<03:15, 3519.29it/s]Loading:  27%|██▋       | 255747/941724 [01:32<03:14, 3523.39it/s]Loading:  27%|██▋       | 256102/941724 [01:32<03:14, 3529.90it/s]Loading:  27%|██▋       | 256455/941724 [01:32<03:14, 3524.50it/s]Loading:  27%|██▋       | 256808/941724 [01:32<03:14, 3521.30it/s]Loading:  27%|██▋       | 257161/941724 [01:32<03:14, 3521.32it/s]Loading:  27%|██▋       | 257515/941724 [01:32<03:14, 3524.82it/s]Loading:  27%|██▋       | 257868/941724 [01:32<03:14, 3522.97it/s]Loading:  27%|██▋       | 258222/941724 [01:33<03:13, 3527.00it/s]Loading:  27%|██▋       | 258575/941724 [01:33<03:14, 3515.60it/s]Loading:  27%|██▋       | 258928/941724 [01:33<03:14, 3517.29it/s]Loading:  28%|██▊       | 259280/941724 [01:33<03:14, 3510.78it/s]Loading:  28%|██▊       | 259636/941724 [01:33<03:13, 3524.15it/s]Loading:  28%|██▊       | 259989/941724 [01:33<03:13, 3522.19it/s]Loading:  28%|██▊       | 260343/941724 [01:33<03:13, 3525.36it/s]Loading:  28%|██▊       | 260696/941724 [01:33<03:13, 3520.41it/s]Loading:  28%|██▊       | 261050/941724 [01:33<03:13, 3524.03it/s]Loading:  28%|██▊       | 261403/941724 [01:33<03:12, 3525.56it/s]Loading:  28%|██▊       | 261758/941724 [01:34<03:12, 3530.36it/s]Loading:  28%|██▊       | 262112/941724 [01:34<03:13, 3516.00it/s]Loading:  28%|██▊       | 262464/941724 [01:34<03:13, 3515.39it/s]Loading:  28%|██▊       | 262816/941724 [01:34<03:13, 3509.73it/s]Loading:  28%|██▊       | 263169/941724 [01:34<03:13, 3515.26it/s]Loading:  28%|██▊       | 263521/941724 [01:34<03:13, 3500.51it/s]Loading:  28%|██▊       | 263872/941724 [01:34<03:13, 3502.28it/s]Loading:  28%|██▊       | 264223/941724 [01:34<03:13, 3494.58it/s]Loading:  28%|██▊       | 264573/941724 [01:34<03:14, 3486.14it/s]Loading:  28%|██▊       | 264923/941724 [01:35<03:13, 3488.97it/s]Loading:  28%|██▊       | 265278/941724 [01:35<03:12, 3506.67it/s]Loading:  28%|██▊       | 265629/941724 [01:35<03:13, 3501.86it/s]Loading:  28%|██▊       | 265982/941724 [01:35<03:12, 3508.07it/s]Loading:  28%|██▊       | 266333/941724 [01:35<03:13, 3498.14it/s]Loading:  28%|██▊       | 266689/941724 [01:35<03:12, 3515.22it/s]Loading:  28%|██▊       | 267041/941724 [01:35<03:11, 3515.99it/s]Loading:  28%|██▊       | 267393/941724 [01:35<03:11, 3512.63it/s]Loading:  28%|██▊       | 267745/941724 [01:35<03:12, 3510.17it/s]Loading:  28%|██▊       | 268097/941724 [01:35<03:12, 3504.80it/s]Loading:  29%|██▊       | 268451/941724 [01:36<03:11, 3512.78it/s]Loading:  29%|██▊       | 268803/941724 [01:36<03:11, 3514.50it/s]Loading:  29%|██▊       | 269155/941724 [01:36<03:11, 3514.28it/s]Loading:  29%|██▊       | 269510/941724 [01:36<03:10, 3522.23it/s]Loading:  29%|██▊       | 269863/941724 [01:36<03:11, 3509.81it/s]Loading:  29%|██▊       | 270219/941724 [01:36<03:10, 3523.12it/s]Loading:  29%|██▊       | 270572/941724 [01:36<03:10, 3518.28it/s]Loading:  29%|██▉       | 270926/941724 [01:36<03:10, 3524.73it/s]Loading:  29%|██▉       | 271279/941724 [01:36<03:10, 3518.80it/s]Loading:  29%|██▉       | 271631/941724 [01:36<03:12, 3487.40it/s]Loading:  29%|██▉       | 271980/941724 [01:37<03:16, 3401.58it/s]Loading:  29%|██▉       | 272321/941724 [01:37<03:20, 3338.30it/s]Loading:  29%|██▉       | 272656/941724 [01:37<03:20, 3330.47it/s]Loading:  29%|██▉       | 273009/941724 [01:37<03:17, 3386.38it/s]Loading:  29%|██▉       | 273358/941724 [01:37<03:15, 3414.91it/s]Loading:  29%|██▉       | 273712/941724 [01:37<03:13, 3451.23it/s]Loading:  29%|██▉       | 274065/941724 [01:37<03:12, 3474.28it/s]Loading:  29%|██▉       | 274418/941724 [01:37<03:11, 3488.47it/s]Loading:  29%|██▉       | 274773/941724 [01:37<03:10, 3504.30it/s]Loading:  29%|██▉       | 275124/941724 [01:37<03:10, 3504.58it/s]Loading:  29%|██▉       | 275478/941724 [01:38<03:09, 3513.27it/s]Loading:  29%|██▉       | 275831/941724 [01:38<03:09, 3516.58it/s]Loading:  29%|██▉       | 276186/941724 [01:38<03:08, 3523.56it/s]Loading:  29%|██▉       | 276539/941724 [01:38<03:08, 3524.82it/s]Loading:  29%|██▉       | 276892/941724 [01:38<03:08, 3519.42it/s]Loading:  29%|██▉       | 277246/941724 [01:38<03:08, 3523.66it/s]Loading:  29%|██▉       | 277600/941724 [01:38<03:08, 3526.08it/s]Loading:  30%|██▉       | 277953/941724 [01:38<03:08, 3521.24it/s]Loading:  30%|██▉       | 278308/941724 [01:38<03:08, 3527.66it/s]Loading:  30%|██▉       | 278661/941724 [01:38<03:08, 3518.19it/s]Loading:  30%|██▉       | 279015/941724 [01:39<03:08, 3524.25it/s]Loading:  30%|██▉       | 279368/941724 [01:39<03:08, 3519.57it/s]Loading:  30%|██▉       | 279722/941724 [01:39<03:07, 3524.11it/s]Loading:  30%|██▉       | 280075/941724 [01:39<03:08, 3507.24it/s]Loading:  30%|██▉       | 280430/941724 [01:39<03:07, 3517.87it/s]Loading:  30%|██▉       | 280782/941724 [01:39<03:08, 3505.99it/s]Loading:  30%|██▉       | 281137/941724 [01:39<03:07, 3518.28it/s]Loading:  30%|██▉       | 281490/941724 [01:39<03:07, 3519.34it/s]Loading:  30%|██▉       | 281845/941724 [01:39<03:07, 3527.79it/s]Loading:  30%|██▉       | 282198/941724 [01:39<03:07, 3516.71it/s]Loading:  30%|███       | 282550/941724 [01:40<03:07, 3508.55it/s]Loading:  30%|███       | 282904/941724 [01:40<03:07, 3516.39it/s]Loading:  30%|███       | 283258/941724 [01:40<03:06, 3522.58it/s]Loading:  30%|███       | 283611/941724 [01:40<03:07, 3517.05it/s]Loading:  30%|███       | 283964/941724 [01:40<03:06, 3520.34it/s]Loading:  30%|███       | 284317/941724 [01:40<03:07, 3514.29it/s]Loading:  30%|███       | 284674/941724 [01:40<03:06, 3530.40it/s]Loading:  30%|███       | 285028/941724 [01:40<03:06, 3525.71it/s]Loading:  30%|███       | 285381/941724 [01:40<03:06, 3525.05it/s]Loading:  30%|███       | 285734/941724 [01:40<03:06, 3526.28it/s]Loading:  30%|███       | 286087/941724 [01:41<03:06, 3523.36it/s]Loading:  30%|███       | 286441/941724 [01:41<03:05, 3526.86it/s]Loading:  30%|███       | 286794/941724 [01:41<05:08, 2123.61it/s]Loading:  30%|███       | 287091/941724 [01:41<04:45, 2296.24it/s]Loading:  31%|███       | 287412/941724 [01:41<04:21, 2501.55it/s]Loading:  31%|███       | 287730/941724 [01:41<04:05, 2667.12it/s]Loading:  31%|███       | 288049/941724 [01:41<03:53, 2801.50it/s]Loading:  31%|███       | 288369/941724 [01:41<03:44, 2907.85it/s]Loading:  31%|███       | 288688/941724 [01:42<03:38, 2984.10it/s]Loading:  31%|███       | 289008/941724 [01:42<03:34, 3045.12it/s]Loading:  31%|███       | 289328/941724 [01:42<03:31, 3087.47it/s]Loading:  31%|███       | 289647/941724 [01:42<03:29, 3116.12it/s]Loading:  31%|███       | 289967/941724 [01:42<03:27, 3140.29it/s]Loading:  31%|███       | 290290/941724 [01:42<03:25, 3164.02it/s]Loading:  31%|███       | 290610/941724 [01:42<03:25, 3161.63it/s]Loading:  31%|███       | 290931/941724 [01:42<03:24, 3175.27it/s]Loading:  31%|███       | 291250/941724 [01:42<03:24, 3179.36it/s]Loading:  31%|███       | 291570/941724 [01:42<03:24, 3182.58it/s]Loading:  31%|███       | 291889/941724 [01:43<03:24, 3182.82it/s]Loading:  31%|███       | 292208/941724 [01:43<03:23, 3184.09it/s]Loading:  31%|███       | 292527/941724 [01:43<03:23, 3183.78it/s]Loading:  31%|███       | 292848/941724 [01:43<03:23, 3189.41it/s]Loading:  31%|███       | 293168/941724 [01:43<03:23, 3185.97it/s]Loading:  31%|███       | 293487/941724 [01:43<03:23, 3184.06it/s]Loading:  31%|███       | 293807/941724 [01:43<03:23, 3187.26it/s]Loading:  31%|███       | 294127/941724 [01:43<03:23, 3188.54it/s]Loading:  31%|███▏      | 294450/941724 [01:43<03:22, 3200.00it/s]Loading:  31%|███▏      | 294771/941724 [01:43<03:22, 3195.65it/s]Loading:  31%|███▏      | 295124/941724 [01:44<03:16, 3294.54it/s]Loading:  31%|███▏      | 295486/941724 [01:44<03:10, 3390.22it/s]Loading:  31%|███▏      | 295851/941724 [01:44<03:06, 3466.55it/s]Loading:  31%|███▏      | 296215/941724 [01:44<03:03, 3515.67it/s]Loading:  31%|███▏      | 296577/941724 [01:44<03:01, 3546.68it/s]Loading:  32%|███▏      | 296940/941724 [01:44<03:00, 3569.43it/s]Loading:  32%|███▏      | 297300/941724 [01:44<03:00, 3578.14it/s]Loading:  32%|███▏      | 297658/941724 [01:44<03:00, 3562.69it/s]Loading:  32%|███▏      | 298022/941724 [01:44<02:59, 3584.78it/s]Loading:  32%|███▏      | 298381/941724 [01:44<03:00, 3572.58it/s]Loading:  32%|███▏      | 298745/941724 [01:45<02:58, 3592.48it/s]Loading:  32%|███▏      | 299109/941724 [01:45<02:58, 3604.57it/s]Loading:  32%|███▏      | 299470/941724 [01:45<02:58, 3601.07it/s]Loading:  32%|███▏      | 299834/941724 [01:45<02:57, 3610.43it/s]Loading:  32%|███▏      | 300196/941724 [01:45<02:57, 3608.41it/s]Loading:  32%|███▏      | 300561/941724 [01:45<02:57, 3618.39it/s]Loading:  32%|███▏      | 300923/941724 [01:45<02:57, 3614.20it/s]Loading:  32%|███▏      | 301290/941724 [01:45<02:56, 3628.92it/s]Loading:  32%|███▏      | 301653/941724 [01:45<02:56, 3616.41it/s]Loading:  32%|███▏      | 302015/941724 [01:45<02:57, 3613.18it/s]Loading:  32%|███▏      | 302378/941724 [01:46<02:56, 3617.49it/s]Loading:  32%|███▏      | 302741/941724 [01:46<02:56, 3618.67it/s]Loading:  32%|███▏      | 303103/941724 [01:46<02:56, 3617.93it/s]Loading:  32%|███▏      | 303467/941724 [01:46<02:56, 3621.68it/s]Loading:  32%|███▏      | 303830/941724 [01:47<10:45, 987.83it/s] Loading:  32%|███▏      | 304193/941724 [01:47<08:24, 1263.48it/s]Loading:  32%|███▏      | 304554/941724 [01:47<06:46, 1567.98it/s]Loading:  32%|███▏      | 304917/941724 [01:47<05:36, 1889.73it/s]Loading:  32%|███▏      | 305279/941724 [01:47<04:48, 2204.75it/s]Loading:  32%|███▏      | 305644/941724 [01:47<04:14, 2502.27it/s]Loading:  32%|███▏      | 306008/941724 [01:47<03:50, 2761.50it/s]Loading:  33%|███▎      | 306372/941724 [01:48<03:33, 2976.83it/s]Loading:  33%|███▎      | 306733/941724 [01:48<03:22, 3140.28it/s]Loading:  33%|███▎      | 307097/941724 [01:48<03:13, 3273.26it/s]Loading:  33%|███▎      | 307460/941724 [01:48<03:08, 3371.61it/s]Loading:  33%|███▎      | 307823/941724 [01:48<03:04, 3442.53it/s]Loading:  33%|███▎      | 308186/941724 [01:48<03:01, 3494.66it/s]Loading:  33%|███▎      | 308548/941724 [01:48<02:59, 3527.54it/s]Loading:  33%|███▎      | 308911/941724 [01:48<02:57, 3557.23it/s]Loading:  33%|███▎      | 309276/941724 [01:48<02:56, 3584.18it/s]Loading:  33%|███▎      | 309641/941724 [01:48<02:55, 3601.34it/s]Loading:  33%|███▎      | 310005/941724 [01:49<02:54, 3610.81it/s]Loading:  33%|███▎      | 310369/941724 [01:49<02:54, 3615.71it/s]Loading:  33%|███▎      | 310732/941724 [01:49<02:56, 3574.64it/s]Loading:  33%|███▎      | 311097/941724 [01:49<02:55, 3595.27it/s]Loading:  33%|███▎      | 311460/941724 [01:49<02:54, 3604.32it/s]Loading:  33%|███▎      | 311826/941724 [01:49<02:54, 3618.41it/s]Loading:  33%|███▎      | 312189/941724 [01:49<02:54, 3613.34it/s]Loading:  33%|███▎      | 312556/941724 [01:49<02:53, 3629.22it/s]Loading:  33%|███▎      | 312920/941724 [01:49<02:53, 3627.51it/s]Loading:  33%|███▎      | 313286/941724 [01:49<02:52, 3636.14it/s]Loading:  33%|███▎      | 313650/941724 [01:50<02:54, 3609.09it/s]Loading:  33%|███▎      | 314013/941724 [01:50<02:53, 3613.15it/s]Loading:  33%|███▎      | 314375/941724 [01:50<02:53, 3609.25it/s]Loading:  33%|███▎      | 314737/941724 [01:50<02:53, 3610.91it/s]Loading:  33%|███▎      | 315099/941724 [01:50<02:53, 3613.03it/s]Loading:  33%|███▎      | 315461/941724 [01:50<02:53, 3611.20it/s]Loading:  34%|███▎      | 315823/941724 [01:50<02:53, 3612.50it/s]Loading:  34%|███▎      | 316188/941724 [01:50<02:52, 3620.97it/s]Loading:  34%|███▎      | 316551/941724 [01:50<02:52, 3616.24it/s]Loading:  34%|███▎      | 316916/941724 [01:50<02:52, 3624.08it/s]Loading:  34%|███▎      | 317279/941724 [01:51<02:52, 3622.48it/s]Loading:  34%|███▎      | 317643/941724 [01:51<02:52, 3624.53it/s]Loading:  34%|███▍      | 318006/941724 [01:51<02:52, 3624.26it/s]Loading:  34%|███▍      | 318370/941724 [01:51<02:51, 3627.17it/s]Loading:  34%|███▍      | 318734/941724 [01:51<02:51, 3630.88it/s]Loading:  34%|███▍      | 319098/941724 [01:51<02:51, 3624.45it/s]Loading:  34%|███▍      | 319464/941724 [01:51<02:51, 3632.48it/s]Loading:  34%|███▍      | 319828/941724 [01:51<02:51, 3627.23it/s]Loading:  34%|███▍      | 320193/941724 [01:51<02:51, 3631.61it/s]Loading:  34%|███▍      | 320559/941724 [01:51<02:50, 3637.32it/s]Loading:  34%|███▍      | 320923/941724 [01:52<02:50, 3633.96it/s]Loading:  34%|███▍      | 321287/941724 [01:52<02:50, 3634.17it/s]Loading:  34%|███▍      | 321651/941724 [01:52<02:51, 3625.66it/s]Loading:  34%|███▍      | 322014/941724 [01:52<02:50, 3625.50it/s]Loading:  34%|███▍      | 322377/941724 [01:52<02:50, 3626.13it/s]Loading:  34%|███▍      | 322740/941724 [01:52<02:51, 3617.51it/s]Loading:  34%|███▍      | 323106/941724 [01:52<02:50, 3628.34it/s]Loading:  34%|███▍      | 323469/941724 [01:52<02:50, 3620.06it/s]Loading:  34%|███▍      | 323834/941724 [01:52<02:50, 3628.94it/s]Loading:  34%|███▍      | 324197/941724 [01:52<02:50, 3625.55it/s]Loading:  34%|███▍      | 324563/941724 [01:53<02:49, 3635.33it/s]Loading:  35%|███▍      | 324928/941724 [01:53<02:49, 3637.06it/s]Loading:  35%|███▍      | 325292/941724 [01:53<02:50, 3624.20it/s]Loading:  35%|███▍      | 325658/941724 [01:53<02:49, 3633.16it/s]Loading:  35%|███▍      | 326022/941724 [01:53<02:51, 3581.40it/s]Loading:  35%|███▍      | 326384/941724 [01:53<02:51, 3590.07it/s]Loading:  35%|███▍      | 326748/941724 [01:53<02:50, 3603.89it/s]Loading:  35%|███▍      | 327111/941724 [01:53<02:50, 3610.66it/s]Loading:  35%|███▍      | 327473/941724 [01:53<02:50, 3609.94it/s]Loading:  35%|███▍      | 327837/941724 [01:53<02:49, 3617.55it/s]Loading:  35%|███▍      | 328200/941724 [01:54<02:49, 3619.34it/s]Loading:  35%|███▍      | 328562/941724 [01:54<02:49, 3619.40it/s]Loading:  35%|███▍      | 328924/941724 [01:54<02:49, 3616.12it/s]Loading:  35%|███▍      | 329289/941724 [01:54<02:48, 3624.57it/s]Loading:  35%|███▌      | 329653/941724 [01:54<02:48, 3627.18it/s]Loading:  35%|███▌      | 330016/941724 [01:54<02:48, 3625.66it/s]Loading:  35%|███▌      | 330379/941724 [01:54<02:48, 3618.19it/s]Loading:  35%|███▌      | 330743/941724 [01:54<02:48, 3621.72it/s]Loading:  35%|███▌      | 331106/941724 [01:54<02:48, 3614.74it/s]Loading:  35%|███▌      | 331473/941724 [01:55<02:48, 3629.72it/s]Loading:  35%|███▌      | 331836/941724 [01:55<02:48, 3619.59it/s]Loading:  35%|███▌      | 332200/941724 [01:55<02:48, 3624.94it/s]Loading:  35%|███▌      | 332563/941724 [01:55<02:48, 3621.70it/s]Loading:  35%|███▌      | 332926/941724 [01:55<02:50, 3578.68it/s]Loading:  35%|███▌      | 333290/941724 [01:55<02:49, 3596.32it/s]Loading:  35%|███▌      | 333653/941724 [01:55<02:48, 3605.18it/s]Loading:  35%|███▌      | 334017/941724 [01:55<02:48, 3613.73it/s]Loading:  36%|███▌      | 334380/941724 [01:55<02:47, 3616.13it/s]Loading:  36%|███▌      | 334742/941724 [01:55<02:47, 3615.97it/s]Loading:  36%|███▌      | 335105/941724 [01:56<02:47, 3619.54it/s]Loading:  36%|███▌      | 335469/941724 [01:56<02:47, 3625.04it/s]Loading:  36%|███▌      | 335833/941724 [01:56<02:47, 3627.77it/s]Loading:  36%|███▌      | 336196/941724 [01:56<02:46, 3626.85it/s]Loading:  36%|███▌      | 336559/941724 [01:56<02:46, 3626.93it/s]Loading:  36%|███▌      | 336922/941724 [01:56<02:46, 3621.64it/s]Loading:  36%|███▌      | 337285/941724 [01:56<02:47, 3614.73it/s]Loading:  36%|███▌      | 337651/941724 [01:56<02:46, 3626.56it/s]Loading:  36%|███▌      | 338014/941724 [01:56<02:46, 3616.36it/s]Loading:  36%|███▌      | 338377/941724 [01:56<02:46, 3619.90it/s]Loading:  36%|███▌      | 338739/941724 [01:57<02:46, 3617.00it/s]Loading:  36%|███▌      | 339103/941724 [01:57<02:46, 3621.63it/s]Loading:  36%|███▌      | 339466/941724 [01:57<02:46, 3623.67it/s]Loading:  36%|███▌      | 339829/941724 [01:57<02:46, 3621.51it/s]Loading:  36%|███▌      | 340193/941724 [01:57<02:45, 3625.79it/s]Loading:  36%|███▌      | 340557/941724 [01:57<02:45, 3628.06it/s]Loading:  36%|███▌      | 340921/941724 [01:57<02:45, 3630.09it/s]Loading:  36%|███▌      | 341285/941724 [01:57<02:45, 3631.60it/s]Loading:  36%|███▋      | 341649/941724 [01:57<02:45, 3628.06it/s]Loading:  36%|███▋      | 342012/941724 [01:57<02:45, 3617.37it/s]Loading:  36%|███▋      | 342376/941724 [01:58<02:45, 3621.56it/s]Loading:  36%|███▋      | 342739/941724 [01:58<02:45, 3619.61it/s]Loading:  36%|███▋      | 343102/941724 [01:58<02:45, 3620.46it/s]Loading:  36%|███▋      | 343465/941724 [01:58<02:45, 3617.29it/s]Loading:  37%|███▋      | 343827/941724 [01:58<02:45, 3609.03it/s]Loading:  37%|███▋      | 344190/941724 [01:58<02:45, 3612.41it/s]Loading:  37%|███▋      | 344555/941724 [01:58<02:44, 3621.30it/s]Loading:  37%|███▋      | 344918/941724 [01:58<02:45, 3603.57it/s]Loading:  37%|███▋      | 345283/941724 [01:58<02:44, 3615.15it/s]Loading:  37%|███▋      | 345645/941724 [01:58<02:44, 3613.37it/s]Loading:  37%|███▋      | 346007/941724 [01:59<02:44, 3611.23it/s]Loading:  37%|███▋      | 346369/941724 [01:59<02:44, 3611.92it/s]Loading:  37%|███▋      | 346731/941724 [01:59<02:44, 3613.22it/s]Loading:  37%|███▋      | 347093/941724 [01:59<02:44, 3613.92it/s]Loading:  37%|███▋      | 347458/941724 [01:59<02:44, 3622.82it/s]Loading:  37%|███▋      | 347821/941724 [01:59<02:44, 3613.98it/s]Loading:  37%|███▋      | 348187/941724 [01:59<02:43, 3627.09it/s]Loading:  37%|███▋      | 348550/941724 [01:59<02:43, 3617.28it/s]Loading:  37%|███▋      | 348916/941724 [01:59<02:43, 3627.40it/s]Loading:  37%|███▋      | 349279/941724 [01:59<02:43, 3618.07it/s]Loading:  37%|███▋      | 349641/941724 [02:00<02:44, 3594.85it/s]Loading:  37%|███▋      | 350004/941724 [02:00<02:44, 3603.72it/s]Loading:  37%|███▋      | 350367/941724 [02:00<02:43, 3611.12it/s]Loading:  37%|███▋      | 350731/941724 [02:00<02:43, 3616.83it/s]Loading:  37%|███▋      | 351093/941724 [02:00<02:43, 3615.13it/s]Loading:  37%|███▋      | 351457/941724 [02:00<02:42, 3621.64it/s]Loading:  37%|███▋      | 351820/941724 [02:00<02:43, 3617.17it/s]Loading:  37%|███▋      | 352186/941724 [02:00<02:42, 3627.42it/s]Loading:  37%|███▋      | 352550/941724 [02:00<02:42, 3629.50it/s]Loading:  37%|███▋      | 352914/941724 [02:00<02:42, 3632.27it/s]Loading:  38%|███▊      | 353278/941724 [02:01<02:42, 3632.32it/s]Loading:  38%|███▊      | 353643/941724 [02:01<02:41, 3634.82it/s]Loading:  38%|███▊      | 354007/941724 [02:01<02:41, 3632.88it/s]Loading:  38%|███▊      | 354373/941724 [02:01<02:41, 3639.15it/s]Loading:  38%|███▊      | 354737/941724 [02:01<02:41, 3628.19it/s]Loading:  38%|███▊      | 355100/941724 [02:01<02:43, 3578.02it/s]Loading:  38%|███▊      | 355461/941724 [02:01<02:43, 3587.32it/s]Loading:  38%|███▊      | 355825/941724 [02:01<02:42, 3601.80it/s]Loading:  38%|███▊      | 356186/941724 [02:01<02:42, 3603.08it/s]Loading:  38%|███▊      | 356550/941724 [02:01<02:41, 3613.80it/s]Loading:  38%|███▊      | 356913/941724 [02:02<02:41, 3615.83it/s]Loading:  38%|███▊      | 357278/941724 [02:02<02:41, 3623.73it/s]Loading:  38%|███▊      | 357642/941724 [02:02<02:41, 3625.96it/s]Loading:  38%|███▊      | 358005/941724 [02:02<02:41, 3616.91it/s]Loading:  38%|███▊      | 358371/941724 [02:02<02:40, 3627.54it/s]Loading:  38%|███▊      | 358734/941724 [02:02<02:40, 3624.42it/s]Loading:  38%|███▊      | 359098/941724 [02:02<02:40, 3627.81it/s]Loading:  38%|███▊      | 359462/941724 [02:02<02:40, 3629.27it/s]Loading:  38%|███▊      | 359829/941724 [02:02<02:39, 3640.03it/s]Loading:  38%|███▊      | 360194/941724 [02:02<02:39, 3641.31it/s]Loading:  38%|███▊      | 360559/941724 [02:03<02:39, 3640.05it/s]Loading:  38%|███▊      | 360924/941724 [02:03<02:39, 3631.56it/s]Loading:  38%|███▊      | 361288/941724 [02:03<02:39, 3631.27it/s]Loading:  38%|███▊      | 361652/941724 [02:03<02:39, 3629.48it/s]Loading:  38%|███▊      | 362018/941724 [02:03<02:39, 3637.33it/s]Loading:  38%|███▊      | 362382/941724 [02:03<02:40, 3615.03it/s]Loading:  39%|███▊      | 362748/941724 [02:03<02:39, 3625.72it/s]Loading:  39%|███▊      | 363111/941724 [02:03<02:39, 3620.91it/s]Loading:  39%|███▊      | 363478/941724 [02:03<02:39, 3635.33it/s]Loading:  39%|███▊      | 363842/941724 [02:03<02:38, 3636.04it/s]Loading:  39%|███▊      | 364207/941724 [02:04<02:38, 3639.77it/s]Loading:  39%|███▊      | 364572/941724 [02:04<02:38, 3642.44it/s]Loading:  39%|███▉      | 364937/941724 [02:04<02:38, 3643.12it/s]Loading:  39%|███▉      | 365302/941724 [02:04<02:38, 3644.04it/s]Loading:  39%|███▉      | 365667/941724 [02:04<02:38, 3637.12it/s]Loading:  39%|███▉      | 366032/941724 [02:04<02:38, 3639.88it/s]Loading:  39%|███▉      | 366396/941724 [02:04<02:38, 3628.80it/s]Loading:  39%|███▉      | 366762/941724 [02:04<02:38, 3635.90it/s]Loading:  39%|███▉      | 367126/941724 [02:04<02:38, 3633.07it/s]Loading:  39%|███▉      | 367490/941724 [02:04<02:38, 3630.32it/s]Loading:  39%|███▉      | 367854/941724 [02:05<02:38, 3630.09it/s]Loading:  39%|███▉      | 368219/941724 [02:05<02:37, 3634.57it/s]Loading:  39%|███▉      | 368584/941724 [02:05<02:37, 3637.62it/s]Loading:  39%|███▉      | 368951/941724 [02:05<02:37, 3644.84it/s]Loading:  39%|███▉      | 369316/941724 [02:05<02:37, 3635.61it/s]Loading:  39%|███▉      | 369681/941724 [02:05<02:37, 3638.42it/s]Loading:  39%|███▉      | 370045/941724 [02:05<02:37, 3631.69it/s]Loading:  39%|███▉      | 370411/941724 [02:05<02:37, 3638.60it/s]Loading:  39%|███▉      | 370775/941724 [02:05<02:37, 3635.12it/s]Loading:  39%|███▉      | 371139/941724 [02:05<02:37, 3633.21it/s]Loading:  39%|███▉      | 371503/941724 [02:06<02:36, 3634.42it/s]Loading:  39%|███▉      | 371868/941724 [02:06<02:36, 3636.57it/s]Loading:  40%|███▉      | 372232/941724 [02:06<02:36, 3635.20it/s]Loading:  40%|███▉      | 372596/941724 [02:06<02:36, 3632.77it/s]Loading:  40%|███▉      | 372961/941724 [02:06<02:36, 3635.15it/s]Loading:  40%|███▉      | 373326/941724 [02:06<02:36, 3638.67it/s]Loading:  40%|███▉      | 373690/941724 [02:06<02:37, 3613.75it/s]Loading:  40%|███▉      | 374053/941724 [02:06<02:36, 3615.86it/s]Loading:  40%|███▉      | 374416/941724 [02:06<02:36, 3618.38it/s]Loading:  40%|███▉      | 374781/941724 [02:06<02:36, 3627.66it/s]Loading:  40%|███▉      | 375149/941724 [02:07<02:35, 3640.94it/s]Loading:  40%|███▉      | 375514/941724 [02:07<02:35, 3631.43it/s]Loading:  40%|███▉      | 375882/941724 [02:07<02:35, 3645.06it/s]Loading:  40%|███▉      | 376247/941724 [02:07<02:35, 3635.22it/s]Loading:  40%|███▉      | 376611/941724 [02:07<02:35, 3629.24it/s]Loading:  40%|████      | 376976/941724 [02:07<02:35, 3634.95it/s]Loading:  40%|████      | 377342/941724 [02:07<02:34, 3641.68it/s]Loading:  40%|████      | 377707/941724 [02:07<02:34, 3638.87it/s]Loading:  40%|████      | 378071/941724 [02:07<02:34, 3636.93it/s]Loading:  40%|████      | 378435/941724 [02:07<02:35, 3632.95it/s]Loading:  40%|████      | 378799/941724 [02:08<02:34, 3633.74it/s]Loading:  40%|████      | 379163/941724 [02:08<02:34, 3632.76it/s]Loading:  40%|████      | 379529/941724 [02:08<02:34, 3638.90it/s]Loading:  40%|████      | 379894/941724 [02:08<02:34, 3641.75it/s]Loading:  40%|████      | 380259/941724 [02:08<02:34, 3642.08it/s]Loading:  40%|████      | 380625/941724 [02:08<02:33, 3645.64it/s]Loading:  40%|████      | 380990/941724 [02:08<02:34, 3634.31it/s]Loading:  40%|████      | 381354/941724 [02:08<02:34, 3631.34it/s]Loading:  41%|████      | 381718/941724 [02:08<02:34, 3618.72it/s]Loading:  41%|████      | 382080/941724 [02:09<04:13, 2206.12it/s]Loading:  41%|████      | 382389/941724 [02:09<03:54, 2387.26it/s]Loading:  41%|████      | 382751/941724 [02:09<03:29, 2666.76it/s]Loading:  41%|████      | 383111/941724 [02:09<03:13, 2893.98it/s]Loading:  41%|████      | 383467/941724 [02:09<03:02, 3065.43it/s]Loading:  41%|████      | 383826/941724 [02:09<02:54, 3205.44it/s]Loading:  41%|████      | 384191/941724 [02:09<02:47, 3327.13it/s]Loading:  41%|████      | 384541/941724 [02:10<04:23, 2110.72it/s]Loading:  41%|████      | 384847/941724 [02:10<04:01, 2302.25it/s]Loading:  41%|████      | 385194/941724 [02:10<03:37, 2563.01it/s]Loading:  41%|████      | 385542/941724 [02:10<03:19, 2783.77it/s]Loading:  41%|████      | 385886/941724 [02:10<03:08, 2951.26it/s]Loading:  41%|████      | 386235/941724 [02:10<02:59, 3095.61it/s]Loading:  41%|████      | 386568/941724 [02:10<03:27, 2672.66it/s]Loading:  41%|████      | 386868/941724 [02:10<03:21, 2754.13it/s]Loading:  41%|████      | 387204/941724 [02:10<03:10, 2913.74it/s]Loading:  41%|████      | 387541/941724 [02:11<03:02, 3036.85it/s]Loading:  41%|████      | 387892/941724 [02:11<02:54, 3167.83it/s]Loading:  41%|████      | 388229/941724 [02:11<02:51, 3225.53it/s]Loading:  41%|████▏     | 388587/941724 [02:11<02:46, 3326.29it/s]Loading:  41%|████▏     | 388947/941724 [02:11<02:42, 3405.76it/s]Loading:  41%|████▏     | 389308/941724 [02:11<02:39, 3465.33it/s]Loading:  41%|████▏     | 389671/941724 [02:11<02:37, 3512.83it/s]Loading:  41%|████▏     | 390025/941724 [02:11<02:39, 3459.19it/s]Loading:  41%|████▏     | 390373/941724 [02:11<02:40, 3432.57it/s]Loading:  41%|████▏     | 390727/941724 [02:11<02:39, 3463.10it/s]Loading:  42%|████▏     | 391075/941724 [02:13<11:21, 808.49it/s] Loading:  42%|████▏     | 391436/941724 [02:13<08:39, 1059.51it/s]Loading:  42%|████▏     | 391799/941724 [02:13<06:47, 1351.02it/s]Loading:  42%|████▏     | 392161/941724 [02:13<05:29, 1667.23it/s]Loading:  42%|████▏     | 392521/941724 [02:13<04:36, 1988.25it/s]Loading:  42%|████▏     | 392886/941724 [02:13<03:57, 2306.12it/s]Loading:  42%|████▏     | 393246/941724 [02:13<03:32, 2583.20it/s]Loading:  42%|████▏     | 393609/941724 [02:13<03:13, 2828.50it/s]Loading:  42%|████▏     | 393972/941724 [02:13<03:00, 3029.12it/s]Loading:  42%|████▏     | 394328/941724 [02:14<02:52, 3167.29it/s]Loading:  42%|████▏     | 394693/941724 [02:14<02:45, 3297.71it/s]Loading:  42%|████▏     | 395054/941724 [02:14<02:41, 3383.39it/s]Loading:  42%|████▏     | 395414/941724 [02:14<02:38, 3443.97it/s]Loading:  42%|████▏     | 395777/941724 [02:14<02:36, 3495.15it/s]Loading:  42%|████▏     | 396137/941724 [02:14<02:34, 3525.18it/s]Loading:  42%|████▏     | 396500/941724 [02:14<02:33, 3553.52it/s]Loading:  42%|████▏     | 396861/941724 [02:14<02:34, 3519.19it/s]Loading:  42%|████▏     | 397217/941724 [02:14<02:35, 3493.18it/s]Loading:  42%|████▏     | 397579/941724 [02:14<02:34, 3529.56it/s]Loading:  42%|████▏     | 397939/941724 [02:15<02:33, 3548.60it/s]Loading:  42%|████▏     | 398300/941724 [02:15<02:32, 3563.95it/s]Loading:  42%|████▏     | 398658/941724 [02:15<02:34, 3510.04it/s]Loading:  42%|████▏     | 399010/941724 [02:15<02:36, 3473.79it/s]Loading:  42%|████▏     | 399358/941724 [02:15<02:37, 3448.21it/s]Loading:  42%|████▏     | 399718/941724 [02:15<02:35, 3492.83it/s]Loading:  42%|████▏     | 400080/941724 [02:15<02:33, 3529.40it/s]Loading:  43%|████▎     | 400439/941724 [02:15<02:32, 3546.90it/s]Loading:  43%|████▎     | 400799/941724 [02:15<02:31, 3561.03it/s]Loading:  43%|████▎     | 401164/941724 [02:16<02:30, 3584.99it/s]Loading:  43%|████▎     | 401525/941724 [02:16<02:30, 3591.50it/s]Loading:  43%|████▎     | 401887/941724 [02:16<02:29, 3599.38it/s]Loading:  43%|████▎     | 402250/941724 [02:16<02:29, 3606.24it/s]Loading:  43%|████▎     | 402612/941724 [02:16<02:29, 3609.21it/s]Loading:  43%|████▎     | 402973/941724 [02:16<02:30, 3578.63it/s]Loading:  43%|████▎     | 403334/941724 [02:16<02:30, 3587.52it/s]Loading:  43%|████▎     | 403697/941724 [02:16<02:29, 3598.65it/s]Loading:  43%|████▎     | 404059/941724 [02:16<02:29, 3602.83it/s]Loading:  43%|████▎     | 404421/941724 [02:16<02:28, 3607.54it/s]Loading:  43%|████▎     | 404782/941724 [02:17<02:29, 3599.65it/s]Loading:  43%|████▎     | 405144/941724 [02:17<02:28, 3605.62it/s]Loading:  43%|████▎     | 405505/941724 [02:17<02:28, 3604.67it/s]Loading:  43%|████▎     | 405866/941724 [02:17<02:28, 3603.86it/s]Loading:  43%|████▎     | 406228/941724 [02:17<02:28, 3605.69it/s]Loading:  43%|████▎     | 406591/941724 [02:17<02:28, 3609.80it/s]Loading:  43%|████▎     | 406954/941724 [02:17<02:27, 3614.04it/s]Loading:  43%|████▎     | 407316/941724 [02:17<03:29, 2548.41it/s]Loading:  43%|████▎     | 407615/941724 [02:17<03:21, 2646.73it/s]Loading:  43%|████▎     | 407963/941724 [02:18<03:07, 2852.80it/s]Loading:  43%|████▎     | 408276/941724 [02:18<03:37, 2455.55it/s]Loading:  43%|████▎     | 408553/941724 [02:18<03:30, 2529.37it/s]Loading:  43%|████▎     | 408828/941724 [02:18<06:02, 1471.57it/s]Loading:  43%|████▎     | 408828/941724 [02:30<06:02, 1471.57it/s]Loading:  43%|████▎     | 408983/941724 [02:31<2:18:27, 64.13it/s]Loading:  43%|████▎     | 408985/941724 [02:35<3:08:23, 47.13it/s]Loading:  43%|████▎     | 409134/941724 [02:36<2:37:08, 56.48it/s]Loading:  43%|████▎     | 409437/941724 [02:36<1:30:51, 97.64it/s]Loading:  44%|████▎     | 409795/941724 [02:36<53:40, 165.15it/s] Loading:  44%|████▎     | 410156/941724 [02:36<34:20, 257.97it/s]Loading:  44%|████▎     | 410514/941724 [02:36<23:13, 381.08it/s]Loading:  44%|████▎     | 410875/941724 [02:36<16:16, 543.44it/s]Loading:  44%|████▎     | 411236/941724 [02:36<11:48, 748.91it/s]Loading:  44%|████▎     | 411595/941724 [02:37<08:51, 996.96it/s]Loading:  44%|████▎     | 411956/941724 [02:37<06:51, 1286.85it/s]Loading:  44%|████▍     | 412301/941724 [02:37<05:34, 1582.60it/s]Loading:  44%|████▍     | 412657/941724 [02:37<04:37, 1905.62it/s]Loading:  44%|████▍     | 413015/941724 [02:37<03:57, 2221.92it/s]Loading:  44%|████▍     | 413371/941724 [02:37<03:30, 2505.37it/s]Loading:  44%|████▍     | 413728/941724 [02:37<03:11, 2751.65it/s]Loading:  44%|████▍     | 414087/941724 [02:37<02:58, 2959.81it/s]Loading:  44%|████▍     | 414447/941724 [02:37<02:48, 3125.92it/s]Loading:  44%|████▍     | 414807/941724 [02:37<02:41, 3254.33it/s]Loading:  44%|████▍     | 415165/941724 [02:38<02:37, 3344.85it/s]Loading:  44%|████▍     | 415523/941724 [02:38<02:34, 3406.22it/s]Loading:  44%|████▍     | 415880/941724 [02:38<02:32, 3446.63it/s]Loading:  44%|████▍     | 416241/941724 [02:38<02:30, 3493.00it/s]Loading:  44%|████▍     | 416599/941724 [02:38<03:17, 2661.31it/s]Loading:  44%|████▍     | 416906/941724 [02:38<03:10, 2759.33it/s]Loading:  44%|████▍     | 417258/941724 [02:3srun: error: frontier05883: task 52: Killed
srun: Terminating StepId=2126091.0
8<02:57, 2954.30it/s]Loading:  44%|████▍     | 417616/941724 [02:38<02:47, 3120.30it/s]Loading:  44%|████▍     | 417975/941724 [02:38<02:41, 3250.24it/s]Loading:  44%|████▍     | 418335/941724 [02:39<02:36, 3348.15it/s]Loading:  44%|████▍     | 418680/941724 [02:39<03:00, 2901.73it/s]Loading:  44%|████▍     | 418988/941724 [02:39<03:21, 2596.60it/s]Loading:  45%|████▍     | 419264/941724 [02:39<04:46, 1822.28it/s]Loading:  45%|████▍     | 419264/941724 [02:50<04:46, 1822.28it/s]Loading:  45%|████▍     | 419286/941724 [02:51<2:13:57, 65.00it/s]Loading:  45%|████▍     | 419287/941724 [02:52<2:35:51, 55.87it/s]slurmstepd: error: *** STEP 2126091.0 ON frontier05233 CANCELLED AT 2024-07-24T00:21:12 ***
srun: error: frontier05883: tasks 48,50,54: Killed
srun: error: frontier05883: task 51: Killed
srun: error: frontier05883: task 55: Killed
srun: error: frontier05883: task 53: Killed
srun: error: frontier05883: task 49: Killed
srun: error: frontier08790: tasks 96,98,100,103: Terminated
srun: error: frontier08575: tasks 80-83,85-87: Terminated
srun: error: frontier09074: tasks 104-105,107-108,110: Terminated
srun: error: frontier07035: tasks 58,61-62: Terminated
srun: error: frontier05354: tasks 8,10,12-13,15: Terminated
srun: error: frontier08575: task 84: Terminated
srun: error: frontier10240: tasks 112-118: Terminated
srun: error: frontier07037: tasks 64-65,67-71: Terminated
srun: error: frontier10365: tasks 120-121,123-124,126-127: Terminated
srun: error: frontier05882: tasks 40,42-44,47: Terminated
srun: error: frontier05620: tasks 32-33,35-37,39: Terminated
srun: error: frontier08688: tasks 89-94: Terminated
srun: error: frontier07037: task 66: Terminated
srun: error: frontier05600: tasks 24,27-28,30: Terminated
srun: error: frontier05233: tasks 0,3-7: Terminated
srun: error: frontier08192: tasks 72,74-76,78-79: Terminated
srun: error: frontier10240: task 119: Terminated
srun: error: frontier09074: tasks 106,109,111: Terminated
srun: error: frontier07035: tasks 56-57,59-60,63: Terminated
srun: error: frontier08790: tasks 97,99,101-102: Terminated
srun: error: frontier05358: tasks 16-17,23: Terminated
srun: error: frontier05354: tasks 9,11,14: Terminated
srun: error: frontier05882: tasks 41,45-46: Terminated
srun: error: frontier05620: tasks 34,38: Terminated
srun: error: frontier10365: tasks 122,125: Terminated
srun: error: frontier08688: task 95: Terminated
srun: error: frontier05600: tasks 25-26,29,31: Terminated
srun: error: frontier08688: task 88: Terminated
srun: error: frontier05233: tasks 1-2: Terminated
srun: error: frontier05358: tasks 18-19,21-22: Terminated
srun: error: frontier05358: task 20: Terminated
srun: error: frontier08192: tasks 73,77: Terminated
srun: Force Terminated StepId=2126091.0
+ sleep 5
+ echo Done.
Done.
